"site_id","latitude","longitude","elevation_in_meters","state","species_id","genus","species","common_name","kingdom","individual_id","phenophase_id","phenophase_description","first_yes_year","first_yes_month","first_yes_day","first_yes_doy","first_yes_julian_date","numdays_since_prior_no","last_yes_year","last_yes_month","last_yes_day","last_yes_doy","last_yes_julian_date","numdays_until_next_no"
23069,38.92625,-77.341675,115,"VA",916,"Lobelia","cardinalis","cardinalflower","Plantae",110661,488,"Leaves (forbs)",2011,5,18,138,2455700,NA,2011,5,18,138,2455700,NA
6364,38.583885,-90.410133,190,"MO",309,"Campsis","radicans","trumpet creeper","Plantae",17963,371,"Breaking leaf buds",2012,3,19,79,2456006,4,2012,3,19,79,2456006,NA
5834,27.86834,-82.772591,2,"FL",309,"Campsis","radicans","trumpet creeper","Plantae",20589,371,"Breaking leaf buds",2012,3,10,70,2455997,NA,2012,3,10,70,2455997,NA
5834,27.86834,-82.772591,2,"FL",309,"Campsis","radicans","trumpet creeper","Plantae",20589,467,"Increasing leaf size",2012,3,10,70,2455997,NA,2012,3,10,70,2455997,NA
5834,27.86834,-82.772591,2,"FL",309,"Campsis","radicans","trumpet creeper","Plantae",20589,483,"Leaves",2012,3,10,70,2455997,NA,2012,3,10,70,2455997,NA
5834,27.86834,-82.772591,2,"FL",309,"Campsis","radicans","trumpet creeper","Plantae",20589,500,"Flowers or flower buds",2012,3,10,70,2455997,NA,2012,3,10,70,2455997,NA
5834,27.86834,-82.772591,2,"FL",309,"Campsis","radicans","trumpet creeper","Plantae",20589,501,"Open flowers",2012,3,10,70,2455997,NA,2012,3,10,70,2455997,NA
8276,35.814579,-78.788826,138,"NC",309,"Campsis","radicans","trumpet creeper","Plantae",23866,371,"Breaking leaf buds",2012,4,5,96,2456023,NA,2012,4,5,96,2456023,NA
8276,35.814579,-78.788826,138,"NC",309,"Campsis","radicans","trumpet creeper","Plantae",23866,467,"Increasing leaf size",2012,4,5,96,2456023,NA,2012,4,5,96,2456023,33
8276,35.814579,-78.788826,138,"NC",309,"Campsis","radicans","trumpet creeper","Plantae",23866,471,"Falling leaves",2012,5,8,129,2456056,33,2012,5,8,129,2456056,NA
8276,35.814579,-78.788826,138,"NC",309,"Campsis","radicans","trumpet creeper","Plantae",23866,483,"Leaves",2012,4,5,96,2456023,NA,2012,4,5,96,2456023,NA
8276,35.814579,-78.788826,138,"NC",309,"Campsis","radicans","trumpet creeper","Plantae",23866,498,"Colored leaves",2012,4,5,96,2456023,NA,2012,4,5,96,2456023,33
8276,35.814579,-78.788826,138,"NC",916,"Lobelia","cardinalis","cardinalflower","Plantae",23869,482,"Initial growth (forbs)",2012,4,5,96,2456023,NA,2012,4,5,96,2456023,33
8276,35.814579,-78.788826,138,"NC",916,"Lobelia","cardinalis","cardinalflower","Plantae",23869,488,"Leaves (forbs)",2012,4,5,96,2456023,NA,2012,5,8,129,2456056,NA
8736,44.903229,-93.217445,248,"MN",916,"Lobelia","cardinalis","cardinalflower","Plantae",29136,390,"Ripe fruits",2012,9,24,268,2456195,36,2012,10,3,277,2456204,12
8736,44.903229,-93.217445,248,"MN",916,"Lobelia","cardinalis","cardinalflower","Plantae",29136,482,"Initial growth (forbs)",2012,6,9,161,2456088,NA,2012,6,9,161,2456088,4
8736,44.903229,-93.217445,248,"MN",916,"Lobelia","cardinalis","cardinalflower","Plantae",29136,488,"Leaves (forbs)",2012,6,9,161,2456088,NA,2012,10,15,289,2456216,14
8736,44.903229,-93.217445,248,"MN",916,"Lobelia","cardinalis","cardinalflower","Plantae",29136,500,"Flowers or flower buds",2012,7,2,184,2456111,1,2012,9,11,255,2456182,5
8736,44.903229,-93.217445,248,"MN",916,"Lobelia","cardinalis","cardinalflower","Plantae",29136,501,"Open flowers",2012,7,25,207,2456134,3,2012,9,11,255,2456182,5
8736,44.903229,-93.217445,248,"MN",916,"Lobelia","cardinalis","cardinalflower","Plantae",29136,516,"Fruits",2012,8,21,234,2456161,7,2012,10,3,277,2456204,12
8808,37.461086,-122.228973,48,"CA",309,"Campsis","radicans","trumpet creeper","Plantae",29317,371,"Breaking leaf buds",2012,8,11,224,2456151,22,2012,9,7,251,2456178,30
8808,37.461086,-122.228973,48,"CA",309,"Campsis","radicans","trumpet creeper","Plantae",29317,467,"Increasing leaf size",2012,6,19,171,2456098,NA,2012,6,21,173,2456100,5
8808,37.461086,-122.228973,48,"CA",309,"Campsis","radicans","trumpet creeper","Plantae",29317,467,"Increasing leaf size",2012,7,7,189,2456116,11,2012,7,7,189,2456116,13
8808,37.461086,-122.228973,48,"CA",309,"Campsis","radicans","trumpet creeper","Plantae",29317,467,"Increasing leaf size",2012,8,11,224,2456151,22,2012,9,7,251,2456178,30
8808,37.461086,-122.228973,48,"CA",309,"Campsis","radicans","trumpet creeper","Plantae",29317,483,"Leaves",2012,6,19,171,2456098,NA,2012,10,7,281,2456208,NA
8808,37.461086,-122.228973,48,"CA",309,"Campsis","radicans","trumpet creeper","Plantae",29317,498,"Colored leaves",2012,10,7,281,2456208,30,2012,10,7,281,2456208,NA
8808,37.461086,-122.228973,48,"CA",309,"Campsis","radicans","trumpet creeper","Plantae",29317,500,"Flowers or flower buds",2012,6,19,171,2456098,NA,2012,10,7,281,2456208,NA
8808,37.461086,-122.228973,48,"CA",309,"Campsis","radicans","trumpet creeper","Plantae",29317,501,"Open flowers",2012,6,19,171,2456098,NA,2012,10,7,281,2456208,NA
8808,37.461086,-122.228973,48,"CA",309,"Campsis","radicans","trumpet creeper","Plantae",29317,516,"Fruits",2012,8,15,228,2456155,4,2012,10,7,281,2456208,NA
9192,38.351601,-75.571236,11,"MD",916,"Lobelia","cardinalis","cardinalflower","Plantae",31789,390,"Ripe fruits",2012,10,2,276,2456203,NA,2012,10,2,276,2456203,NA
9192,38.351601,-75.571236,11,"MD",916,"Lobelia","cardinalis","cardinalflower","Plantae",31789,488,"Leaves (forbs)",2012,10,2,276,2456203,NA,2012,10,2,276,2456203,NA
9192,38.351601,-75.571236,11,"MD",916,"Lobelia","cardinalis","cardinalflower","Plantae",31789,500,"Flowers or flower buds",2012,10,2,276,2456203,NA,2012,10,2,276,2456203,NA
9192,38.351601,-75.571236,11,"MD",916,"Lobelia","cardinalis","cardinalflower","Plantae",31789,504,"Recent fruit or seed drop",2012,10,2,276,2456203,NA,2012,10,2,276,2456203,NA
8808,37.461086,-122.228973,48,"CA",309,"Campsis","radicans","trumpet creeper","Plantae",29317,371,"Breaking leaf buds",2013,4,28,118,2456411,NA,2013,4,28,118,2456411,NA
8808,37.461086,-122.228973,48,"CA",309,"Campsis","radicans","trumpet creeper","Plantae",29317,467,"Increasing leaf size",2013,4,28,118,2456411,NA,2013,4,28,118,2456411,NA
8808,37.461086,-122.228973,48,"CA",309,"Campsis","radicans","trumpet creeper","Plantae",29317,483,"Leaves",2013,4,28,118,2456411,NA,2013,4,28,118,2456411,NA
8947,37.521179,-77.52739,63,"VA",309,"Campsis","radicans","trumpet creeper","Plantae",37162,390,"Ripe fruits",2013,9,20,263,2456556,6,2013,12,30,364,2456657,NA
8947,37.521179,-77.52739,63,"VA",309,"Campsis","radicans","trumpet creeper","Plantae",37162,467,"Increasing leaf size",2013,4,16,106,2456399,8,2013,7,15,196,2456489,18
8947,37.521179,-77.52739,63,"VA",309,"Campsis","radicans","trumpet creeper","Plantae",37162,467,"Increasing leaf size",2013,10,21,294,2456587,19,2013,10,21,294,2456587,11
8947,37.521179,-77.52739,63,"VA",309,"Campsis","radicans","trumpet creeper","Plantae",37162,483,"Leaves",2013,4,16,106,2456399,8,2013,11,12,316,2456609,6
8947,37.521179,-77.52739,63,"VA",309,"Campsis","radicans","trumpet creeper","Plantae",37162,500,"Flowers or flower buds",2013,6,20,171,2456464,14,2013,6,20,171,2456464,5
8947,37.521179,-77.52739,63,"VA",309,"Campsis","radicans","trumpet creeper","Plantae",37162,500,"Flowers or flower buds",2013,8,2,214,2456507,18,2013,9,4,247,2456540,10
8947,37.521179,-77.52739,63,"VA",309,"Campsis","radicans","trumpet creeper","Plantae",37162,501,"Open flowers",2013,6,20,171,2456464,9,2013,7,2,183,2456476,8
8947,37.521179,-77.52739,63,"VA",309,"Campsis","radicans","trumpet creeper","Plantae",37162,501,"Open flowers",2013,8,2,214,2456507,18,2013,9,4,247,2456540,10
8947,37.521179,-77.52739,63,"VA",309,"Campsis","radicans","trumpet creeper","Plantae",37162,504,"Recent fruit or seed drop",2013,11,18,322,2456615,6,2013,11,18,322,2456615,28
8947,37.521179,-77.52739,63,"VA",309,"Campsis","radicans","trumpet creeper","Plantae",37162,504,"Recent fruit or seed drop",2013,12,30,364,2456657,4,2013,12,30,364,2456657,NA
8947,37.521179,-77.52739,63,"VA",309,"Campsis","radicans","trumpet creeper","Plantae",37162,516,"Fruits",2013,9,20,263,2456556,6,2013,12,30,364,2456657,NA
9813,29.765047,-95.452187,18,"TX",309,"Campsis","radicans","trumpet creeper","Plantae",37203,371,"Breaking leaf buds",2013,3,30,89,2456382,34,2013,3,30,89,2456382,36
9813,29.765047,-95.452187,18,"TX",309,"Campsis","radicans","trumpet creeper","Plantae",37203,467,"Increasing leaf size",2013,3,30,89,2456382,34,2013,5,19,139,2456432,13
9813,29.765047,-95.452187,18,"TX",309,"Campsis","radicans","trumpet creeper","Plantae",37203,483,"Leaves",2013,3,30,89,2456382,34,2013,6,15,166,2456459,14
9813,29.765047,-95.452187,18,"TX",309,"Campsis","radicans","trumpet creeper","Plantae",37203,483,"Leaves",2013,7,14,195,2456488,15,2013,9,14,257,2456550,NA
9813,29.765047,-95.452187,18,"TX",309,"Campsis","radicans","trumpet creeper","Plantae",37203,500,"Flowers or flower buds",2013,6,15,166,2456459,14,2013,9,14,257,2456550,NA
9813,29.765047,-95.452187,18,"TX",309,"Campsis","radicans","trumpet creeper","Plantae",37203,501,"Open flowers",2013,6,15,166,2456459,14,2013,9,14,257,2456550,NA
9813,29.765047,-95.452187,18,"TX",309,"Campsis","radicans","trumpet creeper","Plantae",37203,516,"Fruits",2013,8,31,243,2456536,63,2013,9,14,257,2456550,NA
9851,29.766973,-95.452667,18,"TX",309,"Campsis","radicans","trumpet creeper","Plantae",37316,371,"Breaking leaf buds",2013,3,17,76,2456369,NA,2013,3,17,76,2456369,NA
9851,29.766973,-95.452667,18,"TX",309,"Campsis","radicans","trumpet creeper","Plantae",37316,467,"Increasing leaf size",2013,3,17,76,2456369,NA,2013,3,17,76,2456369,NA
9851,29.766973,-95.452667,18,"TX",309,"Campsis","radicans","trumpet creeper","Plantae",37316,483,"Leaves",2013,3,17,76,2456369,NA,2013,3,17,76,2456369,NA
10585,41.433689,-81.693153,219,"OH",1186,"Monarda","didyma","scarlet beebalm","Plantae",41716,482,"Initial growth (forbs)",2013,5,9,129,2456422,NA,2013,6,13,164,2456457,NA
10585,41.433689,-81.693153,219,"OH",1186,"Monarda","didyma","scarlet beebalm","Plantae",41716,488,"Leaves (forbs)",2013,5,9,129,2456422,NA,2013,6,13,164,2456457,NA
10585,41.433689,-81.693153,219,"OH",1186,"Monarda","didyma","scarlet beebalm","Plantae",41716,500,"Flowers or flower buds",2013,6,13,164,2456457,31,2013,6,13,164,2456457,NA
10585,41.433689,-81.693153,219,"OH",1186,"Monarda","didyma","scarlet beebalm","Plantae",41716,501,"Open flowers",2013,7,1,182,2456475,4,2013,7,1,182,2456475,NA
10835,41.430107,-81.152695,353,"OH",1186,"Monarda","didyma","scarlet beebalm","Plantae",43026,500,"Flowers or flower buds",2013,6,20,171,2456464,NA,2013,6,20,171,2456464,NA
10835,41.430107,-81.152695,353,"OH",1186,"Monarda","didyma","scarlet beebalm","Plantae",43026,501,"Open flowers",2013,6,20,171,2456464,NA,2013,6,20,171,2456464,NA
10936,38.802597,-76.691757,22,"MD",916,"Lobelia","cardinalis","cardinalflower","Plantae",43659,488,"Leaves (forbs)",2013,8,2,214,2456507,NA,2013,9,6,249,2456542,NA
10936,38.802597,-76.691757,22,"MD",916,"Lobelia","cardinalis","cardinalflower","Plantae",43659,500,"Flowers or flower buds",2013,8,2,214,2456507,NA,2013,9,3,246,2456539,3
10936,38.802597,-76.691757,22,"MD",916,"Lobelia","cardinalis","cardinalflower","Plantae",43659,501,"Open flowers",2013,8,6,218,2456511,4,2013,9,3,246,2456539,3
10936,38.802597,-76.691757,22,"MD",916,"Lobelia","cardinalis","cardinalflower","Plantae",43659,516,"Fruits",2013,8,23,235,2456528,3,2013,9,6,249,2456542,NA
10936,38.802597,-76.691757,22,"MD",1186,"Monarda","didyma","scarlet beebalm","Plantae",43660,488,"Leaves (forbs)",2013,5,22,142,2456435,NA,2013,9,17,260,2456553,NA
10936,38.802597,-76.691757,22,"MD",1186,"Monarda","didyma","scarlet beebalm","Plantae",43660,500,"Flowers or flower buds",2013,6,10,161,2456454,4,2013,8,9,221,2456514,4
10936,38.802597,-76.691757,22,"MD",1186,"Monarda","didyma","scarlet beebalm","Plantae",43660,501,"Open flowers",2013,6,14,165,2456458,2,2013,8,9,221,2456514,4
10936,38.802597,-76.691757,22,"MD",1186,"Monarda","didyma","scarlet beebalm","Plantae",43660,516,"Fruits",2013,8,13,225,2456518,32,2013,9,6,249,2456542,4
10983,41.464195,-81.797302,218,"OH",1186,"Monarda","didyma","scarlet beebalm","Plantae",43718,482,"Initial growth (forbs)",2013,4,10,100,2456393,NA,2013,4,10,100,2456393,NA
10983,41.464195,-81.797302,218,"OH",1186,"Monarda","didyma","scarlet beebalm","Plantae",43718,501,"Open flowers",2013,6,23,174,2456467,NA,2013,6,23,174,2456467,NA
10585,41.433689,-81.693153,219,"OH",916,"Lobelia","cardinalis","cardinalflower","Plantae",43933,482,"Initial growth (forbs)",2013,5,13,133,2456426,NA,2013,6,13,164,2456457,NA
10585,41.433689,-81.693153,219,"OH",916,"Lobelia","cardinalis","cardinalflower","Plantae",43933,488,"Leaves (forbs)",2013,5,13,133,2456426,NA,2013,7,18,199,2456492,NA
10585,41.433689,-81.693153,219,"OH",916,"Lobelia","cardinalis","cardinalflower","Plantae",43933,500,"Flowers or flower buds",2013,6,27,178,2456471,14,2013,7,18,199,2456492,NA
10585,41.433689,-81.693153,219,"OH",916,"Lobelia","cardinalis","cardinalflower","Plantae",43933,501,"Open flowers",2013,7,18,199,2456492,35,2013,7,18,199,2456492,NA
549,39.67981,-83.931152,283,"OH",1186,"Monarda","didyma","scarlet beebalm","Plantae",44753,501,"Open flowers",2013,6,25,176,2456469,NA,2013,6,25,176,2456469,NA
10753,41.640732,-82.831177,165,"OH",1186,"Monarda","didyma","scarlet beebalm","Plantae",45998,488,"Leaves (forbs)",2013,7,7,188,2456481,74,2013,7,7,188,2456481,NA
10753,41.640732,-82.831177,165,"OH",1186,"Monarda","didyma","scarlet beebalm","Plantae",45998,500,"Flowers or flower buds",2013,7,7,188,2456481,74,2013,7,7,188,2456481,NA
10753,41.640732,-82.831177,165,"OH",1186,"Monarda","didyma","scarlet beebalm","Plantae",45998,501,"Open flowers",2013,7,7,188,2456481,74,2013,7,7,188,2456481,NA
9483,35.57608,-82.496262,627,"NC",916,"Lobelia","cardinalis","cardinalflower","Plantae",46103,482,"Initial growth (forbs)",2013,7,23,204,2456497,14,2013,7,23,204,2456497,NA
9483,35.57608,-82.496262,627,"NC",916,"Lobelia","cardinalis","cardinalflower","Plantae",46103,488,"Leaves (forbs)",2013,7,9,190,2456483,NA,2013,7,23,204,2456497,NA
8418,32.363758,-94.873947,115,"TX",309,"Campsis","radicans","trumpet creeper","Plantae",46438,371,"Breaking leaf buds",2013,6,8,159,2456452,NA,2013,6,23,174,2456467,3
8418,32.363758,-94.873947,115,"TX",309,"Campsis","radicans","trumpet creeper","Plantae",46438,371,"Breaking leaf buds",2013,7,10,191,2456484,3,2013,7,31,212,2456505,9
8418,32.363758,-94.873947,115,"TX",309,"Campsis","radicans","trumpet creeper","Plantae",46438,390,"Ripe fruits",2013,9,14,257,2456550,7,2013,10,5,278,2456571,8
8418,32.363758,-94.873947,115,"TX",309,"Campsis","radicans","trumpet creeper","Plantae",46438,467,"Increasing leaf size",2013,6,8,159,2456452,NA,2013,6,26,177,2456470,11
8418,32.363758,-94.873947,115,"TX",309,"Campsis","radicans","trumpet creeper","Plantae",46438,467,"Increasing leaf size",2013,7,10,191,2456484,3,2013,8,11,223,2456516,3
8418,32.363758,-94.873947,115,"TX",309,"Campsis","radicans","trumpet creeper","Plantae",46438,471,"Falling leaves",2013,7,7,188,2456481,11,2013,7,7,188,2456481,3
8418,32.363758,-94.873947,115,"TX",309,"Campsis","radicans","trumpet creeper","Plantae",46438,471,"Falling leaves",2013,9,7,250,2456543,14,2013,9,18,261,2456554,4
8418,32.363758,-94.873947,115,"TX",309,"Campsis","radicans","trumpet creeper","Plantae",46438,471,"Falling leaves",2013,10,5,278,2456571,7,2013,10,5,278,2456571,8
8418,32.363758,-94.873947,115,"TX",309,"Campsis","radicans","trumpet creeper","Plantae",46438,483,"Leaves",2013,6,8,159,2456452,NA,2013,11,24,328,2456621,7
8418,32.363758,-94.873947,115,"TX",309,"Campsis","radicans","trumpet creeper","Plantae",46438,498,"Colored leaves",2013,7,7,188,2456481,11,2013,7,14,195,2456488,6
8418,32.363758,-94.873947,115,"TX",309,"Campsis","radicans","trumpet creeper","Plantae",46438,498,"Colored leaves",2013,9,7,250,2456543,14,2013,9,18,261,2456554,4
8418,32.363758,-94.873947,115,"TX",309,"Campsis","radicans","trumpet creeper","Plantae",46438,498,"Colored leaves",2013,9,28,271,2456564,6,2013,10,5,278,2456571,8
8418,32.363758,-94.873947,115,"TX",309,"Campsis","radicans","trumpet creeper","Plantae",46438,498,"Colored leaves",2013,11,3,307,2456600,7,2013,11,24,328,2456621,7
8418,32.363758,-94.873947,115,"TX",309,"Campsis","radicans","trumpet creeper","Plantae",46438,500,"Flowers or flower buds",2013,6,8,159,2456452,NA,2013,8,11,223,2456516,3
8418,32.363758,-94.873947,115,"TX",309,"Campsis","radicans","trumpet creeper","Plantae",46438,500,"Flowers or flower buds",2013,8,21,233,2456526,2,2013,8,24,236,2456529,14
8418,32.363758,-94.873947,115,"TX",309,"Campsis","radicans","trumpet creeper","Plantae",46438,501,"Open flowers",2013,6,8,159,2456452,NA,2013,6,26,177,2456470,11
8418,32.363758,-94.873947,115,"TX",309,"Campsis","radicans","trumpet creeper","Plantae",46438,501,"Open flowers",2013,7,10,191,2456484,3,2013,8,9,221,2456514,2
8418,32.363758,-94.873947,115,"TX",309,"Campsis","radicans","trumpet creeper","Plantae",46438,501,"Open flowers",2013,8,24,236,2456529,3,2013,8,24,236,2456529,14
8418,32.363758,-94.873947,115,"TX",309,"Campsis","radicans","trumpet creeper","Plantae",46438,504,"Recent fruit or seed drop",2013,9,14,257,2456550,7,2013,9,18,261,2456554,4
8418,32.363758,-94.873947,115,"TX",309,"Campsis","radicans","trumpet creeper","Plantae",46438,504,"Recent fruit or seed drop",2013,9,28,271,2456564,6,2013,10,5,278,2456571,8
8418,32.363758,-94.873947,115,"TX",309,"Campsis","radicans","trumpet creeper","Plantae",46438,516,"Fruits",2013,6,26,177,2456470,3,2013,10,5,278,2456571,8
8418,32.363758,-94.873947,115,"TX",309,"Campsis","radicans","trumpet creeper","Plantae",46438,516,"Fruits",2013,10,20,293,2456586,7,2013,11,10,314,2456607,7
8418,32.363758,-94.873947,115,"TX",309,"Campsis","radicans","trumpet creeper","Plantae",46438,516,"Fruits",2013,11,24,328,2456621,7,2013,11,24,328,2456621,7
10453,40.003525,-83.028084,233,"OH",1186,"Monarda","didyma","scarlet beebalm","Plantae",46892,501,"Open flowers",2013,6,22,173,2456466,NA,2013,6,22,173,2456466,NA
11782,35.708954,-82.61364,567,"NC",916,"Lobelia","cardinalis","cardinalflower","Plantae",49807,390,"Ripe fruits",2013,9,12,255,2456548,2,2013,9,12,255,2456548,1
11782,35.708954,-82.61364,567,"NC",916,"Lobelia","cardinalis","cardinalflower","Plantae",49807,390,"Ripe fruits",2013,9,24,267,2456560,7,2013,10,26,299,2456592,11
11782,35.708954,-82.61364,567,"NC",916,"Lobelia","cardinalis","cardinalflower","Plantae",49807,488,"Leaves (forbs)",2013,9,12,255,2456548,NA,2013,9,24,267,2456560,10
11782,35.708954,-82.61364,567,"NC",916,"Lobelia","cardinalis","cardinalflower","Plantae",49807,488,"Leaves (forbs)",2013,10,8,281,2456574,4,2013,10,8,281,2456574,5
11782,35.708954,-82.61364,567,"NC",916,"Lobelia","cardinalis","cardinalflower","Plantae",49807,501,"Open flowers",2013,9,7,250,2456543,NA,2013,9,7,250,2456543,3
11782,35.708954,-82.61364,567,"NC",916,"Lobelia","cardinalis","cardinalflower","Plantae",49807,504,"Recent fruit or seed drop",2013,10,4,277,2456570,10,2013,11,6,310,2456603,NA
11782,35.708954,-82.61364,567,"NC",916,"Lobelia","cardinalis","cardinalflower","Plantae",49807,516,"Fruits",2013,9,7,250,2456543,NA,2013,10,19,292,2456585,3
11782,35.708954,-82.61364,567,"NC",916,"Lobelia","cardinalis","cardinalflower","Plantae",49807,516,"Fruits",2013,10,26,299,2456592,4,2013,10,26,299,2456592,11
8947,37.521179,-77.52739,63,"VA",309,"Campsis","radicans","trumpet creeper","Plantae",37162,371,"Breaking leaf buds",2014,4,23,113,2456771,6,2014,6,5,156,2456814,4
8947,37.521179,-77.52739,63,"VA",309,"Campsis","radicans","trumpet creeper","Plantae",37162,390,"Ripe fruits",2014,1,13,13,2456671,NA,2014,5,9,129,2456787,27
8947,37.521179,-77.52739,63,"VA",309,"Campsis","radicans","trumpet creeper","Plantae",37162,390,"Ripe fruits",2014,12,10,344,2457002,48,2014,12,30,364,2457022,NA
8947,37.521179,-77.52739,63,"VA",309,"Campsis","radicans","trumpet creeper","Plantae",37162,467,"Increasing leaf size",2014,4,23,113,2456771,6,2014,5,9,129,2456787,11
8947,37.521179,-77.52739,63,"VA",309,"Campsis","radicans","trumpet creeper","Plantae",37162,467,"Increasing leaf size",2014,6,5,156,2456814,16,2014,6,19,170,2456828,6
8947,37.521179,-77.52739,63,"VA",309,"Campsis","radicans","trumpet creeper","Plantae",37162,467,"Increasing leaf size",2014,7,15,196,2456854,4,2014,7,15,196,2456854,2
8947,37.521179,-77.52739,63,"VA",309,"Campsis","radicans","trumpet creeper","Plantae",37162,471,"Falling leaves",2014,10,17,290,2456948,16,2014,10,30,303,2456961,6
8947,37.521179,-77.52739,63,"VA",309,"Campsis","radicans","trumpet creeper","Plantae",37162,483,"Leaves",2014,4,23,113,2456771,6,2014,10,30,303,2456961,6
8947,37.521179,-77.52739,63,"VA",309,"Campsis","radicans","trumpet creeper","Plantae",37162,500,"Flowers or flower buds",2014,7,2,183,2456841,7,2014,9,2,245,2456903,9
8947,37.521179,-77.52739,63,"VA",309,"Campsis","radicans","trumpet creeper","Plantae",37162,501,"Open flowers",2014,7,2,183,2456841,13,2014,8,21,233,2456891,5
8947,37.521179,-77.52739,63,"VA",309,"Campsis","radicans","trumpet creeper","Plantae",37162,504,"Recent fruit or seed drop",2014,1,13,13,2456671,NA,2014,1,13,13,2456671,3
8947,37.521179,-77.52739,63,"VA",309,"Campsis","radicans","trumpet creeper","Plantae",37162,504,"Recent fruit or seed drop",2014,1,28,28,2456686,12,2014,1,28,28,2456686,10
8947,37.521179,-77.52739,63,"VA",309,"Campsis","radicans","trumpet creeper","Plantae",37162,504,"Recent fruit or seed drop",2014,2,10,41,2456699,3,2014,2,20,51,2456709,4
8947,37.521179,-77.52739,63,"VA",309,"Campsis","radicans","trumpet creeper","Plantae",37162,504,"Recent fruit or seed drop",2014,3,11,70,2456728,15,2014,4,4,94,2456752,7
8947,37.521179,-77.52739,63,"VA",309,"Campsis","radicans","trumpet creeper","Plantae",37162,504,"Recent fruit or seed drop",2014,4,17,107,2456765,6,2014,4,17,107,2456765,6
8947,37.521179,-77.52739,63,"VA",309,"Campsis","radicans","trumpet creeper","Plantae",37162,504,"Recent fruit or seed drop",2014,5,9,129,2456787,4,2014,5,9,129,2456787,27
8947,37.521179,-77.52739,63,"VA",309,"Campsis","radicans","trumpet creeper","Plantae",37162,516,"Fruits",2014,1,13,13,2456671,NA,2014,5,9,129,2456787,27
8947,37.521179,-77.52739,63,"VA",309,"Campsis","radicans","trumpet creeper","Plantae",37162,516,"Fruits",2014,10,17,290,2456948,29,2014,12,30,364,2457022,NA
9813,29.765047,-95.452187,18,"TX",309,"Campsis","radicans","trumpet creeper","Plantae",37203,390,"Ripe fruits",2014,3,8,67,2456725,42,2014,3,8,67,2456725,15
9813,29.765047,-95.452187,18,"TX",309,"Campsis","radicans","trumpet creeper","Plantae",37203,390,"Ripe fruits",2014,12,6,340,2456998,224,2014,12,6,340,2456998,NA
9813,29.765047,-95.452187,18,"TX",309,"Campsis","radicans","trumpet creeper","Plantae",37203,467,"Increasing leaf size",2014,3,23,82,2456740,15,2014,4,26,116,2456774,224
9813,29.765047,-95.452187,18,"TX",309,"Campsis","radicans","trumpet creeper","Plantae",37203,471,"Falling leaves",2014,12,6,340,2456998,224,2014,12,6,340,2456998,NA
9813,29.765047,-95.452187,18,"TX",309,"Campsis","radicans","trumpet creeper","Plantae",37203,483,"Leaves",2014,3,23,82,2456740,15,2014,4,26,116,2456774,224
9813,29.765047,-95.452187,18,"TX",309,"Campsis","radicans","trumpet creeper","Plantae",37203,498,"Colored leaves",2014,12,6,340,2456998,224,2014,12,6,340,2456998,NA
9813,29.765047,-95.452187,18,"TX",309,"Campsis","radicans","trumpet creeper","Plantae",37203,504,"Recent fruit or seed drop",2014,3,8,67,2456725,42,2014,3,8,67,2456725,15
9813,29.765047,-95.452187,18,"TX",309,"Campsis","radicans","trumpet creeper","Plantae",37203,504,"Recent fruit or seed drop",2014,12,6,340,2456998,224,2014,12,6,340,2456998,NA
9813,29.765047,-95.452187,18,"TX",309,"Campsis","radicans","trumpet creeper","Plantae",37203,516,"Fruits",2014,3,8,67,2456725,42,2014,3,8,67,2456725,15
9813,29.765047,-95.452187,18,"TX",309,"Campsis","radicans","trumpet creeper","Plantae",37203,516,"Fruits",2014,12,6,340,2456998,224,2014,12,6,340,2456998,NA
10585,41.433689,-81.693153,219,"OH",1186,"Monarda","didyma","scarlet beebalm","Plantae",41716,390,"Ripe fruits",2014,7,29,210,2456868,7,2014,9,25,268,2456926,NA
10585,41.433689,-81.693153,219,"OH",1186,"Monarda","didyma","scarlet beebalm","Plantae",41716,488,"Leaves (forbs)",2014,6,3,154,2456812,NA,2014,6,17,168,2456826,NA
10585,41.433689,-81.693153,219,"OH",1186,"Monarda","didyma","scarlet beebalm","Plantae",41716,500,"Flowers or flower buds",2014,6,3,154,2456812,NA,2014,8,7,219,2456877,NA
10585,41.433689,-81.693153,219,"OH",1186,"Monarda","didyma","scarlet beebalm","Plantae",41716,501,"Open flowers",2014,7,1,182,2456840,8,2014,9,2,245,2456903,7
10585,41.433689,-81.693153,219,"OH",1186,"Monarda","didyma","scarlet beebalm","Plantae",41716,504,"Recent fruit or seed drop",2014,8,16,228,2456886,9,2014,9,25,268,2456926,NA
10585,41.433689,-81.693153,219,"OH",1186,"Monarda","didyma","scarlet beebalm","Plantae",41716,516,"Fruits",2014,7,14,195,2456853,7,2014,9,25,268,2456926,NA
10585,41.433689,-81.693153,219,"OH",916,"Lobelia","cardinalis","cardinalflower","Plantae",43933,390,"Ripe fruits",2014,9,2,245,2456903,8,2014,9,25,268,2456926,NA
10585,41.433689,-81.693153,219,"OH",916,"Lobelia","cardinalis","cardinalflower","Plantae",43933,482,"Initial growth (forbs)",2014,4,17,107,2456765,NA,2014,5,6,126,2456784,NA
10585,41.433689,-81.693153,219,"OH",916,"Lobelia","cardinalis","cardinalflower","Plantae",43933,488,"Leaves (forbs)",2014,4,24,114,2456772,7,2014,6,17,168,2456826,NA
10585,41.433689,-81.693153,219,"OH",916,"Lobelia","cardinalis","cardinalflower","Plantae",43933,500,"Flowers or flower buds",2014,7,7,188,2456846,6,2014,8,16,228,2456886,NA
10585,41.433689,-81.693153,219,"OH",916,"Lobelia","cardinalis","cardinalflower","Plantae",43933,501,"Open flowers",2014,7,22,203,2456861,8,2014,9,25,268,2456926,NA
10585,41.433689,-81.693153,219,"OH",916,"Lobelia","cardinalis","cardinalflower","Plantae",43933,504,"Recent fruit or seed drop",2014,9,25,268,2456926,16,2014,9,25,268,2456926,NA
10585,41.433689,-81.693153,219,"OH",916,"Lobelia","cardinalis","cardinalflower","Plantae",43933,516,"Fruits",2014,8,16,228,2456886,9,2014,9,25,268,2456926,NA
8418,32.363758,-94.873947,115,"TX",309,"Campsis","radicans","trumpet creeper","Plantae",46438,371,"Breaking leaf buds",2014,4,9,99,2456757,3,2014,4,30,120,2456778,4
8418,32.363758,-94.873947,115,"TX",309,"Campsis","radicans","trumpet creeper","Plantae",46438,371,"Breaking leaf buds",2014,5,7,127,2456785,3,2014,6,4,155,2456813,11
8418,32.363758,-94.873947,115,"TX",309,"Campsis","radicans","trumpet creeper","Plantae",46438,371,"Breaking leaf buds",2014,6,18,169,2456827,3,2014,7,20,201,2456859,24
8418,32.363758,-94.873947,115,"TX",309,"Campsis","radicans","trumpet creeper","Plantae",46438,467,"Increasing leaf size",2014,4,13,103,2456761,4,2014,9,17,260,2456918,4
8418,32.363758,-94.873947,115,"TX",309,"Campsis","radicans","trumpet creeper","Plantae",46438,467,"Increasing leaf size",2014,10,19,292,2456950,4,2014,10,26,299,2456957,42
8418,32.363758,-94.873947,115,"TX",309,"Campsis","radicans","trumpet creeper","Plantae",46438,471,"Falling leaves",2014,9,21,264,2456922,4,2014,10,5,278,2456936,3
8418,32.363758,-94.873947,115,"TX",309,"Campsis","radicans","trumpet creeper","Plantae",46438,483,"Leaves",2014,4,13,103,2456761,4,2014,10,26,299,2456957,42
8418,32.363758,-94.873947,115,"TX",309,"Campsis","radicans","trumpet creeper","Plantae",46438,498,"Colored leaves",2014,8,24,236,2456894,4,2014,9,6,249,2456907,4
8418,32.363758,-94.873947,115,"TX",309,"Campsis","radicans","trumpet creeper","Plantae",46438,498,"Colored leaves",2014,9,14,257,2456915,4,2014,9,14,257,2456915,3
8418,32.363758,-94.873947,115,"TX",309,"Campsis","radicans","trumpet creeper","Plantae",46438,498,"Colored leaves",2014,9,21,264,2456922,4,2014,10,8,281,2456939,7
8418,32.363758,-94.873947,115,"TX",309,"Campsis","radicans","trumpet creeper","Plantae",46438,498,"Colored leaves",2014,10,19,292,2456950,4,2014,10,26,299,2456957,42
8418,32.363758,-94.873947,115,"TX",309,"Campsis","radicans","trumpet creeper","Plantae",46438,500,"Flowers or flower buds",2014,5,28,148,2456806,2,2014,7,20,201,2456859,24
8418,32.363758,-94.873947,115,"TX",309,"Campsis","radicans","trumpet creeper","Plantae",46438,500,"Flowers or flower buds",2014,8,24,236,2456894,4,2014,8,27,239,2456897,7
8418,32.363758,-94.873947,115,"TX",309,"Campsis","radicans","trumpet creeper","Plantae",46438,501,"Open flowers",2014,6,1,152,2456810,4,2014,7,20,201,2456859,24
8418,32.363758,-94.873947,115,"TX",309,"Campsis","radicans","trumpet creeper","Plantae",46438,501,"Open flowers",2014,8,24,236,2456894,4,2014,8,27,239,2456897,7
8418,32.363758,-94.873947,115,"TX",309,"Campsis","radicans","trumpet creeper","Plantae",46438,516,"Fruits",2014,6,18,169,2456827,3,2014,7,20,201,2456859,24
11782,35.708954,-82.61364,567,"NC",916,"Lobelia","cardinalis","cardinalflower","Plantae",49807,482,"Initial growth (forbs)",2014,3,28,87,2456745,NA,2014,3,28,87,2456745,16
11782,35.708954,-82.61364,567,"NC",916,"Lobelia","cardinalis","cardinalflower","Plantae",49807,482,"Initial growth (forbs)",2014,5,12,132,2456790,9,2014,5,24,144,2456802,3
11782,35.708954,-82.61364,567,"NC",916,"Lobelia","cardinalis","cardinalflower","Plantae",49807,488,"Leaves (forbs)",2014,3,28,87,2456745,NA,2014,6,28,179,2456837,NA
17241,42.82711,-73.710182,81,"NY",916,"Lobelia","cardinalis","cardinalflower","Plantae",66209,482,"Initial growth (forbs)",2014,4,12,102,2456760,NA,2014,5,11,131,2456789,NA
17241,42.82711,-73.710182,81,"NY",916,"Lobelia","cardinalis","cardinalflower","Plantae",66209,488,"Leaves (forbs)",2014,4,26,116,2456774,7,2014,5,11,131,2456789,NA
17405,35.273144,-82.453087,675,"NC",916,"Lobelia","cardinalis","cardinalflower","Plantae",66920,488,"Leaves (forbs)",2014,10,13,286,2456944,NA,2014,10,25,298,2456956,19
17405,35.273144,-82.453087,675,"NC",916,"Lobelia","cardinalis","cardinalflower","Plantae",66920,500,"Flowers or flower buds",2014,10,13,286,2456944,NA,2014,10,13,286,2456944,12
17405,35.273144,-82.453087,675,"NC",916,"Lobelia","cardinalis","cardinalflower","Plantae",66920,501,"Open flowers",2014,10,13,286,2456944,NA,2014,10,13,286,2456944,12
6,43.040955,-76.212914,172,"NY",916,"Lobelia","cardinalis","cardinalflower","Plantae",68426,488,"Leaves (forbs)",2014,4,17,107,2456765,NA,2014,5,8,128,2456786,NA
18134,40.130169,-74.214233,32,"NJ",309,"Campsis","radicans","trumpet creeper","Plantae",71557,483,"Leaves",2014,6,7,158,2456816,NA,2014,8,7,219,2456877,NA
18134,40.130169,-74.214233,32,"NJ",309,"Campsis","radicans","trumpet creeper","Plantae",71557,500,"Flowers or flower buds",2014,6,21,172,2456830,7,2014,8,7,219,2456877,NA
18134,40.130169,-74.214233,32,"NJ",309,"Campsis","radicans","trumpet creeper","Plantae",71557,501,"Open flowers",2014,7,2,183,2456841,4,2014,8,7,219,2456877,NA
18134,40.130169,-74.214233,32,"NJ",309,"Campsis","radicans","trumpet creeper","Plantae",71557,516,"Fruits",2014,8,7,219,2456877,28,2014,8,7,219,2456877,NA
18208,30.794411,-86.533607,55,"FL",916,"Lobelia","cardinalis","cardinalflower","Plantae",73868,390,"Ripe fruits",2014,9,5,248,2456906,NA,2014,9,8,251,2456909,3
18208,30.794411,-86.533607,55,"FL",916,"Lobelia","cardinalis","cardinalflower","Plantae",73868,390,"Ripe fruits",2014,10,3,276,2456934,22,2014,11,12,316,2456974,4
18208,30.794411,-86.533607,55,"FL",916,"Lobelia","cardinalis","cardinalflower","Plantae",73868,482,"Initial growth (forbs)",2014,10,6,279,2456937,1,2014,10,20,293,2456951,1
18208,30.794411,-86.533607,55,"FL",916,"Lobelia","cardinalis","cardinalflower","Plantae",73868,482,"Initial growth (forbs)",2014,10,22,295,2456953,1,2014,11,16,320,2456978,NA
18208,30.794411,-86.533607,55,"FL",916,"Lobelia","cardinalis","cardinalflower","Plantae",73868,488,"Leaves (forbs)",2014,9,5,248,2456906,NA,2014,10,31,304,2456962,1
18208,30.794411,-86.533607,55,"FL",916,"Lobelia","cardinalis","cardinalflower","Plantae",73868,500,"Flowers or flower buds",2014,9,5,248,2456906,NA,2014,10,27,300,2456958,2
18208,30.794411,-86.533607,55,"FL",916,"Lobelia","cardinalis","cardinalflower","Plantae",73868,500,"Flowers or flower buds",2014,11,1,305,2456963,1,2014,11,1,305,2456963,2
18208,30.794411,-86.533607,55,"FL",916,"Lobelia","cardinalis","cardinalflower","Plantae",73868,501,"Open flowers",2014,9,5,248,2456906,NA,2014,9,11,254,2456912,22
18208,30.794411,-86.533607,55,"FL",916,"Lobelia","cardinalis","cardinalflower","Plantae",73868,501,"Open flowers",2014,10,7,280,2456938,1,2014,10,24,297,2456955,2
18208,30.794411,-86.533607,55,"FL",916,"Lobelia","cardinalis","cardinalflower","Plantae",73868,504,"Recent fruit or seed drop",2014,10,12,285,2456943,1,2014,10,12,285,2456943,2
18208,30.794411,-86.533607,55,"FL",916,"Lobelia","cardinalis","cardinalflower","Plantae",73868,504,"Recent fruit or seed drop",2014,10,16,289,2456947,1,2014,11,16,320,2456978,NA
18208,30.794411,-86.533607,55,"FL",916,"Lobelia","cardinalis","cardinalflower","Plantae",73868,516,"Fruits",2014,9,5,248,2456906,NA,2014,11,12,316,2456974,4
18208,30.794411,-86.533607,55,"FL",916,"Lobelia","cardinalis","cardinalflower","Plantae",73869,390,"Ripe fruits",2014,10,3,276,2456934,22,2014,10,12,285,2456943,2
18208,30.794411,-86.533607,55,"FL",916,"Lobelia","cardinalis","cardinalflower","Plantae",73869,482,"Initial growth (forbs)",2014,10,5,278,2456936,2,2014,10,8,281,2456939,1
18208,30.794411,-86.533607,55,"FL",916,"Lobelia","cardinalis","cardinalflower","Plantae",73869,482,"Initial growth (forbs)",2014,10,11,284,2456942,2,2014,10,19,292,2456950,NA
18208,30.794411,-86.533607,55,"FL",916,"Lobelia","cardinalis","cardinalflower","Plantae",73869,488,"Leaves (forbs)",2014,9,5,248,2456906,NA,2014,10,12,285,2456943,2
18208,30.794411,-86.533607,55,"FL",916,"Lobelia","cardinalis","cardinalflower","Plantae",73869,504,"Recent fruit or seed drop",2014,10,9,282,2456940,1,2014,10,9,282,2456940,2
18208,30.794411,-86.533607,55,"FL",916,"Lobelia","cardinalis","cardinalflower","Plantae",73869,504,"Recent fruit or seed drop",2014,10,12,285,2456943,1,2014,10,12,285,2456943,2
18208,30.794411,-86.533607,55,"FL",916,"Lobelia","cardinalis","cardinalflower","Plantae",73869,516,"Fruits",2014,10,3,276,2456934,22,2014,10,12,285,2456943,2
18208,30.794411,-86.533607,55,"FL",916,"Lobelia","cardinalis","cardinalflower","Plantae",73870,390,"Ripe fruits",2014,9,5,248,2456906,NA,2014,9,8,251,2456909,3
18208,30.794411,-86.533607,55,"FL",916,"Lobelia","cardinalis","cardinalflower","Plantae",73870,390,"Ripe fruits",2014,10,3,276,2456934,22,2014,10,22,295,2456953,1
18208,30.794411,-86.533607,55,"FL",916,"Lobelia","cardinalis","cardinalflower","Plantae",73870,482,"Initial growth (forbs)",2014,10,5,278,2456936,2,2014,10,12,285,2456943,2
18208,30.794411,-86.533607,55,"FL",916,"Lobelia","cardinalis","cardinalflower","Plantae",73870,482,"Initial growth (forbs)",2014,10,16,289,2456947,1,2014,10,23,296,2456954,NA
18208,30.794411,-86.533607,55,"FL",916,"Lobelia","cardinalis","cardinalflower","Plantae",73870,488,"Leaves (forbs)",2014,9,5,248,2456906,NA,2014,10,7,280,2456938,1
18208,30.794411,-86.533607,55,"FL",916,"Lobelia","cardinalis","cardinalflower","Plantae",73870,488,"Leaves (forbs)",2014,10,9,282,2456940,1,2014,10,14,287,2456945,1
18208,30.794411,-86.533607,55,"FL",916,"Lobelia","cardinalis","cardinalflower","Plantae",73870,500,"Flowers or flower buds",2014,9,5,248,2456906,NA,2014,10,6,279,2456937,1
18208,30.794411,-86.533607,55,"FL",916,"Lobelia","cardinalis","cardinalflower","Plantae",73870,500,"Flowers or flower buds",2014,10,8,281,2456939,1,2014,10,14,287,2456945,1
18208,30.794411,-86.533607,55,"FL",916,"Lobelia","cardinalis","cardinalflower","Plantae",73870,501,"Open flowers",2014,9,5,248,2456906,NA,2014,9,11,254,2456912,22
18208,30.794411,-86.533607,55,"FL",916,"Lobelia","cardinalis","cardinalflower","Plantae",73870,501,"Open flowers",2014,10,8,281,2456939,1,2014,10,12,285,2456943,2
18208,30.794411,-86.533607,55,"FL",916,"Lobelia","cardinalis","cardinalflower","Plantae",73870,504,"Recent fruit or seed drop",2014,10,15,288,2456946,1,2014,10,22,295,2456953,1
18208,30.794411,-86.533607,55,"FL",916,"Lobelia","cardinalis","cardinalflower","Plantae",73870,516,"Fruits",2014,9,5,248,2456906,NA,2014,10,22,295,2456953,1
23069,38.92625,-77.341675,115,"VA",916,"Lobelia","cardinalis","cardinalflower","Plantae",110661,488,"Leaves (forbs)",2014,5,27,147,2456805,NA,2014,5,27,147,2456805,NA
8947,37.521179,-77.52739,63,"VA",309,"Campsis","radicans","trumpet creeper","Plantae",37162,390,"Ripe fruits",2015,1,7,7,2457030,NA,2015,2,12,43,2457066,NA
8947,37.521179,-77.52739,63,"VA",309,"Campsis","radicans","trumpet creeper","Plantae",37162,516,"Fruits",2015,1,7,7,2457030,NA,2015,2,12,43,2457066,NA
10585,41.433689,-81.693153,219,"OH",1186,"Monarda","didyma","scarlet beebalm","Plantae",41716,390,"Ripe fruits",2015,7,16,197,2457220,6,2015,9,24,267,2457290,7
10585,41.433689,-81.693153,219,"OH",1186,"Monarda","didyma","scarlet beebalm","Plantae",41716,482,"Initial growth (forbs)",2015,4,16,106,2457129,NA,2015,4,23,113,2457136,NA
10585,41.433689,-81.693153,219,"OH",1186,"Monarda","didyma","scarlet beebalm","Plantae",41716,488,"Leaves (forbs)",2015,4,16,106,2457129,NA,2015,5,28,148,2457171,NA
10585,41.433689,-81.693153,219,"OH",1186,"Monarda","didyma","scarlet beebalm","Plantae",41716,500,"Flowers or flower buds",2015,6,11,162,2457185,7,2015,7,10,191,2457214,6
10585,41.433689,-81.693153,219,"OH",1186,"Monarda","didyma","scarlet beebalm","Plantae",41716,501,"Open flowers",2015,7,2,183,2457206,7,2015,8,27,239,2457262,14
10585,41.433689,-81.693153,219,"OH",1186,"Monarda","didyma","scarlet beebalm","Plantae",41716,504,"Recent fruit or seed drop",2015,7,29,210,2457233,8,2015,9,24,267,2457290,7
10585,41.433689,-81.693153,219,"OH",1186,"Monarda","didyma","scarlet beebalm","Plantae",41716,516,"Fruits",2015,7,10,191,2457214,8,2015,9,10,253,2457276,7
10585,41.433689,-81.693153,219,"OH",916,"Lobelia","cardinalis","cardinalflower","Plantae",43933,390,"Ripe fruits",2015,9,10,253,2457276,14,2015,10,1,274,2457297,NA
10585,41.433689,-81.693153,219,"OH",916,"Lobelia","cardinalis","cardinalflower","Plantae",43933,482,"Initial growth (forbs)",2015,4,16,106,2457129,NA,2015,4,23,113,2457136,NA
10585,41.433689,-81.693153,219,"OH",916,"Lobelia","cardinalis","cardinalflower","Plantae",43933,488,"Leaves (forbs)",2015,4,16,106,2457129,NA,2015,5,28,148,2457171,NA
10585,41.433689,-81.693153,219,"OH",916,"Lobelia","cardinalis","cardinalflower","Plantae",43933,500,"Flowers or flower buds",2015,7,10,191,2457214,8,2015,8,27,239,2457262,14
10585,41.433689,-81.693153,219,"OH",916,"Lobelia","cardinalis","cardinalflower","Plantae",43933,501,"Open flowers",2015,7,21,202,2457225,5,2015,8,27,239,2457262,14
10585,41.433689,-81.693153,219,"OH",916,"Lobelia","cardinalis","cardinalflower","Plantae",43933,504,"Recent fruit or seed drop",2015,9,10,253,2457276,NA,2015,10,1,274,2457297,NA
10585,41.433689,-81.693153,219,"OH",916,"Lobelia","cardinalis","cardinalflower","Plantae",43933,516,"Fruits",2015,8,13,225,2457248,6,2015,10,1,274,2457297,NA
8418,32.363758,-94.873947,115,"TX",309,"Campsis","radicans","trumpet creeper","Plantae",46438,371,"Breaking leaf buds",2015,4,1,91,2457114,3,2015,5,20,140,2457163,4
8418,32.363758,-94.873947,115,"TX",309,"Campsis","radicans","trumpet creeper","Plantae",46438,371,"Breaking leaf buds",2015,5,31,151,2457174,4,2015,8,2,214,2457237,3
8418,32.363758,-94.873947,115,"TX",309,"Campsis","radicans","trumpet creeper","Plantae",46438,390,"Ripe fruits",2015,10,18,291,2457314,4,2015,12,6,340,2457363,3
8418,32.363758,-94.873947,115,"TX",309,"Campsis","radicans","trumpet creeper","Plantae",46438,467,"Increasing leaf size",2015,4,12,102,2457125,4,2015,6,10,161,2457184,53
8418,32.363758,-94.873947,115,"TX",309,"Campsis","radicans","trumpet creeper","Plantae",46438,467,"Increasing leaf size",2015,8,5,217,2457240,3,2015,8,19,231,2457254,21
8418,32.363758,-94.873947,115,"TX",309,"Campsis","radicans","trumpet creeper","Plantae",46438,471,"Falling leaves",2015,9,9,252,2457275,21,2015,9,13,256,2457279,3
8418,32.363758,-94.873947,115,"TX",309,"Campsis","radicans","trumpet creeper","Plantae",46438,471,"Falling leaves",2015,10,4,277,2457300,4,2015,10,4,277,2457300,3
8418,32.363758,-94.873947,115,"TX",309,"Campsis","radicans","trumpet creeper","Plantae",46438,471,"Falling leaves",2015,10,18,291,2457314,4,2015,10,25,298,2457321,3
8418,32.363758,-94.873947,115,"TX",309,"Campsis","radicans","trumpet creeper","Plantae",46438,471,"Falling leaves",2015,11,4,308,2457331,3,2015,12,6,340,2457363,3
8418,32.363758,-94.873947,115,"TX",309,"Campsis","radicans","trumpet creeper","Plantae",46438,483,"Leaves",2015,4,8,98,2457121,3,2015,12,13,347,2457370,3
8418,32.363758,-94.873947,115,"TX",309,"Campsis","radicans","trumpet creeper","Plantae",46438,498,"Colored leaves",2015,9,9,252,2457275,21,2015,9,20,263,2457286,3
8418,32.363758,-94.873947,115,"TX",309,"Campsis","radicans","trumpet creeper","Plantae",46438,498,"Colored leaves",2015,9,30,273,2457296,3,2015,11,29,333,2457356,3
8418,32.363758,-94.873947,115,"TX",309,"Campsis","radicans","trumpet creeper","Plantae",46438,498,"Colored leaves",2015,12,6,340,2457363,4,2015,12,13,347,2457370,3
8418,32.363758,-94.873947,115,"TX",309,"Campsis","radicans","trumpet creeper","Plantae",46438,500,"Flowers or flower buds",2015,5,10,130,2457153,4,2015,9,16,259,2457282,4
8418,32.363758,-94.873947,115,"TX",309,"Campsis","radicans","trumpet creeper","Plantae",46438,501,"Open flowers",2015,5,13,133,2457156,3,2015,9,16,259,2457282,4
8418,32.363758,-94.873947,115,"TX",309,"Campsis","radicans","trumpet creeper","Plantae",46438,504,"Recent fruit or seed drop",2015,11,15,319,2457342,4,2015,12,6,340,2457363,3
8418,32.363758,-94.873947,115,"TX",309,"Campsis","radicans","trumpet creeper","Plantae",46438,516,"Fruits",2015,5,31,151,2457174,4,2015,6,10,161,2457184,53
8418,32.363758,-94.873947,115,"TX",309,"Campsis","radicans","trumpet creeper","Plantae",46438,516,"Fruits",2015,8,5,217,2457240,3,2015,12,6,340,2457363,3
17405,35.273144,-82.453087,675,"NC",916,"Lobelia","cardinalis","cardinalflower","Plantae",66920,390,"Ripe fruits",2015,10,9,282,2457305,26,2015,10,25,298,2457321,6
17405,35.273144,-82.453087,675,"NC",916,"Lobelia","cardinalis","cardinalflower","Plantae",66920,390,"Ripe fruits",2015,11,13,317,2457340,13,2015,11,14,318,2457341,NA
17405,35.273144,-82.453087,675,"NC",916,"Lobelia","cardinalis","cardinalflower","Plantae",66920,482,"Initial growth (forbs)",2015,3,24,83,2457106,NA,2015,5,19,139,2457162,17
17405,35.273144,-82.453087,675,"NC",916,"Lobelia","cardinalis","cardinalflower","Plantae",66920,488,"Leaves (forbs)",2015,3,24,83,2457106,NA,2015,6,22,173,2457196,2
17405,35.273144,-82.453087,675,"NC",916,"Lobelia","cardinalis","cardinalflower","Plantae",66920,488,"Leaves (forbs)",2015,6,29,180,2457203,5,2015,11,14,318,2457341,NA
17405,35.273144,-82.453087,675,"NC",916,"Lobelia","cardinalis","cardinalflower","Plantae",66920,500,"Flowers or flower buds",2015,8,2,214,2457237,22,2015,9,13,256,2457279,26
17405,35.273144,-82.453087,675,"NC",916,"Lobelia","cardinalis","cardinalflower","Plantae",66920,501,"Open flowers",2015,8,3,215,2457238,1,2015,8,25,237,2457260,5
17405,35.273144,-82.453087,675,"NC",916,"Lobelia","cardinalis","cardinalflower","Plantae",66920,501,"Open flowers",2015,8,31,243,2457266,1,2015,9,13,256,2457279,26
17405,35.273144,-82.453087,675,"NC",916,"Lobelia","cardinalis","cardinalflower","Plantae",66920,504,"Recent fruit or seed drop",2015,10,9,282,2457305,26,2015,10,25,298,2457321,6
17405,35.273144,-82.453087,675,"NC",916,"Lobelia","cardinalis","cardinalflower","Plantae",66920,504,"Recent fruit or seed drop",2015,11,13,317,2457340,13,2015,11,14,318,2457341,NA
17405,35.273144,-82.453087,675,"NC",916,"Lobelia","cardinalis","cardinalflower","Plantae",66920,516,"Fruits",2015,8,17,229,2457252,10,2015,8,25,237,2457260,5
17405,35.273144,-82.453087,675,"NC",916,"Lobelia","cardinalis","cardinalflower","Plantae",66920,516,"Fruits",2015,8,31,243,2457266,1,2015,10,25,298,2457321,6
17405,35.273144,-82.453087,675,"NC",916,"Lobelia","cardinalis","cardinalflower","Plantae",66920,516,"Fruits",2015,11,13,317,2457340,13,2015,11,14,318,2457341,NA
18208,30.794411,-86.533607,55,"FL",916,"Lobelia","cardinalis","cardinalflower","Plantae",73868,482,"Initial growth (forbs)",2015,1,20,20,2457043,NA,2015,1,20,20,2457043,20
18208,30.794411,-86.533607,55,"FL",916,"Lobelia","cardinalis","cardinalflower","Plantae",73868,488,"Leaves (forbs)",2015,2,9,40,2457063,20,2015,2,9,40,2457063,NA
18208,30.794411,-86.533607,55,"FL",916,"Lobelia","cardinalis","cardinalflower","Plantae",73869,482,"Initial growth (forbs)",2015,1,20,20,2457043,NA,2015,1,20,20,2457043,20
18208,30.794411,-86.533607,55,"FL",916,"Lobelia","cardinalis","cardinalflower","Plantae",73869,488,"Leaves (forbs)",2015,2,9,40,2457063,20,2015,2,9,40,2457063,NA
18208,30.794411,-86.533607,55,"FL",916,"Lobelia","cardinalis","cardinalflower","Plantae",73870,482,"Initial growth (forbs)",2015,1,20,20,2457043,NA,2015,1,20,20,2457043,20
18208,30.794411,-86.533607,55,"FL",916,"Lobelia","cardinalis","cardinalflower","Plantae",73870,488,"Leaves (forbs)",2015,2,9,40,2457063,20,2015,2,9,40,2457063,NA
19993,39.235359,-84.473312,209,"OH",1186,"Monarda","didyma","scarlet beebalm","Plantae",82528,482,"Initial growth (forbs)",2015,3,14,73,2457096,NA,2015,3,22,81,2457104,28
19993,39.235359,-84.473312,209,"OH",1186,"Monarda","didyma","scarlet beebalm","Plantae",82528,488,"Leaves (forbs)",2015,3,14,73,2457096,NA,2015,3,14,73,2457096,8
19993,39.235359,-84.473312,209,"OH",1186,"Monarda","didyma","scarlet beebalm","Plantae",82528,488,"Leaves (forbs)",2015,3,29,88,2457111,7,2015,5,23,143,2457166,NA
20127,40.306683,-80.121994,290,"PA",1186,"Monarda","didyma","scarlet beebalm","Plantae",84470,482,"Initial growth (forbs)",2015,4,9,99,2457122,NA,2015,4,25,115,2457138,NA
20127,40.306683,-80.121994,290,"PA",1186,"Monarda","didyma","scarlet beebalm","Plantae",84470,488,"Leaves (forbs)",2015,4,25,115,2457138,16,2015,4,25,115,2457138,NA
8947,37.521179,-77.52739,63,"VA",309,"Campsis","radicans","trumpet creeper","Plantae",84654,390,"Ripe fruits",2015,3,18,77,2457100,NA,2015,5,29,149,2457172,55
8947,37.521179,-77.52739,63,"VA",309,"Campsis","radicans","trumpet creeper","Plantae",84654,390,"Ripe fruits",2015,12,3,337,2457360,15,2015,12,31,365,2457388,NA
8947,37.521179,-77.52739,63,"VA",309,"Campsis","radicans","trumpet creeper","Plantae",84654,467,"Increasing leaf size",2015,4,22,112,2457135,6,2015,5,20,140,2457163,9
8947,37.521179,-77.52739,63,"VA",309,"Campsis","radicans","trumpet creeper","Plantae",84654,471,"Falling leaves",2015,10,23,296,2457319,3,2015,11,3,307,2457330,21
8947,37.521179,-77.52739,63,"VA",309,"Campsis","radicans","trumpet creeper","Plantae",84654,483,"Leaves",2015,4,22,112,2457135,6,2015,11,3,307,2457330,21
8947,37.521179,-77.52739,63,"VA",309,"Campsis","radicans","trumpet creeper","Plantae",84654,498,"Colored leaves",2015,10,23,296,2457319,3,2015,10,30,303,2457326,4
8947,37.521179,-77.52739,63,"VA",309,"Campsis","radicans","trumpet creeper","Plantae",84654,500,"Flowers or flower buds",2015,5,29,149,2457172,9,2015,9,2,245,2457268,8
8947,37.521179,-77.52739,63,"VA",309,"Campsis","radicans","trumpet creeper","Plantae",84654,501,"Open flowers",2015,5,29,149,2457172,9,2015,9,2,245,2457268,8
8947,37.521179,-77.52739,63,"VA",309,"Campsis","radicans","trumpet creeper","Plantae",84654,504,"Recent fruit or seed drop",2015,12,3,337,2457360,9,2015,12,8,342,2457365,23
8947,37.521179,-77.52739,63,"VA",309,"Campsis","radicans","trumpet creeper","Plantae",84654,516,"Fruits",2015,3,18,77,2457100,NA,2015,5,29,149,2457172,55
8947,37.521179,-77.52739,63,"VA",309,"Campsis","radicans","trumpet creeper","Plantae",84654,516,"Fruits",2015,8,25,237,2457260,6,2015,12,31,365,2457388,NA
20262,38.942104,-76.965233,27,"MD",309,"Campsis","radicans","trumpet creeper","Plantae",85195,371,"Breaking leaf buds",2015,4,19,109,2457132,10,2015,4,19,109,2457132,33
20262,38.942104,-76.965233,27,"MD",309,"Campsis","radicans","trumpet creeper","Plantae",85195,390,"Ripe fruits",2015,9,10,253,2457276,111,2015,9,10,253,2457276,NA
20262,38.942104,-76.965233,27,"MD",309,"Campsis","radicans","trumpet creeper","Plantae",85195,467,"Increasing leaf size",2015,5,22,142,2457165,33,2015,5,22,142,2457165,111
20262,38.942104,-76.965233,27,"MD",309,"Campsis","radicans","trumpet creeper","Plantae",85195,483,"Leaves",2015,4,19,109,2457132,10,2015,9,10,253,2457276,NA
20262,38.942104,-76.965233,27,"MD",309,"Campsis","radicans","trumpet creeper","Plantae",85195,500,"Flowers or flower buds",2015,5,22,142,2457165,33,2015,5,22,142,2457165,111
20262,38.942104,-76.965233,27,"MD",309,"Campsis","radicans","trumpet creeper","Plantae",85195,501,"Open flowers",2015,9,10,253,2457276,111,2015,9,10,253,2457276,NA
20262,38.942104,-76.965233,27,"MD",309,"Campsis","radicans","trumpet creeper","Plantae",85195,516,"Fruits",2015,9,10,253,2457276,111,2015,9,10,253,2457276,NA
20471,44.937153,-93.269905,264,"MN",916,"Lobelia","cardinalis","cardinalflower","Plantae",86955,482,"Initial growth (forbs)",2015,4,10,100,2457123,NA,2015,4,10,100,2457123,NA
20471,44.937153,-93.269905,264,"MN",916,"Lobelia","cardinalis","cardinalflower","Plantae",86955,488,"Leaves (forbs)",2015,4,10,100,2457123,NA,2015,4,10,100,2457123,NA
17069,30.468864,-90.182861,8,"LA",1186,"Monarda","didyma","scarlet beebalm","Plantae",94055,482,"Initial growth (forbs)",2015,8,26,238,2457261,NA,2015,8,26,238,2457261,NA
17069,30.468864,-90.182861,8,"LA",1186,"Monarda","didyma","scarlet beebalm","Plantae",94055,488,"Leaves (forbs)",2015,8,26,238,2457261,NA,2015,8,26,238,2457261,NA
17069,30.468864,-90.182861,8,"LA",1186,"Monarda","didyma","scarlet beebalm","Plantae",94055,500,"Flowers or flower buds",2015,8,26,238,2457261,NA,2015,8,26,238,2457261,NA
17069,30.468864,-90.182861,8,"LA",1186,"Monarda","didyma","scarlet beebalm","Plantae",94055,501,"Open flowers",2015,8,26,238,2457261,NA,2015,8,26,238,2457261,NA
17069,30.468864,-90.182861,8,"LA",1186,"Monarda","didyma","scarlet beebalm","Plantae",94056,482,"Initial growth (forbs)",2015,8,26,238,2457261,NA,2015,8,26,238,2457261,NA
17069,30.468864,-90.182861,8,"LA",1186,"Monarda","didyma","scarlet beebalm","Plantae",94056,488,"Leaves (forbs)",2015,8,26,238,2457261,NA,2015,8,26,238,2457261,NA
17069,30.468864,-90.182861,8,"LA",1186,"Monarda","didyma","scarlet beebalm","Plantae",94057,482,"Initial growth (forbs)",2015,8,26,238,2457261,NA,2015,8,26,238,2457261,NA
17069,30.468864,-90.182861,8,"LA",1186,"Monarda","didyma","scarlet beebalm","Plantae",94057,488,"Leaves (forbs)",2015,8,26,238,2457261,NA,2015,8,26,238,2457261,NA
21639,41.724197,-74.075989,107,"NY",1186,"Monarda","didyma","scarlet beebalm","Plantae",94784,488,"Leaves (forbs)",2015,9,15,258,2457281,NA,2015,10,2,275,2457298,NA
21639,41.724197,-74.075989,107,"NY",1186,"Monarda","didyma","scarlet beebalm","Plantae",94785,488,"Leaves (forbs)",2015,9,15,258,2457281,NA,2015,10,2,275,2457298,NA
21705,28.131783,-82.658798,7,"FL",916,"Lobelia","cardinalis","cardinalflower","Plantae",95114,488,"Leaves (forbs)",2015,9,18,261,2457284,NA,2015,10,20,293,2457316,NA
21705,28.131783,-82.658798,7,"FL",916,"Lobelia","cardinalis","cardinalflower","Plantae",95114,500,"Flowers or flower buds",2015,9,18,261,2457284,NA,2015,10,20,293,2457316,NA
21705,28.131783,-82.658798,7,"FL",916,"Lobelia","cardinalis","cardinalflower","Plantae",95114,501,"Open flowers",2015,9,18,261,2457284,NA,2015,9,22,265,2457288,28
8947,37.521179,-77.52739,63,"VA",309,"Campsis","radicans","trumpet creeper","Plantae",37162,483,"Leaves",2016,6,15,167,2457555,NA,2016,9,22,266,2457654,NA
8947,37.521179,-77.52739,63,"VA",309,"Campsis","radicans","trumpet creeper","Plantae",37162,498,"Colored leaves",2016,9,22,266,2457654,62,2016,9,22,266,2457654,NA
8947,37.521179,-77.52739,63,"VA",309,"Campsis","radicans","trumpet creeper","Plantae",37162,500,"Flowers or flower buds",2016,6,15,167,2457555,NA,2016,7,22,204,2457592,62
8947,37.521179,-77.52739,63,"VA",309,"Campsis","radicans","trumpet creeper","Plantae",37162,501,"Open flowers",2016,6,15,167,2457555,NA,2016,7,22,204,2457592,62
8947,37.521179,-77.52739,63,"VA",309,"Campsis","radicans","trumpet creeper","Plantae",37162,516,"Fruits",2016,9,22,266,2457654,62,2016,9,22,266,2457654,NA
10585,41.433689,-81.693153,219,"OH",1186,"Monarda","didyma","scarlet beebalm","Plantae",41716,390,"Ripe fruits",2016,7,28,210,2457598,7,2016,12,1,336,2457724,NA
10585,41.433689,-81.693153,219,"OH",1186,"Monarda","didyma","scarlet beebalm","Plantae",41716,482,"Initial growth (forbs)",2016,4,7,98,2457486,7,2016,4,21,112,2457500,NA
10585,41.433689,-81.693153,219,"OH",1186,"Monarda","didyma","scarlet beebalm","Plantae",41716,488,"Leaves (forbs)",2016,4,7,98,2457486,NA,2016,6,9,161,2457549,NA
10585,41.433689,-81.693153,219,"OH",1186,"Monarda","didyma","scarlet beebalm","Plantae",41716,500,"Flowers or flower buds",2016,6,16,168,2457556,7,2016,7,7,189,2457577,NA
10585,41.433689,-81.693153,219,"OH",1186,"Monarda","didyma","scarlet beebalm","Plantae",41716,501,"Open flowers",2016,6,30,182,2457570,7,2016,9,29,273,2457661,7
10585,41.433689,-81.693153,219,"OH",1186,"Monarda","didyma","scarlet beebalm","Plantae",41716,504,"Recent fruit or seed drop",2016,7,28,210,2457598,NA,2016,12,1,336,2457724,NA
10585,41.433689,-81.693153,219,"OH",1186,"Monarda","didyma","scarlet beebalm","Plantae",41716,516,"Fruits",2016,7,21,203,2457591,14,2016,12,1,336,2457724,NA
10585,41.433689,-81.693153,219,"OH",916,"Lobelia","cardinalis","cardinalflower","Plantae",43933,390,"Ripe fruits",2016,9,22,266,2457654,7,2016,10,14,288,2457676,6
10585,41.433689,-81.693153,219,"OH",916,"Lobelia","cardinalis","cardinalflower","Plantae",43933,482,"Initial growth (forbs)",2016,4,21,112,2457500,7,2016,4,21,112,2457500,NA
10585,41.433689,-81.693153,219,"OH",916,"Lobelia","cardinalis","cardinalflower","Plantae",43933,488,"Leaves (forbs)",2016,4,28,119,2457507,7,2016,6,9,161,2457549,NA
10585,41.433689,-81.693153,219,"OH",916,"Lobelia","cardinalis","cardinalflower","Plantae",43933,500,"Flowers or flower buds",2016,7,21,203,2457591,14,2016,8,25,238,2457626,NA
10585,41.433689,-81.693153,219,"OH",916,"Lobelia","cardinalis","cardinalflower","Plantae",43933,501,"Open flowers",2016,8,4,217,2457605,7,2016,9,8,252,2457640,7
10585,41.433689,-81.693153,219,"OH",916,"Lobelia","cardinalis","cardinalflower","Plantae",43933,504,"Recent fruit or seed drop",2016,9,22,266,2457654,NA,2016,10,14,288,2457676,6
10585,41.433689,-81.693153,219,"OH",916,"Lobelia","cardinalis","cardinalflower","Plantae",43933,516,"Fruits",2016,9,15,259,2457647,7,2016,10,14,288,2457676,6
8418,32.363758,-94.873947,115,"TX",309,"Campsis","radicans","trumpet creeper","Plantae",46438,371,"Breaking leaf buds",2016,3,27,87,2457475,4,2016,4,6,97,2457485,4
8418,32.363758,-94.873947,115,"TX",309,"Campsis","radicans","trumpet creeper","Plantae",46438,371,"Breaking leaf buds",2016,5,1,122,2457510,4,2016,5,15,136,2457524,4
8418,32.363758,-94.873947,115,"TX",309,"Campsis","radicans","trumpet creeper","Plantae",46438,371,"Breaking leaf buds",2016,5,29,150,2457538,4,2016,6,5,157,2457545,59
8418,32.363758,-94.873947,115,"TX",309,"Campsis","radicans","trumpet creeper","Plantae",46438,371,"Breaking leaf buds",2016,9,25,269,2457657,4,2016,9,25,269,2457657,3
8418,32.363758,-94.873947,115,"TX",309,"Campsis","radicans","trumpet creeper","Plantae",46438,467,"Increasing leaf size",2016,4,17,108,2457496,4,2016,8,7,220,2457608,3
8418,32.363758,-94.873947,115,"TX",309,"Campsis","radicans","trumpet creeper","Plantae",46438,467,"Increasing leaf size",2016,9,25,269,2457657,4,2016,10,23,297,2457685,14
8418,32.363758,-94.873947,115,"TX",309,"Campsis","radicans","trumpet creeper","Plantae",46438,471,"Falling leaves",2016,11,9,314,2457702,3,2016,12,18,353,2457741,NA
8418,32.363758,-94.873947,115,"TX",309,"Campsis","radicans","trumpet creeper","Plantae",46438,483,"Leaves",2016,4,3,94,2457482,3,2016,12,14,349,2457737,4
8418,32.363758,-94.873947,115,"TX",309,"Campsis","radicans","trumpet creeper","Plantae",46438,498,"Colored leaves",2016,11,6,311,2457699,14,2016,12,14,349,2457737,4
8418,32.363758,-94.873947,115,"TX",309,"Campsis","radicans","trumpet creeper","Plantae",46438,500,"Flowers or flower buds",2016,8,3,216,2457604,59,2016,8,14,227,2457615,3
8418,32.363758,-94.873947,115,"TX",309,"Campsis","radicans","trumpet creeper","Plantae",46438,500,"Flowers or flower buds",2016,8,21,234,2457622,4,2016,8,21,234,2457622,7
8418,32.363758,-94.873947,115,"TX",309,"Campsis","radicans","trumpet creeper","Plantae",46438,501,"Open flowers",2016,8,3,216,2457604,59,2016,8,14,227,2457615,3
8418,32.363758,-94.873947,115,"TX",309,"Campsis","radicans","trumpet creeper","Plantae",46438,501,"Open flowers",2016,8,21,234,2457622,4,2016,8,21,234,2457622,7
17405,35.273144,-82.453087,675,"NC",916,"Lobelia","cardinalis","cardinalflower","Plantae",66920,482,"Initial growth (forbs)",2016,4,24,115,2457503,NA,2016,5,11,132,2457520,4
17405,35.273144,-82.453087,675,"NC",916,"Lobelia","cardinalis","cardinalflower","Plantae",66920,488,"Leaves (forbs)",2016,4,10,101,2457489,NA,2016,8,1,214,2457602,NA
17405,35.273144,-82.453087,675,"NC",916,"Lobelia","cardinalis","cardinalflower","Plantae",66920,500,"Flowers or flower buds",2016,4,10,101,2457489,4,2016,4,24,115,2457503,6
17405,35.273144,-82.453087,675,"NC",916,"Lobelia","cardinalis","cardinalflower","Plantae",66920,500,"Flowers or flower buds",2016,8,1,214,2457602,11,2016,8,1,214,2457602,NA
20127,40.306683,-80.121994,290,"PA",1186,"Monarda","didyma","scarlet beebalm","Plantae",84470,482,"Initial growth (forbs)",2016,3,12,72,2457460,NA,2016,3,12,72,2457460,NA
8947,37.521179,-77.52739,63,"VA",309,"Campsis","radicans","trumpet creeper","Plantae",84654,390,"Ripe fruits",2016,1,5,5,2457393,NA,2016,1,26,26,2457414,7
8947,37.521179,-77.52739,63,"VA",309,"Campsis","radicans","trumpet creeper","Plantae",84654,390,"Ripe fruits",2016,8,4,217,2457605,1,2016,8,4,217,2457605,13
8947,37.521179,-77.52739,63,"VA",309,"Campsis","radicans","trumpet creeper","Plantae",84654,390,"Ripe fruits",2016,10,19,293,2457681,21,2016,11,15,320,2457708,8
8947,37.521179,-77.52739,63,"VA",309,"Campsis","radicans","trumpet creeper","Plantae",84654,390,"Ripe fruits",2016,12,20,355,2457743,19,2016,12,20,355,2457743,NA
8947,37.521179,-77.52739,63,"VA",309,"Campsis","radicans","trumpet creeper","Plantae",84654,467,"Increasing leaf size",2016,4,26,117,2457505,6,2016,5,6,127,2457515,12
8947,37.521179,-77.52739,63,"VA",309,"Campsis","radicans","trumpet creeper","Plantae",84654,471,"Falling leaves",2016,10,28,302,2457690,9,2016,11,15,320,2457708,8
8947,37.521179,-77.52739,63,"VA",309,"Campsis","radicans","trumpet creeper","Plantae",84654,483,"Leaves",2016,5,6,127,2457515,10,2016,11,15,320,2457708,8
8947,37.521179,-77.52739,63,"VA",309,"Campsis","radicans","trumpet creeper","Plantae",84654,498,"Colored leaves",2016,9,22,266,2457654,14,2016,11,15,320,2457708,8
8947,37.521179,-77.52739,63,"VA",309,"Campsis","radicans","trumpet creeper","Plantae",84654,500,"Flowers or flower buds",2016,6,15,167,2457555,22,2016,6,28,180,2457568,9
8947,37.521179,-77.52739,63,"VA",309,"Campsis","radicans","trumpet creeper","Plantae",84654,500,"Flowers or flower buds",2016,7,12,194,2457582,5,2016,9,8,252,2457640,14
8947,37.521179,-77.52739,63,"VA",309,"Campsis","radicans","trumpet creeper","Plantae",84654,501,"Open flowers",2016,6,15,167,2457555,22,2016,6,21,173,2457561,7
8947,37.521179,-77.52739,63,"VA",309,"Campsis","radicans","trumpet creeper","Plantae",84654,501,"Open flowers",2016,7,7,189,2457577,9,2016,8,26,239,2457627,4
8947,37.521179,-77.52739,63,"VA",309,"Campsis","radicans","trumpet creeper","Plantae",84654,501,"Open flowers",2016,9,8,252,2457640,9,2016,9,8,252,2457640,14
8947,37.521179,-77.52739,63,"VA",309,"Campsis","radicans","trumpet creeper","Plantae",84654,504,"Recent fruit or seed drop",2016,1,5,5,2457393,NA,2016,1,12,12,2457400,9
8947,37.521179,-77.52739,63,"VA",309,"Campsis","radicans","trumpet creeper","Plantae",84654,504,"Recent fruit or seed drop",2016,2,2,33,2457421,7,2016,2,2,33,2457421,8
8947,37.521179,-77.52739,63,"VA",309,"Campsis","radicans","trumpet creeper","Plantae",84654,504,"Recent fruit or seed drop",2016,11,23,328,2457716,8,2016,11,23,328,2457716,27
8947,37.521179,-77.52739,63,"VA",309,"Campsis","radicans","trumpet creeper","Plantae",84654,516,"Fruits",2016,1,5,5,2457393,NA,2016,1,26,26,2457414,7
8947,37.521179,-77.52739,63,"VA",309,"Campsis","radicans","trumpet creeper","Plantae",84654,516,"Fruits",2016,8,4,217,2457605,1,2016,12,20,355,2457743,NA
20262,38.942104,-76.965233,27,"MD",309,"Campsis","radicans","trumpet creeper","Plantae",85195,371,"Breaking leaf buds",2016,3,28,88,2457476,NA,2016,3,28,88,2457476,NA
22162,46.740166,-68.481377,213,"ME",1186,"Monarda","didyma","scarlet beebalm","Plantae",98694,482,"Initial growth (forbs)",2016,5,7,128,2457516,15,2016,5,21,142,2457530,NA
22162,46.740166,-68.481377,213,"ME",1186,"Monarda","didyma","scarlet beebalm","Plantae",98694,488,"Leaves (forbs)",2016,5,14,135,2457523,7,2016,5,21,142,2457530,NA
10832,40.291199,-81.873337,255,"OH",1186,"Monarda","didyma","scarlet beebalm","Plantae",103703,482,"Initial growth (forbs)",2016,3,23,83,2457471,NA,2016,3,30,90,2457478,NA
10832,40.291199,-81.873337,255,"OH",1186,"Monarda","didyma","scarlet beebalm","Plantae",103703,488,"Leaves (forbs)",2016,3,30,90,2457478,7,2016,3,30,90,2457478,NA
22463,33.425774,-86.686264,215,"AL",309,"Campsis","radicans","trumpet creeper","Plantae",104249,371,"Breaking leaf buds",2016,3,23,83,2457471,NA,2016,3,23,83,2457471,14
22463,33.425774,-86.686264,215,"AL",309,"Campsis","radicans","trumpet creeper","Plantae",104249,467,"Increasing leaf size",2016,4,6,97,2457485,14,2016,4,6,97,2457485,NA
22463,33.425774,-86.686264,215,"AL",309,"Campsis","radicans","trumpet creeper","Plantae",104249,483,"Leaves",2016,3,23,83,2457471,NA,2016,4,6,97,2457485,NA
22463,33.425774,-86.686264,215,"AL",309,"Campsis","radicans","trumpet creeper","Plantae",104249,500,"Flowers or flower buds",2016,3,23,83,2457471,NA,2016,4,6,97,2457485,NA
22463,33.425774,-86.686264,215,"AL",309,"Campsis","radicans","trumpet creeper","Plantae",104249,501,"Open flowers",2016,3,23,83,2457471,NA,2016,4,6,97,2457485,NA
23069,38.92625,-77.341675,115,"VA",916,"Lobelia","cardinalis","cardinalflower","Plantae",110661,390,"Ripe fruits",2016,9,16,260,2457648,7,2016,10,21,295,2457683,17
23069,38.92625,-77.341675,115,"VA",916,"Lobelia","cardinalis","cardinalflower","Plantae",110661,488,"Leaves (forbs)",2016,6,1,153,2457541,NA,2016,10,21,295,2457683,17
23069,38.92625,-77.341675,115,"VA",916,"Lobelia","cardinalis","cardinalflower","Plantae",110661,500,"Flowers or flower buds",2016,6,30,182,2457570,6,2016,7,13,195,2457583,5
23069,38.92625,-77.341675,115,"VA",916,"Lobelia","cardinalis","cardinalflower","Plantae",110661,500,"Flowers or flower buds",2016,7,25,207,2457595,7,2016,8,4,217,2457605,11
23069,38.92625,-77.341675,115,"VA",916,"Lobelia","cardinalis","cardinalflower","Plantae",110661,501,"Open flowers",2016,7,18,200,2457588,5,2016,8,31,244,2457632,9
23069,38.92625,-77.341675,115,"VA",916,"Lobelia","cardinalis","cardinalflower","Plantae",110661,504,"Recent fruit or seed drop",2016,10,5,279,2457667,9,2016,11,7,312,2457700,11
23069,38.92625,-77.341675,115,"VA",916,"Lobelia","cardinalis","cardinalflower","Plantae",110661,516,"Fruits",2016,8,15,228,2457616,11,2016,10,21,295,2457683,17
8947,37.521179,-77.52739,63,"VA",309,"Campsis","radicans","trumpet creeper","Plantae",37162,483,"Leaves",2017,5,16,136,2457890,111,2017,5,16,136,2457890,63
8947,37.521179,-77.52739,63,"VA",309,"Campsis","radicans","trumpet creeper","Plantae",37162,483,"Leaves",2017,9,6,249,2458003,50,2017,9,6,249,2458003,NA
8947,37.521179,-77.52739,63,"VA",309,"Campsis","radicans","trumpet creeper","Plantae",37162,504,"Recent fruit or seed drop",2017,1,25,25,2457779,NA,2017,1,25,25,2457779,111
8947,37.521179,-77.52739,63,"VA",309,"Campsis","radicans","trumpet creeper","Plantae",37162,516,"Fruits",2017,9,6,249,2458003,50,2017,9,6,249,2458003,NA
10585,41.433689,-81.693153,219,"OH",1186,"Monarda","didyma","scarlet beebalm","Plantae",41716,390,"Ripe fruits",2017,7,25,206,2457960,7,2017,10,19,292,2458046,NA
10585,41.433689,-81.693153,219,"OH",1186,"Monarda","didyma","scarlet beebalm","Plantae",41716,482,"Initial growth (forbs)",2017,2,23,54,2457808,NA,2017,4,20,110,2457864,NA
10585,41.433689,-81.693153,219,"OH",1186,"Monarda","didyma","scarlet beebalm","Plantae",41716,488,"Leaves (forbs)",2017,3,2,61,2457815,7,2017,5,25,145,2457899,NA
10585,41.433689,-81.693153,219,"OH",1186,"Monarda","didyma","scarlet beebalm","Plantae",41716,500,"Flowers or flower buds",2017,6,8,159,2457913,7,2017,7,6,187,2457941,NA
10585,41.433689,-81.693153,219,"OH",1186,"Monarda","didyma","scarlet beebalm","Plantae",41716,501,"Open flowers",2017,6,21,172,2457926,7,2017,9,27,270,2458024,8
10585,41.433689,-81.693153,219,"OH",1186,"Monarda","didyma","scarlet beebalm","Plantae",41716,504,"Recent fruit or seed drop",2017,8,3,215,2457969,9,2017,10,19,292,2458046,NA
10585,41.433689,-81.693153,219,"OH",1186,"Monarda","didyma","scarlet beebalm","Plantae",41716,516,"Fruits",2017,7,11,192,2457946,5,2017,10,19,292,2458046,NA
10585,41.433689,-81.693153,219,"OH",916,"Lobelia","cardinalis","cardinalflower","Plantae",43933,390,"Ripe fruits",2017,9,12,255,2458009,6,2017,9,27,270,2458024,NA
10585,41.433689,-81.693153,219,"OH",916,"Lobelia","cardinalis","cardinalflower","Plantae",43933,482,"Initial growth (forbs)",2017,4,13,103,2457857,7,2017,4,20,110,2457864,NA
10585,41.433689,-81.693153,219,"OH",916,"Lobelia","cardinalis","cardinalflower","Plantae",43933,488,"Leaves (forbs)",2017,4,13,103,2457857,NA,2017,6,8,159,2457913,NA
10585,41.433689,-81.693153,219,"OH",916,"Lobelia","cardinalis","cardinalflower","Plantae",43933,500,"Flowers or flower buds",2017,7,11,192,2457946,5,2017,8,15,227,2457981,NA
10585,41.433689,-81.693153,219,"OH",916,"Lobelia","cardinalis","cardinalflower","Plantae",43933,501,"Open flowers",2017,7,18,199,2457953,7,2017,8,28,240,2457994,9
10585,41.433689,-81.693153,219,"OH",916,"Lobelia","cardinalis","cardinalflower","Plantae",43933,504,"Recent fruit or seed drop",2017,9,21,264,2458018,9,2017,9,27,270,2458024,NA
10585,41.433689,-81.693153,219,"OH",916,"Lobelia","cardinalis","cardinalflower","Plantae",43933,516,"Fruits",2017,8,10,222,2457976,7,2017,9,27,270,2458024,NA
8418,32.363758,-94.873947,115,"TX",309,"Campsis","radicans","trumpet creeper","Plantae",46438,371,"Breaking leaf buds",2017,3,26,85,2457839,4,2017,4,19,109,2457863,4
8418,32.363758,-94.873947,115,"TX",309,"Campsis","radicans","trumpet creeper","Plantae",46438,371,"Breaking leaf buds",2017,4,30,120,2457874,4,2017,5,10,130,2457884,4
8418,32.363758,-94.873947,115,"TX",309,"Campsis","radicans","trumpet creeper","Plantae",46438,371,"Breaking leaf buds",2017,6,14,165,2457919,3,2017,6,21,172,2457926,4
8418,32.363758,-94.873947,115,"TX",309,"Campsis","radicans","trumpet creeper","Plantae",46438,371,"Breaking leaf buds",2017,7,2,183,2457937,7,2017,7,9,190,2457944,3
8418,32.363758,-94.873947,115,"TX",309,"Campsis","radicans","trumpet creeper","Plantae",46438,390,"Ripe fruits",2017,9,24,267,2458021,4,2017,10,1,274,2458028,3
8418,32.363758,-94.873947,115,"TX",309,"Campsis","radicans","trumpet creeper","Plantae",46438,390,"Ripe fruits",2017,11,15,319,2458073,3,2017,12,31,365,2458119,NA
8418,32.363758,-94.873947,115,"TX",309,"Campsis","radicans","trumpet creeper","Plantae",46438,467,"Increasing leaf size",2017,4,5,95,2457849,3,2017,7,9,190,2457944,3
8418,32.363758,-94.873947,115,"TX",309,"Campsis","radicans","trumpet creeper","Plantae",46438,471,"Falling leaves",2017,10,1,274,2458028,4,2017,10,1,274,2458028,3
8418,32.363758,-94.873947,115,"TX",309,"Campsis","radicans","trumpet creeper","Plantae",46438,471,"Falling leaves",2017,10,29,302,2458056,4,2017,10,29,302,2458056,3
8418,32.363758,-94.873947,115,"TX",309,"Campsis","radicans","trumpet creeper","Plantae",46438,471,"Falling leaves",2017,11,15,319,2458073,3,2017,11,26,330,2458084,3
8418,32.363758,-94.873947,115,"TX",309,"Campsis","radicans","trumpet creeper","Plantae",46438,471,"Falling leaves",2017,12,10,344,2458098,4,2017,12,10,344,2458098,3
8418,32.363758,-94.873947,115,"TX",309,"Campsis","radicans","trumpet creeper","Plantae",46438,471,"Falling leaves",2017,12,31,365,2458119,4,2017,12,31,365,2458119,NA
8418,32.363758,-94.873947,115,"TX",309,"Campsis","radicans","trumpet creeper","Plantae",46438,483,"Leaves",2017,3,29,88,2457842,3,2017,12,27,361,2458115,4
8418,32.363758,-94.873947,115,"TX",309,"Campsis","radicans","trumpet creeper","Plantae",46438,498,"Colored leaves",2017,10,1,274,2458028,4,2017,10,1,274,2458028,3
8418,32.363758,-94.873947,115,"TX",309,"Campsis","radicans","trumpet creeper","Plantae",46438,498,"Colored leaves",2017,10,15,288,2458042,4,2017,12,27,361,2458115,4
8418,32.363758,-94.873947,115,"TX",309,"Campsis","radicans","trumpet creeper","Plantae",46438,500,"Flowers or flower buds",2017,5,31,151,2457905,3,2017,7,9,190,2457944,3
8418,32.363758,-94.873947,115,"TX",309,"Campsis","radicans","trumpet creeper","Plantae",46438,500,"Flowers or flower buds",2017,8,6,218,2457972,25,2017,8,6,218,2457972,3
8418,32.363758,-94.873947,115,"TX",309,"Campsis","radicans","trumpet creeper","Plantae",46438,500,"Flowers or flower buds",2017,9,3,246,2458000,4,2017,9,10,253,2458007,3
8418,32.363758,-94.873947,115,"TX",309,"Campsis","radicans","trumpet creeper","Plantae",46438,501,"Open flowers",2017,6,4,155,2457909,4,2017,7,9,190,2457944,3
8418,32.363758,-94.873947,115,"TX",309,"Campsis","radicans","trumpet creeper","Plantae",46438,501,"Open flowers",2017,9,3,246,2458000,4,2017,9,10,253,2458007,3
8418,32.363758,-94.873947,115,"TX",309,"Campsis","radicans","trumpet creeper","Plantae",46438,504,"Recent fruit or seed drop",2017,10,4,277,2458031,3,2017,10,4,277,2458031,4
8418,32.363758,-94.873947,115,"TX",309,"Campsis","radicans","trumpet creeper","Plantae",46438,504,"Recent fruit or seed drop",2017,11,26,330,2458084,7,2017,12,3,337,2458091,3
8418,32.363758,-94.873947,115,"TX",309,"Campsis","radicans","trumpet creeper","Plantae",46438,504,"Recent fruit or seed drop",2017,12,13,347,2458101,3,2017,12,13,347,2458101,4
8418,32.363758,-94.873947,115,"TX",309,"Campsis","radicans","trumpet creeper","Plantae",46438,504,"Recent fruit or seed drop",2017,12,24,358,2458112,7,2017,12,24,358,2458112,3
8418,32.363758,-94.873947,115,"TX",309,"Campsis","radicans","trumpet creeper","Plantae",46438,504,"Recent fruit or seed drop",2017,12,31,365,2458119,4,2017,12,31,365,2458119,NA
8418,32.363758,-94.873947,115,"TX",309,"Campsis","radicans","trumpet creeper","Plantae",46438,516,"Fruits",2017,6,18,169,2457923,4,2017,6,21,172,2457926,4
8418,32.363758,-94.873947,115,"TX",309,"Campsis","radicans","trumpet creeper","Plantae",46438,516,"Fruits",2017,9,3,246,2458000,4,2017,12,31,365,2458119,NA
17405,35.273144,-82.453087,675,"NC",916,"Lobelia","cardinalis","cardinalflower","Plantae",66920,390,"Ripe fruits",2017,9,24,267,2458021,16,2017,10,7,280,2458034,NA
17405,35.273144,-82.453087,675,"NC",916,"Lobelia","cardinalis","cardinalflower","Plantae",66920,482,"Initial growth (forbs)",2017,6,12,163,2457917,NA,2017,7,10,191,2457945,6
17405,35.273144,-82.453087,675,"NC",916,"Lobelia","cardinalis","cardinalflower","Plantae",66920,482,"Initial growth (forbs)",2017,7,18,199,2457953,2,2017,8,7,219,2457973,13
17405,35.273144,-82.453087,675,"NC",916,"Lobelia","cardinalis","cardinalflower","Plantae",66920,488,"Leaves (forbs)",2017,6,12,163,2457917,NA,2017,10,7,280,2458034,NA
17405,35.273144,-82.453087,675,"NC",916,"Lobelia","cardinalis","cardinalflower","Plantae",66920,500,"Flowers or flower buds",2017,7,31,212,2457966,13,2017,9,8,251,2458005,16
17405,35.273144,-82.453087,675,"NC",916,"Lobelia","cardinalis","cardinalflower","Plantae",66920,501,"Open flowers",2017,7,31,212,2457966,13,2017,9,8,251,2458005,16
17405,35.273144,-82.453087,675,"NC",916,"Lobelia","cardinalis","cardinalflower","Plantae",66920,504,"Recent fruit or seed drop",2017,10,7,280,2458034,13,2017,10,7,280,2458034,NA
17405,35.273144,-82.453087,675,"NC",916,"Lobelia","cardinalis","cardinalflower","Plantae",66920,516,"Fruits",2017,9,8,251,2458005,19,2017,10,7,280,2458034,NA
20127,40.306683,-80.121994,290,"PA",1186,"Monarda","didyma","scarlet beebalm","Plantae",84470,482,"Initial growth (forbs)",2017,3,27,86,2457840,NA,2017,4,9,99,2457853,NA
20127,40.306683,-80.121994,290,"PA",1186,"Monarda","didyma","scarlet beebalm","Plantae",84470,488,"Leaves (forbs)",2017,3,27,86,2457840,NA,2017,4,9,99,2457853,NA
8947,37.521179,-77.52739,63,"VA",309,"Campsis","radicans","trumpet creeper","Plantae",84654,371,"Breaking leaf buds",2017,4,11,101,2457855,7,2017,4,11,101,2457855,23
8947,37.521179,-77.52739,63,"VA",309,"Campsis","radicans","trumpet creeper","Plantae",84654,390,"Ripe fruits",2017,1,5,5,2457759,NA,2017,1,12,12,2457766,13
8947,37.521179,-77.52739,63,"VA",309,"Campsis","radicans","trumpet creeper","Plantae",84654,390,"Ripe fruits",2017,9,29,272,2458026,10,2017,12,7,341,2458095,7
8947,37.521179,-77.52739,63,"VA",309,"Campsis","radicans","trumpet creeper","Plantae",84654,471,"Falling leaves",2017,11,2,306,2458060,7,2017,11,2,306,2458060,35
8947,37.521179,-77.52739,63,"VA",309,"Campsis","radicans","trumpet creeper","Plantae",84654,483,"Leaves",2017,5,4,124,2457878,23,2017,11,16,320,2458074,21
8947,37.521179,-77.52739,63,"VA",309,"Campsis","radicans","trumpet creeper","Plantae",84654,500,"Flowers or flower buds",2017,6,1,152,2457906,6,2017,7,18,199,2457953,9
8947,37.521179,-77.52739,63,"VA",309,"Campsis","radicans","trumpet creeper","Plantae",84654,500,"Flowers or flower buds",2017,8,1,213,2457967,5,2017,8,31,243,2457997,6
8947,37.521179,-77.52739,63,"VA",309,"Campsis","radicans","trumpet creeper","Plantae",84654,501,"Open flowers",2017,6,1,152,2457906,6,2017,7,18,199,2457953,9
8947,37.521179,-77.52739,63,"VA",309,"Campsis","radicans","trumpet creeper","Plantae",84654,501,"Open flowers",2017,8,1,213,2457967,5,2017,8,31,243,2457997,6
8947,37.521179,-77.52739,63,"VA",309,"Campsis","radicans","trumpet creeper","Plantae",84654,504,"Recent fruit or seed drop",2017,1,25,25,2457779,13,2017,1,25,25,2457779,15
8947,37.521179,-77.52739,63,"VA",309,"Campsis","radicans","trumpet creeper","Plantae",84654,504,"Recent fruit or seed drop",2017,12,7,341,2458095,21,2017,12,7,341,2458095,7
8947,37.521179,-77.52739,63,"VA",309,"Campsis","radicans","trumpet creeper","Plantae",84654,516,"Fruits",2017,1,5,5,2457759,NA,2017,1,12,12,2457766,13
8947,37.521179,-77.52739,63,"VA",309,"Campsis","radicans","trumpet creeper","Plantae",84654,516,"Fruits",2017,7,27,208,2457962,9,2017,7,27,208,2457962,5
8947,37.521179,-77.52739,63,"VA",309,"Campsis","radicans","trumpet creeper","Plantae",84654,516,"Fruits",2017,8,18,230,2457984,17,2017,12,7,341,2458095,7
21639,41.724197,-74.075989,107,"NY",1186,"Monarda","didyma","scarlet beebalm","Plantae",94784,488,"Leaves (forbs)",2017,8,16,228,2457982,NA,2017,8,16,228,2457982,NA
21639,41.724197,-74.075989,107,"NY",1186,"Monarda","didyma","scarlet beebalm","Plantae",94784,500,"Flowers or flower buds",2017,8,16,228,2457982,NA,2017,8,16,228,2457982,NA
21639,41.724197,-74.075989,107,"NY",1186,"Monarda","didyma","scarlet beebalm","Plantae",94784,501,"Open flowers",2017,8,16,228,2457982,NA,2017,8,16,228,2457982,NA
21639,41.724197,-74.075989,107,"NY",1186,"Monarda","didyma","scarlet beebalm","Plantae",94785,488,"Leaves (forbs)",2017,8,16,228,2457982,NA,2017,8,16,228,2457982,NA
21639,41.724197,-74.075989,107,"NY",1186,"Monarda","didyma","scarlet beebalm","Plantae",94785,500,"Flowers or flower buds",2017,8,16,228,2457982,NA,2017,8,16,228,2457982,NA
21639,41.724197,-74.075989,107,"NY",1186,"Monarda","didyma","scarlet beebalm","Plantae",94785,501,"Open flowers",2017,8,16,228,2457982,NA,2017,8,16,228,2457982,NA
23069,38.92625,-77.341675,115,"VA",916,"Lobelia","cardinalis","cardinalflower","Plantae",110661,390,"Ripe fruits",2017,9,18,261,2458015,10,2017,10,6,279,2458033,NA
23069,38.92625,-77.341675,115,"VA",916,"Lobelia","cardinalis","cardinalflower","Plantae",110661,488,"Leaves (forbs)",2017,4,10,100,2457854,NA,2017,10,6,279,2458033,NA
23069,38.92625,-77.341675,115,"VA",916,"Lobelia","cardinalis","cardinalflower","Plantae",110661,500,"Flowers or flower buds",2017,6,28,179,2457933,7,2017,8,16,228,2457982,9
23069,38.92625,-77.341675,115,"VA",916,"Lobelia","cardinalis","cardinalflower","Plantae",110661,501,"Open flowers",2017,7,17,198,2457952,10,2017,9,18,261,2458015,11
23069,38.92625,-77.341675,115,"VA",916,"Lobelia","cardinalis","cardinalflower","Plantae",110661,504,"Recent fruit or seed drop",2017,9,18,261,2458015,10,2017,10,6,279,2458033,NA
23069,38.92625,-77.341675,115,"VA",916,"Lobelia","cardinalis","cardinalflower","Plantae",110661,516,"Fruits",2017,8,25,237,2457991,9,2017,10,6,279,2458033,NA
25442,38.856335,-77.234962,105,"VA",916,"Lobelia","cardinalis","cardinalflower","Plantae",122887,482,"Initial growth (forbs)",2017,4,20,110,2457864,NA,2017,6,17,168,2457922,NA
25442,38.856335,-77.234962,105,"VA",916,"Lobelia","cardinalis","cardinalflower","Plantae",122887,488,"Leaves (forbs)",2017,4,20,110,2457864,NA,2017,7,26,207,2457961,NA
25442,38.856335,-77.234962,105,"VA",916,"Lobelia","cardinalis","cardinalflower","Plantae",122887,500,"Flowers or flower buds",2017,7,26,207,2457961,39,2017,7,26,207,2457961,NA
25442,38.856335,-77.234962,105,"VA",916,"Lobelia","cardinalis","cardinalflower","Plantae",122887,501,"Open flowers",2017,7,26,207,2457961,39,2017,7,26,207,2457961,NA
26641,30.371868,-87.619705,12,"AL",916,"Lobelia","cardinalis","cardinalflower","Plantae",134818,390,"Ripe fruits",2017,10,5,278,2458032,14,2017,12,13,347,2458101,7
26641,30.371868,-87.619705,12,"AL",916,"Lobelia","cardinalis","cardinalflower","Plantae",134818,488,"Leaves (forbs)",2017,4,20,110,2457864,NA,2017,12,29,363,2458117,NA
26641,30.371868,-87.619705,12,"AL",916,"Lobelia","cardinalis","cardinalflower","Plantae",134818,500,"Flowers or flower buds",2017,7,27,208,2457962,14,2017,11,23,327,2458081,6
26641,30.371868,-87.619705,12,"AL",916,"Lobelia","cardinalis","cardinalflower","Plantae",134818,501,"Open flowers",2017,8,25,237,2457991,14,2017,11,23,327,2458081,6
26641,30.371868,-87.619705,12,"AL",916,"Lobelia","cardinalis","cardinalflower","Plantae",134818,504,"Recent fruit or seed drop",2017,10,5,278,2458032,14,2017,12,13,347,2458101,7
26641,30.371868,-87.619705,12,"AL",916,"Lobelia","cardinalis","cardinalflower","Plantae",134818,516,"Fruits",2017,9,21,264,2458018,8,2017,12,13,347,2458101,7
27255,35.025032,-80.834541,183,"NC",309,"Campsis","radicans","trumpet creeper","Plantae",139821,467,"Increasing leaf size",2017,6,13,164,2457918,NA,2017,6,13,164,2457918,3
27255,35.025032,-80.834541,183,"NC",309,"Campsis","radicans","trumpet creeper","Plantae",139821,467,"Increasing leaf size",2017,11,15,319,2458073,4,2017,11,15,319,2458073,10
27255,35.025032,-80.834541,183,"NC",309,"Campsis","radicans","trumpet creeper","Plantae",139821,471,"Falling leaves",2017,9,18,261,2458015,10,2017,9,18,261,2458015,7
27255,35.025032,-80.834541,183,"NC",309,"Campsis","radicans","trumpet creeper","Plantae",139821,471,"Falling leaves",2017,10,2,275,2458029,7,2017,10,2,275,2458029,9
27255,35.025032,-80.834541,183,"NC",309,"Campsis","radicans","trumpet creeper","Plantae",139821,471,"Falling leaves",2017,12,22,356,2458110,6,2017,12,22,356,2458110,8
27255,35.025032,-80.834541,183,"NC",309,"Campsis","radicans","trumpet creeper","Plantae",139821,483,"Leaves",2017,6,13,164,2457918,NA,2017,8,18,230,2457984,8
27255,35.025032,-80.834541,183,"NC",309,"Campsis","radicans","trumpet creeper","Plantae",139821,483,"Leaves",2017,9,8,251,2458005,13,2017,9,25,268,2458022,7
27255,35.025032,-80.834541,183,"NC",309,"Campsis","radicans","trumpet creeper","Plantae",139821,483,"Leaves",2017,10,11,284,2458038,9,2017,12,30,364,2458118,NA
27255,35.025032,-80.834541,183,"NC",309,"Campsis","radicans","trumpet creeper","Plantae",139821,498,"Colored leaves",2017,9,18,261,2458015,10,2017,11,1,305,2458059,10
27255,35.025032,-80.834541,183,"NC",309,"Campsis","radicans","trumpet creeper","Plantae",139821,498,"Colored leaves",2017,11,25,329,2458083,10,2017,12,30,364,2458118,NA
27255,35.025032,-80.834541,183,"NC",309,"Campsis","radicans","trumpet creeper","Plantae",139821,500,"Flowers or flower buds",2017,6,13,164,2457918,NA,2017,7,18,199,2457953,6
27255,35.025032,-80.834541,183,"NC",309,"Campsis","radicans","trumpet creeper","Plantae",139821,501,"Open flowers",2017,6,13,164,2457918,NA,2017,6,16,167,2457921,2
27255,35.025032,-80.834541,183,"NC",309,"Campsis","radicans","trumpet creeper","Plantae",139821,501,"Open flowers",2017,6,29,180,2457934,7,2017,6,29,180,2457934,7
27255,35.025032,-80.834541,183,"NC",309,"Campsis","radicans","trumpet creeper","Plantae",139821,501,"Open flowers",2017,7,9,190,2457944,3,2017,7,9,190,2457944,9
27255,35.025032,-80.834541,183,"NC",309,"Campsis","radicans","trumpet creeper","Plantae",139821,516,"Fruits",2017,6,13,164,2457918,NA,2017,6,13,164,2457918,3
27446,34.060001,-118.136002,114,"CA",309,"Campsis","radicans","trumpet creeper","Plantae",141723,467,"Increasing leaf size",2017,7,27,208,2457962,NA,2017,8,23,235,2457989,9
27446,34.060001,-118.136002,114,"CA",309,"Campsis","radicans","trumpet creeper","Plantae",141723,483,"Leaves",2017,7,27,208,2457962,NA,2017,10,4,277,2458031,NA
27446,34.060001,-118.136002,114,"CA",309,"Campsis","radicans","trumpet creeper","Plantae",141723,500,"Flowers or flower buds",2017,7,27,208,2457962,NA,2017,8,10,222,2457976,6
27446,34.060001,-118.136002,114,"CA",309,"Campsis","radicans","trumpet creeper","Plantae",141723,500,"Flowers or flower buds",2017,9,1,244,2457998,9,2017,9,1,244,2457998,6
27446,34.060001,-118.136002,114,"CA",309,"Campsis","radicans","trumpet creeper","Plantae",141723,500,"Flowers or flower buds",2017,9,13,256,2458010,6,2017,9,13,256,2458010,7
27446,34.060001,-118.136002,114,"CA",309,"Campsis","radicans","trumpet creeper","Plantae",141723,501,"Open flowers",2017,7,27,208,2457962,NA,2017,8,16,228,2457982,7
27446,34.060001,-118.136002,114,"CA",309,"Campsis","radicans","trumpet creeper","Plantae",141723,501,"Open flowers",2017,9,1,244,2457998,9,2017,9,1,244,2457998,6
27446,34.060001,-118.136002,114,"CA",309,"Campsis","radicans","trumpet creeper","Plantae",141723,501,"Open flowers",2017,9,13,256,2458010,6,2017,9,13,256,2458010,7
27474,29.784473,-90.114784,0,"LA",309,"Campsis","radicans","trumpet creeper","Plantae",141892,371,"Breaking leaf buds",2017,9,2,245,2457999,NA,2017,9,2,245,2457999,54
27474,29.784473,-90.114784,0,"LA",309,"Campsis","radicans","trumpet creeper","Plantae",141892,390,"Ripe fruits",2017,10,26,299,2458053,54,2017,11,20,324,2458078,30
27474,29.784473,-90.114784,0,"LA",309,"Campsis","radicans","trumpet creeper","Plantae",141892,471,"Falling leaves",2017,11,20,324,2458078,2,2017,11,20,324,2458078,30
27474,29.784473,-90.114784,0,"LA",309,"Campsis","radicans","trumpet creeper","Plantae",141892,483,"Leaves",2017,9,2,245,2457999,NA,2017,11,20,324,2458078,30
27474,29.784473,-90.114784,0,"LA",309,"Campsis","radicans","trumpet creeper","Plantae",141892,498,"Colored leaves",2017,9,2,245,2457999,NA,2017,11,20,324,2458078,30
27474,29.784473,-90.114784,0,"LA",309,"Campsis","radicans","trumpet creeper","Plantae",141892,516,"Fruits",2017,9,2,245,2457999,NA,2017,11,20,324,2458078,30
27475,29.783813,-90.117561,0,"LA",309,"Campsis","radicans","trumpet creeper","Plantae",141902,467,"Increasing leaf size",2017,12,21,355,2458109,1,2017,12,21,355,2458109,NA
27475,29.783813,-90.117561,0,"LA",309,"Campsis","radicans","trumpet creeper","Plantae",141902,471,"Falling leaves",2017,11,20,324,2458078,2,2017,12,20,354,2458108,NA
27475,29.783813,-90.117561,0,"LA",309,"Campsis","radicans","trumpet creeper","Plantae",141902,483,"Leaves",2017,10,26,299,2458053,NA,2017,12,21,355,2458109,NA
27475,29.783813,-90.117561,0,"LA",309,"Campsis","radicans","trumpet creeper","Plantae",141902,498,"Colored leaves",2017,11,18,322,2458076,23,2017,12,20,354,2458108,1
27476,29.785265,-90.110191,0,"LA",309,"Campsis","radicans","trumpet creeper","Plantae",141910,390,"Ripe fruits",2017,10,14,287,2458041,28,2017,10,14,287,2458041,11
27476,29.785265,-90.110191,0,"LA",309,"Campsis","radicans","trumpet creeper","Plantae",141910,467,"Increasing leaf size",2017,9,2,245,2457999,NA,2017,9,2,245,2457999,8
27476,29.785265,-90.110191,0,"LA",309,"Campsis","radicans","trumpet creeper","Plantae",141910,467,"Increasing leaf size",2017,10,14,287,2458041,34,2017,10,14,287,2458041,54
27476,29.785265,-90.110191,0,"LA",309,"Campsis","radicans","trumpet creeper","Plantae",141910,471,"Falling leaves",2017,10,25,298,2458052,11,2017,12,7,341,2458095,NA
27476,29.785265,-90.110191,0,"LA",309,"Campsis","radicans","trumpet creeper","Plantae",141910,483,"Leaves",2017,9,2,245,2457999,NA,2017,12,7,341,2458095,NA
27476,29.785265,-90.110191,0,"LA",309,"Campsis","radicans","trumpet creeper","Plantae",141910,498,"Colored leaves",2017,10,14,287,2458041,34,2017,12,7,341,2458095,NA
27476,29.785265,-90.110191,0,"LA",309,"Campsis","radicans","trumpet creeper","Plantae",141910,500,"Flowers or flower buds",2017,9,2,245,2457999,NA,2017,9,16,259,2458013,28
27476,29.785265,-90.110191,0,"LA",309,"Campsis","radicans","trumpet creeper","Plantae",141910,501,"Open flowers",2017,9,2,245,2457999,NA,2017,9,10,253,2458007,6
27476,29.785265,-90.110191,0,"LA",309,"Campsis","radicans","trumpet creeper","Plantae",141910,516,"Fruits",2017,9,2,245,2457999,NA,2017,9,2,245,2457999,8
27476,29.785265,-90.110191,0,"LA",309,"Campsis","radicans","trumpet creeper","Plantae",141910,516,"Fruits",2017,9,16,259,2458013,6,2017,9,16,259,2458013,28
27477,29.793816,-90.122452,0,"LA",309,"Campsis","radicans","trumpet creeper","Plantae",141921,390,"Ripe fruits",2017,11,21,325,2458079,3,2017,11,21,325,2458079,4
27477,29.793816,-90.122452,0,"LA",309,"Campsis","radicans","trumpet creeper","Plantae",141921,471,"Falling leaves",2017,10,28,301,2458055,5,2017,11,6,310,2458064,12
27477,29.793816,-90.122452,0,"LA",309,"Campsis","radicans","trumpet creeper","Plantae",141921,471,"Falling leaves",2017,11,21,325,2458079,3,2017,11,25,329,2458083,16
27477,29.793816,-90.122452,0,"LA",309,"Campsis","radicans","trumpet creeper","Plantae",141921,483,"Leaves",2017,10,23,296,2458050,NA,2017,12,11,345,2458099,10
27477,29.793816,-90.122452,0,"LA",309,"Campsis","radicans","trumpet creeper","Plantae",141921,498,"Colored leaves",2017,10,28,301,2458055,5,2017,12,11,345,2458099,10
27477,29.793816,-90.122452,0,"LA",309,"Campsis","radicans","trumpet creeper","Plantae",141921,500,"Flowers or flower buds",2017,11,21,325,2458079,3,2017,11,21,325,2458079,4
27477,29.793816,-90.122452,0,"LA",309,"Campsis","radicans","trumpet creeper","Plantae",141921,504,"Recent fruit or seed drop",2017,11,21,325,2458079,3,2017,11,21,325,2458079,4
27477,29.793816,-90.122452,0,"LA",309,"Campsis","radicans","trumpet creeper","Plantae",141921,516,"Fruits",2017,10,28,301,2458055,5,2017,10,28,301,2458055,9
27477,29.793816,-90.122452,0,"LA",309,"Campsis","radicans","trumpet creeper","Plantae",141921,516,"Fruits",2017,11,21,325,2458079,3,2017,11,21,325,2458079,4
27802,45.046234,-93.096085,275,"MN",916,"Lobelia","cardinalis","cardinalflower","Plantae",144880,488,"Leaves (forbs)",2017,9,26,269,2458023,NA,2017,9,26,269,2458023,NA
27802,45.046234,-93.096085,275,"MN",916,"Lobelia","cardinalis","cardinalflower","Plantae",144880,501,"Open flowers",2017,9,26,269,2458023,NA,2017,9,26,269,2458023,NA
8947,37.521179,-77.52739,63,"VA",309,"Campsis","radicans","trumpet creeper","Plantae",37162,483,"Leaves",2018,8,23,235,2458354,NA,2018,8,23,235,2458354,NA
10585,41.433689,-81.693153,219,"OH",1186,"Monarda","didyma","scarlet beebalm","Plantae",41716,390,"Ripe fruits",2018,7,26,207,2458326,7,2018,10,4,277,2458396,7
10585,41.433689,-81.693153,219,"OH",1186,"Monarda","didyma","scarlet beebalm","Plantae",41716,482,"Initial growth (forbs)",2018,3,29,88,2458207,14,2018,4,26,116,2458235,NA
10585,41.433689,-81.693153,219,"OH",1186,"Monarda","didyma","scarlet beebalm","Plantae",41716,488,"Leaves (forbs)",2018,3,29,88,2458207,14,2018,6,7,158,2458277,NA
10585,41.433689,-81.693153,219,"OH",1186,"Monarda","didyma","scarlet beebalm","Plantae",41716,500,"Flowers or flower buds",2018,6,14,165,2458284,7,2018,7,12,193,2458312,NA
10585,41.433689,-81.693153,219,"OH",1186,"Monarda","didyma","scarlet beebalm","Plantae",41716,501,"Open flowers",2018,6,28,179,2458298,7,2018,9,6,249,2458368,7
10585,41.433689,-81.693153,219,"OH",1186,"Monarda","didyma","scarlet beebalm","Plantae",41716,504,"Recent fruit or seed drop",2018,8,2,214,2458333,7,2018,10,4,277,2458396,7
10585,41.433689,-81.693153,219,"OH",1186,"Monarda","didyma","scarlet beebalm","Plantae",41716,516,"Fruits",2018,7,19,200,2458319,7,2018,10,4,277,2458396,7
10585,41.433689,-81.693153,219,"OH",916,"Lobelia","cardinalis","cardinalflower","Plantae",43933,390,"Ripe fruits",2018,9,20,263,2458382,7,2018,11,1,305,2458424,7
10585,41.433689,-81.693153,219,"OH",916,"Lobelia","cardinalis","cardinalflower","Plantae",43933,482,"Initial growth (forbs)",2018,4,12,102,2458221,NA,2018,4,26,116,2458235,NA
10585,41.433689,-81.693153,219,"OH",916,"Lobelia","cardinalis","cardinalflower","Plantae",43933,488,"Leaves (forbs)",2018,4,18,108,2458227,6,2018,5,10,130,2458249,NA
10585,41.433689,-81.693153,219,"OH",916,"Lobelia","cardinalis","cardinalflower","Plantae",43933,500,"Flowers or flower buds",2018,7,19,200,2458319,7,2018,8,16,228,2458347,NA
10585,41.433689,-81.693153,219,"OH",916,"Lobelia","cardinalis","cardinalflower","Plantae",43933,501,"Open flowers",2018,8,2,214,2458333,7,2018,9,13,256,2458375,7
10585,41.433689,-81.693153,219,"OH",916,"Lobelia","cardinalis","cardinalflower","Plantae",43933,504,"Recent fruit or seed drop",2018,9,27,270,2458389,7,2018,11,1,305,2458424,7
10585,41.433689,-81.693153,219,"OH",916,"Lobelia","cardinalis","cardinalflower","Plantae",43933,516,"Fruits",2018,8,23,235,2458354,7,2018,11,1,305,2458424,7
8418,32.363758,-94.873947,115,"TX",309,"Campsis","radicans","trumpet creeper","Plantae",46438,371,"Breaking leaf buds",2018,4,11,101,2458220,3,2018,5,27,147,2458266,43
8418,32.363758,-94.873947,115,"TX",309,"Campsis","radicans","trumpet creeper","Plantae",46438,371,"Breaking leaf buds",2018,7,25,206,2458325,3,2018,7,29,210,2458329,3
8418,32.363758,-94.873947,115,"TX",309,"Campsis","radicans","trumpet creeper","Plantae",46438,390,"Ripe fruits",2018,1,3,3,2458122,NA,2018,1,7,7,2458126,3
8418,32.363758,-94.873947,115,"TX",309,"Campsis","radicans","trumpet creeper","Plantae",46438,390,"Ripe fruits",2018,9,30,273,2458392,5,2018,10,9,282,2458401,16
8418,32.363758,-94.873947,115,"TX",309,"Campsis","radicans","trumpet creeper","Plantae",46438,467,"Increasing leaf size",2018,4,11,101,2458220,3,2018,5,27,147,2458266,43
8418,32.363758,-94.873947,115,"TX",309,"Campsis","radicans","trumpet creeper","Plantae",46438,467,"Increasing leaf size",2018,7,25,206,2458325,3,2018,8,9,221,2458340,13
8418,32.363758,-94.873947,115,"TX",309,"Campsis","radicans","trumpet creeper","Plantae",46438,471,"Falling leaves",2018,10,25,298,2458417,16,2018,12,12,346,2458465,11
8418,32.363758,-94.873947,115,"TX",309,"Campsis","radicans","trumpet creeper","Plantae",46438,483,"Leaves",2018,4,11,101,2458220,3,2018,12,12,346,2458465,11
8418,32.363758,-94.873947,115,"TX",309,"Campsis","radicans","trumpet creeper","Plantae",46438,498,"Colored leaves",2018,10,28,301,2458420,3,2018,12,12,346,2458465,11
8418,32.363758,-94.873947,115,"TX",309,"Campsis","radicans","trumpet creeper","Plantae",46438,500,"Flowers or flower buds",2018,5,23,143,2458262,3,2018,8,9,221,2458340,13
8418,32.363758,-94.873947,115,"TX",309,"Campsis","radicans","trumpet creeper","Plantae",46438,501,"Open flowers",2018,5,27,147,2458266,4,2018,8,9,221,2458340,13
8418,32.363758,-94.873947,115,"TX",309,"Campsis","radicans","trumpet creeper","Plantae",46438,516,"Fruits",2018,1,3,3,2458122,NA,2018,1,7,7,2458126,3
8418,32.363758,-94.873947,115,"TX",309,"Campsis","radicans","trumpet creeper","Plantae",46438,516,"Fruits",2018,7,9,190,2458309,43,2018,10,9,282,2458401,16
8947,37.521179,-77.52739,63,"VA",309,"Campsis","radicans","trumpet creeper","Plantae",84654,483,"Leaves",2018,6,7,158,2458277,28,2018,6,14,165,2458284,28
8947,37.521179,-77.52739,63,"VA",309,"Campsis","radicans","trumpet creeper","Plantae",84654,483,"Leaves",2018,7,19,200,2458319,7,2018,8,16,228,2458347,77
8947,37.521179,-77.52739,63,"VA",309,"Campsis","radicans","trumpet creeper","Plantae",84654,500,"Flowers or flower buds",2018,6,14,165,2458284,7,2018,6,14,165,2458284,28
8947,37.521179,-77.52739,63,"VA",309,"Campsis","radicans","trumpet creeper","Plantae",84654,501,"Open flowers",2018,6,14,165,2458284,7,2018,6,14,165,2458284,28
8947,37.521179,-77.52739,63,"VA",309,"Campsis","radicans","trumpet creeper","Plantae",84654,504,"Recent fruit or seed drop",2018,1,5,5,2458124,NA,2018,1,5,5,2458124,20
20617,43.128082,-89.376808,267,"WI",1186,"Monarda","didyma","scarlet beebalm","Plantae",91088,482,"Initial growth (forbs)",2018,5,14,134,2458253,NA,2018,5,14,134,2458253,NA
20617,43.128082,-89.376808,267,"WI",1186,"Monarda","didyma","scarlet beebalm","Plantae",91088,488,"Leaves (forbs)",2018,5,14,134,2458253,NA,2018,5,14,134,2458253,NA
25442,38.856335,-77.234962,105,"VA",1186,"Monarda","didyma","scarlet beebalm","Plantae",122877,488,"Leaves (forbs)",2018,6,26,177,2458296,NA,2018,6,26,177,2458296,NA
25442,38.856335,-77.234962,105,"VA",1186,"Monarda","didyma","scarlet beebalm","Plantae",122877,500,"Flowers or flower buds",2018,6,26,177,2458296,NA,2018,6,26,177,2458296,NA
25442,38.856335,-77.234962,105,"VA",1186,"Monarda","didyma","scarlet beebalm","Plantae",122877,501,"Open flowers",2018,6,26,177,2458296,NA,2018,6,26,177,2458296,NA
25442,38.856335,-77.234962,105,"VA",916,"Lobelia","cardinalis","cardinalflower","Plantae",122887,482,"Initial growth (forbs)",2018,6,26,177,2458296,NA,2018,6,26,177,2458296,NA
25442,38.856335,-77.234962,105,"VA",916,"Lobelia","cardinalis","cardinalflower","Plantae",122887,488,"Leaves (forbs)",2018,6,26,177,2458296,NA,2018,6,26,177,2458296,NA
26641,30.371868,-87.619705,12,"AL",916,"Lobelia","cardinalis","cardinalflower","Plantae",134818,390,"Ripe fruits",2018,10,31,304,2458423,7,2018,12,26,360,2458479,NA
26641,30.371868,-87.619705,12,"AL",916,"Lobelia","cardinalis","cardinalflower","Plantae",134818,482,"Initial growth (forbs)",2018,2,21,52,2458171,7,2018,3,15,74,2458193,6
26641,30.371868,-87.619705,12,"AL",916,"Lobelia","cardinalis","cardinalflower","Plantae",134818,488,"Leaves (forbs)",2018,2,21,52,2458171,7,2018,12,26,360,2458479,NA
26641,30.371868,-87.619705,12,"AL",916,"Lobelia","cardinalis","cardinalflower","Plantae",134818,500,"Flowers or flower buds",2018,8,9,221,2458340,15,2018,12,26,360,2458479,NA
26641,30.371868,-87.619705,12,"AL",916,"Lobelia","cardinalis","cardinalflower","Plantae",134818,501,"Open flowers",2018,8,15,227,2458346,6,2018,12,26,360,2458479,NA
26641,30.371868,-87.619705,12,"AL",916,"Lobelia","cardinalis","cardinalflower","Plantae",134818,504,"Recent fruit or seed drop",2018,12,19,353,2458472,21,2018,12,19,353,2458472,7
26641,30.371868,-87.619705,12,"AL",916,"Lobelia","cardinalis","cardinalflower","Plantae",134818,516,"Fruits",2018,9,26,269,2458388,7,2018,12,26,360,2458479,NA
27255,35.025032,-80.834541,183,"NC",309,"Campsis","radicans","trumpet creeper","Plantae",139821,371,"Breaking leaf buds",2018,3,14,73,2458192,10,2018,3,14,73,2458192,5
27255,35.025032,-80.834541,183,"NC",309,"Campsis","radicans","trumpet creeper","Plantae",139821,467,"Increasing leaf size",2018,3,14,73,2458192,10,2018,3,28,87,2458206,5
27255,35.025032,-80.834541,183,"NC",309,"Campsis","radicans","trumpet creeper","Plantae",139821,467,"Increasing leaf size",2018,10,8,281,2458400,16,2018,10,8,281,2458400,10
27255,35.025032,-80.834541,183,"NC",309,"Campsis","radicans","trumpet creeper","Plantae",139821,471,"Falling leaves",2018,2,15,46,2458165,10,2018,2,15,46,2458165,4
27255,35.025032,-80.834541,183,"NC",309,"Campsis","radicans","trumpet creeper","Plantae",139821,471,"Falling leaves",2018,4,4,94,2458213,7,2018,4,28,118,2458237,8
27255,35.025032,-80.834541,183,"NC",309,"Campsis","radicans","trumpet creeper","Plantae",139821,471,"Falling leaves",2018,11,17,321,2458440,9,2018,11,25,329,2458448,NA
27255,35.025032,-80.834541,183,"NC",309,"Campsis","radicans","trumpet creeper","Plantae",139821,483,"Leaves",2018,1,13,13,2458132,NA,2018,5,6,126,2458245,8
27255,35.025032,-80.834541,183,"NC",309,"Campsis","radicans","trumpet creeper","Plantae",139821,483,"Leaves",2018,7,27,208,2458327,53,2018,11,25,329,2458448,NA
27255,35.025032,-80.834541,183,"NC",309,"Campsis","radicans","trumpet creeper","Plantae",139821,498,"Colored leaves",2018,1,22,22,2458141,9,2018,3,4,63,2458182,10
27255,35.025032,-80.834541,183,"NC",309,"Campsis","radicans","trumpet creeper","Plantae",139821,498,"Colored leaves",2018,3,19,78,2458197,5,2018,4,28,118,2458237,8
27255,35.025032,-80.834541,183,"NC",309,"Campsis","radicans","trumpet creeper","Plantae",139821,498,"Colored leaves",2018,10,31,304,2458423,13,2018,11,25,329,2458448,NA
27474,29.784473,-90.114784,0,"LA",309,"Campsis","radicans","trumpet creeper","Plantae",141892,371,"Breaking leaf buds",2018,2,22,53,2458172,7,2018,3,2,61,2458180,13
27474,29.784473,-90.114784,0,"LA",309,"Campsis","radicans","trumpet creeper","Plantae",141892,371,"Breaking leaf buds",2018,3,27,86,2458205,5,2018,3,27,86,2458205,10
27474,29.784473,-90.114784,0,"LA",309,"Campsis","radicans","trumpet creeper","Plantae",141892,371,"Breaking leaf buds",2018,4,13,103,2458222,7,2018,5,1,121,2458240,14
27474,29.784473,-90.114784,0,"LA",309,"Campsis","radicans","trumpet creeper","Plantae",141892,371,"Breaking leaf buds",2018,9,3,246,2458365,4,2018,9,3,246,2458365,10
27474,29.784473,-90.114784,0,"LA",309,"Campsis","radicans","trumpet creeper","Plantae",141892,467,"Increasing leaf size",2018,2,22,53,2458172,7,2018,6,28,179,2458298,42
27474,29.784473,-90.114784,0,"LA",309,"Campsis","radicans","trumpet creeper","Plantae",141892,467,"Increasing leaf size",2018,8,30,242,2458361,21,2018,11,19,323,2458442,4
27474,29.784473,-90.114784,0,"LA",309,"Campsis","radicans","trumpet creeper","Plantae",141892,471,"Falling leaves",2018,11,19,323,2458442,39,2018,11,19,323,2458442,NA
27474,29.784473,-90.114784,0,"LA",309,"Campsis","radicans","trumpet creeper","Plantae",141892,483,"Leaves",2018,2,22,53,2458172,7,2018,9,13,256,2458375,28
27474,29.784473,-90.114784,0,"LA",309,"Campsis","radicans","trumpet creeper","Plantae",141892,483,"Leaves",2018,11,19,323,2458442,39,2018,11,23,327,2458446,NA
27474,29.784473,-90.114784,0,"LA",309,"Campsis","radicans","trumpet creeper","Plantae",141892,498,"Colored leaves",2018,9,13,256,2458375,14,2018,11,23,327,2458446,NA
27474,29.784473,-90.114784,0,"LA",309,"Campsis","radicans","trumpet creeper","Plantae",141892,500,"Flowers or flower buds",2018,5,15,135,2458254,14,2018,8,30,242,2458361,4
27474,29.784473,-90.114784,0,"LA",309,"Campsis","radicans","trumpet creeper","Plantae",141892,500,"Flowers or flower buds",2018,10,11,284,2458403,28,2018,10,11,284,2458403,39
27474,29.784473,-90.114784,0,"LA",309,"Campsis","radicans","trumpet creeper","Plantae",141892,501,"Open flowers",2018,6,8,159,2458278,24,2018,6,8,159,2458278,20
27474,29.784473,-90.114784,0,"LA",309,"Campsis","radicans","trumpet creeper","Plantae",141892,501,"Open flowers",2018,8,9,221,2458340,42,2018,8,30,242,2458361,4
27474,29.784473,-90.114784,0,"LA",309,"Campsis","radicans","trumpet creeper","Plantae",141892,501,"Open flowers",2018,9,13,256,2458375,10,2018,9,13,256,2458375,28
27474,29.784473,-90.114784,0,"LA",309,"Campsis","radicans","trumpet creeper","Plantae",141892,516,"Fruits",2018,10,11,284,2458403,28,2018,10,11,284,2458403,39
27475,29.783813,-90.117561,0,"LA",309,"Campsis","radicans","trumpet creeper","Plantae",141902,371,"Breaking leaf buds",2018,3,15,74,2458193,13,2018,3,22,81,2458200,15
27475,29.783813,-90.117561,0,"LA",309,"Campsis","radicans","trumpet creeper","Plantae",141902,371,"Breaking leaf buds",2018,4,26,116,2458235,20,2018,4,26,116,2458235,19
27475,29.783813,-90.117561,0,"LA",309,"Campsis","radicans","trumpet creeper","Plantae",141902,467,"Increasing leaf size",2018,3,15,74,2458193,13,2018,4,26,116,2458235,19
27475,29.783813,-90.117561,0,"LA",309,"Campsis","radicans","trumpet creeper","Plantae",141902,467,"Increasing leaf size",2018,6,8,159,2458278,24,2018,6,28,179,2458298,42
27475,29.783813,-90.117561,0,"LA",309,"Campsis","radicans","trumpet creeper","Plantae",141902,467,"Increasing leaf size",2018,10,9,282,2458401,26,2018,10,9,282,2458401,45
27475,29.783813,-90.117561,0,"LA",309,"Campsis","radicans","trumpet creeper","Plantae",141902,471,"Falling leaves",2018,10,9,282,2458401,26,2018,11,23,327,2458446,NA
27475,29.783813,-90.117561,0,"LA",309,"Campsis","radicans","trumpet creeper","Plantae",141902,483,"Leaves",2018,3,15,74,2458193,13,2018,11,23,327,2458446,NA
27475,29.783813,-90.117561,0,"LA",309,"Campsis","radicans","trumpet creeper","Plantae",141902,498,"Colored leaves",2018,10,9,282,2458401,26,2018,11,23,327,2458446,NA
27475,29.783813,-90.117561,0,"LA",309,"Campsis","radicans","trumpet creeper","Plantae",141902,500,"Flowers or flower buds",2018,6,8,159,2458278,24,2018,10,9,282,2458401,45
27475,29.783813,-90.117561,0,"LA",309,"Campsis","radicans","trumpet creeper","Plantae",141902,501,"Open flowers",2018,6,8,159,2458278,24,2018,6,28,179,2458298,42
27475,29.783813,-90.117561,0,"LA",309,"Campsis","radicans","trumpet creeper","Plantae",141902,501,"Open flowers",2018,9,13,256,2458375,14,2018,10,9,282,2458401,45
27476,29.785265,-90.110191,0,"LA",309,"Campsis","radicans","trumpet creeper","Plantae",141910,371,"Breaking leaf buds",2018,2,23,54,2458173,15,2018,3,28,87,2458206,15
27476,29.785265,-90.110191,0,"LA",309,"Campsis","radicans","trumpet creeper","Plantae",141910,371,"Breaking leaf buds",2018,5,1,121,2458240,12,2018,5,1,121,2458240,2
27476,29.785265,-90.110191,0,"LA",309,"Campsis","radicans","trumpet creeper","Plantae",141910,467,"Increasing leaf size",2018,3,2,61,2458180,7,2018,6,14,165,2458284,21
27476,29.785265,-90.110191,0,"LA",309,"Campsis","radicans","trumpet creeper","Plantae",141910,467,"Increasing leaf size",2018,8,16,228,2458347,42,2018,10,11,284,2458403,28
27476,29.785265,-90.110191,0,"LA",309,"Campsis","radicans","trumpet creeper","Plantae",141910,471,"Falling leaves",2018,9,29,272,2458391,44,2018,11,8,312,2458431,21
27476,29.785265,-90.110191,0,"LA",309,"Campsis","radicans","trumpet creeper","Plantae",141910,483,"Leaves",2018,2,23,54,2458173,15,2018,11,29,333,2458452,21
27476,29.785265,-90.110191,0,"LA",309,"Campsis","radicans","trumpet creeper","Plantae",141910,498,"Colored leaves",2018,9,29,272,2458391,44,2018,11,29,333,2458452,21
27476,29.785265,-90.110191,0,"LA",309,"Campsis","radicans","trumpet creeper","Plantae",141910,500,"Flowers or flower buds",2018,5,24,144,2458263,21,2018,8,16,228,2458347,44
27476,29.785265,-90.110191,0,"LA",309,"Campsis","radicans","trumpet creeper","Plantae",141910,501,"Open flowers",2018,8,16,228,2458347,42,2018,8,16,228,2458347,44
27477,29.793816,-90.122452,0,"LA",309,"Campsis","radicans","trumpet creeper","Plantae",141921,371,"Breaking leaf buds",2018,3,8,67,2458186,33,2018,3,26,85,2458204,24
27477,29.793816,-90.122452,0,"LA",309,"Campsis","radicans","trumpet creeper","Plantae",141921,371,"Breaking leaf buds",2018,9,20,263,2458382,7,2018,9,20,263,2458382,13
27477,29.793816,-90.122452,0,"LA",309,"Campsis","radicans","trumpet creeper","Plantae",141921,390,"Ripe fruits",2018,9,1,244,2458363,4,2018,9,1,244,2458363,9
27477,29.793816,-90.122452,0,"LA",309,"Campsis","radicans","trumpet creeper","Plantae",141921,467,"Increasing leaf size",2018,3,8,67,2458186,33,2018,6,20,171,2458290,1
27477,29.793816,-90.122452,0,"LA",309,"Campsis","radicans","trumpet creeper","Plantae",141921,467,"Increasing leaf size",2018,7,12,193,2458312,11,2018,8,2,214,2458333,20
27477,29.793816,-90.122452,0,"LA",309,"Campsis","radicans","trumpet creeper","Plantae",141921,467,"Increasing leaf size",2018,8,23,235,2458354,1,2018,8,23,235,2458354,5
27477,29.793816,-90.122452,0,"LA",309,"Campsis","radicans","trumpet creeper","Plantae",141921,467,"Increasing leaf size",2018,9,10,253,2458372,9,2018,9,10,253,2458372,3
27477,29.793816,-90.122452,0,"LA",309,"Campsis","radicans","trumpet creeper","Plantae",141921,467,"Increasing leaf size",2018,9,20,263,2458382,7,2018,9,20,263,2458382,13
27477,29.793816,-90.122452,0,"LA",309,"Campsis","radicans","trumpet creeper","Plantae",141921,471,"Falling leaves",2018,9,10,253,2458372,9,2018,9,10,253,2458372,3
27477,29.793816,-90.122452,0,"LA",309,"Campsis","radicans","trumpet creeper","Plantae",141921,471,"Falling leaves",2018,10,20,293,2458412,16,2018,10,20,293,2458412,26
27477,29.793816,-90.122452,0,"LA",309,"Campsis","radicans","trumpet creeper","Plantae",141921,471,"Falling leaves",2018,12,6,340,2458459,21,2018,12,6,340,2458459,NA
27477,29.793816,-90.122452,0,"LA",309,"Campsis","radicans","trumpet creeper","Plantae",141921,483,"Leaves",2018,3,8,67,2458186,33,2018,8,2,214,2458333,20
27477,29.793816,-90.122452,0,"LA",309,"Campsis","radicans","trumpet creeper","Plantae",141921,483,"Leaves",2018,8,23,235,2458354,1,2018,12,6,340,2458459,NA
27477,29.793816,-90.122452,0,"LA",309,"Campsis","radicans","trumpet creeper","Plantae",141921,498,"Colored leaves",2018,9,10,253,2458372,9,2018,9,10,253,2458372,3
27477,29.793816,-90.122452,0,"LA",309,"Campsis","radicans","trumpet creeper","Plantae",141921,498,"Colored leaves",2018,9,20,263,2458382,7,2018,12,6,340,2458459,NA
27477,29.793816,-90.122452,0,"LA",309,"Campsis","radicans","trumpet creeper","Plantae",141921,500,"Flowers or flower buds",2018,5,23,143,2458262,13,2018,8,23,235,2458354,5
27477,29.793816,-90.122452,0,"LA",309,"Campsis","radicans","trumpet creeper","Plantae",141921,500,"Flowers or flower buds",2018,9,1,244,2458363,4,2018,10,3,276,2458395,1
27477,29.793816,-90.122452,0,"LA",309,"Campsis","radicans","trumpet creeper","Plantae",141921,501,"Open flowers",2018,5,23,143,2458262,13,2018,5,23,143,2458262,8
27477,29.793816,-90.122452,0,"LA",309,"Campsis","radicans","trumpet creeper","Plantae",141921,501,"Open flowers",2018,6,21,172,2458291,1,2018,7,1,182,2458301,11
27477,29.793816,-90.122452,0,"LA",309,"Campsis","radicans","trumpet creeper","Plantae",141921,501,"Open flowers",2018,8,22,234,2458353,20,2018,8,22,234,2458353,1
27477,29.793816,-90.122452,0,"LA",309,"Campsis","radicans","trumpet creeper","Plantae",141921,501,"Open flowers",2018,9,1,244,2458363,4,2018,9,1,244,2458363,9
27477,29.793816,-90.122452,0,"LA",309,"Campsis","radicans","trumpet creeper","Plantae",141921,501,"Open flowers",2018,9,13,256,2458375,3,2018,9,20,263,2458382,13
27477,29.793816,-90.122452,0,"LA",309,"Campsis","radicans","trumpet creeper","Plantae",141921,516,"Fruits",2018,9,1,244,2458363,4,2018,9,1,244,2458363,9
28969,29.796217,-90.82502,4,"LA",309,"Campsis","radicans","trumpet creeper","Plantae",153888,371,"Breaking leaf buds",2018,3,7,66,2458185,NA,2018,8,25,237,2458356,NA
28969,29.796217,-90.82502,4,"LA",309,"Campsis","radicans","trumpet creeper","Plantae",153888,467,"Increasing leaf size",2018,3,7,66,2458185,NA,2018,8,25,237,2458356,NA
28969,29.796217,-90.82502,4,"LA",309,"Campsis","radicans","trumpet creeper","Plantae",153888,483,"Leaves",2018,3,7,66,2458185,NA,2018,8,25,237,2458356,NA
28969,29.796217,-90.82502,4,"LA",309,"Campsis","radicans","trumpet creeper","Plantae",153888,500,"Flowers or flower buds",2018,8,25,237,2458356,151,2018,8,25,237,2458356,NA
28969,29.796217,-90.82502,4,"LA",309,"Campsis","radicans","trumpet creeper","Plantae",153888,501,"Open flowers",2018,8,25,237,2458356,151,2018,8,25,237,2458356,NA
28969,29.796217,-90.82502,4,"LA",309,"Campsis","radicans","trumpet creeper","Plantae",153888,504,"Recent fruit or seed drop",2018,3,8,67,2458186,1,2018,3,8,67,2458186,5
29328,42.863239,-77.285049,237,"NY",1186,"Monarda","didyma","scarlet beebalm","Plantae",154698,482,"Initial growth (forbs)",2018,2,27,58,2458177,NA,2018,4,2,92,2458211,NA
29328,42.863239,-77.285049,237,"NY",1186,"Monarda","didyma","scarlet beebalm","Plantae",154698,488,"Leaves (forbs)",2018,2,27,58,2458177,NA,2018,4,2,92,2458211,NA
22315,35.944996,-83.938416,265,"TN",1186,"Monarda","didyma","scarlet beebalm","Plantae",154705,482,"Initial growth (forbs)",2018,2,26,57,2458176,NA,2018,5,10,130,2458249,NA
22315,35.944996,-83.938416,265,"TN",1186,"Monarda","didyma","scarlet beebalm","Plantae",154705,488,"Leaves (forbs)",2018,2,26,57,2458176,NA,2018,5,10,130,2458249,NA
22315,35.944996,-83.938416,265,"TN",1186,"Monarda","didyma","scarlet beebalm","Plantae",154705,500,"Flowers or flower buds",2018,5,10,130,2458249,31,2018,5,10,130,2458249,NA
29474,48.46426,-120.816429,1344,"WA",916,"Lobelia","cardinalis","cardinalflower","Plantae",156304,482,"Initial growth (forbs)",2018,7,6,187,2458306,NA,2018,7,6,187,2458306,NA
29474,48.46426,-120.816429,1344,"WA",916,"Lobelia","cardinalis","cardinalflower","Plantae",156304,488,"Leaves (forbs)",2018,7,6,187,2458306,NA,2018,7,6,187,2458306,NA
29474,48.46426,-120.816429,1344,"WA",916,"Lobelia","cardinalis","cardinalflower","Plantae",156304,500,"Flowers or flower buds",2018,7,6,187,2458306,NA,2018,7,6,187,2458306,NA
29474,48.46426,-120.816429,1344,"WA",916,"Lobelia","cardinalis","cardinalflower","Plantae",156304,501,"Open flowers",2018,7,6,187,2458306,NA,2018,7,6,187,2458306,NA
29576,41.041515,-85.230026,234,"IN",916,"Lobelia","cardinalis","cardinalflower","Plantae",156807,482,"Initial growth (forbs)",2018,5,8,128,2458247,NA,2018,5,26,146,2458265,24
29576,41.041515,-85.230026,234,"IN",916,"Lobelia","cardinalis","cardinalflower","Plantae",156807,482,"Initial growth (forbs)",2018,8,9,221,2458340,9,2018,8,9,221,2458340,NA
29576,41.041515,-85.230026,234,"IN",916,"Lobelia","cardinalis","cardinalflower","Plantae",156807,488,"Leaves (forbs)",2018,5,26,146,2458265,18,2018,8,9,221,2458340,NA
29741,38.879223,-77.092468,63,"VA",916,"Lobelia","cardinalis","cardinalflower","Plantae",157929,482,"Initial growth (forbs)",2018,3,18,77,2458196,NA,2018,3,25,84,2458203,NA
29741,38.879223,-77.092468,63,"VA",916,"Lobelia","cardinalis","cardinalflower","Plantae",157929,488,"Leaves (forbs)",2018,3,18,77,2458196,NA,2018,3,25,84,2458203,NA
29743,39.831654,-98.579582,575,"KS",309,"Campsis","radicans","trumpet creeper","Plantae",157951,371,"Breaking leaf buds",2018,3,17,76,2458195,NA,2018,3,17,76,2458195,NA
29743,39.831654,-98.579582,575,"KS",309,"Campsis","radicans","trumpet creeper","Plantae",157951,467,"Increasing leaf size",2018,3,17,76,2458195,NA,2018,3,17,76,2458195,NA
29743,39.831654,-98.579582,575,"KS",309,"Campsis","radicans","trumpet creeper","Plantae",157951,483,"Leaves",2018,3,17,76,2458195,NA,2018,3,17,76,2458195,NA
29593,29.783916,-90.115456,1,"LA",309,"Campsis","radicans","trumpet creeper","Plantae",157954,371,"Breaking leaf buds",2018,3,17,76,2458195,NA,2018,3,17,76,2458195,NA
29593,29.783916,-90.115456,1,"LA",309,"Campsis","radicans","trumpet creeper","Plantae",157954,467,"Increasing leaf size",2018,3,17,76,2458195,NA,2018,3,17,76,2458195,NA
29593,29.783916,-90.115456,1,"LA",309,"Campsis","radicans","trumpet creeper","Plantae",157954,483,"Leaves",2018,3,17,76,2458195,NA,2018,3,17,76,2458195,NA
29741,38.879223,-77.092468,63,"VA",916,"Lobelia","cardinalis","cardinalflower","Plantae",158436,482,"Initial growth (forbs)",2018,3,18,77,2458196,NA,2018,3,25,84,2458203,NA
29741,38.879223,-77.092468,63,"VA",916,"Lobelia","cardinalis","cardinalflower","Plantae",158436,488,"Leaves (forbs)",2018,3,18,77,2458196,NA,2018,3,25,84,2458203,NA
29741,38.879223,-77.092468,63,"VA",916,"Lobelia","cardinalis","cardinalflower","Plantae",158438,482,"Initial growth (forbs)",2018,3,18,77,2458196,NA,2018,3,25,84,2458203,NA
29741,38.879223,-77.092468,63,"VA",916,"Lobelia","cardinalis","cardinalflower","Plantae",158438,488,"Leaves (forbs)",2018,3,18,77,2458196,NA,2018,3,25,84,2458203,NA
30053,38.953358,-75.934303,7,"MD",916,"Lobelia","cardinalis","cardinalflower","Plantae",160104,488,"Leaves (forbs)",2018,5,4,124,2458243,NA,2018,8,23,235,2458354,28
30053,38.953358,-75.934303,7,"MD",916,"Lobelia","cardinalis","cardinalflower","Plantae",160104,500,"Flowers or flower buds",2018,7,26,207,2458326,14,2018,8,23,235,2458354,28
30053,38.953358,-75.934303,7,"MD",916,"Lobelia","cardinalis","cardinalflower","Plantae",160104,501,"Open flowers",2018,7,26,207,2458326,14,2018,8,23,235,2458354,28
30053,38.953358,-75.934303,7,"MD",916,"Lobelia","cardinalis","cardinalflower","Plantae",160105,488,"Leaves (forbs)",2018,5,4,124,2458243,NA,2018,8,23,235,2458354,28
30053,38.953358,-75.934303,7,"MD",916,"Lobelia","cardinalis","cardinalflower","Plantae",160105,500,"Flowers or flower buds",2018,7,26,207,2458326,14,2018,8,23,235,2458354,28
30053,38.953358,-75.934303,7,"MD",916,"Lobelia","cardinalis","cardinalflower","Plantae",160105,501,"Open flowers",2018,7,26,207,2458326,14,2018,8,23,235,2458354,28
30053,38.953358,-75.934303,7,"MD",916,"Lobelia","cardinalis","cardinalflower","Plantae",160106,488,"Leaves (forbs)",2018,5,4,124,2458243,NA,2018,8,23,235,2458354,28
30053,38.953358,-75.934303,7,"MD",916,"Lobelia","cardinalis","cardinalflower","Plantae",160106,500,"Flowers or flower buds",2018,7,26,207,2458326,37,2018,8,23,235,2458354,28
30053,38.953358,-75.934303,7,"MD",916,"Lobelia","cardinalis","cardinalflower","Plantae",160106,501,"Open flowers",2018,8,9,221,2458340,28,2018,8,23,235,2458354,28
30053,38.953358,-75.934303,7,"MD",916,"Lobelia","cardinalis","cardinalflower","Plantae",160106,504,"Recent fruit or seed drop",2018,11,16,320,2458439,23,2018,11,16,320,2458439,12
30383,29.796703,-90.125946,0,"LA",309,"Campsis","radicans","trumpet creeper","Plantae",162745,467,"Increasing leaf size",2018,4,26,116,2458235,NA,2018,4,26,116,2458235,NA
30383,29.796703,-90.125946,0,"LA",309,"Campsis","radicans","trumpet creeper","Plantae",162745,483,"Leaves",2018,4,26,116,2458235,NA,2018,4,26,116,2458235,NA
11617,45.194656,-93.374901,265,"MN",1186,"Monarda","didyma","scarlet beebalm","Plantae",165778,482,"Initial growth (forbs)",2018,5,15,135,2458254,NA,2018,8,7,219,2458338,21
11617,45.194656,-93.374901,265,"MN",1186,"Monarda","didyma","scarlet beebalm","Plantae",165778,488,"Leaves (forbs)",2018,5,15,135,2458254,NA,2018,10,10,283,2458402,7
11617,45.194656,-93.374901,265,"MN",1186,"Monarda","didyma","scarlet beebalm","Plantae",165778,500,"Flowers or flower buds",2018,6,13,164,2458283,20,2018,8,7,219,2458338,21
11617,45.194656,-93.374901,265,"MN",1186,"Monarda","didyma","scarlet beebalm","Plantae",165778,501,"Open flowers",2018,7,2,183,2458302,8,2018,8,7,219,2458338,21
1101,39.026527,-77.077591,99,"MD",1186,"Monarda","didyma","scarlet beebalm","Plantae",168180,482,"Initial growth (forbs)",2018,6,27,178,2458297,13,2018,6,27,178,2458297,NA
1101,39.026527,-77.077591,99,"MD",1186,"Monarda","didyma","scarlet beebalm","Plantae",168180,488,"Leaves (forbs)",2018,6,9,160,2458279,NA,2018,6,27,178,2458297,NA
1101,39.026527,-77.077591,99,"MD",1186,"Monarda","didyma","scarlet beebalm","Plantae",168180,500,"Flowers or flower buds",2018,6,9,160,2458279,NA,2018,6,27,178,2458297,NA
1101,39.026527,-77.077591,99,"MD",1186,"Monarda","didyma","scarlet beebalm","Plantae",168180,501,"Open flowers",2018,6,14,165,2458284,5,2018,6,27,178,2458297,NA
22467,30.1873,-93.249413,3,"LA",309,"Campsis","radicans","trumpet creeper","Plantae",172106,483,"Leaves",2018,8,22,234,2458353,NA,2018,8,22,234,2458353,NA
22467,30.1873,-93.249413,3,"LA",309,"Campsis","radicans","trumpet creeper","Plantae",172106,500,"Flowers or flower buds",2018,8,22,234,2458353,NA,2018,8,22,234,2458353,NA
22467,30.1873,-93.249413,3,"LA",309,"Campsis","radicans","trumpet creeper","Plantae",172106,501,"Open flowers",2018,8,22,234,2458353,NA,2018,8,22,234,2458353,NA
22467,30.1873,-93.249413,3,"LA",309,"Campsis","radicans","trumpet creeper","Plantae",172107,483,"Leaves",2018,8,22,234,2458353,NA,2018,8,22,234,2458353,NA
22467,30.1873,-93.249413,3,"LA",309,"Campsis","radicans","trumpet creeper","Plantae",172107,500,"Flowers or flower buds",2018,8,22,234,2458353,NA,2018,8,22,234,2458353,NA
22467,30.1873,-93.249413,3,"LA",309,"Campsis","radicans","trumpet creeper","Plantae",172107,501,"Open flowers",2018,8,22,234,2458353,NA,2018,8,22,234,2458353,NA
22467,30.1873,-93.249413,3,"LA",309,"Campsis","radicans","trumpet creeper","Plantae",172107,516,"Fruits",2018,8,22,234,2458353,NA,2018,8,22,234,2458353,NA
22467,30.1873,-93.249413,3,"LA",309,"Campsis","radicans","trumpet creeper","Plantae",172227,483,"Leaves",2018,8,22,234,2458353,NA,2018,8,22,234,2458353,NA
22467,30.1873,-93.249413,3,"LA",309,"Campsis","radicans","trumpet creeper","Plantae",172227,500,"Flowers or flower buds",2018,8,22,234,2458353,NA,2018,8,22,234,2458353,NA
22467,30.1873,-93.249413,3,"LA",309,"Campsis","radicans","trumpet creeper","Plantae",172227,501,"Open flowers",2018,8,22,234,2458353,NA,2018,8,22,234,2458353,NA
22467,30.1873,-93.249413,3,"LA",309,"Campsis","radicans","trumpet creeper","Plantae",172227,516,"Fruits",2018,8,22,234,2458353,NA,2018,8,22,234,2458353,NA
8947,37.521179,-77.52739,63,"VA",309,"Campsis","radicans","trumpet creeper","Plantae",37162,467,"Increasing leaf size",2019,4,18,108,2458592,NA,2019,4,18,108,2458592,7
8947,37.521179,-77.52739,63,"VA",309,"Campsis","radicans","trumpet creeper","Plantae",37162,483,"Leaves",2019,4,18,108,2458592,NA,2019,4,25,115,2458599,NA
10585,41.433689,-81.693153,219,"OH",1186,"Monarda","didyma","scarlet beebalm","Plantae",41716,390,"Ripe fruits",2019,7,16,197,2458681,5,2019,12,12,346,2458830,NA
10585,41.433689,-81.693153,219,"OH",1186,"Monarda","didyma","scarlet beebalm","Plantae",41716,482,"Initial growth (forbs)",2019,3,21,80,2458564,NA,2019,4,18,108,2458592,NA
10585,41.433689,-81.693153,219,"OH",1186,"Monarda","didyma","scarlet beebalm","Plantae",41716,488,"Leaves (forbs)",2019,3,21,80,2458564,NA,2019,5,2,122,2458606,NA
10585,41.433689,-81.693153,219,"OH",1186,"Monarda","didyma","scarlet beebalm","Plantae",41716,500,"Flowers or flower buds",2019,6,20,171,2458655,7,2019,6,27,178,2458662,NA
10585,41.433689,-81.693153,219,"OH",1186,"Monarda","didyma","scarlet beebalm","Plantae",41716,501,"Open flowers",2019,7,5,186,2458670,8,2019,9,26,269,2458753,7
10585,41.433689,-81.693153,219,"OH",1186,"Monarda","didyma","scarlet beebalm","Plantae",41716,504,"Recent fruit or seed drop",2019,7,16,197,2458681,5,2019,12,12,346,2458830,NA
10585,41.433689,-81.693153,219,"OH",1186,"Monarda","didyma","scarlet beebalm","Plantae",41716,516,"Fruits",2019,7,11,192,2458676,6,2019,12,12,346,2458830,NA
10585,41.433689,-81.693153,219,"OH",916,"Lobelia","cardinalis","cardinalflower","Plantae",43933,390,"Ripe fruits",2019,9,19,262,2458746,7,2019,10,24,297,2458781,7
10585,41.433689,-81.693153,219,"OH",916,"Lobelia","cardinalis","cardinalflower","Plantae",43933,482,"Initial growth (forbs)",2019,3,21,80,2458564,NA,2019,4,11,101,2458585,NA
10585,41.433689,-81.693153,219,"OH",916,"Lobelia","cardinalis","cardinalflower","Plantae",43933,488,"Leaves (forbs)",2019,3,21,80,2458564,NA,2019,5,9,129,2458613,NA
10585,41.433689,-81.693153,219,"OH",916,"Lobelia","cardinalis","cardinalflower","Plantae",43933,500,"Flowers or flower buds",2019,7,11,192,2458676,6,2019,8,8,220,2458704,91
10585,41.433689,-81.693153,219,"OH",916,"Lobelia","cardinalis","cardinalflower","Plantae",43933,501,"Open flowers",2019,8,1,213,2458697,7,2019,9,5,248,2458732,7
10585,41.433689,-81.693153,219,"OH",916,"Lobelia","cardinalis","cardinalflower","Plantae",43933,504,"Recent fruit or seed drop",2019,9,19,262,2458746,NA,2019,10,24,297,2458781,7
10585,41.433689,-81.693153,219,"OH",916,"Lobelia","cardinalis","cardinalflower","Plantae",43933,516,"Fruits",2019,8,15,227,2458711,7,2019,10,24,297,2458781,7
549,39.67981,-83.931152,283,"OH",1186,"Monarda","didyma","scarlet beebalm","Plantae",44753,501,"Open flowers",2019,8,22,234,2458718,NA,2019,8,22,234,2458718,NA
8418,32.363758,-94.873947,115,"TX",309,"Campsis","radicans","trumpet creeper","Plantae",46438,371,"Breaking leaf buds",2019,4,7,97,2458581,4,2019,5,1,121,2458605,4
8418,32.363758,-94.873947,115,"TX",309,"Campsis","radicans","trumpet creeper","Plantae",46438,467,"Increasing leaf size",2019,4,17,107,2458591,7,2019,5,25,145,2458629,218
8418,32.363758,-94.873947,115,"TX",309,"Campsis","radicans","trumpet creeper","Plantae",46438,483,"Leaves",2019,4,17,107,2458591,7,2019,5,25,145,2458629,218
25442,38.856335,-77.234962,105,"VA",916,"Lobelia","cardinalis","cardinalflower","Plantae",122887,482,"Initial growth (forbs)",2019,6,24,175,2458659,NA,2019,6,24,175,2458659,NA
25442,38.856335,-77.234962,105,"VA",916,"Lobelia","cardinalis","cardinalflower","Plantae",122887,488,"Leaves (forbs)",2019,6,24,175,2458659,NA,2019,6,24,175,2458659,NA
26641,30.371868,-87.619705,12,"AL",916,"Lobelia","cardinalis","cardinalflower","Plantae",134818,390,"Ripe fruits",2019,1,2,2,2458486,NA,2019,1,16,16,2458500,7
26641,30.371868,-87.619705,12,"AL",916,"Lobelia","cardinalis","cardinalflower","Plantae",134818,482,"Initial growth (forbs)",2019,2,20,51,2458535,7,2019,3,5,64,2458548,8
26641,30.371868,-87.619705,12,"AL",916,"Lobelia","cardinalis","cardinalflower","Plantae",134818,488,"Leaves (forbs)",2019,1,2,2,2458486,NA,2019,2,20,51,2458535,7
26641,30.371868,-87.619705,12,"AL",916,"Lobelia","cardinalis","cardinalflower","Plantae",134818,488,"Leaves (forbs)",2019,3,13,72,2458556,8,2019,12,24,358,2458842,NA
26641,30.371868,-87.619705,12,"AL",916,"Lobelia","cardinalis","cardinalflower","Plantae",134818,500,"Flowers or flower buds",2019,8,15,227,2458711,8,2019,12,4,338,2458822,14
26641,30.371868,-87.619705,12,"AL",916,"Lobelia","cardinalis","cardinalflower","Plantae",134818,500,"Flowers or flower buds",2019,12,24,358,2458842,6,2019,12,24,358,2458842,NA
26641,30.371868,-87.619705,12,"AL",916,"Lobelia","cardinalis","cardinalflower","Plantae",134818,501,"Open flowers",2019,9,4,247,2458731,7,2019,12,4,338,2458822,14
26641,30.371868,-87.619705,12,"AL",916,"Lobelia","cardinalis","cardinalflower","Plantae",134818,501,"Open flowers",2019,12,24,358,2458842,6,2019,12,24,358,2458842,NA
26641,30.371868,-87.619705,12,"AL",916,"Lobelia","cardinalis","cardinalflower","Plantae",134818,516,"Fruits",2019,1,2,2,2458486,NA,2019,1,16,16,2458500,7
26641,30.371868,-87.619705,12,"AL",916,"Lobelia","cardinalis","cardinalflower","Plantae",134818,516,"Fruits",2019,10,17,290,2458774,8,2019,11,6,310,2458794,8
26641,30.371868,-87.619705,12,"AL",916,"Lobelia","cardinalis","cardinalflower","Plantae",134818,516,"Fruits",2019,11,27,331,2458815,13,2019,12,24,358,2458842,NA
27255,35.025032,-80.834541,183,"NC",309,"Campsis","radicans","trumpet creeper","Plantae",139821,471,"Falling leaves",2019,3,4,63,2458547,6,2019,3,4,63,2458547,19
27255,35.025032,-80.834541,183,"NC",309,"Campsis","radicans","trumpet creeper","Plantae",139821,483,"Leaves",2019,2,3,34,2458518,NA,2019,4,1,91,2458575,NA
27255,35.025032,-80.834541,183,"NC",309,"Campsis","radicans","trumpet creeper","Plantae",139821,498,"Colored leaves",2019,2,15,46,2458530,8,2019,2,15,46,2458530,11
27255,35.025032,-80.834541,183,"NC",309,"Campsis","radicans","trumpet creeper","Plantae",139821,498,"Colored leaves",2019,3,4,63,2458547,6,2019,3,16,75,2458559,7
27255,35.025032,-80.834541,183,"NC",309,"Campsis","radicans","trumpet creeper","Plantae",139821,498,"Colored leaves",2019,4,1,91,2458575,9,2019,4,1,91,2458575,NA
27474,29.784473,-90.114784,0,"LA",309,"Campsis","radicans","trumpet creeper","Plantae",141892,371,"Breaking leaf buds",2019,3,28,87,2458571,56,2019,3,28,87,2458571,30
27474,29.784473,-90.114784,0,"LA",309,"Campsis","radicans","trumpet creeper","Plantae",141892,371,"Breaking leaf buds",2019,5,16,136,2458620,19,2019,5,16,136,2458620,85
27474,29.784473,-90.114784,0,"LA",309,"Campsis","radicans","trumpet creeper","Plantae",141892,467,"Increasing leaf size",2019,3,14,73,2458557,42,2019,5,16,136,2458620,85
27474,29.784473,-90.114784,0,"LA",309,"Campsis","radicans","trumpet creeper","Plantae",141892,471,"Falling leaves",2019,1,21,21,2458505,NA,2019,1,21,21,2458505,10
27474,29.784473,-90.114784,0,"LA",309,"Campsis","radicans","trumpet creeper","Plantae",141892,483,"Leaves",2019,1,21,21,2458505,NA,2019,1,21,21,2458505,10
27474,29.784473,-90.114784,0,"LA",309,"Campsis","radicans","trumpet creeper","Plantae",141892,483,"Leaves",2019,3,14,73,2458557,42,2019,11,21,325,2458809,NA
27474,29.784473,-90.114784,0,"LA",309,"Campsis","radicans","trumpet creeper","Plantae",141892,498,"Colored leaves",2019,8,9,221,2458705,85,2019,11,21,325,2458809,NA
27474,29.784473,-90.114784,0,"LA",309,"Campsis","radicans","trumpet creeper","Plantae",141892,500,"Flowers or flower buds",2019,8,9,221,2458705,85,2019,8,9,221,2458705,27
27474,29.784473,-90.114784,0,"LA",309,"Campsis","radicans","trumpet creeper","Plantae",141892,501,"Open flowers",2019,8,9,221,2458705,85,2019,9,5,248,2458732,49
27475,29.783813,-90.117561,0,"LA",309,"Campsis","radicans","trumpet creeper","Plantae",141902,371,"Breaking leaf buds",2019,3,14,73,2458557,42,2019,3,14,73,2458557,44
27475,29.783813,-90.117561,0,"LA",309,"Campsis","radicans","trumpet creeper","Plantae",141902,371,"Breaking leaf buds",2019,5,16,136,2458620,19,2019,5,16,136,2458620,85
27475,29.783813,-90.117561,0,"LA",309,"Campsis","radicans","trumpet creeper","Plantae",141902,467,"Increasing leaf size",2019,3,14,73,2458557,42,2019,5,16,136,2458620,85
27475,29.783813,-90.117561,0,"LA",309,"Campsis","radicans","trumpet creeper","Plantae",141902,483,"Leaves",2019,3,14,73,2458557,42,2019,11,21,325,2458809,NA
27475,29.783813,-90.117561,0,"LA",309,"Campsis","radicans","trumpet creeper","Plantae",141902,498,"Colored leaves",2019,8,9,221,2458705,85,2019,11,21,325,2458809,NA
27475,29.783813,-90.117561,0,"LA",309,"Campsis","radicans","trumpet creeper","Plantae",141902,500,"Flowers or flower buds",2019,5,16,136,2458620,19,2019,9,5,248,2458732,49
27475,29.783813,-90.117561,0,"LA",309,"Campsis","radicans","trumpet creeper","Plantae",141902,501,"Open flowers",2019,8,9,221,2458705,85,2019,9,5,248,2458732,49
27476,29.785265,-90.110191,0,"LA",309,"Campsis","radicans","trumpet creeper","Plantae",141910,371,"Breaking leaf buds",2019,2,28,59,2458543,21,2019,2,28,59,2458543,14
27476,29.785265,-90.110191,0,"LA",309,"Campsis","radicans","trumpet creeper","Plantae",141910,371,"Breaking leaf buds",2019,3,21,80,2458564,7,2019,3,22,81,2458565,20
27476,29.785265,-90.110191,0,"LA",309,"Campsis","radicans","trumpet creeper","Plantae",141910,467,"Increasing leaf size",2019,2,28,59,2458543,21,2019,2,28,59,2458543,14
27476,29.785265,-90.110191,0,"LA",309,"Campsis","radicans","trumpet creeper","Plantae",141910,467,"Increasing leaf size",2019,3,21,80,2458564,7,2019,3,21,80,2458564,1
27476,29.785265,-90.110191,0,"LA",309,"Campsis","radicans","trumpet creeper","Plantae",141910,467,"Increasing leaf size",2019,4,11,101,2458585,20,2019,6,20,171,2458655,56
27476,29.785265,-90.110191,0,"LA",309,"Campsis","radicans","trumpet creeper","Plantae",141910,483,"Leaves",2019,2,28,59,2458543,21,2019,2,28,59,2458543,14
27476,29.785265,-90.110191,0,"LA",309,"Campsis","radicans","trumpet creeper","Plantae",141910,483,"Leaves",2019,3,21,80,2458564,7,2019,3,21,80,2458564,1
27476,29.785265,-90.110191,0,"LA",309,"Campsis","radicans","trumpet creeper","Plantae",141910,483,"Leaves",2019,4,11,101,2458585,20,2019,10,31,304,2458788,42
27476,29.785265,-90.110191,0,"LA",309,"Campsis","radicans","trumpet creeper","Plantae",141910,498,"Colored leaves",2019,9,12,255,2458739,28,2019,10,31,304,2458788,42
27476,29.785265,-90.110191,0,"LA",309,"Campsis","radicans","trumpet creeper","Plantae",141910,500,"Flowers or flower buds",2019,6,20,171,2458655,28,2019,8,15,227,2458711,28
27476,29.785265,-90.110191,0,"LA",309,"Campsis","radicans","trumpet creeper","Plantae",141910,500,"Flowers or flower buds",2019,9,28,271,2458755,16,2019,9,28,271,2458755,33
27476,29.785265,-90.110191,0,"LA",309,"Campsis","radicans","trumpet creeper","Plantae",141910,501,"Open flowers",2019,6,20,171,2458655,28,2019,6,20,171,2458655,56
27476,29.785265,-90.110191,0,"LA",309,"Campsis","radicans","trumpet creeper","Plantae",141910,501,"Open flowers",2019,9,12,255,2458739,28,2019,9,12,255,2458739,16
27477,29.793816,-90.122452,0,"LA",309,"Campsis","radicans","trumpet creeper","Plantae",141921,371,"Breaking leaf buds",2019,1,3,3,2458487,NA,2019,1,24,24,2458508,21
27477,29.793816,-90.122452,0,"LA",309,"Campsis","radicans","trumpet creeper","Plantae",141921,371,"Breaking leaf buds",2019,3,8,67,2458551,22,2019,3,8,67,2458551,17
27477,29.793816,-90.122452,0,"LA",309,"Campsis","radicans","trumpet creeper","Plantae",141921,371,"Breaking leaf buds",2019,3,28,87,2458571,3,2019,3,28,87,2458571,20
27477,29.793816,-90.122452,0,"LA",309,"Campsis","radicans","trumpet creeper","Plantae",141921,467,"Increasing leaf size",2019,3,8,67,2458551,22,2019,3,8,67,2458551,17
27477,29.793816,-90.122452,0,"LA",309,"Campsis","radicans","trumpet creeper","Plantae",141921,467,"Increasing leaf size",2019,3,28,87,2458571,3,2019,5,30,150,2458634,63
27477,29.793816,-90.122452,0,"LA",309,"Campsis","radicans","trumpet creeper","Plantae",141921,471,"Falling leaves",2019,11,7,311,2458795,21,2019,11,7,311,2458795,42
27477,29.793816,-90.122452,0,"LA",309,"Campsis","radicans","trumpet creeper","Plantae",141921,483,"Leaves",2019,3,8,67,2458551,22,2019,3,8,67,2458551,17
27477,29.793816,-90.122452,0,"LA",309,"Campsis","radicans","trumpet creeper","Plantae",141921,483,"Leaves",2019,3,28,87,2458571,3,2019,11,7,311,2458795,42
27477,29.793816,-90.122452,0,"LA",309,"Campsis","radicans","trumpet creeper","Plantae",141921,498,"Colored leaves",2019,8,1,213,2458697,63,2019,8,1,213,2458697,21
27477,29.793816,-90.122452,0,"LA",309,"Campsis","radicans","trumpet creeper","Plantae",141921,498,"Colored leaves",2019,9,19,262,2458746,28,2019,11,7,311,2458795,42
27477,29.793816,-90.122452,0,"LA",309,"Campsis","radicans","trumpet creeper","Plantae",141921,500,"Flowers or flower buds",2019,5,30,150,2458634,21,2019,9,19,262,2458746,28
27477,29.793816,-90.122452,0,"LA",309,"Campsis","radicans","trumpet creeper","Plantae",141921,501,"Open flowers",2019,5,30,150,2458634,21,2019,8,22,234,2458718,28
11617,45.194656,-93.374901,265,"MN",1186,"Monarda","didyma","scarlet beebalm","Plantae",165778,482,"Initial growth (forbs)",2019,4,28,118,2458602,8,2019,6,20,171,2458655,13
11617,45.194656,-93.374901,265,"MN",1186,"Monarda","didyma","scarlet beebalm","Plantae",165778,488,"Leaves (forbs)",2019,4,28,118,2458602,8,2019,7,3,184,2458668,NA
11617,45.194656,-93.374901,265,"MN",1186,"Monarda","didyma","scarlet beebalm","Plantae",165778,500,"Flowers or flower buds",2019,7,3,184,2458668,13,2019,7,3,184,2458668,NA
30589,43.760921,-71.706001,186,"NH",1186,"Monarda","didyma","scarlet beebalm","Plantae",183151,482,"Initial growth (forbs)",2019,5,5,125,2458609,10,2019,5,12,132,2458616,NA
30589,43.760921,-71.706001,186,"NH",1186,"Monarda","didyma","scarlet beebalm","Plantae",183151,488,"Leaves (forbs)",2019,5,5,125,2458609,10,2019,5,12,132,2458616,NA
30970,39.881367,-88.375336,205,"IL",1186,"Monarda","didyma","scarlet beebalm","Plantae",190701,482,"Initial growth (forbs)",2019,4,12,102,2458586,NA,2019,4,12,102,2458586,40
30970,39.881367,-88.375336,205,"IL",1186,"Monarda","didyma","scarlet beebalm","Plantae",190701,488,"Leaves (forbs)",2019,4,12,102,2458586,NA,2019,8,24,236,2458720,1
30970,39.881367,-88.375336,205,"IL",1186,"Monarda","didyma","scarlet beebalm","Plantae",190701,488,"Leaves (forbs)",2019,9,4,247,2458731,10,2019,10,26,299,2458783,39
30970,39.881367,-88.375336,205,"IL",1186,"Monarda","didyma","scarlet beebalm","Plantae",190701,500,"Flowers or flower buds",2019,6,26,177,2458661,3,2019,8,13,225,2458709,11
30970,39.881367,-88.375336,205,"IL",1186,"Monarda","didyma","scarlet beebalm","Plantae",190701,500,"Flowers or flower buds",2019,8,25,237,2458721,1,2019,9,4,247,2458731,52
30970,39.881367,-88.375336,205,"IL",1186,"Monarda","didyma","scarlet beebalm","Plantae",190701,501,"Open flowers",2019,7,5,186,2458670,3,2019,8,25,237,2458721,10
33669,36.888226,-76.161926,7,"VA",916,"Lobelia","cardinalis","cardinalflower","Plantae",190944,482,"Initial growth (forbs)",2019,4,17,107,2458591,NA,2019,4,17,107,2458591,NA
33669,36.888226,-76.161926,7,"VA",916,"Lobelia","cardinalis","cardinalflower","Plantae",190944,488,"Leaves (forbs)",2019,4,17,107,2458591,NA,2019,4,17,107,2458591,NA
1255,38.970875,-77.131508,86,"MD",1186,"Monarda","didyma","scarlet beebalm","Plantae",199974,482,"Initial growth (forbs)",2019,5,30,150,2458634,NA,2019,6,13,164,2458648,80
1255,38.970875,-77.131508,86,"MD",1186,"Monarda","didyma","scarlet beebalm","Plantae",199974,482,"Initial growth (forbs)",2019,9,27,270,2458754,12,2019,9,27,270,2458754,19
1255,38.970875,-77.131508,86,"MD",1186,"Monarda","didyma","scarlet beebalm","Plantae",199974,482,"Initial growth (forbs)",2019,10,30,303,2458787,14,2019,10,30,303,2458787,4
1255,38.970875,-77.131508,86,"MD",1186,"Monarda","didyma","scarlet beebalm","Plantae",199974,488,"Leaves (forbs)",2019,5,30,150,2458634,NA,2019,12,17,351,2458835,4
1255,38.970875,-77.131508,86,"MD",1186,"Monarda","didyma","scarlet beebalm","Plantae",199974,500,"Flowers or flower buds",2019,5,30,150,2458634,NA,2019,6,13,164,2458648,80
1255,38.970875,-77.131508,86,"MD",1186,"Monarda","didyma","scarlet beebalm","Plantae",199974,501,"Open flowers",2019,6,13,164,2458648,14,2019,6,13,164,2458648,80
34351,42.201675,-88.119034,253,"IL",916,"Lobelia","cardinalis","cardinalflower","Plantae",200149,482,"Initial growth (forbs)",2019,6,2,153,2458637,NA,2019,6,2,153,2458637,35
34351,42.201675,-88.119034,253,"IL",916,"Lobelia","cardinalis","cardinalflower","Plantae",200149,488,"Leaves (forbs)",2019,6,2,153,2458637,NA,2019,6,2,153,2458637,35
34351,42.201675,-88.119034,253,"IL",916,"Lobelia","cardinalis","cardinalflower","Plantae",200149,500,"Flowers or flower buds",2019,7,7,188,2458672,35,2019,7,7,188,2458672,NA
34351,42.201675,-88.119034,253,"IL",916,"Lobelia","cardinalis","cardinalflower","Plantae",200149,501,"Open flowers",2019,8,10,222,2458706,34,2019,8,10,222,2458706,NA
34564,40.707912,-111.934204,1292,"UT",916,"Lobelia","cardinalis","cardinalflower","Plantae",201924,488,"Leaves (forbs)",2019,6,18,169,2458653,NA,2019,6,30,181,2458665,NA
34564,40.707912,-111.934204,1292,"UT",916,"Lobelia","cardinalis","cardinalflower","Plantae",201924,500,"Flowers or flower buds",2019,6,18,169,2458653,NA,2019,6,30,181,2458665,NA
34564,40.707912,-111.934204,1292,"UT",916,"Lobelia","cardinalis","cardinalflower","Plantae",201924,501,"Open flowers",2019,6,30,181,2458665,12,2019,6,30,181,2458665,NA
34356,42.985825,-88.183769,291,"WI",1186,"Monarda","didyma","scarlet beebalm","Plantae",202335,488,"Leaves (forbs)",2019,6,22,173,2458657,NA,2019,6,22,173,2458657,NA
34758,41.258492,-80.722374,319,"OH",916,"Lobelia","cardinalis","cardinalflower","Plantae",202689,482,"Initial growth (forbs)",2019,4,25,115,2458599,NA,2019,4,25,115,2458599,75
34758,41.258492,-80.722374,319,"OH",916,"Lobelia","cardinalis","cardinalflower","Plantae",202689,488,"Leaves (forbs)",2019,4,25,115,2458599,NA,2019,7,9,190,2458674,NA
34758,41.258492,-80.722374,319,"OH",916,"Lobelia","cardinalis","cardinalflower","Plantae",202689,500,"Flowers or flower buds",2019,7,9,190,2458674,75,2019,7,9,190,2458674,NA
34758,41.258492,-80.722374,319,"OH",916,"Lobelia","cardinalis","cardinalflower","Plantae",202689,501,"Open flowers",2019,7,9,190,2458674,75,2019,7,9,190,2458674,NA
22467,30.1873,-93.249413,3,"LA",309,"Campsis","radicans","trumpet creeper","Plantae",203044,483,"Leaves",2019,7,12,193,2458677,NA,2019,8,21,233,2458717,NA
22467,30.1873,-93.249413,3,"LA",309,"Campsis","radicans","trumpet creeper","Plantae",203044,500,"Flowers or flower buds",2019,7,12,193,2458677,NA,2019,8,21,233,2458717,NA
22467,30.1873,-93.249413,3,"LA",309,"Campsis","radicans","trumpet creeper","Plantae",203044,501,"Open flowers",2019,7,12,193,2458677,NA,2019,8,21,233,2458717,NA
34849,40.795803,-74.185303,41,"NJ",1186,"Monarda","didyma","scarlet beebalm","Plantae",203084,390,"Ripe fruits",2019,7,31,212,2458696,NA,2019,7,31,212,2458696,NA
34849,40.795803,-74.185303,41,"NJ",1186,"Monarda","didyma","scarlet beebalm","Plantae",203084,488,"Leaves (forbs)",2019,7,31,212,2458696,NA,2019,7,31,212,2458696,NA
34849,40.795803,-74.185303,41,"NJ",1186,"Monarda","didyma","scarlet beebalm","Plantae",203084,516,"Fruits",2019,7,31,212,2458696,NA,2019,7,31,212,2458696,NA
8253,40.672852,-111.969254,1333,"UT",309,"Campsis","radicans","trumpet creeper","Plantae",23696,371,"Breaking leaf buds",2020,5,9,130,2458979,NA,2020,5,9,130,2458979,NA
8253,40.672852,-111.969254,1333,"UT",309,"Campsis","radicans","trumpet creeper","Plantae",23696,467,"Increasing leaf size",2020,5,9,130,2458979,NA,2020,5,9,130,2458979,NA
8253,40.672852,-111.969254,1333,"UT",309,"Campsis","radicans","trumpet creeper","Plantae",23696,483,"Leaves",2020,5,9,130,2458979,NA,2020,6,21,173,2459022,NA
10585,41.433689,-81.693153,219,"OH",1186,"Monarda","didyma","scarlet beebalm","Plantae",41716,390,"Ripe fruits",2020,7,23,205,2459054,7,2020,11,25,330,2459179,NA
10585,41.433689,-81.693153,219,"OH",1186,"Monarda","didyma","scarlet beebalm","Plantae",41716,482,"Initial growth (forbs)",2020,3,5,65,2458914,NA,2020,4,9,100,2458949,NA
10585,41.433689,-81.693153,219,"OH",1186,"Monarda","didyma","scarlet beebalm","Plantae",41716,488,"Leaves (forbs)",2020,3,19,79,2458928,7,2020,6,18,170,2459019,NA
10585,41.433689,-81.693153,219,"OH",1186,"Monarda","didyma","scarlet beebalm","Plantae",41716,500,"Flowers or flower buds",2020,6,18,170,2459019,7,2020,7,9,191,2459040,NA
10585,41.433689,-81.693153,219,"OH",1186,"Monarda","didyma","scarlet beebalm","Plantae",41716,501,"Open flowers",2020,7,2,184,2459033,7,2020,9,17,261,2459110,7
10585,41.433689,-81.693153,219,"OH",1186,"Monarda","didyma","scarlet beebalm","Plantae",41716,504,"Recent fruit or seed drop",2020,7,23,205,2459054,NA,2020,11,25,330,2459179,NA
10585,41.433689,-81.693153,219,"OH",1186,"Monarda","didyma","scarlet beebalm","Plantae",41716,516,"Fruits",2020,7,16,198,2459047,7,2020,11,25,330,2459179,NA
10835,41.430107,-81.152695,353,"OH",1186,"Monarda","didyma","scarlet beebalm","Plantae",43026,482,"Initial growth (forbs)",2020,3,19,79,2458928,NA,2020,3,19,79,2458928,NA
10835,41.430107,-81.152695,353,"OH",1186,"Monarda","didyma","scarlet beebalm","Plantae",43026,488,"Leaves (forbs)",2020,3,19,79,2458928,NA,2020,3,19,79,2458928,NA
10585,41.433689,-81.693153,219,"OH",916,"Lobelia","cardinalis","cardinalflower","Plantae",43933,390,"Ripe fruits",2020,10,1,275,2459124,7,2020,10,22,296,2459145,14
10585,41.433689,-81.693153,219,"OH",916,"Lobelia","cardinalis","cardinalflower","Plantae",43933,482,"Initial growth (forbs)",2020,3,5,65,2458914,NA,2020,4,20,111,2458960,NA
10585,41.433689,-81.693153,219,"OH",916,"Lobelia","cardinalis","cardinalflower","Plantae",43933,488,"Leaves (forbs)",2020,4,30,121,2458970,10,2020,6,25,177,2459026,NA
10585,41.433689,-81.693153,219,"OH",916,"Lobelia","cardinalis","cardinalflower","Plantae",43933,500,"Flowers or flower buds",2020,7,9,191,2459040,7,2020,8,27,240,2459089,NA
10585,41.433689,-81.693153,219,"OH",916,"Lobelia","cardinalis","cardinalflower","Plantae",43933,501,"Open flowers",2020,8,6,219,2459068,7,2020,9,17,261,2459110,7
10585,41.433689,-81.693153,219,"OH",916,"Lobelia","cardinalis","cardinalflower","Plantae",43933,504,"Recent fruit or seed drop",2020,10,1,275,2459124,7,2020,10,22,296,2459145,14
10585,41.433689,-81.693153,219,"OH",916,"Lobelia","cardinalis","cardinalflower","Plantae",43933,516,"Fruits",2020,8,27,240,2459089,7,2020,10,22,296,2459145,14
26641,30.371868,-87.619705,12,"AL",916,"Lobelia","cardinalis","cardinalflower","Plantae",134818,390,"Ripe fruits",2020,1,1,1,2458850,NA,2020,1,1,1,2458850,8
26641,30.371868,-87.619705,12,"AL",916,"Lobelia","cardinalis","cardinalflower","Plantae",134818,482,"Initial growth (forbs)",2020,4,1,92,2458941,7,2020,4,1,92,2458941,7
26641,30.371868,-87.619705,12,"AL",916,"Lobelia","cardinalis","cardinalflower","Plantae",134818,488,"Leaves (forbs)",2020,1,1,1,2458850,NA,2020,9,9,253,2459102,NA
26641,30.371868,-87.619705,12,"AL",916,"Lobelia","cardinalis","cardinalflower","Plantae",134818,500,"Flowers or flower buds",2020,1,1,1,2458850,NA,2020,1,1,1,2458850,8
26641,30.371868,-87.619705,12,"AL",916,"Lobelia","cardinalis","cardinalflower","Plantae",134818,500,"Flowers or flower buds",2020,8,12,225,2459074,14,2020,9,9,253,2459102,NA
26641,30.371868,-87.619705,12,"AL",916,"Lobelia","cardinalis","cardinalflower","Plantae",134818,501,"Open flowers",2020,1,1,1,2458850,NA,2020,1,1,1,2458850,8
26641,30.371868,-87.619705,12,"AL",916,"Lobelia","cardinalis","cardinalflower","Plantae",134818,501,"Open flowers",2020,8,19,232,2459081,7,2020,9,9,253,2459102,NA
26641,30.371868,-87.619705,12,"AL",916,"Lobelia","cardinalis","cardinalflower","Plantae",134818,516,"Fruits",2020,1,1,1,2458850,NA,2020,1,15,15,2458864,8
27474,29.784473,-90.114784,0,"LA",309,"Campsis","radicans","trumpet creeper","Plantae",141892,371,"Breaking leaf buds",2020,3,1,61,2458910,17,2020,3,14,74,2458923,6
27474,29.784473,-90.114784,0,"LA",309,"Campsis","radicans","trumpet creeper","Plantae",141892,371,"Breaking leaf buds",2020,3,26,86,2458935,6,2020,3,26,86,2458935,191
27474,29.784473,-90.114784,0,"LA",309,"Campsis","radicans","trumpet creeper","Plantae",141892,467,"Increasing leaf size",2020,3,1,61,2458910,17,2020,3,26,86,2458935,191
27474,29.784473,-90.114784,0,"LA",309,"Campsis","radicans","trumpet creeper","Plantae",141892,471,"Falling leaves",2020,10,3,277,2459126,191,2020,10,3,277,2459126,NA
27474,29.784473,-90.114784,0,"LA",309,"Campsis","radicans","trumpet creeper","Plantae",141892,483,"Leaves",2020,3,1,61,2458910,17,2020,10,3,277,2459126,NA
27474,29.784473,-90.114784,0,"LA",309,"Campsis","radicans","trumpet creeper","Plantae",141892,498,"Colored leaves",2020,10,3,277,2459126,191,2020,10,3,277,2459126,NA
27474,29.784473,-90.114784,0,"LA",309,"Campsis","radicans","trumpet creeper","Plantae",141892,516,"Fruits",2020,10,3,277,2459126,191,2020,10,3,277,2459126,NA
27475,29.783813,-90.117561,0,"LA",309,"Campsis","radicans","trumpet creeper","Plantae",141902,371,"Breaking leaf buds",2020,3,5,65,2458914,4,2020,3,26,86,2458935,191
27475,29.783813,-90.117561,0,"LA",309,"Campsis","radicans","trumpet creeper","Plantae",141902,467,"Increasing leaf size",2020,3,20,80,2458929,15,2020,10,3,277,2459126,NA
27475,29.783813,-90.117561,0,"LA",309,"Campsis","radicans","trumpet creeper","Plantae",141902,483,"Leaves",2020,3,20,80,2458929,15,2020,10,3,277,2459126,NA
27475,29.783813,-90.117561,0,"LA",309,"Campsis","radicans","trumpet creeper","Plantae",141902,498,"Colored leaves",2020,10,3,277,2459126,191,2020,10,3,277,2459126,NA
27477,29.793816,-90.122452,0,"LA",309,"Campsis","radicans","trumpet creeper","Plantae",141921,371,"Breaking leaf buds",2020,3,5,65,2458914,7,2020,3,5,65,2458914,14
27477,29.793816,-90.122452,0,"LA",309,"Campsis","radicans","trumpet creeper","Plantae",141921,467,"Increasing leaf size",2020,3,5,65,2458914,7,2020,3,20,80,2458929,208
27477,29.793816,-90.122452,0,"LA",309,"Campsis","radicans","trumpet creeper","Plantae",141921,471,"Falling leaves",2020,3,5,65,2458914,7,2020,3,5,65,2458914,14
27477,29.793816,-90.122452,0,"LA",309,"Campsis","radicans","trumpet creeper","Plantae",141921,471,"Falling leaves",2020,10,15,289,2459138,1,2020,10,15,289,2459138,NA
27477,29.793816,-90.122452,0,"LA",309,"Campsis","radicans","trumpet creeper","Plantae",141921,483,"Leaves",2020,3,5,65,2458914,7,2020,10,15,289,2459138,NA
27477,29.793816,-90.122452,0,"LA",309,"Campsis","radicans","trumpet creeper","Plantae",141921,498,"Colored leaves",2020,3,5,65,2458914,7,2020,3,5,65,2458914,14
27477,29.793816,-90.122452,0,"LA",309,"Campsis","radicans","trumpet creeper","Plantae",141921,498,"Colored leaves",2020,10,14,288,2459137,208,2020,10,15,289,2459138,NA
28969,29.796217,-90.82502,4,"LA",309,"Campsis","radicans","trumpet creeper","Plantae",153888,483,"Leaves",2020,6,1,153,2459002,3,2020,6,1,153,2459002,NA
11617,45.194656,-93.374901,265,"MN",1186,"Monarda","didyma","scarlet beebalm","Plantae",165778,482,"Initial growth (forbs)",2020,5,11,132,2458981,7,2020,5,22,143,2458992,NA
11617,45.194656,-93.374901,265,"MN",1186,"Monarda","didyma","scarlet beebalm","Plantae",165778,488,"Leaves (forbs)",2020,5,11,132,2458981,7,2020,5,22,143,2458992,NA
30970,39.881367,-88.375336,205,"IL",1186,"Monarda","didyma","scarlet beebalm","Plantae",190701,482,"Initial growth (forbs)",2020,4,2,93,2458942,8,2020,4,19,110,2458959,16
30970,39.881367,-88.375336,205,"IL",1186,"Monarda","didyma","scarlet beebalm","Plantae",190701,488,"Leaves (forbs)",2020,5,5,126,2458975,16,2020,5,22,143,2458992,NA
1255,38.970875,-77.131508,86,"MD",1186,"Monarda","didyma","scarlet beebalm","Plantae",199974,482,"Initial growth (forbs)",2020,3,4,64,2458913,3,2020,6,24,176,2459025,2
1255,38.970875,-77.131508,86,"MD",1186,"Monarda","didyma","scarlet beebalm","Plantae",199974,488,"Leaves (forbs)",2020,3,4,64,2458913,3,2020,6,26,178,2459027,NA
1255,38.970875,-77.131508,86,"MD",1186,"Monarda","didyma","scarlet beebalm","Plantae",199974,500,"Flowers or flower buds",2020,6,3,155,2459004,6,2020,6,26,178,2459027,NA
1255,38.970875,-77.131508,86,"MD",1186,"Monarda","didyma","scarlet beebalm","Plantae",199974,501,"Open flowers",2020,6,24,176,2459025,21,2020,6,26,178,2459027,NA
32443,39.90163,-86.175911,242,"IN",916,"Lobelia","cardinalis","cardinalflower","Plantae",223769,390,"Ripe fruits",2020,9,2,246,2459095,28,2020,9,30,274,2459123,21
32443,39.90163,-86.175911,242,"IN",916,"Lobelia","cardinalis","cardinalflower","Plantae",223769,390,"Ripe fruits",2020,10,28,302,2459151,7,2020,10,28,302,2459151,NA
32443,39.90163,-86.175911,242,"IN",916,"Lobelia","cardinalis","cardinalflower","Plantae",223769,482,"Initial growth (forbs)",2020,3,25,85,2458934,7,2020,4,29,120,2458969,7
32443,39.90163,-86.175911,242,"IN",916,"Lobelia","cardinalis","cardinalflower","Plantae",223769,482,"Initial growth (forbs)",2020,5,13,134,2458983,7,2020,5,13,134,2458983,8
32443,39.90163,-86.175911,242,"IN",916,"Lobelia","cardinalis","cardinalflower","Plantae",223769,488,"Leaves (forbs)",2020,3,25,85,2458934,7,2020,3,25,85,2458934,7
32443,39.90163,-86.175911,242,"IN",916,"Lobelia","cardinalis","cardinalflower","Plantae",223769,488,"Leaves (forbs)",2020,4,8,99,2458948,7,2020,8,5,218,2459067,28
32443,39.90163,-86.175911,242,"IN",916,"Lobelia","cardinalis","cardinalflower","Plantae",223769,500,"Flowers or flower buds",2020,7,1,183,2459032,7,2020,8,5,218,2459067,28
32443,39.90163,-86.175911,242,"IN",916,"Lobelia","cardinalis","cardinalflower","Plantae",223769,501,"Open flowers",2020,7,8,190,2459039,7,2020,8,5,218,2459067,28
32443,39.90163,-86.175911,242,"IN",916,"Lobelia","cardinalis","cardinalflower","Plantae",223769,504,"Recent fruit or seed drop",2020,9,11,255,2459104,9,2020,10,7,281,2459130,14
32443,39.90163,-86.175911,242,"IN",916,"Lobelia","cardinalis","cardinalflower","Plantae",223769,504,"Recent fruit or seed drop",2020,10,28,302,2459151,7,2020,10,28,302,2459151,NA
32443,39.90163,-86.175911,242,"IN",916,"Lobelia","cardinalis","cardinalflower","Plantae",223769,516,"Fruits",2020,7,29,211,2459060,6,2020,9,2,246,2459095,49
27476,29.785265,-90.110191,0,"LA",309,"Campsis","radicans","trumpet creeper","Plantae",225509,467,"Increasing leaf size",2020,3,16,76,2458925,15,2020,3,16,76,2458925,185
27476,29.785265,-90.110191,0,"LA",309,"Campsis","radicans","trumpet creeper","Plantae",225509,483,"Leaves",2020,3,16,76,2458925,15,2020,3,16,76,2458925,185
36873,36.4319,-94.230301,363,"AR",916,"Lobelia","cardinalis","cardinalflower","Plantae",228547,482,"Initial growth (forbs)",2020,4,1,92,2458941,18,2020,4,7,98,2458947,NA
36873,36.4319,-94.230301,363,"AR",916,"Lobelia","cardinalis","cardinalflower","Plantae",228547,488,"Leaves (forbs)",2020,4,1,92,2458941,18,2020,4,7,98,2458947,NA
36873,36.4319,-94.230301,363,"AR",916,"Lobelia","cardinalis","cardinalflower","Plantae",228547,500,"Flowers or flower buds",2020,4,1,92,2458941,18,2020,4,7,98,2458947,NA
36873,36.4319,-94.230301,363,"AR",916,"Lobelia","cardinalis","cardinalflower","Plantae",228547,501,"Open flowers",2020,4,1,92,2458941,18,2020,4,7,98,2458947,NA
37104,40.477974,-122.004417,577,"CA",1186,"Monarda","didyma","scarlet beebalm","Plantae",229903,482,"Initial growth (forbs)",2020,3,13,73,2458922,NA,2020,3,13,73,2458922,NA
16267,41.480042,-81.14473,379,"OH",1186,"Monarda","didyma","scarlet beebalm","Plantae",230327,482,"Initial growth (forbs)",2020,3,19,79,2458928,2,2020,4,16,107,2458956,NA
16267,41.480042,-81.14473,379,"OH",1186,"Monarda","didyma","scarlet beebalm","Plantae",230327,488,"Leaves (forbs)",2020,3,19,79,2458928,2,2020,4,16,107,2458956,NA
21812,40.481583,-86.974304,210,"IN",916,"Lobelia","cardinalis","cardinalflower","Plantae",230980,390,"Ripe fruits",2020,9,13,257,2459106,42,2020,9,13,257,2459106,NA
21812,40.481583,-86.974304,210,"IN",916,"Lobelia","cardinalis","cardinalflower","Plantae",230980,482,"Initial growth (forbs)",2020,3,8,68,2458917,NA,2020,8,2,215,2459064,NA
21812,40.481583,-86.974304,210,"IN",916,"Lobelia","cardinalis","cardinalflower","Plantae",230980,488,"Leaves (forbs)",2020,3,24,84,2458933,7,2020,8,2,215,2459064,NA
21812,40.481583,-86.974304,210,"IN",916,"Lobelia","cardinalis","cardinalflower","Plantae",230980,500,"Flowers or flower buds",2020,7,30,212,2459061,31,2020,8,2,215,2459064,NA
21812,40.481583,-86.974304,210,"IN",916,"Lobelia","cardinalis","cardinalflower","Plantae",230980,501,"Open flowers",2020,7,30,212,2459061,31,2020,9,13,257,2459106,NA
21812,40.481583,-86.974304,210,"IN",916,"Lobelia","cardinalis","cardinalflower","Plantae",230980,504,"Recent fruit or seed drop",2020,9,13,257,2459106,42,2020,9,13,257,2459106,NA
21812,40.481583,-86.974304,210,"IN",916,"Lobelia","cardinalis","cardinalflower","Plantae",230980,516,"Fruits",2020,9,13,257,2459106,42,2020,9,13,257,2459106,NA
36254,45.46212,-117.391373,1130,"OR",1186,"Monarda","didyma","scarlet beebalm","Plantae",233077,482,"Initial growth (forbs)",2020,4,10,101,2458950,14,2020,4,10,101,2458950,NA
36254,45.46212,-117.391373,1130,"OR",1186,"Monarda","didyma","scarlet beebalm","Plantae",233077,488,"Leaves (forbs)",2020,4,10,101,2458950,14,2020,4,10,101,2458950,NA
36102,40.864109,-74.028564,18,"NJ",916,"Lobelia","cardinalis","cardinalflower","Plantae",233737,482,"Initial growth (forbs)",2020,3,31,91,2458940,NA,2020,4,18,109,2458958,NA
36102,40.864109,-74.028564,18,"NJ",916,"Lobelia","cardinalis","cardinalflower","Plantae",233737,488,"Leaves (forbs)",2020,3,31,91,2458940,NA,2020,3,31,91,2458940,NA
34665,38.999882,-86.59021,248,"IN",916,"Lobelia","cardinalis","cardinalflower","Plantae",234996,390,"Ripe fruits",2020,9,27,271,2459120,128,2020,10,15,289,2459138,NA
34665,38.999882,-86.59021,248,"IN",916,"Lobelia","cardinalis","cardinalflower","Plantae",234996,482,"Initial growth (forbs)",2020,4,6,97,2458946,NA,2020,4,22,113,2458962,7
34665,38.999882,-86.59021,248,"IN",916,"Lobelia","cardinalis","cardinalflower","Plantae",234996,488,"Leaves (forbs)",2020,4,11,102,2458951,5,2020,5,22,143,2458992,128
34665,38.999882,-86.59021,248,"IN",916,"Lobelia","cardinalis","cardinalflower","Plantae",234996,504,"Recent fruit or seed drop",2020,9,27,271,2459120,128,2020,10,15,289,2459138,NA
34665,38.999882,-86.59021,248,"IN",916,"Lobelia","cardinalis","cardinalflower","Plantae",234996,516,"Fruits",2020,9,27,271,2459120,128,2020,10,15,289,2459138,NA
38489,39.065994,-76.504898,6,"MD",309,"Campsis","radicans","trumpet creeper","Plantae",237787,371,"Breaking leaf buds",2020,4,22,113,2458962,NA,2020,5,10,131,2458980,NA
38489,39.065994,-76.504898,6,"MD",309,"Campsis","radicans","trumpet creeper","Plantae",237787,467,"Increasing leaf size",2020,4,22,113,2458962,NA,2020,5,10,131,2458980,NA
38489,39.065994,-76.504898,6,"MD",309,"Campsis","radicans","trumpet creeper","Plantae",237787,483,"Leaves",2020,4,22,113,2458962,NA,2020,5,10,131,2458980,NA
38489,39.065994,-76.504898,6,"MD",309,"Campsis","radicans","trumpet creeper","Plantae",237787,500,"Flowers or flower buds",2020,5,10,131,2458980,18,2020,5,10,131,2458980,NA
38489,39.065994,-76.504898,6,"MD",309,"Campsis","radicans","trumpet creeper","Plantae",237787,501,"Open flowers",2020,5,10,131,2458980,18,2020,5,10,131,2458980,NA
37740,33.515034,-81.747826,146,"SC",1186,"Monarda","didyma","scarlet beebalm","Plantae",237898,488,"Leaves (forbs)",2020,4,25,116,2458965,NA,2020,6,18,170,2459019,NA
37740,33.515034,-81.747826,146,"SC",1186,"Monarda","didyma","scarlet beebalm","Plantae",237898,500,"Flowers or flower buds",2020,5,18,139,2458988,11,2020,6,18,170,2459019,NA
37740,33.515034,-81.747826,146,"SC",1186,"Monarda","didyma","scarlet beebalm","Plantae",237898,501,"Open flowers",2020,6,4,156,2459005,17,2020,6,18,170,2459019,NA
38315,39.900272,-86.129051,233,"IN",916,"Lobelia","cardinalis","cardinalflower","Plantae",241550,488,"Leaves (forbs)",2020,5,9,130,2458979,NA,2020,5,9,130,2458979,NA
39000,46.531773,-93.714424,372,"MN",1186,"Monarda","didyma","scarlet beebalm","Plantae",242670,488,"Leaves (forbs)",2020,5,13,134,2458983,NA,2020,8,31,244,2459093,NA
39000,46.531773,-93.714424,372,"MN",1186,"Monarda","didyma","scarlet beebalm","Plantae",242670,500,"Flowers or flower buds",2020,6,28,180,2459029,3,2020,8,31,244,2459093,NA
39000,46.531773,-93.714424,372,"MN",1186,"Monarda","didyma","scarlet beebalm","Plantae",242670,501,"Open flowers",2020,7,2,184,2459033,4,2020,8,31,244,2459093,NA
39021,41.469212,-87.104851,215,"IN",1186,"Monarda","didyma","scarlet beebalm","Plantae",242779,488,"Leaves (forbs)",2020,5,26,147,2458996,NA,2020,7,23,205,2459054,NA
39021,41.469212,-87.104851,215,"IN",1186,"Monarda","didyma","scarlet beebalm","Plantae",242779,500,"Flowers or flower buds",2020,6,13,165,2459014,9,2020,7,23,205,2459054,NA
39021,41.469212,-87.104851,215,"IN",1186,"Monarda","didyma","scarlet beebalm","Plantae",242779,501,"Open flowers",2020,7,14,196,2459045,19,2020,7,23,205,2459054,NA
39021,41.469212,-87.104851,215,"IN",1186,"Monarda","didyma","scarlet beebalm","Plantae",242779,516,"Fruits",2020,7,23,205,2459054,9,2020,7,23,205,2459054,NA
39131,36.90527,-76.198555,6,"VA",916,"Lobelia","cardinalis","cardinalflower","Plantae",243214,488,"Leaves (forbs)",2020,6,9,161,2459010,NA,2020,9,8,252,2459101,NA
39131,36.90527,-76.198555,6,"VA",916,"Lobelia","cardinalis","cardinalflower","Plantae",243214,500,"Flowers or flower buds",2020,9,8,252,2459101,6,2020,9,8,252,2459101,NA
36926,36.907299,-76.19664,5,"VA",916,"Lobelia","cardinalis","cardinalflower","Plantae",244183,390,"Ripe fruits",2020,8,6,219,2459068,16,2020,8,6,219,2459068,NA
36926,36.907299,-76.19664,5,"VA",916,"Lobelia","cardinalis","cardinalflower","Plantae",244183,488,"Leaves (forbs)",2020,6,24,176,2459025,NA,2020,8,6,219,2459068,NA
36926,36.907299,-76.19664,5,"VA",916,"Lobelia","cardinalis","cardinalflower","Plantae",244183,500,"Flowers or flower buds",2020,6,24,176,2459025,NA,2020,8,6,219,2459068,NA
36926,36.907299,-76.19664,5,"VA",916,"Lobelia","cardinalis","cardinalflower","Plantae",244183,501,"Open flowers",2020,6,24,176,2459025,NA,2020,8,6,219,2459068,NA
36926,36.907299,-76.19664,5,"VA",916,"Lobelia","cardinalis","cardinalflower","Plantae",244183,516,"Fruits",2020,7,21,203,2459052,9,2020,8,6,219,2459068,NA
31287,42.383141,-71.098061,4,"MA",1186,"Monarda","didyma","scarlet beebalm","Plantae",244690,390,"Ripe fruits",2020,9,1,245,2459094,7,2020,9,7,251,2459100,8
31287,42.383141,-71.098061,4,"MA",1186,"Monarda","didyma","scarlet beebalm","Plantae",244690,488,"Leaves (forbs)",2020,7,14,196,2459045,NA,2020,9,23,267,2459116,7
31287,42.383141,-71.098061,4,"MA",1186,"Monarda","didyma","scarlet beebalm","Plantae",244690,500,"Flowers or flower buds",2020,7,14,196,2459045,NA,2020,9,1,245,2459094,6
31287,42.383141,-71.098061,4,"MA",1186,"Monarda","didyma","scarlet beebalm","Plantae",244690,501,"Open flowers",2020,7,14,196,2459045,NA,2020,9,1,245,2459094,6
31287,42.383141,-71.098061,4,"MA",1186,"Monarda","didyma","scarlet beebalm","Plantae",244690,516,"Fruits",2020,7,21,203,2459052,NA,2020,8,3,216,2459065,8
31287,42.383141,-71.098061,4,"MA",1186,"Monarda","didyma","scarlet beebalm","Plantae",244690,516,"Fruits",2020,9,1,245,2459094,14,2020,9,7,251,2459100,8
40354,32.235455,-110.954079,742,"AZ",309,"Campsis","radicans","trumpet creeper","Plantae",247033,371,"Breaking leaf buds",2020,9,13,257,2459106,NA,2020,9,18,262,2459111,6
40354,32.235455,-110.954079,742,"AZ",309,"Campsis","radicans","trumpet creeper","Plantae",247033,371,"Breaking leaf buds",2020,10,1,275,2459124,7,2020,12,5,340,2459189,NA
40354,32.235455,-110.954079,742,"AZ",309,"Campsis","radicans","trumpet creeper","Plantae",247033,467,"Increasing leaf size",2020,9,13,257,2459106,NA,2020,12,5,340,2459189,NA
40354,32.235455,-110.954079,742,"AZ",309,"Campsis","radicans","trumpet creeper","Plantae",247033,471,"Falling leaves",2020,9,13,257,2459106,NA,2020,10,1,275,2459124,8
40354,32.235455,-110.954079,742,"AZ",309,"Campsis","radicans","trumpet creeper","Plantae",247033,471,"Falling leaves",2020,10,26,300,2459149,3,2020,12,5,340,2459189,NA
40354,32.235455,-110.954079,742,"AZ",309,"Campsis","radicans","trumpet creeper","Plantae",247033,483,"Leaves",2020,9,13,257,2459106,NA,2020,12,5,340,2459189,NA
40354,32.235455,-110.954079,742,"AZ",309,"Campsis","radicans","trumpet creeper","Plantae",247033,498,"Colored leaves",2020,9,24,268,2459117,6,2020,10,1,275,2459124,8
40354,32.235455,-110.954079,742,"AZ",309,"Campsis","radicans","trumpet creeper","Plantae",247033,498,"Colored leaves",2020,10,23,297,2459146,8,2020,12,5,340,2459189,NA
40354,32.235455,-110.954079,742,"AZ",309,"Campsis","radicans","trumpet creeper","Plantae",247033,500,"Flowers or flower buds",2020,9,13,257,2459106,NA,2020,12,5,340,2459189,NA
40354,32.235455,-110.954079,742,"AZ",309,"Campsis","radicans","trumpet creeper","Plantae",247033,501,"Open flowers",2020,9,13,257,2459106,NA,2020,12,5,340,2459189,NA
40354,32.235455,-110.954079,742,"AZ",309,"Campsis","radicans","trumpet creeper","Plantae",247033,504,"Recent fruit or seed drop",2020,12,5,340,2459189,9,2020,12,5,340,2459189,NA
40354,32.235455,-110.954079,742,"AZ",309,"Campsis","radicans","trumpet creeper","Plantae",247033,516,"Fruits",2020,12,5,340,2459189,9,2020,12,5,340,2459189,NA
40382,32.219067,-110.908905,764,"AZ",309,"Campsis","radicans","trumpet creeper","Plantae",247378,371,"Breaking leaf buds",2020,9,4,248,2459097,NA,2020,11,25,330,2459179,NA
40382,32.219067,-110.908905,764,"AZ",309,"Campsis","radicans","trumpet creeper","Plantae",247378,467,"Increasing leaf size",2020,9,4,248,2459097,NA,2020,11,8,313,2459162,17
40382,32.219067,-110.908905,764,"AZ",309,"Campsis","radicans","trumpet creeper","Plantae",247378,471,"Falling leaves",2020,9,4,248,2459097,NA,2020,11,25,330,2459179,NA
40382,32.219067,-110.908905,764,"AZ",309,"Campsis","radicans","trumpet creeper","Plantae",247378,483,"Leaves",2020,9,4,248,2459097,NA,2020,11,25,330,2459179,NA
40382,32.219067,-110.908905,764,"AZ",309,"Campsis","radicans","trumpet creeper","Plantae",247378,498,"Colored leaves",2020,9,4,248,2459097,NA,2020,9,4,248,2459097,14
40382,32.219067,-110.908905,764,"AZ",309,"Campsis","radicans","trumpet creeper","Plantae",247378,498,"Colored leaves",2020,10,3,277,2459126,8,2020,11,25,330,2459179,NA
40382,32.219067,-110.908905,764,"AZ",309,"Campsis","radicans","trumpet creeper","Plantae",247378,500,"Flowers or flower buds",2020,9,4,248,2459097,NA,2020,11,25,330,2459179,NA
40382,32.219067,-110.908905,764,"AZ",309,"Campsis","radicans","trumpet creeper","Plantae",247378,501,"Open flowers",2020,9,4,248,2459097,NA,2020,11,25,330,2459179,NA
40783,34.112862,-118.15947,213,"CA",309,"Campsis","radicans","trumpet creeper","Plantae",249636,483,"Leaves",2020,9,24,268,2459117,NA,2020,9,24,268,2459117,NA
40783,34.112862,-118.15947,213,"CA",309,"Campsis","radicans","trumpet creeper","Plantae",249636,500,"Flowers or flower buds",2020,9,24,268,2459117,NA,2020,9,24,268,2459117,NA
40783,34.112862,-118.15947,213,"CA",309,"Campsis","radicans","trumpet creeper","Plantae",249636,501,"Open flowers",2020,9,24,268,2459117,NA,2020,9,24,268,2459117,NA
40387,32.228752,-110.967056,732,"AZ",309,"Campsis","radicans","trumpet creeper","Plantae",251512,471,"Falling leaves",2020,10,12,286,2459135,4,2020,12,9,344,2459193,NA
40387,32.228752,-110.967056,732,"AZ",309,"Campsis","radicans","trumpet creeper","Plantae",251512,483,"Leaves",2020,10,8,282,2459131,NA,2020,12,9,344,2459193,NA
40387,32.228752,-110.967056,732,"AZ",309,"Campsis","radicans","trumpet creeper","Plantae",251512,498,"Colored leaves",2020,10,12,286,2459135,4,2020,12,9,344,2459193,NA
40387,32.228752,-110.967056,732,"AZ",309,"Campsis","radicans","trumpet creeper","Plantae",251512,500,"Flowers or flower buds",2020,10,8,282,2459131,NA,2020,11,12,317,2459166,6
40387,32.228752,-110.967056,732,"AZ",309,"Campsis","radicans","trumpet creeper","Plantae",251512,501,"Open flowers",2020,10,8,282,2459131,NA,2020,10,29,303,2459152,14
8253,40.672852,-111.969254,1333,"UT",309,"Campsis","radicans","trumpet creeper","Plantae",23696,371,"Breaking leaf buds",2021,5,11,131,2459346,7,2021,5,11,131,2459346,29
8253,40.672852,-111.969254,1333,"UT",309,"Campsis","radicans","trumpet creeper","Plantae",23696,467,"Increasing leaf size",2021,6,9,160,2459375,29,2021,6,14,165,2459380,NA
8253,40.672852,-111.969254,1333,"UT",309,"Campsis","radicans","trumpet creeper","Plantae",23696,483,"Leaves",2021,6,9,160,2459375,29,2021,6,14,165,2459380,NA
10585,41.433689,-81.693153,219,"OH",1186,"Monarda","didyma","scarlet beebalm","Plantae",41716,390,"Ripe fruits",2021,7,15,196,2459411,7,2021,12,16,350,2459565,NA
10585,41.433689,-81.693153,219,"OH",1186,"Monarda","didyma","scarlet beebalm","Plantae",41716,482,"Initial growth (forbs)",2021,3,25,84,2459299,7,2021,3,25,84,2459299,NA
10585,41.433689,-81.693153,219,"OH",1186,"Monarda","didyma","scarlet beebalm","Plantae",41716,488,"Leaves (forbs)",2021,4,8,98,2459313,14,2021,5,13,133,2459348,NA
10585,41.433689,-81.693153,219,"OH",1186,"Monarda","didyma","scarlet beebalm","Plantae",41716,500,"Flowers or flower buds",2021,5,13,133,2459348,7,2021,5,20,140,2459355,7
10585,41.433689,-81.693153,219,"OH",1186,"Monarda","didyma","scarlet beebalm","Plantae",41716,500,"Flowers or flower buds",2021,6,17,168,2459383,7,2021,6,17,168,2459383,NA
10585,41.433689,-81.693153,219,"OH",1186,"Monarda","didyma","scarlet beebalm","Plantae",41716,501,"Open flowers",2021,6,24,175,2459390,7,2021,8,12,224,2459439,7
10585,41.433689,-81.693153,219,"OH",1186,"Monarda","didyma","scarlet beebalm","Plantae",41716,504,"Recent fruit or seed drop",2021,7,15,196,2459411,NA,2021,12,16,350,2459565,NA
10585,41.433689,-81.693153,219,"OH",1186,"Monarda","didyma","scarlet beebalm","Plantae",41716,516,"Fruits",2021,7,1,182,2459397,7,2021,12,16,350,2459565,NA
10585,41.433689,-81.693153,219,"OH",916,"Lobelia","cardinalis","cardinalflower","Plantae",43933,390,"Ripe fruits",2021,9,9,252,2459467,7,2021,11,11,315,2459530,7
10585,41.433689,-81.693153,219,"OH",916,"Lobelia","cardinalis","cardinalflower","Plantae",43933,482,"Initial growth (forbs)",2021,3,25,84,2459299,7,2021,4,15,105,2459320,NA
10585,41.433689,-81.693153,219,"OH",916,"Lobelia","cardinalis","cardinalflower","Plantae",43933,488,"Leaves (forbs)",2021,3,25,84,2459299,NA,2021,7,8,189,2459404,NA
10585,41.433689,-81.693153,219,"OH",916,"Lobelia","cardinalis","cardinalflower","Plantae",43933,500,"Flowers or flower buds",2021,7,15,196,2459411,7,2021,7,15,196,2459411,NA
10585,41.433689,-81.693153,219,"OH",916,"Lobelia","cardinalis","cardinalflower","Plantae",43933,501,"Open flowers",2021,7,22,203,2459418,7,2021,9,9,252,2459467,7
10585,41.433689,-81.693153,219,"OH",916,"Lobelia","cardinalis","cardinalflower","Plantae",43933,504,"Recent fruit or seed drop",2021,9,9,252,2459467,NA,2021,11,11,315,2459530,7
10585,41.433689,-81.693153,219,"OH",916,"Lobelia","cardinalis","cardinalflower","Plantae",43933,516,"Fruits",2021,8,12,224,2459439,7,2021,11,11,315,2459530,7
27474,29.784473,-90.114784,0,"LA",309,"Campsis","radicans","trumpet creeper","Plantae",141892,467,"Increasing leaf size",2021,10,19,292,2459507,226,2021,11,4,308,2459523,2
27474,29.784473,-90.114784,0,"LA",309,"Campsis","radicans","trumpet creeper","Plantae",141892,483,"Leaves",2021,10,19,292,2459507,226,2021,11,6,310,2459525,NA
27474,29.784473,-90.114784,0,"LA",309,"Campsis","radicans","trumpet creeper","Plantae",141892,498,"Colored leaves",2021,11,4,308,2459523,16,2021,11,6,310,2459525,NA
27475,29.783813,-90.117561,0,"LA",309,"Campsis","radicans","trumpet creeper","Plantae",141902,467,"Increasing leaf size",2021,10,23,296,2459511,230,2021,10,23,296,2459511,NA
27475,29.783813,-90.117561,0,"LA",309,"Campsis","radicans","trumpet creeper","Plantae",141902,483,"Leaves",2021,10,23,296,2459511,230,2021,10,23,296,2459511,NA
27477,29.793816,-90.122452,0,"LA",309,"Campsis","radicans","trumpet creeper","Plantae",141921,467,"Increasing leaf size",2021,10,23,296,2459511,70,2021,11,18,322,2459537,NA
27477,29.793816,-90.122452,0,"LA",309,"Campsis","radicans","trumpet creeper","Plantae",141921,483,"Leaves",2021,1,13,13,2459228,NA,2021,1,13,13,2459228,14
27477,29.793816,-90.122452,0,"LA",309,"Campsis","radicans","trumpet creeper","Plantae",141921,483,"Leaves",2021,8,14,226,2459441,160,2021,11,18,322,2459537,NA
27477,29.793816,-90.122452,0,"LA",309,"Campsis","radicans","trumpet creeper","Plantae",141921,498,"Colored leaves",2021,8,14,226,2459441,160,2021,8,14,226,2459441,70
27477,29.793816,-90.122452,0,"LA",309,"Campsis","radicans","trumpet creeper","Plantae",141921,498,"Colored leaves",2021,11,4,308,2459523,12,2021,11,18,322,2459537,NA
27477,29.793816,-90.122452,0,"LA",309,"Campsis","radicans","trumpet creeper","Plantae",141921,501,"Open flowers",2021,8,14,226,2459441,160,2021,8,14,226,2459441,70
36351,38.952805,-75.933502,13,"MD",916,"Lobelia","cardinalis","cardinalflower","Plantae",223675,390,"Ripe fruits",2021,9,23,266,2459481,13,2021,12,17,351,2459566,14
36351,38.952805,-75.933502,13,"MD",916,"Lobelia","cardinalis","cardinalflower","Plantae",223675,488,"Leaves (forbs)",2021,8,27,239,2459454,11,2021,8,27,239,2459454,3
36351,38.952805,-75.933502,13,"MD",916,"Lobelia","cardinalis","cardinalflower","Plantae",223675,488,"Leaves (forbs)",2021,9,10,253,2459468,11,2021,9,23,266,2459481,15
36351,38.952805,-75.933502,13,"MD",916,"Lobelia","cardinalis","cardinalflower","Plantae",223675,488,"Leaves (forbs)",2021,10,22,295,2459510,14,2021,10,22,295,2459510,14
36351,38.952805,-75.933502,13,"MD",916,"Lobelia","cardinalis","cardinalflower","Plantae",223675,500,"Flowers or flower buds",2021,8,27,239,2459454,11,2021,8,27,239,2459454,3
36351,38.952805,-75.933502,13,"MD",916,"Lobelia","cardinalis","cardinalflower","Plantae",223675,500,"Flowers or flower buds",2021,10,8,281,2459496,15,2021,10,8,281,2459496,14
36351,38.952805,-75.933502,13,"MD",916,"Lobelia","cardinalis","cardinalflower","Plantae",223675,501,"Open flowers",2021,8,27,239,2459454,11,2021,8,27,239,2459454,3
36351,38.952805,-75.933502,13,"MD",916,"Lobelia","cardinalis","cardinalflower","Plantae",223675,516,"Fruits",2021,8,27,239,2459454,11,2021,8,27,239,2459454,3
36351,38.952805,-75.933502,13,"MD",916,"Lobelia","cardinalis","cardinalflower","Plantae",223675,516,"Fruits",2021,9,10,253,2459468,11,2021,12,31,365,2459580,NA
32443,39.90163,-86.175911,242,"IN",916,"Lobelia","cardinalis","cardinalflower","Plantae",223769,390,"Ripe fruits",2021,9,14,257,2459472,NA,2021,12,14,348,2459563,NA
32443,39.90163,-86.175911,242,"IN",916,"Lobelia","cardinalis","cardinalflower","Plantae",223769,482,"Initial growth (forbs)",2021,3,13,72,2459287,NA,2021,5,5,125,2459340,NA
32443,39.90163,-86.175911,242,"IN",916,"Lobelia","cardinalis","cardinalflower","Plantae",223769,488,"Leaves (forbs)",2021,3,13,72,2459287,NA,2021,12,14,348,2459563,NA
32443,39.90163,-86.175911,242,"IN",916,"Lobelia","cardinalis","cardinalflower","Plantae",223769,500,"Flowers or flower buds",2021,6,23,174,2459389,NA,2021,8,18,230,2459445,NA
32443,39.90163,-86.175911,242,"IN",916,"Lobelia","cardinalis","cardinalflower","Plantae",223769,501,"Open flowers",2021,7,7,188,2459403,105,2021,8,18,230,2459445,NA
32443,39.90163,-86.175911,242,"IN",916,"Lobelia","cardinalis","cardinalflower","Plantae",223769,516,"Fruits",2021,8,18,230,2459445,NA,2021,9,23,266,2459481,NA
27476,29.785265,-90.110191,0,"LA",309,"Campsis","radicans","trumpet creeper","Plantae",225509,483,"Leaves",2021,10,19,292,2459507,226,2021,10,19,292,2459507,9
21812,40.481583,-86.974304,210,"IN",916,"Lobelia","cardinalis","cardinalflower","Plantae",230980,482,"Initial growth (forbs)",2021,3,7,66,2459281,NA,2021,4,28,118,2459333,NA
21812,40.481583,-86.974304,210,"IN",916,"Lobelia","cardinalis","cardinalflower","Plantae",230980,488,"Leaves (forbs)",2021,3,23,82,2459297,3,2021,3,23,82,2459297,1
21812,40.481583,-86.974304,210,"IN",916,"Lobelia","cardinalis","cardinalflower","Plantae",230980,488,"Leaves (forbs)",2021,4,7,97,2459312,14,2021,4,28,118,2459333,NA
34665,38.999882,-86.59021,248,"IN",916,"Lobelia","cardinalis","cardinalflower","Plantae",234996,482,"Initial growth (forbs)",2021,4,23,113,2459328,17,2021,4,23,113,2459328,21
34665,38.999882,-86.59021,248,"IN",916,"Lobelia","cardinalis","cardinalflower","Plantae",234996,488,"Leaves (forbs)",2021,5,14,134,2459349,21,2021,6,4,155,2459370,19
38489,39.065994,-76.504898,6,"MD",309,"Campsis","radicans","trumpet creeper","Plantae",237787,371,"Breaking leaf buds",2021,4,11,101,2459316,NA,2021,4,11,101,2459316,NA
38489,39.065994,-76.504898,6,"MD",309,"Campsis","radicans","trumpet creeper","Plantae",237787,467,"Increasing leaf size",2021,4,11,101,2459316,NA,2021,4,11,101,2459316,NA
38489,39.065994,-76.504898,6,"MD",309,"Campsis","radicans","trumpet creeper","Plantae",237787,483,"Leaves",2021,4,11,101,2459316,NA,2021,4,11,101,2459316,NA
31287,42.383141,-71.098061,4,"MA",1186,"Monarda","didyma","scarlet beebalm","Plantae",244690,390,"Ripe fruits",2021,10,5,278,2459493,6,2021,10,5,278,2459493,7
31287,42.383141,-71.098061,4,"MA",1186,"Monarda","didyma","scarlet beebalm","Plantae",244690,482,"Initial growth (forbs)",2021,3,30,89,2459304,7,2021,4,20,110,2459325,7
31287,42.383141,-71.098061,4,"MA",1186,"Monarda","didyma","scarlet beebalm","Plantae",244690,488,"Leaves (forbs)",2021,3,30,89,2459304,7,2021,11,16,320,2459535,7
31287,42.383141,-71.098061,4,"MA",1186,"Monarda","didyma","scarlet beebalm","Plantae",244690,500,"Flowers or flower buds",2021,6,15,166,2459381,7,2021,8,24,236,2459451,7
31287,42.383141,-71.098061,4,"MA",1186,"Monarda","didyma","scarlet beebalm","Plantae",244690,500,"Flowers or flower buds",2021,10,12,285,2459500,7,2021,10,12,285,2459500,7
31287,42.383141,-71.098061,4,"MA",1186,"Monarda","didyma","scarlet beebalm","Plantae",244690,501,"Open flowers",2021,6,22,173,2459388,7,2021,8,17,229,2459444,7
31287,42.383141,-71.098061,4,"MA",1186,"Monarda","didyma","scarlet beebalm","Plantae",244690,501,"Open flowers",2021,10,12,285,2459500,7,2021,10,12,285,2459500,7
31287,42.383141,-71.098061,4,"MA",1186,"Monarda","didyma","scarlet beebalm","Plantae",244690,516,"Fruits",2021,7,20,201,2459416,7,2021,7,27,208,2459423,21
31287,42.383141,-71.098061,4,"MA",1186,"Monarda","didyma","scarlet beebalm","Plantae",244690,516,"Fruits",2021,10,5,278,2459493,6,2021,10,5,278,2459493,7
42044,41.05518,-86.165627,241,"IN",916,"Lobelia","cardinalis","cardinalflower","Plantae",256682,390,"Ripe fruits",2021,8,9,221,2459436,11,2021,8,9,221,2459436,8
42044,41.05518,-86.165627,241,"IN",916,"Lobelia","cardinalis","cardinalflower","Plantae",256682,390,"Ripe fruits",2021,8,25,237,2459452,8,2021,9,3,246,2459461,8
42044,41.05518,-86.165627,241,"IN",916,"Lobelia","cardinalis","cardinalflower","Plantae",256682,482,"Initial growth (forbs)",2021,4,12,102,2459317,4,2021,6,10,161,2459376,42
42044,41.05518,-86.165627,241,"IN",916,"Lobelia","cardinalis","cardinalflower","Plantae",256682,488,"Leaves (forbs)",2021,4,21,111,2459326,9,2021,9,30,273,2459488,12
42044,41.05518,-86.165627,241,"IN",916,"Lobelia","cardinalis","cardinalflower","Plantae",256682,500,"Flowers or flower buds",2021,7,10,191,2459406,10,2021,7,29,210,2459425,11
42044,41.05518,-86.165627,241,"IN",916,"Lobelia","cardinalis","cardinalflower","Plantae",256682,501,"Open flowers",2021,7,10,191,2459406,10,2021,7,29,210,2459425,11
42044,41.05518,-86.165627,241,"IN",916,"Lobelia","cardinalis","cardinalflower","Plantae",256682,504,"Recent fruit or seed drop",2021,9,3,246,2459461,9,2021,11,17,321,2459536,9
42044,41.05518,-86.165627,241,"IN",916,"Lobelia","cardinalis","cardinalflower","Plantae",256682,516,"Fruits",2021,7,22,203,2459418,7,2021,9,3,246,2459461,8
43028,38.618015,-77.342934,78,"VA",1186,"Monarda","didyma","scarlet beebalm","Plantae",262700,488,"Leaves (forbs)",2021,3,9,68,2459283,NA,2021,3,27,86,2459301,NA
43627,44.445614,-93.157532,289,"MN",1186,"Monarda","didyma","scarlet beebalm","Plantae",266275,390,"Ripe fruits",2021,7,24,205,2459420,9,2021,9,15,258,2459473,7
43627,44.445614,-93.157532,289,"MN",1186,"Monarda","didyma","scarlet beebalm","Plantae",266275,482,"Initial growth (forbs)",2021,3,28,87,2459302,NA,2021,5,6,126,2459341,3
43627,44.445614,-93.157532,289,"MN",1186,"Monarda","didyma","scarlet beebalm","Plantae",266275,482,"Initial growth (forbs)",2021,5,13,133,2459348,4,2021,5,13,133,2459348,3
43627,44.445614,-93.157532,289,"MN",1186,"Monarda","didyma","scarlet beebalm","Plantae",266275,482,"Initial growth (forbs)",2021,5,22,142,2459357,2,2021,5,22,142,2459357,4
43627,44.445614,-93.157532,289,"MN",1186,"Monarda","didyma","scarlet beebalm","Plantae",266275,482,"Initial growth (forbs)",2021,6,4,155,2459370,4,2021,6,4,155,2459370,8
43627,44.445614,-93.157532,289,"MN",1186,"Monarda","didyma","scarlet beebalm","Plantae",266275,482,"Initial growth (forbs)",2021,10,3,276,2459491,5,2021,10,7,280,2459495,2
43627,44.445614,-93.157532,289,"MN",1186,"Monarda","didyma","scarlet beebalm","Plantae",266275,482,"Initial growth (forbs)",2021,10,17,290,2459505,8,2021,11,16,320,2459535,NA
43627,44.445614,-93.157532,289,"MN",1186,"Monarda","didyma","scarlet beebalm","Plantae",266275,488,"Leaves (forbs)",2021,3,28,87,2459302,NA,2021,5,6,126,2459341,3
43627,44.445614,-93.157532,289,"MN",1186,"Monarda","didyma","scarlet beebalm","Plantae",266275,488,"Leaves (forbs)",2021,5,13,133,2459348,4,2021,9,28,271,2459486,5
43627,44.445614,-93.157532,289,"MN",1186,"Monarda","didyma","scarlet beebalm","Plantae",266275,488,"Leaves (forbs)",2021,10,7,280,2459495,4,2021,11,16,320,2459535,NA
43627,44.445614,-93.157532,289,"MN",1186,"Monarda","didyma","scarlet beebalm","Plantae",266275,500,"Flowers or flower buds",2021,6,12,163,2459378,8,2021,8,9,221,2459436,3
43627,44.445614,-93.157532,289,"MN",1186,"Monarda","didyma","scarlet beebalm","Plantae",266275,500,"Flowers or flower buds",2021,8,15,227,2459442,3,2021,8,15,227,2459442,2
43627,44.445614,-93.157532,289,"MN",1186,"Monarda","didyma","scarlet beebalm","Plantae",266275,501,"Open flowers",2021,7,2,183,2459398,17,2021,8,9,221,2459436,3
43627,44.445614,-93.157532,289,"MN",1186,"Monarda","didyma","scarlet beebalm","Plantae",266275,501,"Open flowers",2021,8,15,227,2459442,3,2021,8,15,227,2459442,2
43627,44.445614,-93.157532,289,"MN",1186,"Monarda","didyma","scarlet beebalm","Plantae",266275,504,"Recent fruit or seed drop",2021,8,24,236,2459451,7,2021,9,15,258,2459473,13
43627,44.445614,-93.157532,289,"MN",1186,"Monarda","didyma","scarlet beebalm","Plantae",266275,516,"Fruits",2021,7,15,196,2459411,9,2021,9,15,258,2459473,7
43961,40.135693,-83.135208,276,"OH",1186,"Monarda","didyma","scarlet beebalm","Plantae",268510,488,"Leaves (forbs)",2021,4,9,99,2459314,NA,2021,6,13,164,2459379,8
44777,42.276871,-83.759453,264,"MI",916,"Lobelia","cardinalis","cardinalflower","Plantae",273117,488,"Leaves (forbs)",2021,7,10,191,2459406,NA,2021,8,20,232,2459447,104
44777,42.276871,-83.759453,264,"MI",916,"Lobelia","cardinalis","cardinalflower","Plantae",273117,500,"Flowers or flower buds",2021,7,10,191,2459406,NA,2021,8,20,232,2459447,104
44777,42.276871,-83.759453,264,"MI",916,"Lobelia","cardinalis","cardinalflower","Plantae",273117,501,"Open flowers",2021,7,14,195,2459410,4,2021,8,20,232,2459447,104
43881,38.74696,-77.577141,69,"VA",916,"Lobelia","cardinalis","cardinalflower","Plantae",273148,390,"Ripe fruits",2021,10,3,276,2459491,27,2021,10,3,276,2459491,NA
43881,38.74696,-77.577141,69,"VA",916,"Lobelia","cardinalis","cardinalflower","Plantae",273148,488,"Leaves (forbs)",2021,7,10,191,2459406,NA,2021,9,6,249,2459464,27
43881,38.74696,-77.577141,69,"VA",916,"Lobelia","cardinalis","cardinalflower","Plantae",273148,500,"Flowers or flower buds",2021,7,10,191,2459406,NA,2021,9,6,249,2459464,27
43881,38.74696,-77.577141,69,"VA",916,"Lobelia","cardinalis","cardinalflower","Plantae",273148,501,"Open flowers",2021,7,10,191,2459406,NA,2021,9,6,249,2459464,27
43881,38.74696,-77.577141,69,"VA",916,"Lobelia","cardinalis","cardinalflower","Plantae",273148,504,"Recent fruit or seed drop",2021,10,3,276,2459491,27,2021,10,3,276,2459491,NA
43881,38.74696,-77.577141,69,"VA",916,"Lobelia","cardinalis","cardinalflower","Plantae",273148,516,"Fruits",2021,10,3,276,2459491,27,2021,10,3,276,2459491,NA
43005,39.632671,-91.441628,194,"MO",1186,"Monarda","didyma","scarlet beebalm","Plantae",273454,482,"Initial growth (forbs)",2021,6,7,158,2459373,NA,2021,6,7,158,2459373,NA
43005,39.632671,-91.441628,194,"MO",1186,"Monarda","didyma","scarlet beebalm","Plantae",273454,488,"Leaves (forbs)",2021,6,7,158,2459373,NA,2021,6,7,158,2459373,NA
43005,39.632671,-91.441628,194,"MO",1186,"Monarda","didyma","scarlet beebalm","Plantae",273454,500,"Flowers or flower buds",2021,6,7,158,2459373,NA,2021,6,7,158,2459373,NA
43005,39.632671,-91.441628,194,"MO",1186,"Monarda","didyma","scarlet beebalm","Plantae",273454,501,"Open flowers",2021,6,7,158,2459373,NA,2021,6,7,158,2459373,NA
44907,39.111698,-80.104599,458,"WV",916,"Lobelia","cardinalis","cardinalflower","Plantae",274031,488,"Leaves (forbs)",2021,8,8,220,2459435,NA,2021,8,8,220,2459435,NA
44907,39.111698,-80.104599,458,"WV",916,"Lobelia","cardinalis","cardinalflower","Plantae",274031,500,"Flowers or flower buds",2021,8,8,220,2459435,NA,2021,8,8,220,2459435,NA
44907,39.111698,-80.104599,458,"WV",916,"Lobelia","cardinalis","cardinalflower","Plantae",274031,501,"Open flowers",2021,8,8,220,2459435,NA,2021,8,8,220,2459435,NA
36926,36.907299,-76.19664,5,"VA",916,"Lobelia","cardinalis","cardinalflower","Plantae",275109,390,"Ripe fruits",2021,9,16,259,2459474,14,2021,10,24,297,2459512,NA
36926,36.907299,-76.19664,5,"VA",916,"Lobelia","cardinalis","cardinalflower","Plantae",275109,488,"Leaves (forbs)",2021,8,19,231,2459446,NA,2021,10,24,297,2459512,NA
36926,36.907299,-76.19664,5,"VA",916,"Lobelia","cardinalis","cardinalflower","Plantae",275109,500,"Flowers or flower buds",2021,8,19,231,2459446,NA,2021,9,30,273,2459488,24
36926,36.907299,-76.19664,5,"VA",916,"Lobelia","cardinalis","cardinalflower","Plantae",275109,501,"Open flowers",2021,8,19,231,2459446,NA,2021,9,30,273,2459488,24
36926,36.907299,-76.19664,5,"VA",916,"Lobelia","cardinalis","cardinalflower","Plantae",275109,516,"Fruits",2021,8,19,231,2459446,NA,2021,10,24,297,2459512,NA
45129,28.132095,-82.6586,7,"FL",916,"Lobelia","cardinalis","cardinalflower","Plantae",275765,390,"Ripe fruits",2021,9,12,255,2459470,6,2021,9,21,264,2459479,NA
45129,28.132095,-82.6586,7,"FL",916,"Lobelia","cardinalis","cardinalflower","Plantae",275765,488,"Leaves (forbs)",2021,9,6,249,2459464,NA,2021,9,21,264,2459479,NA
45129,28.132095,-82.6586,7,"FL",916,"Lobelia","cardinalis","cardinalflower","Plantae",275765,500,"Flowers or flower buds",2021,9,6,249,2459464,NA,2021,9,21,264,2459479,NA
45129,28.132095,-82.6586,7,"FL",916,"Lobelia","cardinalis","cardinalflower","Plantae",275765,501,"Open flowers",2021,9,6,249,2459464,NA,2021,9,21,264,2459479,NA
45129,28.132095,-82.6586,7,"FL",916,"Lobelia","cardinalis","cardinalflower","Plantae",275765,516,"Fruits",2021,9,6,249,2459464,NA,2021,9,21,264,2459479,NA
45129,28.132095,-82.6586,7,"FL",916,"Lobelia","cardinalis","cardinalflower","Plantae",275766,488,"Leaves (forbs)",2021,9,6,249,2459464,NA,2021,9,21,264,2459479,NA
45129,28.132095,-82.6586,7,"FL",916,"Lobelia","cardinalis","cardinalflower","Plantae",275766,500,"Flowers or flower buds",2021,9,6,249,2459464,NA,2021,9,21,264,2459479,NA
45129,28.132095,-82.6586,7,"FL",916,"Lobelia","cardinalis","cardinalflower","Plantae",275766,501,"Open flowers",2021,9,6,249,2459464,NA,2021,9,21,264,2459479,NA
45129,28.132095,-82.6586,7,"FL",916,"Lobelia","cardinalis","cardinalflower","Plantae",275766,516,"Fruits",2021,9,6,249,2459464,NA,2021,9,21,264,2459479,NA
45383,37.991146,-81.148392,601,"WV",916,"Lobelia","cardinalis","cardinalflower","Plantae",276901,482,"Initial growth (forbs)",2021,9,29,272,2459487,NA,2021,9,29,272,2459487,14
45383,37.991146,-81.148392,601,"WV",916,"Lobelia","cardinalis","cardinalflower","Plantae",276901,488,"Leaves (forbs)",2021,9,29,272,2459487,NA,2021,10,15,288,2459503,5
45383,37.991146,-81.148392,601,"WV",916,"Lobelia","cardinalis","cardinalflower","Plantae",276901,500,"Flowers or flower buds",2021,9,29,272,2459487,NA,2021,10,15,288,2459503,5
45383,37.991146,-81.148392,601,"WV",916,"Lobelia","cardinalis","cardinalflower","Plantae",276901,501,"Open flowers",2021,10,15,288,2459503,16,2021,10,15,288,2459503,5
45398,37.991146,-81.148392,601,"WV",916,"Lobelia","cardinalis","cardinalflower","Plantae",277075,488,"Leaves (forbs)",2021,9,28,271,2459486,NA,2021,10,19,292,2459507,NA
45398,37.991146,-81.148392,601,"WV",916,"Lobelia","cardinalis","cardinalflower","Plantae",277075,500,"Flowers or flower buds",2021,9,28,271,2459486,NA,2021,10,19,292,2459507,NA
45398,37.991146,-81.148392,601,"WV",916,"Lobelia","cardinalis","cardinalflower","Plantae",277075,501,"Open flowers",2021,9,28,271,2459486,NA,2021,10,19,292,2459507,NA
45412,37.991146,-81.148392,601,"WV",916,"Lobelia","cardinalis","cardinalflower","Plantae",277213,488,"Leaves (forbs)",2021,9,28,271,2459486,NA,2021,10,11,284,2459499,NA
45412,37.991146,-81.148392,601,"WV",916,"Lobelia","cardinalis","cardinalflower","Plantae",277213,500,"Flowers or flower buds",2021,9,28,271,2459486,NA,2021,10,11,284,2459499,NA
45412,37.991146,-81.148392,601,"WV",916,"Lobelia","cardinalis","cardinalflower","Plantae",277213,501,"Open flowers",2021,9,28,271,2459486,NA,2021,10,11,284,2459499,NA
45412,37.991146,-81.148392,601,"WV",916,"Lobelia","cardinalis","cardinalflower","Plantae",277213,516,"Fruits",2021,9,28,271,2459486,NA,2021,10,11,284,2459499,NA
45412,37.991146,-81.148392,601,"WV",916,"Lobelia","cardinalis","cardinalflower","Plantae",277296,390,"Ripe fruits",2021,10,15,288,2459503,1,2021,10,19,292,2459507,1
45412,37.991146,-81.148392,601,"WV",916,"Lobelia","cardinalis","cardinalflower","Plantae",277296,482,"Initial growth (forbs)",2021,9,28,271,2459486,NA,2021,9,28,271,2459486,12
45412,37.991146,-81.148392,601,"WV",916,"Lobelia","cardinalis","cardinalflower","Plantae",277296,482,"Initial growth (forbs)",2021,10,11,284,2459499,1,2021,10,11,284,2459499,2
45412,37.991146,-81.148392,601,"WV",916,"Lobelia","cardinalis","cardinalflower","Plantae",277296,482,"Initial growth (forbs)",2021,10,15,288,2459503,1,2021,10,19,292,2459507,1
45412,37.991146,-81.148392,601,"WV",916,"Lobelia","cardinalis","cardinalflower","Plantae",277296,488,"Leaves (forbs)",2021,9,28,271,2459486,NA,2021,9,28,271,2459486,1
45412,37.991146,-81.148392,601,"WV",916,"Lobelia","cardinalis","cardinalflower","Plantae",277296,488,"Leaves (forbs)",2021,9,30,273,2459488,1,2021,10,20,293,2459508,2
45412,37.991146,-81.148392,601,"WV",916,"Lobelia","cardinalis","cardinalflower","Plantae",277296,488,"Leaves (forbs)",2021,11,9,313,2459528,18,2021,11,10,314,2459529,NA
45412,37.991146,-81.148392,601,"WV",916,"Lobelia","cardinalis","cardinalflower","Plantae",277296,500,"Flowers or flower buds",2021,9,28,271,2459486,NA,2021,10,20,293,2459508,2
45412,37.991146,-81.148392,601,"WV",916,"Lobelia","cardinalis","cardinalflower","Plantae",277296,500,"Flowers or flower buds",2021,11,10,314,2459529,1,2021,11,10,314,2459529,NA
45412,37.991146,-81.148392,601,"WV",916,"Lobelia","cardinalis","cardinalflower","Plantae",277296,501,"Open flowers",2021,9,28,271,2459486,NA,2021,9,29,272,2459487,1
45412,37.991146,-81.148392,601,"WV",916,"Lobelia","cardinalis","cardinalflower","Plantae",277296,501,"Open flowers",2021,10,10,283,2459498,10,2021,10,20,293,2459508,2
45412,37.991146,-81.148392,601,"WV",916,"Lobelia","cardinalis","cardinalflower","Plantae",277296,501,"Open flowers",2021,11,10,314,2459529,1,2021,11,10,314,2459529,NA
45412,37.991146,-81.148392,601,"WV",916,"Lobelia","cardinalis","cardinalflower","Plantae",277296,504,"Recent fruit or seed drop",2021,10,11,284,2459499,1,2021,10,11,284,2459499,2
45412,37.991146,-81.148392,601,"WV",916,"Lobelia","cardinalis","cardinalflower","Plantae",277296,504,"Recent fruit or seed drop",2021,10,15,288,2459503,1,2021,10,15,288,2459503,4
45412,37.991146,-81.148392,601,"WV",916,"Lobelia","cardinalis","cardinalflower","Plantae",277296,516,"Fruits",2021,9,28,271,2459486,NA,2021,9,29,272,2459487,1
45412,37.991146,-81.148392,601,"WV",916,"Lobelia","cardinalis","cardinalflower","Plantae",277296,516,"Fruits",2021,10,10,283,2459498,10,2021,10,11,284,2459499,2
45412,37.991146,-81.148392,601,"WV",916,"Lobelia","cardinalis","cardinalflower","Plantae",277296,516,"Fruits",2021,10,14,287,2459502,1,2021,10,19,292,2459507,1
45383,37.991146,-81.148392,601,"WV",916,"Lobelia","cardinalis","cardinalflower","Plantae",279061,488,"Leaves (forbs)",2021,10,13,286,2459501,NA,2021,10,13,286,2459501,NA
45383,37.991146,-81.148392,601,"WV",916,"Lobelia","cardinalis","cardinalflower","Plantae",279061,500,"Flowers or flower buds",2021,10,13,286,2459501,NA,2021,10,13,286,2459501,NA
45541,35.810307,-78.702446,139,"NC",309,"Campsis","radicans","trumpet creeper","Plantae",281572,471,"Falling leaves",2021,10,28,301,2459516,NA,2021,11,18,322,2459537,NA
45541,35.810307,-78.702446,139,"NC",309,"Campsis","radicans","trumpet creeper","Plantae",281572,483,"Leaves",2021,10,28,301,2459516,NA,2021,11,18,322,2459537,NA
45541,35.810307,-78.702446,139,"NC",309,"Campsis","radicans","trumpet creeper","Plantae",281572,498,"Colored leaves",2021,10,28,301,2459516,NA,2021,11,18,322,2459537,NA
45541,35.810307,-78.702446,139,"NC",309,"Campsis","radicans","trumpet creeper","Plantae",281572,500,"Flowers or flower buds",2021,10,28,301,2459516,NA,2021,11,18,322,2459537,NA
45541,35.810307,-78.702446,139,"NC",309,"Campsis","radicans","trumpet creeper","Plantae",281572,501,"Open flowers",2021,11,18,322,2459537,7,2021,11,18,322,2459537,NA
45541,35.810307,-78.702446,139,"NC",309,"Campsis","radicans","trumpet creeper","Plantae",281572,504,"Recent fruit or seed drop",2021,11,4,308,2459523,7,2021,11,18,322,2459537,NA
46339,35.960644,-78.509811,113,"NC",916,"Lobelia","cardinalis","cardinalflower","Plantae",283668,482,"Initial growth (forbs)",2021,12,28,362,2459577,NA,2021,12,28,362,2459577,NA
46339,35.960644,-78.509811,113,"NC",916,"Lobelia","cardinalis","cardinalflower","Plantae",283668,488,"Leaves (forbs)",2021,12,28,362,2459577,NA,2021,12,28,362,2459577,NA
46339,35.960644,-78.509811,113,"NC",916,"Lobelia","cardinalis","cardinalflower","Plantae",283668,500,"Flowers or flower buds",2021,12,28,362,2459577,NA,2021,12,28,362,2459577,NA
46339,35.960644,-78.509811,113,"NC",916,"Lobelia","cardinalis","cardinalflower","Plantae",283668,501,"Open flowers",2021,12,28,362,2459577,NA,2021,12,28,362,2459577,NA
46339,35.960644,-78.509811,113,"NC",916,"Lobelia","cardinalis","cardinalflower","Plantae",283668,516,"Fruits",2021,12,28,362,2459577,NA,2021,12,28,362,2459577,NA
8253,40.672852,-111.969254,1333,"UT",309,"Campsis","radicans","trumpet creeper","Plantae",23696,467,"Increasing leaf size",2022,6,17,168,2459748,50,2022,7,12,193,2459773,92
8253,40.672852,-111.969254,1333,"UT",309,"Campsis","radicans","trumpet creeper","Plantae",23696,483,"Leaves",2022,6,17,168,2459748,50,2022,10,26,299,2459879,NA
10585,41.433689,-81.693153,219,"OH",1186,"Monarda","didyma","scarlet beebalm","Plantae",41716,390,"Ripe fruits",2022,8,4,216,2459796,7,2022,11,17,321,2459901,14
10585,41.433689,-81.693153,219,"OH",1186,"Monarda","didyma","scarlet beebalm","Plantae",41716,482,"Initial growth (forbs)",2022,3,24,83,2459663,7,2022,4,7,97,2459677,NA
10585,41.433689,-81.693153,219,"OH",1186,"Monarda","didyma","scarlet beebalm","Plantae",41716,488,"Leaves (forbs)",2022,3,24,83,2459663,NA,2022,6,2,153,2459733,NA
10585,41.433689,-81.693153,219,"OH",1186,"Monarda","didyma","scarlet beebalm","Plantae",41716,500,"Flowers or flower buds",2022,6,9,160,2459740,7,2022,7,7,188,2459768,NA
10585,41.433689,-81.693153,219,"OH",1186,"Monarda","didyma","scarlet beebalm","Plantae",41716,501,"Open flowers",2022,6,23,174,2459754,7,2022,9,29,272,2459852,7
10585,41.433689,-81.693153,219,"OH",1186,"Monarda","didyma","scarlet beebalm","Plantae",41716,504,"Recent fruit or seed drop",2022,8,4,216,2459796,NA,2022,11,17,321,2459901,14
10585,41.433689,-81.693153,219,"OH",1186,"Monarda","didyma","scarlet beebalm","Plantae",41716,516,"Fruits",2022,7,21,202,2459782,7,2022,11,17,321,2459901,14
10835,41.430107,-81.152695,353,"OH",1186,"Monarda","didyma","scarlet beebalm","Plantae",43026,390,"Ripe fruits",2022,8,28,240,2459820,49,2022,8,28,240,2459820,NA
10835,41.430107,-81.152695,353,"OH",1186,"Monarda","didyma","scarlet beebalm","Plantae",43026,482,"Initial growth (forbs)",2022,6,12,163,2459743,NA,2022,6,12,163,2459743,28
10835,41.430107,-81.152695,353,"OH",1186,"Monarda","didyma","scarlet beebalm","Plantae",43026,488,"Leaves (forbs)",2022,6,12,163,2459743,NA,2022,8,28,240,2459820,NA
10835,41.430107,-81.152695,353,"OH",1186,"Monarda","didyma","scarlet beebalm","Plantae",43026,500,"Flowers or flower buds",2022,7,10,191,2459771,28,2022,7,10,191,2459771,49
10835,41.430107,-81.152695,353,"OH",1186,"Monarda","didyma","scarlet beebalm","Plantae",43026,501,"Open flowers",2022,7,10,191,2459771,28,2022,7,10,191,2459771,49
10835,41.430107,-81.152695,353,"OH",1186,"Monarda","didyma","scarlet beebalm","Plantae",43026,516,"Fruits",2022,8,28,240,2459820,49,2022,8,28,240,2459820,NA
10585,41.433689,-81.693153,219,"OH",916,"Lobelia","cardinalis","cardinalflower","Plantae",43933,390,"Ripe fruits",2022,9,8,251,2459831,7,2022,10,6,279,2459859,7
10585,41.433689,-81.693153,219,"OH",916,"Lobelia","cardinalis","cardinalflower","Plantae",43933,482,"Initial growth (forbs)",2022,4,7,97,2459677,NA,2022,4,21,111,2459691,NA
10585,41.433689,-81.693153,219,"OH",916,"Lobelia","cardinalis","cardinalflower","Plantae",43933,488,"Leaves (forbs)",2022,4,14,104,2459684,7,2022,6,30,181,2459761,NA
10585,41.433689,-81.693153,219,"OH",916,"Lobelia","cardinalis","cardinalflower","Plantae",43933,500,"Flowers or flower buds",2022,7,7,188,2459768,7,2022,8,4,216,2459796,NA
10585,41.433689,-81.693153,219,"OH",916,"Lobelia","cardinalis","cardinalflower","Plantae",43933,501,"Open flowers",2022,8,4,216,2459796,7,2022,9,1,244,2459824,7
10585,41.433689,-81.693153,219,"OH",916,"Lobelia","cardinalis","cardinalflower","Plantae",43933,504,"Recent fruit or seed drop",2022,9,22,265,2459845,7,2022,10,6,279,2459859,7
10585,41.433689,-81.693153,219,"OH",916,"Lobelia","cardinalis","cardinalflower","Plantae",43933,516,"Fruits",2022,9,1,244,2459824,7,2022,10,6,279,2459859,7
27474,29.784473,-90.114784,0,"LA",309,"Campsis","radicans","trumpet creeper","Plantae",141892,371,"Breaking leaf buds",2022,5,12,132,2459712,91,2022,9,2,245,2459825,28
27474,29.784473,-90.114784,0,"LA",309,"Campsis","radicans","trumpet creeper","Plantae",141892,467,"Increasing leaf size",2022,4,22,112,2459692,71,2022,9,2,245,2459825,28
27474,29.784473,-90.114784,0,"LA",309,"Campsis","radicans","trumpet creeper","Plantae",141892,467,"Increasing leaf size",2022,10,15,288,2459868,15,2022,10,15,288,2459868,3
27474,29.784473,-90.114784,0,"LA",309,"Campsis","radicans","trumpet creeper","Plantae",141892,483,"Leaves",2022,4,22,112,2459692,71,2022,11,5,309,2459889,NA
27474,29.784473,-90.114784,0,"LA",309,"Campsis","radicans","trumpet creeper","Plantae",141892,498,"Colored leaves",2022,10,18,291,2459871,3,2022,10,18,291,2459871,15
27474,29.784473,-90.114784,0,"LA",309,"Campsis","radicans","trumpet creeper","Plantae",141892,498,"Colored leaves",2022,11,5,309,2459889,3,2022,11,5,309,2459889,NA
27474,29.784473,-90.114784,0,"LA",309,"Campsis","radicans","trumpet creeper","Plantae",141892,500,"Flowers or flower buds",2022,8,1,213,2459793,32,2022,8,1,213,2459793,32
27475,29.783813,-90.117561,0,"LA",309,"Campsis","radicans","trumpet creeper","Plantae",141902,371,"Breaking leaf buds",2022,3,2,61,2459641,NA,2022,4,15,105,2459685,27
27475,29.783813,-90.117561,0,"LA",309,"Campsis","radicans","trumpet creeper","Plantae",141902,371,"Breaking leaf buds",2022,6,3,154,2459734,22,2022,9,2,245,2459825,27
27475,29.783813,-90.117561,0,"LA",309,"Campsis","radicans","trumpet creeper","Plantae",141902,390,"Ripe fruits",2022,9,29,272,2459852,27,2022,9,29,272,2459852,34
27475,29.783813,-90.117561,0,"LA",309,"Campsis","radicans","trumpet creeper","Plantae",141902,467,"Increasing leaf size",2022,4,15,105,2459685,44,2022,9,2,245,2459825,27
27475,29.783813,-90.117561,0,"LA",309,"Campsis","radicans","trumpet creeper","Plantae",141902,483,"Leaves",2022,4,15,105,2459685,44,2022,11,2,306,2459886,NA
27475,29.783813,-90.117561,0,"LA",309,"Campsis","radicans","trumpet creeper","Plantae",141902,500,"Flowers or flower buds",2022,8,1,213,2459793,32,2022,9,2,245,2459825,27
27475,29.783813,-90.117561,0,"LA",309,"Campsis","radicans","trumpet creeper","Plantae",141902,516,"Fruits",2022,9,29,272,2459852,27,2022,9,29,272,2459852,34
27477,29.793816,-90.122452,0,"LA",309,"Campsis","radicans","trumpet creeper","Plantae",141921,371,"Breaking leaf buds",2022,4,22,112,2459692,57,2022,4,22,112,2459692,42
27477,29.793816,-90.122452,0,"LA",309,"Campsis","radicans","trumpet creeper","Plantae",141921,371,"Breaking leaf buds",2022,6,30,181,2459761,27,2022,8,1,213,2459793,13
27477,29.793816,-90.122452,0,"LA",309,"Campsis","radicans","trumpet creeper","Plantae",141921,467,"Increasing leaf size",2022,4,22,112,2459692,57,2022,8,29,241,2459821,31
27477,29.793816,-90.122452,0,"LA",309,"Campsis","radicans","trumpet creeper","Plantae",141921,467,"Increasing leaf size",2022,11,2,306,2459886,34,2022,11,2,306,2459886,NA
27477,29.793816,-90.122452,0,"LA",309,"Campsis","radicans","trumpet creeper","Plantae",141921,483,"Leaves",2022,4,22,112,2459692,57,2022,11,2,306,2459886,NA
27477,29.793816,-90.122452,0,"LA",309,"Campsis","radicans","trumpet creeper","Plantae",141921,498,"Colored leaves",2022,8,1,213,2459793,32,2022,8,1,213,2459793,13
27477,29.793816,-90.122452,0,"LA",309,"Campsis","radicans","trumpet creeper","Plantae",141921,498,"Colored leaves",2022,11,2,306,2459886,34,2022,11,2,306,2459886,NA
27477,29.793816,-90.122452,0,"LA",309,"Campsis","radicans","trumpet creeper","Plantae",141921,500,"Flowers or flower buds",2022,8,1,213,2459793,32,2022,8,1,213,2459793,13
27477,29.793816,-90.122452,0,"LA",309,"Campsis","radicans","trumpet creeper","Plantae",141921,501,"Open flowers",2022,8,1,213,2459793,32,2022,8,1,213,2459793,13
36351,38.952805,-75.933502,13,"MD",916,"Lobelia","cardinalis","cardinalflower","Plantae",223675,390,"Ripe fruits",2022,1,14,14,2459594,NA,2022,5,6,126,2459706,14
36351,38.952805,-75.933502,13,"MD",916,"Lobelia","cardinalis","cardinalflower","Plantae",223675,504,"Recent fruit or seed drop",2022,5,6,126,2459706,14,2022,5,6,126,2459706,14
36351,38.952805,-75.933502,13,"MD",916,"Lobelia","cardinalis","cardinalflower","Plantae",223675,516,"Fruits",2022,1,14,14,2459594,NA,2022,5,6,126,2459706,14
32443,39.90163,-86.175911,242,"IN",916,"Lobelia","cardinalis","cardinalflower","Plantae",223769,390,"Ripe fruits",2022,9,27,270,2459850,NA,2022,9,27,270,2459850,NA
32443,39.90163,-86.175911,242,"IN",916,"Lobelia","cardinalis","cardinalflower","Plantae",223769,482,"Initial growth (forbs)",2022,3,17,76,2459656,NA,2022,3,23,82,2459662,NA
32443,39.90163,-86.175911,242,"IN",916,"Lobelia","cardinalis","cardinalflower","Plantae",223769,488,"Leaves (forbs)",2022,3,29,88,2459668,NA,2022,9,27,270,2459850,NA
32443,39.90163,-86.175911,242,"IN",916,"Lobelia","cardinalis","cardinalflower","Plantae",223769,500,"Flowers or flower buds",2022,6,21,172,2459752,NA,2022,8,16,228,2459808,NA
32443,39.90163,-86.175911,242,"IN",916,"Lobelia","cardinalis","cardinalflower","Plantae",223769,501,"Open flowers",2022,6,27,178,2459758,NA,2022,8,30,242,2459822,NA
32443,39.90163,-86.175911,242,"IN",916,"Lobelia","cardinalis","cardinalflower","Plantae",223769,516,"Fruits",2022,9,6,249,2459829,NA,2022,9,14,257,2459837,NA
27476,29.785265,-90.110191,0,"LA",309,"Campsis","radicans","trumpet creeper","Plantae",225509,371,"Breaking leaf buds",2022,4,29,119,2459699,50,2022,7,7,188,2459768,85
27476,29.785265,-90.110191,0,"LA",309,"Campsis","radicans","trumpet creeper","Plantae",225509,467,"Increasing leaf size",2022,4,29,119,2459699,50,2022,7,7,188,2459768,85
27476,29.785265,-90.110191,0,"LA",309,"Campsis","radicans","trumpet creeper","Plantae",225509,483,"Leaves",2022,4,29,119,2459699,50,2022,11,2,306,2459886,NA
27476,29.785265,-90.110191,0,"LA",309,"Campsis","radicans","trumpet creeper","Plantae",225509,498,"Colored leaves",2022,9,30,273,2459853,85,2022,9,30,273,2459853,19
27476,29.785265,-90.110191,0,"LA",309,"Campsis","radicans","trumpet creeper","Plantae",225509,500,"Flowers or flower buds",2022,6,8,159,2459739,40,2022,7,7,188,2459768,85
27476,29.785265,-90.110191,0,"LA",309,"Campsis","radicans","trumpet creeper","Plantae",225509,501,"Open flowers",2022,6,8,159,2459739,40,2022,7,7,188,2459768,85
27476,29.785265,-90.110191,0,"LA",309,"Campsis","radicans","trumpet creeper","Plantae",225509,504,"Recent fruit or seed drop",2022,7,7,188,2459768,29,2022,7,7,188,2459768,85
16267,41.480042,-81.14473,379,"OH",1186,"Monarda","didyma","scarlet beebalm","Plantae",230327,482,"Initial growth (forbs)",2022,4,14,104,2459684,25,2022,5,18,138,2459718,25
16267,41.480042,-81.14473,379,"OH",1186,"Monarda","didyma","scarlet beebalm","Plantae",230327,482,"Initial growth (forbs)",2022,6,17,168,2459748,2,2022,6,17,168,2459748,5
16267,41.480042,-81.14473,379,"OH",1186,"Monarda","didyma","scarlet beebalm","Plantae",230327,482,"Initial growth (forbs)",2022,6,24,175,2459755,2,2022,7,20,201,2459781,13
16267,41.480042,-81.14473,379,"OH",1186,"Monarda","didyma","scarlet beebalm","Plantae",230327,488,"Leaves (forbs)",2022,4,14,104,2459684,25,2022,8,24,236,2459816,NA
16267,41.480042,-81.14473,379,"OH",1186,"Monarda","didyma","scarlet beebalm","Plantae",230327,500,"Flowers or flower buds",2022,6,17,168,2459748,2,2022,8,24,236,2459816,NA
16267,41.480042,-81.14473,379,"OH",1186,"Monarda","didyma","scarlet beebalm","Plantae",230327,501,"Open flowers",2022,7,16,197,2459777,22,2022,8,24,236,2459816,NA
16267,41.480042,-81.14473,379,"OH",1186,"Monarda","didyma","scarlet beebalm","Plantae",230327,516,"Fruits",2022,8,24,236,2459816,2,2022,8,24,236,2459816,NA
38489,39.065994,-76.504898,6,"MD",309,"Campsis","radicans","trumpet creeper","Plantae",237787,371,"Breaking leaf buds",2022,4,23,113,2459693,10,2022,4,23,113,2459693,68
38489,39.065994,-76.504898,6,"MD",309,"Campsis","radicans","trumpet creeper","Plantae",237787,371,"Breaking leaf buds",2022,9,4,247,2459827,66,2022,9,4,247,2459827,NA
38489,39.065994,-76.504898,6,"MD",309,"Campsis","radicans","trumpet creeper","Plantae",237787,467,"Increasing leaf size",2022,4,23,113,2459693,10,2022,9,4,247,2459827,38
38489,39.065994,-76.504898,6,"MD",309,"Campsis","radicans","trumpet creeper","Plantae",237787,483,"Leaves",2022,4,23,113,2459693,10,2022,10,12,285,2459865,NA
38489,39.065994,-76.504898,6,"MD",309,"Campsis","radicans","trumpet creeper","Plantae",237787,500,"Flowers or flower buds",2022,4,9,99,2459679,15,2022,4,9,99,2459679,4
38489,39.065994,-76.504898,6,"MD",309,"Campsis","radicans","trumpet creeper","Plantae",237787,500,"Flowers or flower buds",2022,6,30,181,2459761,68,2022,6,30,181,2459761,66
38489,39.065994,-76.504898,6,"MD",309,"Campsis","radicans","trumpet creeper","Plantae",237787,500,"Flowers or flower buds",2022,10,12,285,2459865,38,2022,10,12,285,2459865,NA
38489,39.065994,-76.504898,6,"MD",309,"Campsis","radicans","trumpet creeper","Plantae",237787,501,"Open flowers",2022,6,30,181,2459761,68,2022,6,30,181,2459761,66
38489,39.065994,-76.504898,6,"MD",309,"Campsis","radicans","trumpet creeper","Plantae",237787,501,"Open flowers",2022,10,12,285,2459865,38,2022,10,12,285,2459865,NA
38489,39.065994,-76.504898,6,"MD",309,"Campsis","radicans","trumpet creeper","Plantae",237787,516,"Fruits",2022,10,12,285,2459865,38,2022,10,12,285,2459865,NA
31287,42.383141,-71.098061,4,"MA",1186,"Monarda","didyma","scarlet beebalm","Plantae",244690,390,"Ripe fruits",2022,8,16,228,2459808,7,2022,8,16,228,2459808,7
31287,42.383141,-71.098061,4,"MA",1186,"Monarda","didyma","scarlet beebalm","Plantae",244690,390,"Ripe fruits",2022,8,30,242,2459822,7,2022,9,20,263,2459843,7
31287,42.383141,-71.098061,4,"MA",1186,"Monarda","didyma","scarlet beebalm","Plantae",244690,482,"Initial growth (forbs)",2022,3,22,81,2459661,7,2022,3,22,81,2459661,7
31287,42.383141,-71.098061,4,"MA",1186,"Monarda","didyma","scarlet beebalm","Plantae",244690,482,"Initial growth (forbs)",2022,4,19,109,2459689,7,2022,5,17,137,2459717,7
31287,42.383141,-71.098061,4,"MA",1186,"Monarda","didyma","scarlet beebalm","Plantae",244690,488,"Leaves (forbs)",2022,3,22,81,2459661,7,2022,3,22,81,2459661,7
31287,42.383141,-71.098061,4,"MA",1186,"Monarda","didyma","scarlet beebalm","Plantae",244690,488,"Leaves (forbs)",2022,4,12,102,2459682,6,2022,9,7,250,2459830,6
31287,42.383141,-71.098061,4,"MA",1186,"Monarda","didyma","scarlet beebalm","Plantae",244690,500,"Flowers or flower buds",2022,6,14,165,2459745,7,2022,6,14,165,2459745,7
31287,42.383141,-71.098061,4,"MA",1186,"Monarda","didyma","scarlet beebalm","Plantae",244690,500,"Flowers or flower buds",2022,6,28,179,2459759,7,2022,8,9,221,2459801,7
31287,42.383141,-71.098061,4,"MA",1186,"Monarda","didyma","scarlet beebalm","Plantae",244690,501,"Open flowers",2022,6,28,179,2459759,7,2022,8,9,221,2459801,7
31287,42.383141,-71.098061,4,"MA",1186,"Monarda","didyma","scarlet beebalm","Plantae",244690,504,"Recent fruit or seed drop",2022,8,30,242,2459822,7,2022,9,20,263,2459843,7
31287,42.383141,-71.098061,4,"MA",1186,"Monarda","didyma","scarlet beebalm","Plantae",244690,516,"Fruits",2022,8,16,228,2459808,7,2022,9,20,263,2459843,7
42044,41.05518,-86.165627,241,"IN",916,"Lobelia","cardinalis","cardinalflower","Plantae",256682,482,"Initial growth (forbs)",2022,4,9,99,2459679,9,2022,4,9,99,2459679,5
42044,41.05518,-86.165627,241,"IN",916,"Lobelia","cardinalis","cardinalflower","Plantae",256682,482,"Initial growth (forbs)",2022,5,7,127,2459707,15,2022,6,7,158,2459738,9
42044,41.05518,-86.165627,241,"IN",916,"Lobelia","cardinalis","cardinalflower","Plantae",256682,488,"Leaves (forbs)",2022,5,7,127,2459707,15,2022,8,3,215,2459795,19
42044,41.05518,-86.165627,241,"IN",916,"Lobelia","cardinalis","cardinalflower","Plantae",256682,500,"Flowers or flower buds",2022,6,25,176,2459756,9,2022,7,22,203,2459783,12
42044,41.05518,-86.165627,241,"IN",916,"Lobelia","cardinalis","cardinalflower","Plantae",256682,501,"Open flowers",2022,7,7,188,2459768,7,2022,7,22,203,2459783,12
42044,41.05518,-86.165627,241,"IN",916,"Lobelia","cardinalis","cardinalflower","Plantae",256682,504,"Recent fruit or seed drop",2022,8,3,215,2459795,12,2022,10,1,274,2459854,46
43627,44.445614,-93.157532,289,"MN",1186,"Monarda","didyma","scarlet beebalm","Plantae",266275,390,"Ripe fruits",2022,7,31,212,2459792,9,2022,9,16,259,2459839,9
43627,44.445614,-93.157532,289,"MN",1186,"Monarda","didyma","scarlet beebalm","Plantae",266275,482,"Initial growth (forbs)",2022,3,20,79,2459659,NA,2022,3,20,79,2459659,4
43627,44.445614,-93.157532,289,"MN",1186,"Monarda","didyma","scarlet beebalm","Plantae",266275,482,"Initial growth (forbs)",2022,3,31,90,2459670,4,2022,5,11,131,2459711,1
43627,44.445614,-93.157532,289,"MN",1186,"Monarda","didyma","scarlet beebalm","Plantae",266275,482,"Initial growth (forbs)",2022,5,13,133,2459713,1,2022,5,21,141,2459721,2
43627,44.445614,-93.157532,289,"MN",1186,"Monarda","didyma","scarlet beebalm","Plantae",266275,482,"Initial growth (forbs)",2022,6,10,161,2459741,2,2022,6,10,161,2459741,3
43627,44.445614,-93.157532,289,"MN",1186,"Monarda","didyma","scarlet beebalm","Plantae",266275,482,"Initial growth (forbs)",2022,9,14,257,2459837,2,2022,10,3,276,2459856,7
43627,44.445614,-93.157532,289,"MN",1186,"Monarda","didyma","scarlet beebalm","Plantae",266275,482,"Initial growth (forbs)",2022,10,14,287,2459867,4,2022,10,17,290,2459870,13
43627,44.445614,-93.157532,289,"MN",1186,"Monarda","didyma","scarlet beebalm","Plantae",266275,482,"Initial growth (forbs)",2022,11,2,306,2459886,3,2022,11,2,306,2459886,NA
43627,44.445614,-93.157532,289,"MN",1186,"Monarda","didyma","scarlet beebalm","Plantae",266275,488,"Leaves (forbs)",2022,3,20,79,2459659,NA,2022,11,2,306,2459886,NA
43627,44.445614,-93.157532,289,"MN",1186,"Monarda","didyma","scarlet beebalm","Plantae",266275,500,"Flowers or flower buds",2022,6,29,180,2459760,2,2022,8,5,217,2459797,5
43627,44.445614,-93.157532,289,"MN",1186,"Monarda","didyma","scarlet beebalm","Plantae",266275,501,"Open flowers",2022,7,1,182,2459762,2,2022,8,5,217,2459797,5
43627,44.445614,-93.157532,289,"MN",1186,"Monarda","didyma","scarlet beebalm","Plantae",266275,504,"Recent fruit or seed drop",2022,8,10,222,2459802,5,2022,9,16,259,2459839,9
43627,44.445614,-93.157532,289,"MN",1186,"Monarda","didyma","scarlet beebalm","Plantae",266275,516,"Fruits",2022,7,27,208,2459788,5,2022,9,2,245,2459825,3
43627,44.445614,-93.157532,289,"MN",1186,"Monarda","didyma","scarlet beebalm","Plantae",266275,516,"Fruits",2022,9,12,255,2459835,7,2022,9,14,257,2459837,2
43881,38.74696,-77.577141,69,"VA",916,"Lobelia","cardinalis","cardinalflower","Plantae",273148,390,"Ripe fruits",2022,10,10,283,2459863,25,2022,11,6,310,2459890,15
43881,38.74696,-77.577141,69,"VA",916,"Lobelia","cardinalis","cardinalflower","Plantae",273148,482,"Initial growth (forbs)",2022,4,28,118,2459698,16,2022,4,28,118,2459698,26
43881,38.74696,-77.577141,69,"VA",916,"Lobelia","cardinalis","cardinalflower","Plantae",273148,482,"Initial growth (forbs)",2022,5,30,150,2459730,6,2022,5,30,150,2459730,17
43881,38.74696,-77.577141,69,"VA",916,"Lobelia","cardinalis","cardinalflower","Plantae",273148,488,"Leaves (forbs)",2022,4,28,118,2459698,16,2022,9,15,258,2459838,25
43881,38.74696,-77.577141,69,"VA",916,"Lobelia","cardinalis","cardinalflower","Plantae",273148,500,"Flowers or flower buds",2022,7,10,191,2459771,24,2022,8,12,224,2459804,34
43881,38.74696,-77.577141,69,"VA",916,"Lobelia","cardinalis","cardinalflower","Plantae",273148,501,"Open flowers",2022,7,10,191,2459771,24,2022,8,12,224,2459804,34
43881,38.74696,-77.577141,69,"VA",916,"Lobelia","cardinalis","cardinalflower","Plantae",273148,504,"Recent fruit or seed drop",2022,10,10,283,2459863,25,2022,11,6,310,2459890,15
43881,38.74696,-77.577141,69,"VA",916,"Lobelia","cardinalis","cardinalflower","Plantae",273148,516,"Fruits",2022,9,15,258,2459838,34,2022,11,6,310,2459890,15
45412,37.991146,-81.148392,601,"WV",916,"Lobelia","cardinalis","cardinalflower","Plantae",277296,482,"Initial growth (forbs)",2022,4,21,111,2459691,15,2022,5,2,122,2459702,1
45412,37.991146,-81.148392,601,"WV",916,"Lobelia","cardinalis","cardinalflower","Plantae",277296,488,"Leaves (forbs)",2022,3,2,61,2459641,8,2022,3,2,61,2459641,9
45412,37.991146,-81.148392,601,"WV",916,"Lobelia","cardinalis","cardinalflower","Plantae",277296,488,"Leaves (forbs)",2022,4,6,96,2459676,7,2022,5,2,122,2459702,1
45412,37.991146,-81.148392,601,"WV",916,"Lobelia","cardinalis","cardinalflower","Plantae",277296,501,"Open flowers",2022,3,18,77,2459657,7,2022,3,18,77,2459657,6
45412,37.991146,-81.148392,601,"WV",916,"Lobelia","cardinalis","cardinalflower","Plantae",277296,501,"Open flowers",2022,4,21,111,2459691,15,2022,4,21,111,2459691,11
39847,44.936382,-93.208626,246,"MN",916,"Lobelia","cardinalis","cardinalflower","Plantae",292436,390,"Ripe fruits",2022,9,4,247,2459827,3,2022,9,28,271,2459851,NA
39847,44.936382,-93.208626,246,"MN",916,"Lobelia","cardinalis","cardinalflower","Plantae",292436,488,"Leaves (forbs)",2022,5,9,129,2459709,7,2022,6,12,163,2459743,3
39847,44.936382,-93.208626,246,"MN",916,"Lobelia","cardinalis","cardinalflower","Plantae",292436,488,"Leaves (forbs)",2022,6,19,170,2459750,4,2022,9,28,271,2459851,NA
39847,44.936382,-93.208626,246,"MN",916,"Lobelia","cardinalis","cardinalflower","Plantae",292436,500,"Flowers or flower buds",2022,6,19,170,2459750,7,2022,9,23,266,2459846,5
39847,44.936382,-93.208626,246,"MN",916,"Lobelia","cardinalis","cardinalflower","Plantae",292436,501,"Open flowers",2022,7,14,195,2459775,18,2022,9,23,266,2459846,5
39847,44.936382,-93.208626,246,"MN",916,"Lobelia","cardinalis","cardinalflower","Plantae",292436,516,"Fruits",2022,8,17,229,2459809,27,2022,9,28,271,2459851,NA
34665,38.999882,-86.59021,248,"IN",1186,"Monarda","didyma","scarlet beebalm","Plantae",293028,390,"Ripe fruits",2022,8,25,237,2459817,21,2022,9,5,248,2459828,30
34665,38.999882,-86.59021,248,"IN",1186,"Monarda","didyma","scarlet beebalm","Plantae",293028,482,"Initial growth (forbs)",2022,4,14,104,2459684,NA,2022,4,14,104,2459684,13
34665,38.999882,-86.59021,248,"IN",1186,"Monarda","didyma","scarlet beebalm","Plantae",293028,488,"Leaves (forbs)",2022,4,14,104,2459684,NA,2022,9,5,248,2459828,30
34665,38.999882,-86.59021,248,"IN",1186,"Monarda","didyma","scarlet beebalm","Plantae",293028,500,"Flowers or flower buds",2022,6,28,179,2459759,17,2022,8,4,216,2459796,21
34665,38.999882,-86.59021,248,"IN",1186,"Monarda","didyma","scarlet beebalm","Plantae",293028,501,"Open flowers",2022,6,28,179,2459759,17,2022,8,4,216,2459796,21
34665,38.999882,-86.59021,248,"IN",1186,"Monarda","didyma","scarlet beebalm","Plantae",293028,504,"Recent fruit or seed drop",2022,8,25,237,2459817,21,2022,8,25,237,2459817,41
34665,38.999882,-86.59021,248,"IN",1186,"Monarda","didyma","scarlet beebalm","Plantae",293028,516,"Fruits",2022,8,25,237,2459817,46,2022,9,5,248,2459828,30
46582,38.915703,-77.108826,32,"VA",916,"Lobelia","cardinalis","cardinalflower","Plantae",293835,390,"Ripe fruits",2022,10,5,278,2459858,11,2022,10,5,278,2459858,10
46582,38.915703,-77.108826,32,"VA",916,"Lobelia","cardinalis","cardinalflower","Plantae",293835,390,"Ripe fruits",2022,10,22,295,2459875,7,2022,10,22,295,2459875,11
46582,38.915703,-77.108826,32,"VA",916,"Lobelia","cardinalis","cardinalflower","Plantae",293835,390,"Ripe fruits",2022,11,10,314,2459894,8,2022,11,10,314,2459894,2
46582,38.915703,-77.108826,32,"VA",916,"Lobelia","cardinalis","cardinalflower","Plantae",293835,390,"Ripe fruits",2022,11,20,324,2459904,8,2022,11,30,334,2459914,7
46582,38.915703,-77.108826,32,"VA",916,"Lobelia","cardinalis","cardinalflower","Plantae",293835,482,"Initial growth (forbs)",2022,4,29,119,2459699,25,2022,5,11,131,2459711,7
46582,38.915703,-77.108826,32,"VA",916,"Lobelia","cardinalis","cardinalflower","Plantae",293835,488,"Leaves (forbs)",2022,4,30,120,2459700,1,2022,11,2,306,2459886,8
46582,38.915703,-77.108826,32,"VA",916,"Lobelia","cardinalis","cardinalflower","Plantae",293835,488,"Leaves (forbs)",2022,11,12,316,2459896,2,2022,11,12,316,2459896,8
46582,38.915703,-77.108826,32,"VA",916,"Lobelia","cardinalis","cardinalflower","Plantae",293835,500,"Flowers or flower buds",2022,7,29,210,2459790,16,2022,10,22,295,2459875,6
46582,38.915703,-77.108826,32,"VA",916,"Lobelia","cardinalis","cardinalflower","Plantae",293835,500,"Flowers or flower buds",2022,11,2,306,2459886,5,2022,11,2,306,2459886,8
46582,38.915703,-77.108826,32,"VA",916,"Lobelia","cardinalis","cardinalflower","Plantae",293835,500,"Flowers or flower buds",2022,11,12,316,2459896,2,2022,11,12,316,2459896,8
46582,38.915703,-77.108826,32,"VA",916,"Lobelia","cardinalis","cardinalflower","Plantae",293835,501,"Open flowers",2022,8,19,231,2459811,21,2022,9,4,247,2459827,13
46582,38.915703,-77.108826,32,"VA",916,"Lobelia","cardinalis","cardinalflower","Plantae",293835,501,"Open flowers",2022,10,15,288,2459868,10,2022,10,22,295,2459875,6
46582,38.915703,-77.108826,32,"VA",916,"Lobelia","cardinalis","cardinalflower","Plantae",293835,501,"Open flowers",2022,11,2,306,2459886,5,2022,11,2,306,2459886,8
46582,38.915703,-77.108826,32,"VA",916,"Lobelia","cardinalis","cardinalflower","Plantae",293835,504,"Recent fruit or seed drop",2022,10,22,295,2459875,7,2022,10,22,295,2459875,11
46582,38.915703,-77.108826,32,"VA",916,"Lobelia","cardinalis","cardinalflower","Plantae",293835,504,"Recent fruit or seed drop",2022,11,20,324,2459904,8,2022,11,20,324,2459904,17
46582,38.915703,-77.108826,32,"VA",916,"Lobelia","cardinalis","cardinalflower","Plantae",293835,516,"Fruits",2022,8,24,236,2459816,5,2022,8,31,243,2459823,4
46582,38.915703,-77.108826,32,"VA",916,"Lobelia","cardinalis","cardinalflower","Plantae",293835,516,"Fruits",2022,9,17,260,2459840,13,2022,9,17,260,2459840,7
46582,38.915703,-77.108826,32,"VA",916,"Lobelia","cardinalis","cardinalflower","Plantae",293835,516,"Fruits",2022,10,5,278,2459858,11,2022,10,5,278,2459858,10
46582,38.915703,-77.108826,32,"VA",916,"Lobelia","cardinalis","cardinalflower","Plantae",293835,516,"Fruits",2022,10,22,295,2459875,7,2022,10,22,295,2459875,11
46582,38.915703,-77.108826,32,"VA",916,"Lobelia","cardinalis","cardinalflower","Plantae",293835,516,"Fruits",2022,11,10,314,2459894,8,2022,11,10,314,2459894,2
46582,38.915703,-77.108826,32,"VA",916,"Lobelia","cardinalis","cardinalflower","Plantae",293835,516,"Fruits",2022,11,20,324,2459904,8,2022,11,30,334,2459914,7
46582,38.915703,-77.108826,32,"VA",916,"Lobelia","cardinalis","cardinalflower","Plantae",293836,390,"Ripe fruits",2022,11,10,314,2459894,8,2022,11,10,314,2459894,10
46582,38.915703,-77.108826,32,"VA",916,"Lobelia","cardinalis","cardinalflower","Plantae",293836,482,"Initial growth (forbs)",2022,4,29,119,2459699,NA,2022,5,7,127,2459707,4
46582,38.915703,-77.108826,32,"VA",916,"Lobelia","cardinalis","cardinalflower","Plantae",293836,482,"Initial growth (forbs)",2022,10,22,295,2459875,17,2022,10,22,295,2459875,6
46582,38.915703,-77.108826,32,"VA",916,"Lobelia","cardinalis","cardinalflower","Plantae",293836,488,"Leaves (forbs)",2022,5,7,127,2459707,7,2022,10,28,301,2459881,5
46582,38.915703,-77.108826,32,"VA",916,"Lobelia","cardinalis","cardinalflower","Plantae",293836,500,"Flowers or flower buds",2022,7,3,184,2459764,11,2022,7,3,184,2459764,7
46582,38.915703,-77.108826,32,"VA",916,"Lobelia","cardinalis","cardinalflower","Plantae",293836,500,"Flowers or flower buds",2022,8,19,231,2459811,21,2022,8,31,243,2459823,35
46582,38.915703,-77.108826,32,"VA",916,"Lobelia","cardinalis","cardinalflower","Plantae",293836,501,"Open flowers",2022,7,3,184,2459764,11,2022,7,3,184,2459764,7
46582,38.915703,-77.108826,32,"VA",916,"Lobelia","cardinalis","cardinalflower","Plantae",293836,501,"Open flowers",2022,8,19,231,2459811,21,2022,8,31,243,2459823,35
46582,38.915703,-77.108826,32,"VA",916,"Lobelia","cardinalis","cardinalflower","Plantae",293836,516,"Fruits",2022,11,10,314,2459894,8,2022,11,10,314,2459894,10
32443,39.90163,-86.175911,242,"IN",1186,"Monarda","didyma","scarlet beebalm","Plantae",294149,390,"Ripe fruits",2022,8,30,242,2459822,NA,2022,8,30,242,2459822,NA
32443,39.90163,-86.175911,242,"IN",1186,"Monarda","didyma","scarlet beebalm","Plantae",294149,488,"Leaves (forbs)",2022,5,4,124,2459704,NA,2022,9,27,270,2459850,NA
32443,39.90163,-86.175911,242,"IN",1186,"Monarda","didyma","scarlet beebalm","Plantae",294149,500,"Flowers or flower buds",2022,6,7,158,2459738,NA,2022,8,2,214,2459794,NA
32443,39.90163,-86.175911,242,"IN",1186,"Monarda","didyma","scarlet beebalm","Plantae",294149,501,"Open flowers",2022,6,15,166,2459746,NA,2022,9,6,249,2459829,NA
32443,39.90163,-86.175911,242,"IN",1186,"Monarda","didyma","scarlet beebalm","Plantae",294149,504,"Recent fruit or seed drop",2022,9,27,270,2459850,NA,2022,9,27,270,2459850,NA
32443,39.90163,-86.175911,242,"IN",1186,"Monarda","didyma","scarlet beebalm","Plantae",294149,516,"Fruits",2022,8,2,214,2459794,NA,2022,9,14,257,2459837,NA
47798,35.671856,-105.947845,2125,"NM",309,"Campsis","radicans","trumpet creeper","Plantae",294150,371,"Breaking leaf buds",2022,5,1,121,2459701,NA,2022,5,10,130,2459710,2
47798,35.671856,-105.947845,2125,"NM",309,"Campsis","radicans","trumpet creeper","Plantae",294150,371,"Breaking leaf buds",2022,6,17,168,2459748,33,2022,6,17,168,2459748,NA
47798,35.671856,-105.947845,2125,"NM",309,"Campsis","radicans","trumpet creeper","Plantae",294150,467,"Increasing leaf size",2022,5,7,127,2459707,2,2022,6,17,168,2459748,NA
47798,35.671856,-105.947845,2125,"NM",309,"Campsis","radicans","trumpet creeper","Plantae",294150,483,"Leaves",2022,5,1,121,2459701,NA,2022,6,17,168,2459748,NA
47798,35.671856,-105.947845,2125,"NM",309,"Campsis","radicans","trumpet creeper","Plantae",294151,371,"Breaking leaf buds",2022,5,1,121,2459701,NA,2022,5,10,130,2459710,2
47798,35.671856,-105.947845,2125,"NM",309,"Campsis","radicans","trumpet creeper","Plantae",294151,467,"Increasing leaf size",2022,5,15,135,2459715,3,2022,6,17,168,2459748,NA
47798,35.671856,-105.947845,2125,"NM",309,"Campsis","radicans","trumpet creeper","Plantae",294151,483,"Leaves",2022,5,7,127,2459707,2,2022,6,17,168,2459748,NA
47798,35.671856,-105.947845,2125,"NM",309,"Campsis","radicans","trumpet creeper","Plantae",294152,371,"Breaking leaf buds",2022,5,1,121,2459701,NA,2022,5,10,130,2459710,2
47798,35.671856,-105.947845,2125,"NM",309,"Campsis","radicans","trumpet creeper","Plantae",294152,467,"Increasing leaf size",2022,5,7,127,2459707,2,2022,6,17,168,2459748,NA
47798,35.671856,-105.947845,2125,"NM",309,"Campsis","radicans","trumpet creeper","Plantae",294152,483,"Leaves",2022,5,1,121,2459701,NA,2022,6,17,168,2459748,NA
47798,35.671856,-105.947845,2125,"NM",309,"Campsis","radicans","trumpet creeper","Plantae",294152,500,"Flowers or flower buds",2022,6,17,168,2459748,33,2022,6,17,168,2459748,NA
47798,35.671856,-105.947845,2125,"NM",309,"Campsis","radicans","trumpet creeper","Plantae",294152,501,"Open flowers",2022,6,17,168,2459748,33,2022,6,17,168,2459748,NA
48141,40.655869,-74.254326,16,"NJ",1186,"Monarda","didyma","scarlet beebalm","Plantae",294785,488,"Leaves (forbs)",2022,5,5,125,2459705,NA,2022,5,5,125,2459705,NA
48360,39.935463,-75.439774,92,"PA",916,"Lobelia","cardinalis","cardinalflower","Plantae",296519,482,"Initial growth (forbs)",2022,7,5,186,2459766,2,2022,7,5,186,2459766,19
48360,39.935463,-75.439774,92,"PA",916,"Lobelia","cardinalis","cardinalflower","Plantae",296519,488,"Leaves (forbs)",2022,6,11,162,2459742,NA,2022,7,5,186,2459766,19
48360,39.935463,-75.439774,92,"PA",916,"Lobelia","cardinalis","cardinalflower","Plantae",296519,488,"Leaves (forbs)",2022,8,7,219,2459799,7,2022,8,20,232,2459812,15
48360,39.935463,-75.439774,92,"PA",916,"Lobelia","cardinalis","cardinalflower","Plantae",296519,500,"Flowers or flower buds",2022,6,26,177,2459757,8,2022,7,5,186,2459766,19
48360,39.935463,-75.439774,92,"PA",916,"Lobelia","cardinalis","cardinalflower","Plantae",296519,500,"Flowers or flower buds",2022,8,7,219,2459799,7,2022,8,20,232,2459812,15
48360,39.935463,-75.439774,92,"PA",916,"Lobelia","cardinalis","cardinalflower","Plantae",296519,501,"Open flowers",2022,7,3,184,2459764,7,2022,7,5,186,2459766,19
48360,39.935463,-75.439774,92,"PA",916,"Lobelia","cardinalis","cardinalflower","Plantae",296519,501,"Open flowers",2022,8,14,226,2459806,7,2022,8,14,226,2459806,6
48524,42.568298,-71.156731,27,"MA",916,"Lobelia","cardinalis","cardinalflower","Plantae",297415,390,"Ripe fruits",2022,10,12,285,2459865,15,2022,12,18,352,2459932,NA
48524,42.568298,-71.156731,27,"MA",916,"Lobelia","cardinalis","cardinalflower","Plantae",297415,488,"Leaves (forbs)",2022,8,4,216,2459796,NA,2022,11,15,319,2459899,11
48524,42.568298,-71.156731,27,"MA",916,"Lobelia","cardinalis","cardinalflower","Plantae",297415,500,"Flowers or flower buds",2022,8,4,216,2459796,NA,2022,9,27,270,2459850,15
48524,42.568298,-71.156731,27,"MA",916,"Lobelia","cardinalis","cardinalflower","Plantae",297415,501,"Open flowers",2022,8,13,225,2459805,NA,2022,9,27,270,2459850,15
48524,42.568298,-71.156731,27,"MA",916,"Lobelia","cardinalis","cardinalflower","Plantae",297415,504,"Recent fruit or seed drop",2022,11,26,330,2459910,39,2022,12,18,352,2459932,NA
48524,42.568298,-71.156731,27,"MA",916,"Lobelia","cardinalis","cardinalflower","Plantae",297415,516,"Fruits",2022,8,13,225,2459805,NA,2022,12,18,352,2459932,NA
48949,35.867916,-78.731087,114,"NC",916,"Lobelia","cardinalis","cardinalflower","Plantae",299543,482,"Initial growth (forbs)",2022,9,11,254,2459834,NA,2022,9,11,254,2459834,41
48949,35.867916,-78.731087,114,"NC",916,"Lobelia","cardinalis","cardinalflower","Plantae",299543,488,"Leaves (forbs)",2022,9,11,254,2459834,NA,2022,10,27,300,2459880,NA
48949,35.867916,-78.731087,114,"NC",916,"Lobelia","cardinalis","cardinalflower","Plantae",299543,500,"Flowers or flower buds",2022,9,11,254,2459834,NA,2022,9,14,257,2459837,5
48949,35.867916,-78.731087,114,"NC",916,"Lobelia","cardinalis","cardinalflower","Plantae",299543,501,"Open flowers",2022,9,11,254,2459834,NA,2022,9,14,257,2459837,5
48949,35.867916,-78.731087,114,"NC",916,"Lobelia","cardinalis","cardinalflower","Plantae",299543,516,"Fruits",2022,9,11,254,2459834,NA,2022,10,3,276,2459856,6
8253,40.672852,-111.969254,1333,"UT",309,"Campsis","radicans","trumpet creeper","Plantae",23696,371,"Breaking leaf buds",2023,5,3,123,2460068,3,2023,5,10,130,2460075,43
8253,40.672852,-111.969254,1333,"UT",309,"Campsis","radicans","trumpet creeper","Plantae",23696,467,"Increasing leaf size",2023,6,22,173,2460118,43,2023,7,19,200,2460145,NA
8253,40.672852,-111.969254,1333,"UT",309,"Campsis","radicans","trumpet creeper","Plantae",23696,483,"Leaves",2023,5,10,130,2460075,7,2023,7,19,200,2460145,NA
10585,41.433689,-81.693153,219,"OH",1186,"Monarda","didyma","scarlet beebalm","Plantae",41716,390,"Ripe fruits",2023,8,24,236,2460181,7,2023,12,21,355,2460300,NA
10585,41.433689,-81.693153,219,"OH",1186,"Monarda","didyma","scarlet beebalm","Plantae",41716,482,"Initial growth (forbs)",2023,4,13,103,2460048,7,2023,4,13,103,2460048,NA
10585,41.433689,-81.693153,219,"OH",1186,"Monarda","didyma","scarlet beebalm","Plantae",41716,488,"Leaves (forbs)",2023,4,20,110,2460055,7,2023,6,8,159,2460104,NA
10585,41.433689,-81.693153,219,"OH",1186,"Monarda","didyma","scarlet beebalm","Plantae",41716,500,"Flowers or flower buds",2023,6,29,180,2460125,7,2023,8,3,215,2460160,NA
10585,41.433689,-81.693153,219,"OH",1186,"Monarda","didyma","scarlet beebalm","Plantae",41716,501,"Open flowers",2023,7,6,187,2460132,7,2023,9,7,250,2460195,7
10585,41.433689,-81.693153,219,"OH",1186,"Monarda","didyma","scarlet beebalm","Plantae",41716,504,"Recent fruit or seed drop",2023,8,31,243,2460188,7,2023,12,21,355,2460300,NA
10585,41.433689,-81.693153,219,"OH",1186,"Monarda","didyma","scarlet beebalm","Plantae",41716,516,"Fruits",2023,7,27,208,2460153,7,2023,12,21,355,2460300,NA
10585,41.433689,-81.693153,219,"OH",916,"Lobelia","cardinalis","cardinalflower","Plantae",43933,390,"Ripe fruits",2023,9,7,250,2460195,7,2023,11,2,306,2460251,7
10585,41.433689,-81.693153,219,"OH",916,"Lobelia","cardinalis","cardinalflower","Plantae",43933,488,"Leaves (forbs)",2023,6,1,152,2460097,NA,2023,6,8,159,2460104,NA
10585,41.433689,-81.693153,219,"OH",916,"Lobelia","cardinalis","cardinalflower","Plantae",43933,500,"Flowers or flower buds",2023,7,27,208,2460153,21,2023,8,10,222,2460167,NA
10585,41.433689,-81.693153,219,"OH",916,"Lobelia","cardinalis","cardinalflower","Plantae",43933,501,"Open flowers",2023,7,27,208,2460153,NA,2023,8,31,243,2460188,7
10585,41.433689,-81.693153,219,"OH",916,"Lobelia","cardinalis","cardinalflower","Plantae",43933,504,"Recent fruit or seed drop",2023,9,7,250,2460195,NA,2023,11,2,306,2460251,7
10585,41.433689,-81.693153,219,"OH",916,"Lobelia","cardinalis","cardinalflower","Plantae",43933,516,"Fruits",2023,8,17,229,2460174,7,2023,11,2,306,2460251,7
8418,32.363758,-94.873947,115,"TX",309,"Campsis","radicans","trumpet creeper","Plantae",46438,371,"Breaking leaf buds",2023,3,26,85,2460030,3,2023,6,8,159,2460104,3
8418,32.363758,-94.873947,115,"TX",309,"Campsis","radicans","trumpet creeper","Plantae",46438,371,"Breaking leaf buds",2023,10,11,284,2460229,3,2023,10,11,284,2460229,8
8418,32.363758,-94.873947,115,"TX",309,"Campsis","radicans","trumpet creeper","Plantae",46438,390,"Ripe fruits",2023,10,19,292,2460237,8,2023,12,28,362,2460307,3
8418,32.363758,-94.873947,115,"TX",309,"Campsis","radicans","trumpet creeper","Plantae",46438,467,"Increasing leaf size",2023,4,20,110,2460055,14,2023,6,15,166,2460111,3
8418,32.363758,-94.873947,115,"TX",309,"Campsis","radicans","trumpet creeper","Plantae",46438,467,"Increasing leaf size",2023,6,22,173,2460118,4,2023,7,23,204,2460149,21
8418,32.363758,-94.873947,115,"TX",309,"Campsis","radicans","trumpet creeper","Plantae",46438,467,"Increasing leaf size",2023,10,19,292,2460237,8,2023,11,26,330,2460275,8
8418,32.363758,-94.873947,115,"TX",309,"Campsis","radicans","trumpet creeper","Plantae",46438,471,"Falling leaves",2023,8,13,225,2460170,21,2023,8,13,225,2460170,4
8418,32.363758,-94.873947,115,"TX",309,"Campsis","radicans","trumpet creeper","Plantae",46438,471,"Falling leaves",2023,9,3,246,2460191,4,2023,9,14,257,2460202,4
8418,32.363758,-94.873947,115,"TX",309,"Campsis","radicans","trumpet creeper","Plantae",46438,471,"Falling leaves",2023,12,4,338,2460283,8,2023,12,28,362,2460307,3
8418,32.363758,-94.873947,115,"TX",309,"Campsis","radicans","trumpet creeper","Plantae",46438,483,"Leaves",2023,4,1,91,2460036,6,2023,12,28,362,2460307,3
8418,32.363758,-94.873947,115,"TX",309,"Campsis","radicans","trumpet creeper","Plantae",46438,498,"Colored leaves",2023,8,30,242,2460187,10,2023,9,18,261,2460206,3
8418,32.363758,-94.873947,115,"TX",309,"Campsis","radicans","trumpet creeper","Plantae",46438,498,"Colored leaves",2023,11,8,312,2460257,3,2023,12,28,362,2460307,3
8418,32.363758,-94.873947,115,"TX",309,"Campsis","radicans","trumpet creeper","Plantae",46438,500,"Flowers or flower buds",2023,5,21,141,2460086,3,2023,8,13,225,2460170,4
8418,32.363758,-94.873947,115,"TX",309,"Campsis","radicans","trumpet creeper","Plantae",46438,501,"Open flowers",2023,5,28,148,2460093,3,2023,6,15,166,2460111,3
8418,32.363758,-94.873947,115,"TX",309,"Campsis","radicans","trumpet creeper","Plantae",46438,501,"Open flowers",2023,6,22,173,2460118,4,2023,8,13,225,2460170,4
8418,32.363758,-94.873947,115,"TX",309,"Campsis","radicans","trumpet creeper","Plantae",46438,504,"Recent fruit or seed drop",2023,10,29,302,2460247,3,2023,12,28,362,2460307,3
8418,32.363758,-94.873947,115,"TX",309,"Campsis","radicans","trumpet creeper","Plantae",46438,516,"Fruits",2023,8,17,229,2460174,25,2023,12,28,362,2460307,3
27474,29.784473,-90.114784,0,"LA",309,"Campsis","radicans","trumpet creeper","Plantae",141892,371,"Breaking leaf buds",2023,6,30,181,2460126,72,2023,6,30,181,2460126,181
27474,29.784473,-90.114784,0,"LA",309,"Campsis","radicans","trumpet creeper","Plantae",141892,467,"Increasing leaf size",2023,3,3,62,2460007,44,2023,6,30,181,2460126,181
27474,29.784473,-90.114784,0,"LA",309,"Campsis","radicans","trumpet creeper","Plantae",141892,471,"Falling leaves",2023,12,28,362,2460307,181,2023,12,28,362,2460307,NA
27474,29.784473,-90.114784,0,"LA",309,"Campsis","radicans","trumpet creeper","Plantae",141892,483,"Leaves",2023,3,3,62,2460007,44,2023,12,28,362,2460307,NA
27474,29.784473,-90.114784,0,"LA",309,"Campsis","radicans","trumpet creeper","Plantae",141892,498,"Colored leaves",2023,12,28,362,2460307,181,2023,12,28,362,2460307,NA
27474,29.784473,-90.114784,0,"LA",309,"Campsis","radicans","trumpet creeper","Plantae",141892,500,"Flowers or flower buds",2023,6,30,181,2460126,72,2023,6,30,181,2460126,181
27475,29.783813,-90.117561,0,"LA",309,"Campsis","radicans","trumpet creeper","Plantae",141902,371,"Breaking leaf buds",2023,4,6,96,2460041,NA,2023,4,6,96,2460041,14
27475,29.783813,-90.117561,0,"LA",309,"Campsis","radicans","trumpet creeper","Plantae",141902,467,"Increasing leaf size",2023,4,6,96,2460041,NA,2023,4,20,110,2460055,NA
27475,29.783813,-90.117561,0,"LA",309,"Campsis","radicans","trumpet creeper","Plantae",141902,483,"Leaves",2023,4,6,96,2460041,NA,2023,4,20,110,2460055,NA
27477,29.793816,-90.122452,0,"LA",309,"Campsis","radicans","trumpet creeper","Plantae",141921,371,"Breaking leaf buds",2023,3,23,82,2460027,64,2023,4,13,103,2460048,21
27477,29.793816,-90.122452,0,"LA",309,"Campsis","radicans","trumpet creeper","Plantae",141921,467,"Increasing leaf size",2023,3,23,82,2460027,64,2023,6,2,153,2460098,28
27477,29.793816,-90.122452,0,"LA",309,"Campsis","radicans","trumpet creeper","Plantae",141921,467,"Increasing leaf size",2023,7,7,188,2460133,7,2023,7,7,188,2460133,87
27477,29.793816,-90.122452,0,"LA",309,"Campsis","radicans","trumpet creeper","Plantae",141921,483,"Leaves",2023,3,23,82,2460027,64,2023,7,7,188,2460133,87
27477,29.793816,-90.122452,0,"LA",309,"Campsis","radicans","trumpet creeper","Plantae",141921,483,"Leaves",2023,11,4,308,2460253,33,2023,11,4,308,2460253,54
27477,29.793816,-90.122452,0,"LA",309,"Campsis","radicans","trumpet creeper","Plantae",141921,500,"Flowers or flower buds",2023,6,30,181,2460126,28,2023,6,30,181,2460126,7
27477,29.793816,-90.122452,0,"LA",309,"Campsis","radicans","trumpet creeper","Plantae",141921,501,"Open flowers",2023,6,30,181,2460126,28,2023,6,30,181,2460126,7
36351,38.952805,-75.933502,13,"MD",916,"Lobelia","cardinalis","cardinalflower","Plantae",223675,390,"Ripe fruits",2023,9,22,265,2460210,14,2023,10,20,293,2460238,14
36351,38.952805,-75.933502,13,"MD",916,"Lobelia","cardinalis","cardinalflower","Plantae",223675,390,"Ripe fruits",2023,11,17,321,2460266,14,2023,12,29,363,2460308,NA
36351,38.952805,-75.933502,13,"MD",916,"Lobelia","cardinalis","cardinalflower","Plantae",223675,500,"Flowers or flower buds",2023,8,25,237,2460182,14,2023,9,8,251,2460196,14
36351,38.952805,-75.933502,13,"MD",916,"Lobelia","cardinalis","cardinalflower","Plantae",223675,501,"Open flowers",2023,8,25,237,2460182,14,2023,9,8,251,2460196,14
36351,38.952805,-75.933502,13,"MD",916,"Lobelia","cardinalis","cardinalflower","Plantae",223675,516,"Fruits",2023,9,8,251,2460196,14,2023,10,20,293,2460238,14
36351,38.952805,-75.933502,13,"MD",916,"Lobelia","cardinalis","cardinalflower","Plantae",223675,516,"Fruits",2023,11,17,321,2460266,14,2023,12,29,363,2460308,NA
32443,39.90163,-86.175911,242,"IN",916,"Lobelia","cardinalis","cardinalflower","Plantae",223769,390,"Ripe fruits",2023,9,14,257,2460202,10,2023,10,30,303,2460248,NA
32443,39.90163,-86.175911,242,"IN",916,"Lobelia","cardinalis","cardinalflower","Plantae",223769,482,"Initial growth (forbs)",2023,2,27,58,2460003,NA,2023,4,10,100,2460045,NA
32443,39.90163,-86.175911,242,"IN",916,"Lobelia","cardinalis","cardinalflower","Plantae",223769,488,"Leaves (forbs)",2023,1,17,17,2459962,NA,2023,3,21,80,2460025,5
32443,39.90163,-86.175911,242,"IN",916,"Lobelia","cardinalis","cardinalflower","Plantae",223769,488,"Leaves (forbs)",2023,4,3,93,2460038,8,2023,10,18,291,2460236,6
32443,39.90163,-86.175911,242,"IN",916,"Lobelia","cardinalis","cardinalflower","Plantae",223769,488,"Leaves (forbs)",2023,11,7,311,2460256,8,2023,11,7,311,2460256,NA
32443,39.90163,-86.175911,242,"IN",916,"Lobelia","cardinalis","cardinalflower","Plantae",223769,500,"Flowers or flower buds",2023,5,16,136,2460081,7,2023,5,16,136,2460081,8
32443,39.90163,-86.175911,242,"IN",916,"Lobelia","cardinalis","cardinalflower","Plantae",223769,500,"Flowers or flower buds",2023,6,12,163,2460108,7,2023,8,15,227,2460172,15
32443,39.90163,-86.175911,242,"IN",916,"Lobelia","cardinalis","cardinalflower","Plantae",223769,501,"Open flowers",2023,7,10,191,2460136,6,2023,8,15,227,2460172,NA
32443,39.90163,-86.175911,242,"IN",916,"Lobelia","cardinalis","cardinalflower","Plantae",223769,504,"Recent fruit or seed drop",2023,10,11,284,2460229,8,2023,10,11,284,2460229,7
32443,39.90163,-86.175911,242,"IN",916,"Lobelia","cardinalis","cardinalflower","Plantae",223769,504,"Recent fruit or seed drop",2023,10,24,297,2460242,6,2023,10,30,303,2460248,NA
32443,39.90163,-86.175911,242,"IN",916,"Lobelia","cardinalis","cardinalflower","Plantae",223769,516,"Fruits",2023,8,8,220,2460165,43,2023,10,30,303,2460248,NA
16267,41.480042,-81.14473,379,"OH",1186,"Monarda","didyma","scarlet beebalm","Plantae",230327,482,"Initial growth (forbs)",2023,4,5,95,2460040,NA,2023,7,7,188,2460133,18
16267,41.480042,-81.14473,379,"OH",1186,"Monarda","didyma","scarlet beebalm","Plantae",230327,482,"Initial growth (forbs)",2023,8,1,213,2460158,7,2023,8,1,213,2460158,1
16267,41.480042,-81.14473,379,"OH",1186,"Monarda","didyma","scarlet beebalm","Plantae",230327,488,"Leaves (forbs)",2023,3,28,87,2460032,NA,2023,7,7,188,2460133,18
16267,41.480042,-81.14473,379,"OH",1186,"Monarda","didyma","scarlet beebalm","Plantae",230327,488,"Leaves (forbs)",2023,8,1,213,2460158,7,2023,8,1,213,2460158,1
16267,41.480042,-81.14473,379,"OH",1186,"Monarda","didyma","scarlet beebalm","Plantae",230327,500,"Flowers or flower buds",2023,7,7,188,2460133,64,2023,8,2,214,2460159,NA
16267,41.480042,-81.14473,379,"OH",1186,"Monarda","didyma","scarlet beebalm","Plantae",230327,501,"Open flowers",2023,7,7,188,2460133,64,2023,8,2,214,2460159,NA
16267,41.480042,-81.14473,379,"OH",1186,"Monarda","didyma","scarlet beebalm","Plantae",230327,516,"Fruits",2023,8,2,214,2460159,8,2023,8,2,214,2460159,NA
38489,39.065994,-76.504898,6,"MD",309,"Campsis","radicans","trumpet creeper","Plantae",237787,371,"Breaking leaf buds",2023,3,5,64,2460009,NA,2023,3,5,64,2460009,27
38489,39.065994,-76.504898,6,"MD",309,"Campsis","radicans","trumpet creeper","Plantae",237787,371,"Breaking leaf buds",2023,4,18,108,2460053,12,2023,4,18,108,2460053,35
38489,39.065994,-76.504898,6,"MD",309,"Campsis","radicans","trumpet creeper","Plantae",237787,390,"Ripe fruits",2023,11,9,313,2460258,28,2023,11,9,313,2460258,NA
38489,39.065994,-76.504898,6,"MD",309,"Campsis","radicans","trumpet creeper","Plantae",237787,467,"Increasing leaf size",2023,3,5,64,2460009,NA,2023,3,5,64,2460009,27
38489,39.065994,-76.504898,6,"MD",309,"Campsis","radicans","trumpet creeper","Plantae",237787,467,"Increasing leaf size",2023,4,18,108,2460053,12,2023,5,23,143,2460088,52
38489,39.065994,-76.504898,6,"MD",309,"Campsis","radicans","trumpet creeper","Plantae",237787,471,"Falling leaves",2023,11,9,313,2460258,28,2023,11,9,313,2460258,NA
38489,39.065994,-76.504898,6,"MD",309,"Campsis","radicans","trumpet creeper","Plantae",237787,483,"Leaves",2023,3,5,64,2460009,NA,2023,3,5,64,2460009,27
38489,39.065994,-76.504898,6,"MD",309,"Campsis","radicans","trumpet creeper","Plantae",237787,483,"Leaves",2023,4,18,108,2460053,12,2023,11,9,313,2460258,NA
38489,39.065994,-76.504898,6,"MD",309,"Campsis","radicans","trumpet creeper","Plantae",237787,498,"Colored leaves",2023,11,9,313,2460258,28,2023,11,9,313,2460258,NA
38489,39.065994,-76.504898,6,"MD",309,"Campsis","radicans","trumpet creeper","Plantae",237787,500,"Flowers or flower buds",2023,8,30,242,2460187,99,2023,10,12,285,2460230,28
38489,39.065994,-76.504898,6,"MD",309,"Campsis","radicans","trumpet creeper","Plantae",237787,501,"Open flowers",2023,8,30,242,2460187,47,2023,10,12,285,2460230,28
38489,39.065994,-76.504898,6,"MD",309,"Campsis","radicans","trumpet creeper","Plantae",237787,516,"Fruits",2023,8,30,242,2460187,47,2023,11,9,313,2460258,NA
31287,42.383141,-71.098061,4,"MA",1186,"Monarda","didyma","scarlet beebalm","Plantae",244690,390,"Ripe fruits",2023,8,9,221,2460166,8,2023,8,9,221,2460166,13
31287,42.383141,-71.098061,4,"MA",1186,"Monarda","didyma","scarlet beebalm","Plantae",244690,390,"Ripe fruits",2023,9,5,248,2460193,8,2023,9,5,248,2460193,7
31287,42.383141,-71.098061,4,"MA",1186,"Monarda","didyma","scarlet beebalm","Plantae",244690,482,"Initial growth (forbs)",2023,2,22,53,2459998,11,2023,4,18,108,2460053,7
31287,42.383141,-71.098061,4,"MA",1186,"Monarda","didyma","scarlet beebalm","Plantae",244690,488,"Leaves (forbs)",2023,3,23,82,2460027,5,2023,4,18,108,2460053,7
31287,42.383141,-71.098061,4,"MA",1186,"Monarda","didyma","scarlet beebalm","Plantae",244690,488,"Leaves (forbs)",2023,5,2,122,2460067,7,2023,7,18,199,2460144,7
31287,42.383141,-71.098061,4,"MA",1186,"Monarda","didyma","scarlet beebalm","Plantae",244690,488,"Leaves (forbs)",2023,8,1,213,2460158,7,2023,9,12,255,2460200,7
31287,42.383141,-71.098061,4,"MA",1186,"Monarda","didyma","scarlet beebalm","Plantae",244690,500,"Flowers or flower buds",2023,6,20,171,2460116,7,2023,8,9,221,2460166,7
31287,42.383141,-71.098061,4,"MA",1186,"Monarda","didyma","scarlet beebalm","Plantae",244690,501,"Open flowers",2023,7,3,184,2460129,6,2023,8,9,221,2460166,7
31287,42.383141,-71.098061,4,"MA",1186,"Monarda","didyma","scarlet beebalm","Plantae",244690,516,"Fruits",2023,8,9,221,2460166,8,2023,8,9,221,2460166,13
31287,42.383141,-71.098061,4,"MA",1186,"Monarda","didyma","scarlet beebalm","Plantae",244690,516,"Fruits",2023,9,5,248,2460193,8,2023,9,5,248,2460193,7
42044,41.05518,-86.165627,241,"IN",916,"Lobelia","cardinalis","cardinalflower","Plantae",256682,482,"Initial growth (forbs)",2023,4,13,103,2460048,8,2023,6,5,156,2460101,17
42044,41.05518,-86.165627,241,"IN",916,"Lobelia","cardinalis","cardinalflower","Plantae",256682,488,"Leaves (forbs)",2023,4,23,113,2460058,10,2023,7,6,187,2460132,92
42044,41.05518,-86.165627,241,"IN",916,"Lobelia","cardinalis","cardinalflower","Plantae",256682,504,"Recent fruit or seed drop",2023,10,6,279,2460224,92,2023,11,7,311,2460256,31
43627,44.445614,-93.157532,289,"MN",1186,"Monarda","didyma","scarlet beebalm","Plantae",266275,482,"Initial growth (forbs)",2023,4,13,103,2460048,NA,2023,4,19,109,2460054,1
43627,44.445614,-93.157532,289,"MN",1186,"Monarda","didyma","scarlet beebalm","Plantae",266275,482,"Initial growth (forbs)",2023,4,24,114,2460059,1,2023,4,25,115,2460060,2
43627,44.445614,-93.157532,289,"MN",1186,"Monarda","didyma","scarlet beebalm","Plantae",266275,482,"Initial growth (forbs)",2023,5,1,121,2460066,4,2023,5,17,137,2460082,4
43627,44.445614,-93.157532,289,"MN",1186,"Monarda","didyma","scarlet beebalm","Plantae",266275,482,"Initial growth (forbs)",2023,5,29,149,2460094,3,2023,5,29,149,2460094,2
43627,44.445614,-93.157532,289,"MN",1186,"Monarda","didyma","scarlet beebalm","Plantae",266275,482,"Initial growth (forbs)",2023,6,4,155,2460100,2,2023,6,6,157,2460102,1
43627,44.445614,-93.157532,289,"MN",1186,"Monarda","didyma","scarlet beebalm","Plantae",266275,488,"Leaves (forbs)",2023,4,13,103,2460048,NA,2023,5,17,137,2460082,4
43627,44.445614,-93.157532,289,"MN",1186,"Monarda","didyma","scarlet beebalm","Plantae",266275,488,"Leaves (forbs)",2023,5,22,142,2460087,1,2023,9,26,269,2460214,NA
43627,44.445614,-93.157532,289,"MN",1186,"Monarda","didyma","scarlet beebalm","Plantae",266275,500,"Flowers or flower buds",2023,6,19,170,2460115,5,2023,8,19,231,2460176,25
43627,44.445614,-93.157532,289,"MN",1186,"Monarda","didyma","scarlet beebalm","Plantae",266275,501,"Open flowers",2023,7,2,183,2460128,5,2023,8,19,231,2460176,25
43627,44.445614,-93.157532,289,"MN",1186,"Monarda","didyma","scarlet beebalm","Plantae",266275,504,"Recent fruit or seed drop",2023,9,13,256,2460201,25,2023,9,13,256,2460201,NA
43627,44.445614,-93.157532,289,"MN",1186,"Monarda","didyma","scarlet beebalm","Plantae",266275,516,"Fruits",2023,8,3,215,2460160,6,2023,8,19,231,2460176,25
43881,38.74696,-77.577141,69,"VA",916,"Lobelia","cardinalis","cardinalflower","Plantae",273148,482,"Initial growth (forbs)",2023,4,1,91,2460036,NA,2023,5,3,123,2460068,31
43881,38.74696,-77.577141,69,"VA",916,"Lobelia","cardinalis","cardinalflower","Plantae",273148,488,"Leaves (forbs)",2023,4,17,107,2460052,10,2023,6,3,154,2460099,NA
39847,44.936382,-93.208626,246,"MN",916,"Lobelia","cardinalis","cardinalflower","Plantae",292436,390,"Ripe fruits",2023,8,17,229,2460174,7,2023,9,23,266,2460211,7
39847,44.936382,-93.208626,246,"MN",916,"Lobelia","cardinalis","cardinalflower","Plantae",292436,482,"Initial growth (forbs)",2023,4,18,108,2460053,5,2023,6,24,175,2460120,21
39847,44.936382,-93.208626,246,"MN",916,"Lobelia","cardinalis","cardinalflower","Plantae",292436,488,"Leaves (forbs)",2023,4,18,108,2460053,5,2023,9,23,266,2460211,7
39847,44.936382,-93.208626,246,"MN",916,"Lobelia","cardinalis","cardinalflower","Plantae",292436,500,"Flowers or flower buds",2023,6,24,175,2460120,9,2023,9,1,244,2460189,8
39847,44.936382,-93.208626,246,"MN",916,"Lobelia","cardinalis","cardinalflower","Plantae",292436,501,"Open flowers",2023,7,8,189,2460134,14,2023,9,1,244,2460189,8
39847,44.936382,-93.208626,246,"MN",916,"Lobelia","cardinalis","cardinalflower","Plantae",292436,504,"Recent fruit or seed drop",2023,9,1,244,2460189,22,2023,9,23,266,2460211,7
39847,44.936382,-93.208626,246,"MN",916,"Lobelia","cardinalis","cardinalflower","Plantae",292436,516,"Fruits",2023,8,5,217,2460162,7,2023,9,23,266,2460211,7
34665,38.999882,-86.59021,248,"IN",1186,"Monarda","didyma","scarlet beebalm","Plantae",293028,482,"Initial growth (forbs)",2023,3,15,74,2460019,NA,2023,3,15,74,2460019,29
34665,38.999882,-86.59021,248,"IN",1186,"Monarda","didyma","scarlet beebalm","Plantae",293028,488,"Leaves (forbs)",2023,4,13,103,2460048,29,2023,7,27,208,2460153,NA
34665,38.999882,-86.59021,248,"IN",1186,"Monarda","didyma","scarlet beebalm","Plantae",293028,500,"Flowers or flower buds",2023,6,26,177,2460122,69,2023,7,3,184,2460129,24
34665,38.999882,-86.59021,248,"IN",1186,"Monarda","didyma","scarlet beebalm","Plantae",293028,501,"Open flowers",2023,6,26,177,2460122,69,2023,7,3,184,2460129,24
34665,38.999882,-86.59021,248,"IN",1186,"Monarda","didyma","scarlet beebalm","Plantae",293028,516,"Fruits",2023,7,27,208,2460153,24,2023,7,27,208,2460153,NA
46582,38.915703,-77.108826,32,"VA",916,"Lobelia","cardinalis","cardinalflower","Plantae",293835,390,"Ripe fruits",2023,8,14,226,2460171,3,2023,8,14,226,2460171,8
46582,38.915703,-77.108826,32,"VA",916,"Lobelia","cardinalis","cardinalflower","Plantae",293835,390,"Ripe fruits",2023,9,22,265,2460210,6,2023,9,22,265,2460210,13
46582,38.915703,-77.108826,32,"VA",916,"Lobelia","cardinalis","cardinalflower","Plantae",293835,390,"Ripe fruits",2023,10,21,294,2460239,13,2023,10,21,294,2460239,22
46582,38.915703,-77.108826,32,"VA",916,"Lobelia","cardinalis","cardinalflower","Plantae",293835,482,"Initial growth (forbs)",2023,3,1,60,2460005,28,2023,4,26,116,2460061,9
46582,38.915703,-77.108826,32,"VA",916,"Lobelia","cardinalis","cardinalflower","Plantae",293835,482,"Initial growth (forbs)",2023,5,20,140,2460085,8,2023,5,20,140,2460085,6
46582,38.915703,-77.108826,32,"VA",916,"Lobelia","cardinalis","cardinalflower","Plantae",293835,482,"Initial growth (forbs)",2023,6,17,168,2460113,17,2023,6,17,168,2460113,8
46582,38.915703,-77.108826,32,"VA",916,"Lobelia","cardinalis","cardinalflower","Plantae",293835,488,"Leaves (forbs)",2023,2,1,32,2459977,13,2023,8,22,234,2460179,11
46582,38.915703,-77.108826,32,"VA",916,"Lobelia","cardinalis","cardinalflower","Plantae",293835,488,"Leaves (forbs)",2023,9,3,246,2460191,1,2023,9,3,246,2460191,13
46582,38.915703,-77.108826,32,"VA",916,"Lobelia","cardinalis","cardinalflower","Plantae",293835,488,"Leaves (forbs)",2023,9,22,265,2460210,6,2023,9,22,265,2460210,13
46582,38.915703,-77.108826,32,"VA",916,"Lobelia","cardinalis","cardinalflower","Plantae",293835,488,"Leaves (forbs)",2023,10,8,281,2460226,3,2023,10,21,294,2460239,22
46582,38.915703,-77.108826,32,"VA",916,"Lobelia","cardinalis","cardinalflower","Plantae",293835,500,"Flowers or flower buds",2023,8,11,223,2460168,14,2023,8,22,234,2460179,11
46582,38.915703,-77.108826,32,"VA",916,"Lobelia","cardinalis","cardinalflower","Plantae",293835,500,"Flowers or flower buds",2023,9,3,246,2460191,1,2023,9,3,246,2460191,13
46582,38.915703,-77.108826,32,"VA",916,"Lobelia","cardinalis","cardinalflower","Plantae",293835,501,"Open flowers",2023,8,11,223,2460168,14,2023,8,22,234,2460179,11
46582,38.915703,-77.108826,32,"VA",916,"Lobelia","cardinalis","cardinalflower","Plantae",293835,501,"Open flowers",2023,9,3,246,2460191,1,2023,9,3,246,2460191,13
46582,38.915703,-77.108826,32,"VA",916,"Lobelia","cardinalis","cardinalflower","Plantae",293835,504,"Recent fruit or seed drop",2023,8,14,226,2460171,3,2023,8,14,226,2460171,8
46582,38.915703,-77.108826,32,"VA",916,"Lobelia","cardinalis","cardinalflower","Plantae",293835,516,"Fruits",2023,8,14,226,2460171,3,2023,8,22,234,2460179,11
46582,38.915703,-77.108826,32,"VA",916,"Lobelia","cardinalis","cardinalflower","Plantae",293835,516,"Fruits",2023,9,22,265,2460210,6,2023,9,22,265,2460210,13
46582,38.915703,-77.108826,32,"VA",916,"Lobelia","cardinalis","cardinalflower","Plantae",293835,516,"Fruits",2023,10,21,294,2460239,13,2023,10,21,294,2460239,22
46582,38.915703,-77.108826,32,"VA",916,"Lobelia","cardinalis","cardinalflower","Plantae",293836,488,"Leaves (forbs)",2023,5,5,125,2460070,9,2023,5,5,125,2460070,NA
32443,39.90163,-86.175911,242,"IN",1186,"Monarda","didyma","scarlet beebalm","Plantae",294149,390,"Ripe fruits",2023,8,15,227,2460172,7,2023,10,11,284,2460229,NA
32443,39.90163,-86.175911,242,"IN",1186,"Monarda","didyma","scarlet beebalm","Plantae",294149,482,"Initial growth (forbs)",2023,2,7,38,2459983,NA,2023,2,7,38,2459983,20
32443,39.90163,-86.175911,242,"IN",1186,"Monarda","didyma","scarlet beebalm","Plantae",294149,482,"Initial growth (forbs)",2023,3,1,60,2460005,2,2023,4,3,93,2460038,NA
32443,39.90163,-86.175911,242,"IN",1186,"Monarda","didyma","scarlet beebalm","Plantae",294149,488,"Leaves (forbs)",2023,3,26,85,2460030,20,2023,10,30,303,2460248,8
32443,39.90163,-86.175911,242,"IN",1186,"Monarda","didyma","scarlet beebalm","Plantae",294149,500,"Flowers or flower buds",2023,6,5,156,2460101,12,2023,8,15,227,2460172,15
32443,39.90163,-86.175911,242,"IN",1186,"Monarda","didyma","scarlet beebalm","Plantae",294149,501,"Open flowers",2023,6,19,170,2460115,7,2023,8,15,227,2460172,NA
32443,39.90163,-86.175911,242,"IN",1186,"Monarda","didyma","scarlet beebalm","Plantae",294149,504,"Recent fruit or seed drop",2023,8,30,242,2460187,15,2023,10,11,284,2460229,NA
32443,39.90163,-86.175911,242,"IN",1186,"Monarda","didyma","scarlet beebalm","Plantae",294149,516,"Fruits",2023,6,19,170,2460115,NA,2023,6,19,170,2460115,7
32443,39.90163,-86.175911,242,"IN",1186,"Monarda","didyma","scarlet beebalm","Plantae",294149,516,"Fruits",2023,7,10,191,2460136,14,2023,9,26,269,2460214,22
47798,35.671856,-105.947845,2125,"NM",309,"Campsis","radicans","trumpet creeper","Plantae",294152,371,"Breaking leaf buds",2023,5,3,123,2460068,24,2023,5,3,123,2460068,NA
48360,39.935463,-75.439774,92,"PA",916,"Lobelia","cardinalis","cardinalflower","Plantae",296519,482,"Initial growth (forbs)",2023,4,9,99,2460044,NA,2023,5,5,125,2460070,9
48360,39.935463,-75.439774,92,"PA",916,"Lobelia","cardinalis","cardinalflower","Plantae",296519,482,"Initial growth (forbs)",2023,5,18,138,2460083,4,2023,5,27,147,2460092,2
48360,39.935463,-75.439774,92,"PA",916,"Lobelia","cardinalis","cardinalflower","Plantae",296519,482,"Initial growth (forbs)",2023,6,9,160,2460105,11,2023,6,9,160,2460105,1
48360,39.935463,-75.439774,92,"PA",916,"Lobelia","cardinalis","cardinalflower","Plantae",296519,482,"Initial growth (forbs)",2023,6,15,166,2460111,5,2023,6,15,166,2460111,4
48360,39.935463,-75.439774,92,"PA",916,"Lobelia","cardinalis","cardinalflower","Plantae",296519,482,"Initial growth (forbs)",2023,7,3,184,2460129,2,2023,7,3,184,2460129,NA
48360,39.935463,-75.439774,92,"PA",916,"Lobelia","cardinalis","cardinalflower","Plantae",296519,488,"Leaves (forbs)",2023,4,22,112,2460057,7,2023,7,3,184,2460129,NA
48360,39.935463,-75.439774,92,"PA",916,"Lobelia","cardinalis","cardinalflower","Plantae",296519,500,"Flowers or flower buds",2023,6,10,161,2460106,1,2023,7,3,184,2460129,NA
48360,39.935463,-75.439774,92,"PA",916,"Lobelia","cardinalis","cardinalflower","Plantae",296519,501,"Open flowers",2023,7,1,182,2460127,6,2023,7,3,184,2460129,NA
48555,33.813538,-84.28347,307,"GA",916,"Lobelia","cardinalis","cardinalflower","Plantae",305066,390,"Ripe fruits",2023,8,27,239,2460184,8,2023,12,15,349,2460294,NA
48555,33.813538,-84.28347,307,"GA",916,"Lobelia","cardinalis","cardinalflower","Plantae",305066,482,"Initial growth (forbs)",2023,2,22,53,2459998,14,2023,3,30,89,2460034,5
48555,33.813538,-84.28347,307,"GA",916,"Lobelia","cardinalis","cardinalflower","Plantae",305066,488,"Leaves (forbs)",2023,1,2,2,2459947,NA,2023,12,15,349,2460294,NA
48555,33.813538,-84.28347,307,"GA",916,"Lobelia","cardinalis","cardinalflower","Plantae",305066,500,"Flowers or flower buds",2023,7,16,197,2460142,14,2023,10,8,281,2460226,14
48555,33.813538,-84.28347,307,"GA",916,"Lobelia","cardinalis","cardinalflower","Plantae",305066,500,"Flowers or flower buds",2023,11,1,305,2460250,10,2023,11,1,305,2460250,9
48555,33.813538,-84.28347,307,"GA",916,"Lobelia","cardinalis","cardinalflower","Plantae",305066,501,"Open flowers",2023,7,16,197,2460142,14,2023,10,8,281,2460226,14
48555,33.813538,-84.28347,307,"GA",916,"Lobelia","cardinalis","cardinalflower","Plantae",305066,501,"Open flowers",2023,11,1,305,2460250,10,2023,11,1,305,2460250,9
48555,33.813538,-84.28347,307,"GA",916,"Lobelia","cardinalis","cardinalflower","Plantae",305066,504,"Recent fruit or seed drop",2023,10,22,295,2460240,56,2023,12,15,349,2460294,NA
48555,33.813538,-84.28347,307,"GA",916,"Lobelia","cardinalis","cardinalflower","Plantae",305066,516,"Fruits",2023,7,30,211,2460156,14,2023,12,15,349,2460294,NA
11395,40.10273,-82.900856,262,"OH",916,"Lobelia","cardinalis","cardinalflower","Plantae",308328,390,"Ripe fruits",2023,9,26,269,2460214,7,2023,11,14,318,2460263,NA
11395,40.10273,-82.900856,262,"OH",916,"Lobelia","cardinalis","cardinalflower","Plantae",308328,488,"Leaves (forbs)",2023,5,16,136,2460081,14,2023,11,14,318,2460263,NA
11395,40.10273,-82.900856,262,"OH",916,"Lobelia","cardinalis","cardinalflower","Plantae",308328,500,"Flowers or flower buds",2023,7,11,192,2460137,14,2023,9,5,248,2460193,7
11395,40.10273,-82.900856,262,"OH",916,"Lobelia","cardinalis","cardinalflower","Plantae",308328,501,"Open flowers",2023,7,25,206,2460151,7,2023,9,5,248,2460193,7
11395,40.10273,-82.900856,262,"OH",916,"Lobelia","cardinalis","cardinalflower","Plantae",308328,504,"Recent fruit or seed drop",2023,10,10,283,2460228,7,2023,11,14,318,2460263,NA
11395,40.10273,-82.900856,262,"OH",916,"Lobelia","cardinalis","cardinalflower","Plantae",308328,516,"Fruits",2023,8,15,227,2460172,7,2023,10,17,290,2460235,7
50991,43.089485,-89.291893,282,"WI",916,"Lobelia","cardinalis","cardinalflower","Plantae",310123,390,"Ripe fruits",2023,9,14,257,2460202,5,2023,9,14,257,2460202,7
50991,43.089485,-89.291893,282,"WI",916,"Lobelia","cardinalis","cardinalflower","Plantae",310123,488,"Leaves (forbs)",2023,7,13,194,2460139,5,2023,8,26,238,2460183,6
50991,43.089485,-89.291893,282,"WI",916,"Lobelia","cardinalis","cardinalflower","Plantae",310123,488,"Leaves (forbs)",2023,9,3,246,2460191,2,2023,9,14,257,2460202,7
50991,43.089485,-89.291893,282,"WI",916,"Lobelia","cardinalis","cardinalflower","Plantae",310123,516,"Fruits",2023,9,14,257,2460202,5,2023,9,14,257,2460202,7
48555,33.813538,-84.28347,307,"GA",1186,"Monarda","didyma","scarlet beebalm","Plantae",312598,482,"Initial growth (forbs)",2023,3,30,89,2460034,NA,2023,4,9,99,2460044,6
48555,33.813538,-84.28347,307,"GA",1186,"Monarda","didyma","scarlet beebalm","Plantae",312598,488,"Leaves (forbs)",2023,3,30,89,2460034,NA,2023,10,8,281,2460226,NA
48555,33.813538,-84.28347,307,"GA",1186,"Monarda","didyma","scarlet beebalm","Plantae",312598,500,"Flowers or flower buds",2023,5,22,142,2460087,6,2023,7,30,211,2460156,7
48555,33.813538,-84.28347,307,"GA",1186,"Monarda","didyma","scarlet beebalm","Plantae",312598,501,"Open flowers",2023,6,7,158,2460103,16,2023,7,30,211,2460156,7
48360,39.935463,-75.439774,92,"PA",1186,"Monarda","didyma","scarlet beebalm","Plantae",314038,482,"Initial growth (forbs)",2023,4,14,104,2460049,NA,2023,5,5,125,2460070,9
48360,39.935463,-75.439774,92,"PA",1186,"Monarda","didyma","scarlet beebalm","Plantae",314038,482,"Initial growth (forbs)",2023,5,18,138,2460083,4,2023,6,9,160,2460105,1
48360,39.935463,-75.439774,92,"PA",1186,"Monarda","didyma","scarlet beebalm","Plantae",314038,482,"Initial growth (forbs)",2023,6,15,166,2460111,5,2023,6,15,166,2460111,4
48360,39.935463,-75.439774,92,"PA",1186,"Monarda","didyma","scarlet beebalm","Plantae",314038,482,"Initial growth (forbs)",2023,7,3,184,2460129,2,2023,7,3,184,2460129,NA
48360,39.935463,-75.439774,92,"PA",1186,"Monarda","didyma","scarlet beebalm","Plantae",314038,488,"Leaves (forbs)",2023,4,14,104,2460049,NA,2023,7,3,184,2460129,NA
48360,39.935463,-75.439774,92,"PA",1186,"Monarda","didyma","scarlet beebalm","Plantae",314038,500,"Flowers or flower buds",2023,6,9,160,2460105,9,2023,6,9,160,2460105,1
48360,39.935463,-75.439774,92,"PA",1186,"Monarda","didyma","scarlet beebalm","Plantae",314038,500,"Flowers or flower buds",2023,6,15,166,2460111,5,2023,7,3,184,2460129,NA
48360,39.935463,-75.439774,92,"PA",1186,"Monarda","didyma","scarlet beebalm","Plantae",314038,501,"Open flowers",2023,6,15,166,2460111,5,2023,7,3,184,2460129,NA
33069,43.841541,-69.502037,-9,"ME",916,"Lobelia","cardinalis","cardinalflower","Plantae",315720,390,"Ripe fruits",2023,9,30,273,2460218,40,2023,10,17,290,2460235,36
33069,43.841541,-69.502037,-9,"ME",916,"Lobelia","cardinalis","cardinalflower","Plantae",315720,482,"Initial growth (forbs)",2023,5,6,126,2460071,NA,2023,5,23,143,2460088,183
33069,43.841541,-69.502037,-9,"ME",916,"Lobelia","cardinalis","cardinalflower","Plantae",315720,488,"Leaves (forbs)",2023,5,6,126,2460071,NA,2023,5,23,143,2460088,183
33069,43.841541,-69.502037,-9,"ME",916,"Lobelia","cardinalis","cardinalflower","Plantae",315720,500,"Flowers or flower buds",2023,6,15,166,2460111,23,2023,7,31,212,2460157,114
33069,43.841541,-69.502037,-9,"ME",916,"Lobelia","cardinalis","cardinalflower","Plantae",315720,501,"Open flowers",2023,7,31,212,2460157,15,2023,8,11,223,2460168,103
33069,43.841541,-69.502037,-9,"ME",916,"Lobelia","cardinalis","cardinalflower","Plantae",315720,504,"Recent fruit or seed drop",2023,9,30,273,2460218,NA,2023,10,17,290,2460235,36
33069,43.841541,-69.502037,-9,"ME",916,"Lobelia","cardinalis","cardinalflower","Plantae",315720,516,"Fruits",2023,8,21,233,2460178,10,2023,8,21,233,2460178,93
51770,45.539886,-94.17218,316,"MN",1186,"Monarda","didyma","scarlet beebalm","Plantae",316063,482,"Initial growth (forbs)",2023,4,26,116,2460061,NA,2023,4,26,116,2460061,2
51770,45.539886,-94.17218,316,"MN",1186,"Monarda","didyma","scarlet beebalm","Plantae",316063,482,"Initial growth (forbs)",2023,4,29,119,2460064,1,2023,5,25,145,2460090,NA
51770,45.539886,-94.17218,316,"MN",1186,"Monarda","didyma","scarlet beebalm","Plantae",316063,488,"Leaves (forbs)",2023,5,9,129,2460074,10,2023,7,4,185,2460130,NA
51770,45.539886,-94.17218,316,"MN",1186,"Monarda","didyma","scarlet beebalm","Plantae",316063,500,"Flowers or flower buds",2023,6,22,173,2460118,4,2023,7,4,185,2460130,NA
51770,45.539886,-94.17218,316,"MN",1186,"Monarda","didyma","scarlet beebalm","Plantae",316063,501,"Open flowers",2023,7,4,185,2460130,12,2023,8,5,217,2460162,NA
46582,38.915703,-77.108826,32,"VA",916,"Lobelia","cardinalis","cardinalflower","Plantae",317067,390,"Ripe fruits",2023,9,16,259,2460204,25,2023,10,21,294,2460239,27
46582,38.915703,-77.108826,32,"VA",916,"Lobelia","cardinalis","cardinalflower","Plantae",317067,390,"Ripe fruits",2023,11,24,328,2460273,1,2023,11,24,328,2460273,15
46582,38.915703,-77.108826,32,"VA",916,"Lobelia","cardinalis","cardinalflower","Plantae",317067,482,"Initial growth (forbs)",2023,5,12,132,2460077,100,2023,5,12,132,2460077,14
46582,38.915703,-77.108826,32,"VA",916,"Lobelia","cardinalis","cardinalflower","Plantae",317067,488,"Leaves (forbs)",2023,2,1,32,2459977,NA,2023,10,21,294,2460239,27
46582,38.915703,-77.108826,32,"VA",916,"Lobelia","cardinalis","cardinalflower","Plantae",317067,488,"Leaves (forbs)",2023,11,20,324,2460269,3,2023,11,20,324,2460269,3
46582,38.915703,-77.108826,32,"VA",916,"Lobelia","cardinalis","cardinalflower","Plantae",317067,488,"Leaves (forbs)",2023,11,24,328,2460273,1,2023,11,24,328,2460273,15
46582,38.915703,-77.108826,32,"VA",916,"Lobelia","cardinalis","cardinalflower","Plantae",317067,500,"Flowers or flower buds",2023,7,28,209,2460154,21,2023,8,22,234,2460179,11
46582,38.915703,-77.108826,32,"VA",916,"Lobelia","cardinalis","cardinalflower","Plantae",317067,501,"Open flowers",2023,7,28,209,2460154,21,2023,8,22,234,2460179,11
46582,38.915703,-77.108826,32,"VA",916,"Lobelia","cardinalis","cardinalflower","Plantae",317067,504,"Recent fruit or seed drop",2023,10,5,278,2460223,13,2023,10,16,289,2460234,5
46582,38.915703,-77.108826,32,"VA",916,"Lobelia","cardinalis","cardinalflower","Plantae",317067,516,"Fruits",2023,8,22,234,2460179,8,2023,10,21,294,2460239,27
46582,38.915703,-77.108826,32,"VA",916,"Lobelia","cardinalis","cardinalflower","Plantae",317067,516,"Fruits",2023,11,24,328,2460273,1,2023,11,24,328,2460273,15
24761,42.84063,-78.751122,196,"NY",916,"Lobelia","cardinalis","cardinalflower","Plantae",318965,482,"Initial growth (forbs)",2023,7,11,192,2460137,NA,2023,7,19,200,2460145,NA
24761,42.84063,-78.751122,196,"NY",916,"Lobelia","cardinalis","cardinalflower","Plantae",318965,488,"Leaves (forbs)",2023,7,11,192,2460137,NA,2023,7,19,200,2460145,NA
24761,42.84063,-78.751122,196,"NY",916,"Lobelia","cardinalis","cardinalflower","Plantae",318965,500,"Flowers or flower buds",2023,7,11,192,2460137,NA,2023,7,19,200,2460145,NA
24761,42.84063,-78.751122,196,"NY",916,"Lobelia","cardinalis","cardinalflower","Plantae",318965,501,"Open flowers",2023,7,19,200,2460145,8,2023,7,19,200,2460145,NA
8253,40.672852,-111.969254,1333,"UT",309,"Campsis","radicans","trumpet creeper","Plantae",23696,371,"Breaking leaf buds",2024,5,10,131,2460441,16,2024,5,10,131,2460441,NA
8253,40.672852,-111.969254,1333,"UT",309,"Campsis","radicans","trumpet creeper","Plantae",23696,483,"Leaves",2024,5,10,131,2460441,74,2024,5,10,131,2460441,NA
10585,41.433689,-81.693153,219,"OH",1186,"Monarda","didyma","scarlet beebalm","Plantae",41716,390,"Ripe fruits",2024,7,11,193,2460503,7,2024,12,5,340,2460650,NA
10585,41.433689,-81.693153,219,"OH",1186,"Monarda","didyma","scarlet beebalm","Plantae",41716,482,"Initial growth (forbs)",2024,4,11,102,2460412,7,2024,4,25,116,2460426,NA
10585,41.433689,-81.693153,219,"OH",1186,"Monarda","didyma","scarlet beebalm","Plantae",41716,488,"Leaves (forbs)",2024,4,25,116,2460426,7,2024,5,30,151,2460461,NA
10585,41.433689,-81.693153,219,"OH",1186,"Monarda","didyma","scarlet beebalm","Plantae",41716,500,"Flowers or flower buds",2024,6,13,165,2460475,14,2024,6,13,165,2460475,NA
10585,41.433689,-81.693153,219,"OH",1186,"Monarda","didyma","scarlet beebalm","Plantae",41716,501,"Open flowers",2024,6,20,172,2460482,7,2024,9,5,249,2460559,7
10585,41.433689,-81.693153,219,"OH",1186,"Monarda","didyma","scarlet beebalm","Plantae",41716,504,"Recent fruit or seed drop",2024,7,11,193,2460503,NA,2024,12,5,340,2460650,NA
10585,41.433689,-81.693153,219,"OH",1186,"Monarda","didyma","scarlet beebalm","Plantae",41716,516,"Fruits",2024,7,4,186,2460496,7,2024,12,5,340,2460650,NA
10585,41.433689,-81.693153,219,"OH",916,"Lobelia","cardinalis","cardinalflower","Plantae",43933,390,"Ripe fruits",2024,9,5,249,2460559,7,2024,11,14,319,2460629,7
10585,41.433689,-81.693153,219,"OH",916,"Lobelia","cardinalis","cardinalflower","Plantae",43933,482,"Initial growth (forbs)",2024,4,11,102,2460412,7,2024,4,18,109,2460419,NA
10585,41.433689,-81.693153,219,"OH",916,"Lobelia","cardinalis","cardinalflower","Plantae",43933,488,"Leaves (forbs)",2024,5,23,144,2460454,35,2024,7,18,200,2460510,NA
10585,41.433689,-81.693153,219,"OH",916,"Lobelia","cardinalis","cardinalflower","Plantae",43933,500,"Flowers or flower buds",2024,7,25,207,2460517,7,2024,8,15,228,2460538,NA
10585,41.433689,-81.693153,219,"OH",916,"Lobelia","cardinalis","cardinalflower","Plantae",43933,501,"Open flowers",2024,8,8,221,2460531,7,2024,9,5,249,2460559,7
10585,41.433689,-81.693153,219,"OH",916,"Lobelia","cardinalis","cardinalflower","Plantae",43933,504,"Recent fruit or seed drop",2024,9,5,249,2460559,NA,2024,11,14,319,2460629,7
10585,41.433689,-81.693153,219,"OH",916,"Lobelia","cardinalis","cardinalflower","Plantae",43933,516,"Fruits",2024,8,22,235,2460545,7,2024,11,14,319,2460629,7
8418,32.363758,-94.873947,115,"TX",309,"Campsis","radicans","trumpet creeper","Plantae",46438,371,"Breaking leaf buds",2024,3,28,88,2460398,4,2024,4,11,102,2460412,7
8418,32.363758,-94.873947,115,"TX",309,"Campsis","radicans","trumpet creeper","Plantae",46438,371,"Breaking leaf buds",2024,4,28,119,2460429,3,2024,5,12,133,2460443,4
8418,32.363758,-94.873947,115,"TX",309,"Campsis","radicans","trumpet creeper","Plantae",46438,371,"Breaking leaf buds",2024,7,7,189,2460499,3,2024,7,14,196,2460506,7
8418,32.363758,-94.873947,115,"TX",309,"Campsis","radicans","trumpet creeper","Plantae",46438,371,"Breaking leaf buds",2024,7,25,207,2460517,4,2024,8,1,214,2460524,3
8418,32.363758,-94.873947,115,"TX",309,"Campsis","radicans","trumpet creeper","Plantae",46438,390,"Ripe fruits",2024,9,1,245,2460555,4,2024,12,29,364,2460674,NA
8418,32.363758,-94.873947,115,"TX",309,"Campsis","radicans","trumpet creeper","Plantae",46438,467,"Increasing leaf size",2024,4,21,112,2460422,3,2024,9,8,252,2460562,63
8418,32.363758,-94.873947,115,"TX",309,"Campsis","radicans","trumpet creeper","Plantae",46438,471,"Falling leaves",2024,11,10,315,2460625,63,2024,12,1,336,2460646,4
8418,32.363758,-94.873947,115,"TX",309,"Campsis","radicans","trumpet creeper","Plantae",46438,471,"Falling leaves",2024,12,8,343,2460653,3,2024,12,22,357,2460667,3
8418,32.363758,-94.873947,115,"TX",309,"Campsis","radicans","trumpet creeper","Plantae",46438,483,"Leaves",2024,4,7,98,2460408,3,2024,12,8,343,2460653,6
8418,32.363758,-94.873947,115,"TX",309,"Campsis","radicans","trumpet creeper","Plantae",46438,498,"Colored leaves",2024,12,1,336,2460646,4,2024,12,8,343,2460653,6
8418,32.363758,-94.873947,115,"TX",309,"Campsis","radicans","trumpet creeper","Plantae",46438,500,"Flowers or flower buds",2024,5,22,143,2460453,2,2024,9,8,252,2460562,63
8418,32.363758,-94.873947,115,"TX",309,"Campsis","radicans","trumpet creeper","Plantae",46438,501,"Open flowers",2024,5,26,147,2460457,4,2024,9,8,252,2460562,63
8418,32.363758,-94.873947,115,"TX",309,"Campsis","radicans","trumpet creeper","Plantae",46438,504,"Recent fruit or seed drop",2024,11,13,318,2460628,3,2024,12,29,364,2460674,NA
8418,32.363758,-94.873947,115,"TX",309,"Campsis","radicans","trumpet creeper","Plantae",46438,516,"Fruits",2024,7,4,186,2460496,4,2024,12,29,364,2460674,NA
27474,29.784473,-90.114784,0,"LA",309,"Campsis","radicans","trumpet creeper","Plantae",141892,371,"Breaking leaf buds",2024,2,15,46,2460356,9,2024,2,20,51,2460361,7
27474,29.784473,-90.114784,0,"LA",309,"Campsis","radicans","trumpet creeper","Plantae",141892,371,"Breaking leaf buds",2024,4,4,95,2460405,6,2024,4,4,95,2460405,13
27474,29.784473,-90.114784,0,"LA",309,"Campsis","radicans","trumpet creeper","Plantae",141892,371,"Breaking leaf buds",2024,4,26,117,2460427,9,2024,5,2,123,2460433,6
27474,29.784473,-90.114784,0,"LA",309,"Campsis","radicans","trumpet creeper","Plantae",141892,467,"Increasing leaf size",2024,2,20,51,2460361,5,2024,4,4,95,2460405,13
27474,29.784473,-90.114784,0,"LA",309,"Campsis","radicans","trumpet creeper","Plantae",141892,467,"Increasing leaf size",2024,4,26,117,2460427,9,2024,5,8,129,2460439,8
27474,29.784473,-90.114784,0,"LA",309,"Campsis","radicans","trumpet creeper","Plantae",141892,471,"Falling leaves",2024,10,17,291,2460601,6,2024,10,17,291,2460601,5
27474,29.784473,-90.114784,0,"LA",309,"Campsis","radicans","trumpet creeper","Plantae",141892,471,"Falling leaves",2024,11,8,313,2460623,17,2024,12,11,346,2460656,NA
27474,29.784473,-90.114784,0,"LA",309,"Campsis","radicans","trumpet creeper","Plantae",141892,483,"Leaves",2024,2,20,51,2460361,5,2024,12,11,346,2460656,NA
27474,29.784473,-90.114784,0,"LA",309,"Campsis","radicans","trumpet creeper","Plantae",141892,498,"Colored leaves",2024,9,27,271,2460581,22,2024,12,11,346,2460656,NA
27474,29.784473,-90.114784,0,"LA",309,"Campsis","radicans","trumpet creeper","Plantae",141892,500,"Flowers or flower buds",2024,7,4,186,2460496,49,2024,8,8,221,2460531,21
27474,29.784473,-90.114784,0,"LA",309,"Campsis","radicans","trumpet creeper","Plantae",141892,501,"Open flowers",2024,7,4,186,2460496,49,2024,8,8,221,2460531,21
27474,29.784473,-90.114784,0,"LA",309,"Campsis","radicans","trumpet creeper","Plantae",141892,516,"Fruits",2024,7,18,200,2460510,7,2024,7,25,207,2460517,8
27474,29.784473,-90.114784,0,"LA",309,"Campsis","radicans","trumpet creeper","Plantae",141892,516,"Fruits",2024,8,8,221,2460531,6,2024,8,8,221,2460531,50
27475,29.783813,-90.117561,0,"LA",309,"Campsis","radicans","trumpet creeper","Plantae",141902,371,"Breaking leaf buds",2024,5,2,123,2460433,77,2024,5,2,123,2460433,NA
27475,29.783813,-90.117561,0,"LA",309,"Campsis","radicans","trumpet creeper","Plantae",141902,467,"Increasing leaf size",2024,5,2,123,2460433,77,2024,5,2,123,2460433,NA
27475,29.783813,-90.117561,0,"LA",309,"Campsis","radicans","trumpet creeper","Plantae",141902,483,"Leaves",2024,5,2,123,2460433,77,2024,5,2,123,2460433,NA
27475,29.783813,-90.117561,0,"LA",309,"Campsis","radicans","trumpet creeper","Plantae",141902,500,"Flowers or flower buds",2024,5,2,123,2460433,77,2024,5,2,123,2460433,NA
27477,29.793816,-90.122452,0,"LA",309,"Campsis","radicans","trumpet creeper","Plantae",141921,371,"Breaking leaf buds",2024,3,21,81,2460391,22,2024,3,21,81,2460391,8
27477,29.793816,-90.122452,0,"LA",309,"Campsis","radicans","trumpet creeper","Plantae",141921,467,"Increasing leaf size",2024,3,21,81,2460391,22,2024,4,4,95,2460405,13
27477,29.793816,-90.122452,0,"LA",309,"Campsis","radicans","trumpet creeper","Plantae",141921,467,"Increasing leaf size",2024,4,26,117,2460427,9,2024,5,2,123,2460433,6
27477,29.793816,-90.122452,0,"LA",309,"Campsis","radicans","trumpet creeper","Plantae",141921,471,"Falling leaves",2024,11,20,325,2460635,29,2024,12,12,347,2460657,NA
27477,29.793816,-90.122452,0,"LA",309,"Campsis","radicans","trumpet creeper","Plantae",141921,483,"Leaves",2024,3,21,81,2460391,22,2024,12,12,347,2460657,NA
27477,29.793816,-90.122452,0,"LA",309,"Campsis","radicans","trumpet creeper","Plantae",141921,498,"Colored leaves",2024,10,11,285,2460595,9,2024,12,12,347,2460657,NA
27477,29.793816,-90.122452,0,"LA",309,"Campsis","radicans","trumpet creeper","Plantae",141921,500,"Flowers or flower buds",2024,5,23,144,2460454,21,2024,9,5,249,2460559,27
27477,29.793816,-90.122452,0,"LA",309,"Campsis","radicans","trumpet creeper","Plantae",141921,501,"Open flowers",2024,5,23,144,2460454,21,2024,5,23,144,2460454,7
27477,29.793816,-90.122452,0,"LA",309,"Campsis","radicans","trumpet creeper","Plantae",141921,501,"Open flowers",2024,6,5,157,2460467,6,2024,9,5,249,2460559,27
27477,29.793816,-90.122452,0,"LA",309,"Campsis","radicans","trumpet creeper","Plantae",141921,516,"Fruits",2024,6,13,165,2460475,8,2024,9,5,249,2460559,27
27477,29.793816,-90.122452,0,"LA",309,"Campsis","radicans","trumpet creeper","Plantae",141921,516,"Fruits",2024,10,11,285,2460595,9,2024,10,11,285,2460595,11
36351,38.952805,-75.933502,13,"MD",916,"Lobelia","cardinalis","cardinalflower","Plantae",223675,390,"Ripe fruits",2024,9,20,264,2460574,14,2024,9,20,264,2460574,14
36351,38.952805,-75.933502,13,"MD",916,"Lobelia","cardinalis","cardinalflower","Plantae",223675,390,"Ripe fruits",2024,10,18,292,2460602,14,2024,12,27,362,2460672,NA
36351,38.952805,-75.933502,13,"MD",916,"Lobelia","cardinalis","cardinalflower","Plantae",223675,482,"Initial growth (forbs)",2024,5,31,152,2460462,70,2024,5,31,152,2460462,14
36351,38.952805,-75.933502,13,"MD",916,"Lobelia","cardinalis","cardinalflower","Plantae",223675,482,"Initial growth (forbs)",2024,6,28,180,2460490,14,2024,6,28,180,2460490,70
36351,38.952805,-75.933502,13,"MD",916,"Lobelia","cardinalis","cardinalflower","Plantae",223675,488,"Leaves (forbs)",2024,6,28,180,2460490,28,2024,10,18,292,2460602,14
36351,38.952805,-75.933502,13,"MD",916,"Lobelia","cardinalis","cardinalflower","Plantae",223675,500,"Flowers or flower buds",2024,7,26,208,2460518,28,2024,8,23,236,2460546,14
36351,38.952805,-75.933502,13,"MD",916,"Lobelia","cardinalis","cardinalflower","Plantae",223675,501,"Open flowers",2024,7,26,208,2460518,28,2024,8,23,236,2460546,14
36351,38.952805,-75.933502,13,"MD",916,"Lobelia","cardinalis","cardinalflower","Plantae",223675,501,"Open flowers",2024,9,20,264,2460574,14,2024,9,20,264,2460574,14
36351,38.952805,-75.933502,13,"MD",916,"Lobelia","cardinalis","cardinalflower","Plantae",223675,504,"Recent fruit or seed drop",2024,11,29,334,2460644,14,2024,12,13,348,2460658,14
36351,38.952805,-75.933502,13,"MD",916,"Lobelia","cardinalis","cardinalflower","Plantae",223675,516,"Fruits",2024,9,6,250,2460560,70,2024,9,20,264,2460574,14
36351,38.952805,-75.933502,13,"MD",916,"Lobelia","cardinalis","cardinalflower","Plantae",223675,516,"Fruits",2024,10,18,292,2460602,14,2024,12,27,362,2460672,NA
32443,39.90163,-86.175911,242,"IN",916,"Lobelia","cardinalis","cardinalflower","Plantae",223769,390,"Ripe fruits",2024,9,25,269,2460579,7,2024,10,2,276,2460586,7
32443,39.90163,-86.175911,242,"IN",916,"Lobelia","cardinalis","cardinalflower","Plantae",223769,390,"Ripe fruits",2024,10,16,290,2460600,7,2024,11,13,318,2460628,NA
32443,39.90163,-86.175911,242,"IN",916,"Lobelia","cardinalis","cardinalflower","Plantae",223769,482,"Initial growth (forbs)",2024,2,14,45,2460355,NA,2024,3,27,87,2460397,NA
32443,39.90163,-86.175911,242,"IN",916,"Lobelia","cardinalis","cardinalflower","Plantae",223769,488,"Leaves (forbs)",2024,2,8,39,2460349,NA,2024,2,8,39,2460349,6
32443,39.90163,-86.175911,242,"IN",916,"Lobelia","cardinalis","cardinalflower","Plantae",223769,488,"Leaves (forbs)",2024,3,6,66,2460376,6,2024,10,16,290,2460600,7
32443,39.90163,-86.175911,242,"IN",916,"Lobelia","cardinalis","cardinalflower","Plantae",223769,500,"Flowers or flower buds",2024,6,19,171,2460481,7,2024,8,28,241,2460551,7
32443,39.90163,-86.175911,242,"IN",916,"Lobelia","cardinalis","cardinalflower","Plantae",223769,501,"Open flowers",2024,6,26,178,2460488,7,2024,8,28,241,2460551,NA
32443,39.90163,-86.175911,242,"IN",916,"Lobelia","cardinalis","cardinalflower","Plantae",223769,504,"Recent fruit or seed drop",2024,10,23,297,2460607,7,2024,11,13,318,2460628,NA
32443,39.90163,-86.175911,242,"IN",916,"Lobelia","cardinalis","cardinalflower","Plantae",223769,516,"Fruits",2024,7,31,213,2460523,7,2024,11,13,318,2460628,7
16267,41.480042,-81.14473,379,"OH",1186,"Monarda","didyma","scarlet beebalm","Plantae",230327,390,"Ripe fruits",2024,8,13,226,2460536,14,2024,8,13,226,2460536,7
16267,41.480042,-81.14473,379,"OH",1186,"Monarda","didyma","scarlet beebalm","Plantae",230327,390,"Ripe fruits",2024,8,27,240,2460550,7,2024,10,24,298,2460608,NA
16267,41.480042,-81.14473,379,"OH",1186,"Monarda","didyma","scarlet beebalm","Plantae",230327,482,"Initial growth (forbs)",2024,5,14,135,2460445,NA,2024,5,14,135,2460445,7
16267,41.480042,-81.14473,379,"OH",1186,"Monarda","didyma","scarlet beebalm","Plantae",230327,482,"Initial growth (forbs)",2024,7,1,183,2460493,7,2024,7,1,183,2460493,1
16267,41.480042,-81.14473,379,"OH",1186,"Monarda","didyma","scarlet beebalm","Plantae",230327,482,"Initial growth (forbs)",2024,8,13,226,2460536,14,2024,8,13,226,2460536,7
16267,41.480042,-81.14473,379,"OH",1186,"Monarda","didyma","scarlet beebalm","Plantae",230327,488,"Leaves (forbs)",2024,5,14,135,2460445,35,2024,10,24,298,2460608,NA
16267,41.480042,-81.14473,379,"OH",1186,"Monarda","didyma","scarlet beebalm","Plantae",230327,500,"Flowers or flower buds",2024,6,11,163,2460473,14,2024,7,9,191,2460501,7
16267,41.480042,-81.14473,379,"OH",1186,"Monarda","didyma","scarlet beebalm","Plantae",230327,500,"Flowers or flower buds",2024,7,23,205,2460515,7,2024,8,20,233,2460543,7
16267,41.480042,-81.14473,379,"OH",1186,"Monarda","didyma","scarlet beebalm","Plantae",230327,501,"Open flowers",2024,5,29,150,2460460,1,2024,5,29,150,2460460,13
16267,41.480042,-81.14473,379,"OH",1186,"Monarda","didyma","scarlet beebalm","Plantae",230327,501,"Open flowers",2024,6,24,176,2460486,6,2024,8,20,233,2460543,7
16267,41.480042,-81.14473,379,"OH",1186,"Monarda","didyma","scarlet beebalm","Plantae",230327,504,"Recent fruit or seed drop",2024,8,13,226,2460536,14,2024,8,13,226,2460536,7
16267,41.480042,-81.14473,379,"OH",1186,"Monarda","didyma","scarlet beebalm","Plantae",230327,504,"Recent fruit or seed drop",2024,9,10,254,2460564,14,2024,10,24,298,2460608,NA
16267,41.480042,-81.14473,379,"OH",1186,"Monarda","didyma","scarlet beebalm","Plantae",230327,516,"Fruits",2024,7,23,205,2460515,7,2024,8,13,226,2460536,7
16267,41.480042,-81.14473,379,"OH",1186,"Monarda","didyma","scarlet beebalm","Plantae",230327,516,"Fruits",2024,8,27,240,2460550,7,2024,10,24,298,2460608,NA
38489,39.065994,-76.504898,6,"MD",309,"Campsis","radicans","trumpet creeper","Plantae",237787,371,"Breaking leaf buds",2024,4,4,95,2460405,28,2024,4,10,101,2460411,39
38489,39.065994,-76.504898,6,"MD",309,"Campsis","radicans","trumpet creeper","Plantae",237787,390,"Ripe fruits",2024,9,29,273,2460583,43,2024,9,29,273,2460583,NA
38489,39.065994,-76.504898,6,"MD",309,"Campsis","radicans","trumpet creeper","Plantae",237787,467,"Increasing leaf size",2024,4,4,95,2460405,28,2024,4,10,101,2460411,39
38489,39.065994,-76.504898,6,"MD",309,"Campsis","radicans","trumpet creeper","Plantae",237787,467,"Increasing leaf size",2024,6,5,157,2460467,17,2024,6,5,157,2460467,73
38489,39.065994,-76.504898,6,"MD",309,"Campsis","radicans","trumpet creeper","Plantae",237787,483,"Leaves",2024,4,4,95,2460405,28,2024,9,29,273,2460583,NA
38489,39.065994,-76.504898,6,"MD",309,"Campsis","radicans","trumpet creeper","Plantae",237787,500,"Flowers or flower buds",2024,8,17,230,2460540,73,2024,8,17,230,2460540,43
38489,39.065994,-76.504898,6,"MD",309,"Campsis","radicans","trumpet creeper","Plantae",237787,501,"Open flowers",2024,8,17,230,2460540,73,2024,8,17,230,2460540,43
38489,39.065994,-76.504898,6,"MD",309,"Campsis","radicans","trumpet creeper","Plantae",237787,516,"Fruits",2024,6,5,157,2460467,17,2024,9,29,273,2460583,NA
31287,42.383141,-71.098061,4,"MA",1186,"Monarda","didyma","scarlet beebalm","Plantae",244690,482,"Initial growth (forbs)",2024,2,6,37,2460347,14,2024,2,6,37,2460347,14
31287,42.383141,-71.098061,4,"MA",1186,"Monarda","didyma","scarlet beebalm","Plantae",244690,482,"Initial growth (forbs)",2024,3,6,66,2460376,15,2024,3,6,66,2460376,6
31287,42.383141,-71.098061,4,"MA",1186,"Monarda","didyma","scarlet beebalm","Plantae",244690,488,"Leaves (forbs)",2024,2,6,37,2460347,14,2024,2,6,37,2460347,14
31287,42.383141,-71.098061,4,"MA",1186,"Monarda","didyma","scarlet beebalm","Plantae",244690,488,"Leaves (forbs)",2024,3,12,72,2460382,6,2024,3,12,72,2460382,NA
42044,41.05518,-86.165627,241,"IN",916,"Lobelia","cardinalis","cardinalflower","Plantae",256682,390,"Ripe fruits",2024,8,22,235,2460545,87,2024,8,22,235,2460545,63
42044,41.05518,-86.165627,241,"IN",916,"Lobelia","cardinalis","cardinalflower","Plantae",256682,482,"Initial growth (forbs)",2024,4,15,106,2460416,17,2024,5,27,148,2460458,87
42044,41.05518,-86.165627,241,"IN",916,"Lobelia","cardinalis","cardinalflower","Plantae",256682,488,"Leaves (forbs)",2024,4,15,106,2460416,17,2024,8,22,235,2460545,63
42044,41.05518,-86.165627,241,"IN",916,"Lobelia","cardinalis","cardinalflower","Plantae",256682,504,"Recent fruit or seed drop",2024,8,22,235,2460545,87,2024,10,25,299,2460609,NA
42044,41.05518,-86.165627,241,"IN",916,"Lobelia","cardinalis","cardinalflower","Plantae",256682,516,"Fruits",2024,8,22,235,2460545,87,2024,8,22,235,2460545,64
43627,44.445614,-93.157532,289,"MN",1186,"Monarda","didyma","scarlet beebalm","Plantae",266275,482,"Initial growth (forbs)",2024,4,14,105,2460415,2,2024,4,24,115,2460425,NA
43627,44.445614,-93.157532,289,"MN",1186,"Monarda","didyma","scarlet beebalm","Plantae",266275,488,"Leaves (forbs)",2024,4,24,115,2460425,7,2024,4,24,115,2460425,NA
39847,44.936382,-93.208626,246,"MN",916,"Lobelia","cardinalis","cardinalflower","Plantae",292436,482,"Initial growth (forbs)",2024,4,24,115,2460425,3,2024,5,1,122,2460432,7
34665,38.999882,-86.59021,248,"IN",1186,"Monarda","didyma","scarlet beebalm","Plantae",293028,488,"Leaves (forbs)",2024,7,10,192,2460502,132,2024,7,10,192,2460502,84
32443,39.90163,-86.175911,242,"IN",1186,"Monarda","didyma","scarlet beebalm","Plantae",294149,390,"Ripe fruits",2024,7,17,199,2460509,7,2024,7,17,199,2460509,7
32443,39.90163,-86.175911,242,"IN",1186,"Monarda","didyma","scarlet beebalm","Plantae",294149,390,"Ripe fruits",2024,8,14,227,2460537,7,2024,8,28,241,2460551,21
32443,39.90163,-86.175911,242,"IN",1186,"Monarda","didyma","scarlet beebalm","Plantae",294149,390,"Ripe fruits",2024,10,2,276,2460586,14,2024,10,2,276,2460586,NA
32443,39.90163,-86.175911,242,"IN",1186,"Monarda","didyma","scarlet beebalm","Plantae",294149,482,"Initial growth (forbs)",2024,3,12,72,2460382,6,2024,3,27,87,2460397,NA
32443,39.90163,-86.175911,242,"IN",1186,"Monarda","didyma","scarlet beebalm","Plantae",294149,488,"Leaves (forbs)",2024,3,27,87,2460397,7,2024,11,13,318,2460628,7
32443,39.90163,-86.175911,242,"IN",1186,"Monarda","didyma","scarlet beebalm","Plantae",294149,500,"Flowers or flower buds",2024,6,5,157,2460467,7,2024,7,31,213,2460523,7
32443,39.90163,-86.175911,242,"IN",1186,"Monarda","didyma","scarlet beebalm","Plantae",294149,500,"Flowers or flower buds",2024,8,21,234,2460544,7,2024,8,21,234,2460544,7
32443,39.90163,-86.175911,242,"IN",1186,"Monarda","didyma","scarlet beebalm","Plantae",294149,501,"Open flowers",2024,6,12,164,2460474,7,2024,8,21,234,2460544,NA
32443,39.90163,-86.175911,242,"IN",1186,"Monarda","didyma","scarlet beebalm","Plantae",294149,504,"Recent fruit or seed drop",2024,8,14,227,2460537,NA,2024,10,2,276,2460586,NA
32443,39.90163,-86.175911,242,"IN",1186,"Monarda","didyma","scarlet beebalm","Plantae",294149,516,"Fruits",2024,7,3,185,2460495,7,2024,8,28,241,2460551,7
32443,39.90163,-86.175911,242,"IN",1186,"Monarda","didyma","scarlet beebalm","Plantae",294149,516,"Fruits",2024,10,2,276,2460586,7,2024,10,2,276,2460586,7
48524,42.568298,-71.156731,27,"MA",916,"Lobelia","cardinalis","cardinalflower","Plantae",297415,488,"Leaves (forbs)",2024,7,26,208,2460518,NA,2024,7,26,208,2460518,NA
48524,42.568298,-71.156731,27,"MA",916,"Lobelia","cardinalis","cardinalflower","Plantae",297415,500,"Flowers or flower buds",2024,7,26,208,2460518,NA,2024,7,26,208,2460518,NA
48555,33.813538,-84.28347,307,"GA",916,"Lobelia","cardinalis","cardinalflower","Plantae",305066,390,"Ripe fruits",2024,1,2,2,2460312,NA,2024,1,2,2,2460312,28
48555,33.813538,-84.28347,307,"GA",916,"Lobelia","cardinalis","cardinalflower","Plantae",305066,390,"Ripe fruits",2024,9,1,245,2460555,15,2024,12,13,348,2460658,NA
48555,33.813538,-84.28347,307,"GA",916,"Lobelia","cardinalis","cardinalflower","Plantae",305066,482,"Initial growth (forbs)",2024,2,20,51,2460361,21,2024,4,25,116,2460426,24
48555,33.813538,-84.28347,307,"GA",916,"Lobelia","cardinalis","cardinalflower","Plantae",305066,482,"Initial growth (forbs)",2024,11,18,323,2460633,15,2024,11,18,323,2460633,12
48555,33.813538,-84.28347,307,"GA",916,"Lobelia","cardinalis","cardinalflower","Plantae",305066,488,"Leaves (forbs)",2024,1,2,2,2460312,NA,2024,10,24,298,2460608,10
48555,33.813538,-84.28347,307,"GA",916,"Lobelia","cardinalis","cardinalflower","Plantae",305066,488,"Leaves (forbs)",2024,11,18,323,2460633,15,2024,12,13,348,2460658,NA
48555,33.813538,-84.28347,307,"GA",916,"Lobelia","cardinalis","cardinalflower","Plantae",305066,500,"Flowers or flower buds",2024,6,16,168,2460478,8,2024,9,28,272,2460582,14
48555,33.813538,-84.28347,307,"GA",916,"Lobelia","cardinalis","cardinalflower","Plantae",305066,501,"Open flowers",2024,6,24,176,2460486,8,2024,9,28,272,2460582,14
48555,33.813538,-84.28347,307,"GA",916,"Lobelia","cardinalis","cardinalflower","Plantae",305066,504,"Recent fruit or seed drop",2024,1,2,2,2460312,NA,2024,1,2,2,2460312,28
48555,33.813538,-84.28347,307,"GA",916,"Lobelia","cardinalis","cardinalflower","Plantae",305066,504,"Recent fruit or seed drop",2024,9,1,245,2460555,15,2024,11,18,323,2460633,25
48555,33.813538,-84.28347,307,"GA",916,"Lobelia","cardinalis","cardinalflower","Plantae",305066,516,"Fruits",2024,1,2,2,2460312,NA,2024,1,2,2,2460312,28
48555,33.813538,-84.28347,307,"GA",916,"Lobelia","cardinalis","cardinalflower","Plantae",305066,516,"Fruits",2024,8,17,230,2460540,17,2024,12,13,348,2460658,NA
11395,40.10273,-82.900856,262,"OH",916,"Lobelia","cardinalis","cardinalflower","Plantae",308328,390,"Ripe fruits",2024,8,27,240,2460550,7,2024,11,4,309,2460619,NA
11395,40.10273,-82.900856,262,"OH",916,"Lobelia","cardinalis","cardinalflower","Plantae",308328,488,"Leaves (forbs)",2024,3,19,79,2460389,7,2024,11,4,309,2460619,NA
11395,40.10273,-82.900856,262,"OH",916,"Lobelia","cardinalis","cardinalflower","Plantae",308328,500,"Flowers or flower buds",2024,7,9,191,2460501,7,2024,9,10,254,2460564,7
11395,40.10273,-82.900856,262,"OH",916,"Lobelia","cardinalis","cardinalflower","Plantae",308328,501,"Open flowers",2024,7,23,205,2460515,7,2024,9,10,254,2460564,7
11395,40.10273,-82.900856,262,"OH",916,"Lobelia","cardinalis","cardinalflower","Plantae",308328,504,"Recent fruit or seed drop",2024,9,17,261,2460571,7,2024,11,4,309,2460619,NA
11395,40.10273,-82.900856,262,"OH",916,"Lobelia","cardinalis","cardinalflower","Plantae",308328,516,"Fruits",2024,8,20,233,2460543,7,2024,10,1,275,2460585,7
50991,43.089485,-89.291893,282,"WI",916,"Lobelia","cardinalis","cardinalflower","Plantae",310123,500,"Flowers or flower buds",2024,8,3,216,2460526,7,2024,8,30,243,2460553,8
50991,43.089485,-89.291893,282,"WI",916,"Lobelia","cardinalis","cardinalflower","Plantae",310123,501,"Open flowers",2024,8,3,216,2460526,7,2024,8,30,243,2460553,8
50991,43.089485,-89.291893,282,"WI",916,"Lobelia","cardinalis","cardinalflower","Plantae",310123,504,"Recent fruit or seed drop",2024,9,25,269,2460579,7,2024,9,25,269,2460579,8
50991,43.089485,-89.291893,282,"WI",916,"Lobelia","cardinalis","cardinalflower","Plantae",310123,516,"Fruits",2024,8,30,243,2460553,7,2024,10,3,277,2460587,8
33069,43.841541,-69.502037,-9,"ME",916,"Lobelia","cardinalis","cardinalflower","Plantae",315720,390,"Ripe fruits",2024,9,10,254,2460564,10,2024,9,19,263,2460573,NA
33069,43.841541,-69.502037,-9,"ME",916,"Lobelia","cardinalis","cardinalflower","Plantae",315720,482,"Initial growth (forbs)",2024,6,2,154,2460464,40,2024,6,2,154,2460464,NA
33069,43.841541,-69.502037,-9,"ME",916,"Lobelia","cardinalis","cardinalflower","Plantae",315720,488,"Leaves (forbs)",2024,6,2,154,2460464,40,2024,6,30,182,2460492,NA
33069,43.841541,-69.502037,-9,"ME",916,"Lobelia","cardinalis","cardinalflower","Plantae",315720,500,"Flowers or flower buds",2024,6,14,166,2460476,12,2024,6,14,166,2460476,16
33069,43.841541,-69.502037,-9,"ME",916,"Lobelia","cardinalis","cardinalflower","Plantae",315720,500,"Flowers or flower buds",2024,7,17,199,2460509,17,2024,8,8,221,2460531,NA
33069,43.841541,-69.502037,-9,"ME",916,"Lobelia","cardinalis","cardinalflower","Plantae",315720,501,"Open flowers",2024,7,17,199,2460509,33,2024,8,31,244,2460554,NA
33069,43.841541,-69.502037,-9,"ME",916,"Lobelia","cardinalis","cardinalflower","Plantae",315720,504,"Recent fruit or seed drop",2024,9,10,254,2460564,10,2024,10,8,282,2460592,NA
33069,43.841541,-69.502037,-9,"ME",916,"Lobelia","cardinalis","cardinalflower","Plantae",315720,516,"Fruits",2024,8,31,244,2460554,23,2024,8,31,244,2460554,NA
46582,38.915703,-77.108826,32,"VA",916,"Lobelia","cardinalis","cardinalflower","Plantae",317067,482,"Initial growth (forbs)",2024,2,29,60,2460370,9,2024,2,29,60,2460370,28
46582,38.915703,-77.108826,32,"VA",916,"Lobelia","cardinalis","cardinalflower","Plantae",317067,482,"Initial growth (forbs)",2024,4,20,111,2460421,7,2024,5,5,126,2460436,14
46582,38.915703,-77.108826,32,"VA",916,"Lobelia","cardinalis","cardinalflower","Plantae",317067,482,"Initial growth (forbs)",2024,7,1,183,2460493,4,2024,7,1,183,2460493,11
46582,38.915703,-77.108826,32,"VA",916,"Lobelia","cardinalis","cardinalflower","Plantae",317067,488,"Leaves (forbs)",2024,2,29,60,2460370,9,2024,2,29,60,2460370,7
46582,38.915703,-77.108826,32,"VA",916,"Lobelia","cardinalis","cardinalflower","Plantae",317067,488,"Leaves (forbs)",2024,4,20,111,2460421,7,2024,4,26,117,2460427,4
46582,38.915703,-77.108826,32,"VA",916,"Lobelia","cardinalis","cardinalflower","Plantae",317067,488,"Leaves (forbs)",2024,5,5,126,2460436,5,2024,9,14,258,2460568,3
46582,38.915703,-77.108826,32,"VA",916,"Lobelia","cardinalis","cardinalflower","Plantae",317067,500,"Flowers or flower buds",2024,6,27,179,2460489,13,2024,6,27,179,2460489,4
46582,38.915703,-77.108826,32,"VA",916,"Lobelia","cardinalis","cardinalflower","Plantae",317067,500,"Flowers or flower buds",2024,7,12,194,2460504,11,2024,8,25,238,2460548,14
46582,38.915703,-77.108826,32,"VA",916,"Lobelia","cardinalis","cardinalflower","Plantae",317067,501,"Open flowers",2024,7,28,210,2460520,1,2024,7,28,210,2460520,14
46582,38.915703,-77.108826,32,"VA",916,"Lobelia","cardinalis","cardinalflower","Plantae",317067,501,"Open flowers",2024,8,25,238,2460548,7,2024,8,25,238,2460548,14
46582,38.915703,-77.108826,32,"VA",916,"Lobelia","cardinalis","cardinalflower","Plantae",317067,516,"Fruits",2024,8,18,231,2460541,4,2024,8,25,238,2460548,14
46582,38.915703,-77.108826,32,"VA",916,"Lobelia","cardinalis","cardinalflower","Plantae",317067,516,"Fruits",2024,10,20,294,2460604,2,2024,10,20,294,2460604,7
46582,38.915703,-77.108826,32,"VA",916,"Lobelia","cardinalis","cardinalflower","Plantae",317067,516,"Fruits",2024,11,17,322,2460632,6,2024,11,17,322,2460632,7
53756,35.141773,-97.392357,350,"OK",916,"Lobelia","cardinalis","cardinalflower","Plantae",328291,488,"Leaves (forbs)",2024,5,13,134,2460444,NA,2024,7,9,191,2460501,NA
53756,35.141773,-97.392357,350,"OK",916,"Lobelia","cardinalis","cardinalflower","Plantae",328291,500,"Flowers or flower buds",2024,5,21,142,2460452,NA,2024,7,9,191,2460501,NA
53756,35.141773,-97.392357,350,"OK",916,"Lobelia","cardinalis","cardinalflower","Plantae",328291,501,"Open flowers",2024,6,27,179,2460489,27,2024,7,9,191,2460501,NA
53756,35.141773,-97.392357,350,"OK",916,"Lobelia","cardinalis","cardinalflower","Plantae",328291,516,"Fruits",2024,6,27,179,2460489,27,2024,7,9,191,2460501,NA
49869,44.0261,-92.525398,335,"MN",1186,"Monarda","didyma","scarlet beebalm","Plantae",333800,488,"Leaves (forbs)",2024,6,21,173,2460483,NA,2024,6,21,173,2460483,NA
49869,44.0261,-92.525398,335,"MN",1186,"Monarda","didyma","scarlet beebalm","Plantae",333800,500,"Flowers or flower buds",2024,6,21,173,2460483,NA,2024,6,21,173,2460483,NA
49869,44.0261,-92.525398,335,"MN",1186,"Monarda","didyma","scarlet beebalm","Plantae",333800,501,"Open flowers",2024,6,21,173,2460483,NA,2024,6,21,173,2460483,NA
49869,44.0261,-92.525398,335,"MN",916,"Lobelia","cardinalis","cardinalflower","Plantae",333804,488,"Leaves (forbs)",2024,6,21,173,2460483,NA,2024,6,21,173,2460483,NA
55122,41.691399,-86.264397,209,"IN",309,"Campsis","radicans","trumpet creeper","Plantae",334455,483,"Leaves",2024,7,16,198,2460508,NA,2024,7,16,198,2460508,NA
55122,41.691399,-86.264397,209,"IN",309,"Campsis","radicans","trumpet creeper","Plantae",334455,500,"Flowers or flower buds",2024,7,16,198,2460508,NA,2024,7,16,198,2460508,NA
55122,41.691399,-86.264397,209,"IN",309,"Campsis","radicans","trumpet creeper","Plantae",334455,501,"Open flowers",2024,7,16,198,2460508,NA,2024,7,16,198,2460508,NA
56656,40.330994,-74.939964,51,NA,916,"Lobelia","cardinalis","cardinalflower","Plantae",335771,390,"Ripe fruits",2024,10,5,279,2460589,NA,2024,10,9,283,2460593,7
56656,40.330994,-74.939964,51,NA,916,"Lobelia","cardinalis","cardinalflower","Plantae",335771,390,"Ripe fruits",2024,10,20,294,2460604,4,2024,10,20,294,2460604,4
56656,40.330994,-74.939964,51,NA,916,"Lobelia","cardinalis","cardinalflower","Plantae",335771,390,"Ripe fruits",2024,11,2,307,2460617,3,2024,11,2,307,2460617,5
56656,40.330994,-74.939964,51,NA,916,"Lobelia","cardinalis","cardinalflower","Plantae",335771,488,"Leaves (forbs)",2024,10,9,283,2460593,4,2024,10,9,283,2460593,7
56656,40.330994,-74.939964,51,NA,916,"Lobelia","cardinalis","cardinalflower","Plantae",335771,488,"Leaves (forbs)",2024,10,20,294,2460604,4,2024,10,20,294,2460604,4
56656,40.330994,-74.939964,51,NA,916,"Lobelia","cardinalis","cardinalflower","Plantae",335771,488,"Leaves (forbs)",2024,11,2,307,2460617,3,2024,11,2,307,2460617,5
56656,40.330994,-74.939964,51,NA,916,"Lobelia","cardinalis","cardinalflower","Plantae",335771,488,"Leaves (forbs)",2024,11,17,322,2460632,9,2024,11,17,322,2460632,3
56656,40.330994,-74.939964,51,NA,916,"Lobelia","cardinalis","cardinalflower","Plantae",335771,504,"Recent fruit or seed drop",2024,10,5,279,2460589,NA,2024,10,20,294,2460604,4
56656,40.330994,-74.939964,51,NA,916,"Lobelia","cardinalis","cardinalflower","Plantae",335771,504,"Recent fruit or seed drop",2024,11,2,307,2460617,3,2024,11,2,307,2460617,5
56656,40.330994,-74.939964,51,NA,916,"Lobelia","cardinalis","cardinalflower","Plantae",335771,516,"Fruits",2024,10,5,279,2460589,NA,2024,10,9,283,2460593,7
56656,40.330994,-74.939964,51,NA,916,"Lobelia","cardinalis","cardinalflower","Plantae",335771,516,"Fruits",2024,10,20,294,2460604,4,2024,10,20,294,2460604,4
56656,40.330994,-74.939964,51,NA,916,"Lobelia","cardinalis","cardinalflower","Plantae",335771,516,"Fruits",2024,11,2,307,2460617,3,2024,11,2,307,2460617,5
48555,33.813538,-84.28347,307,"GA",1186,"Monarda","didyma","scarlet beebalm","Plantae",346704,390,"Ripe fruits",2024,11,30,335,2460645,NA,2024,11,30,335,2460645,13
48555,33.813538,-84.28347,307,"GA",1186,"Monarda","didyma","scarlet beebalm","Plantae",346704,488,"Leaves (forbs)",2024,11,30,335,2460645,NA,2024,12,13,348,2460658,NA
48555,33.813538,-84.28347,307,"GA",1186,"Monarda","didyma","scarlet beebalm","Plantae",346704,516,"Fruits",2024,11,30,335,2460645,NA,2024,11,30,335,2460645,13
10585,41.433689,-81.693153,219,"OH",1186,"Monarda","didyma","scarlet beebalm","Plantae",41716,390,"Ripe fruits",2025,8,14,226,2460902,7,2025,10,16,289,2460965,NA
10585,41.433689,-81.693153,219,"OH",1186,"Monarda","didyma","scarlet beebalm","Plantae",41716,482,"Initial growth (forbs)",2025,4,10,100,2460776,7,2025,5,8,128,2460804,7
10585,41.433689,-81.693153,219,"OH",1186,"Monarda","didyma","scarlet beebalm","Plantae",41716,488,"Leaves (forbs)",2025,4,10,100,2460776,7,2025,10,16,289,2460965,NA
10585,41.433689,-81.693153,219,"OH",1186,"Monarda","didyma","scarlet beebalm","Plantae",41716,500,"Flowers or flower buds",2025,6,19,170,2460846,7,2025,8,7,219,2460895,7
10585,41.433689,-81.693153,219,"OH",1186,"Monarda","didyma","scarlet beebalm","Plantae",41716,501,"Open flowers",2025,7,3,184,2460860,7,2025,9,18,261,2460937,7
10585,41.433689,-81.693153,219,"OH",1186,"Monarda","didyma","scarlet beebalm","Plantae",41716,504,"Recent fruit or seed drop",2025,8,23,235,2460911,9,2025,10,16,289,2460965,NA
10585,41.433689,-81.693153,219,"OH",1186,"Monarda","didyma","scarlet beebalm","Plantae",41716,516,"Fruits",2025,7,24,205,2460881,7,2025,10,16,289,2460965,NA
10585,41.433689,-81.693153,219,"OH",916,"Lobelia","cardinalis","cardinalflower","Plantae",43933,390,"Ripe fruits",2025,8,23,235,2460911,9,2025,9,25,268,2460944,7
10585,41.433689,-81.693153,219,"OH",916,"Lobelia","cardinalis","cardinalflower","Plantae",43933,482,"Initial growth (forbs)",2025,4,10,100,2460776,7,2025,5,15,135,2460811,7
10585,41.433689,-81.693153,219,"OH",916,"Lobelia","cardinalis","cardinalflower","Plantae",43933,488,"Leaves (forbs)",2025,4,24,114,2460790,7,2025,10,2,275,2460951,NA
10585,41.433689,-81.693153,219,"OH",916,"Lobelia","cardinalis","cardinalflower","Plantae",43933,500,"Flowers or flower buds",2025,7,3,184,2460860,7,2025,8,14,226,2460902,9
10585,41.433689,-81.693153,219,"OH",916,"Lobelia","cardinalis","cardinalflower","Plantae",43933,501,"Open flowers",2025,7,17,198,2460874,7,2025,9,18,261,2460937,7
10585,41.433689,-81.693153,219,"OH",916,"Lobelia","cardinalis","cardinalflower","Plantae",43933,504,"Recent fruit or seed drop",2025,8,23,235,2460911,9,2025,9,25,268,2460944,7
10585,41.433689,-81.693153,219,"OH",916,"Lobelia","cardinalis","cardinalflower","Plantae",43933,516,"Fruits",2025,8,14,226,2460902,7,2025,9,25,268,2460944,7
8418,32.363758,-94.873947,115,"TX",309,"Campsis","radicans","trumpet creeper","Plantae",46438,371,"Breaking leaf buds",2025,4,2,92,2460768,2,2025,4,27,117,2460793,3
8418,32.363758,-94.873947,115,"TX",309,"Campsis","radicans","trumpet creeper","Plantae",46438,371,"Breaking leaf buds",2025,6,19,170,2460846,4,2025,6,19,170,2460846,3
8418,32.363758,-94.873947,115,"TX",309,"Campsis","radicans","trumpet creeper","Plantae",46438,390,"Ripe fruits",2025,1,1,1,2460677,NA,2025,3,2,61,2460737,4
8418,32.363758,-94.873947,115,"TX",309,"Campsis","radicans","trumpet creeper","Plantae",46438,467,"Increasing leaf size",2025,4,16,106,2460782,3,2025,7,30,211,2460887,11
8418,32.363758,-94.873947,115,"TX",309,"Campsis","radicans","trumpet creeper","Plantae",46438,483,"Leaves",2025,4,6,96,2460772,4,2025,10,1,274,2460950,NA
8418,32.363758,-94.873947,115,"TX",309,"Campsis","radicans","trumpet creeper","Plantae",46438,500,"Flowers or flower buds",2025,5,25,145,2460821,4,2025,8,31,243,2460919,3
8418,32.363758,-94.873947,115,"TX",309,"Campsis","radicans","trumpet creeper","Plantae",46438,501,"Open flowers",2025,5,28,148,2460824,3,2025,8,31,243,2460919,3
8418,32.363758,-94.873947,115,"TX",309,"Campsis","radicans","trumpet creeper","Plantae",46438,504,"Recent fruit or seed drop",2025,1,1,1,2460677,NA,2025,1,30,30,2460706,3
8418,32.363758,-94.873947,115,"TX",309,"Campsis","radicans","trumpet creeper","Plantae",46438,504,"Recent fruit or seed drop",2025,3,2,61,2460737,4,2025,3,6,65,2460741,6
8418,32.363758,-94.873947,115,"TX",309,"Campsis","radicans","trumpet creeper","Plantae",46438,516,"Fruits",2025,1,1,1,2460677,NA,2025,3,2,61,2460737,4
8418,32.363758,-94.873947,115,"TX",309,"Campsis","radicans","trumpet creeper","Plantae",46438,516,"Fruits",2025,7,9,190,2460866,3,2025,10,1,274,2460950,NA
27474,29.784473,-90.114784,0,"LA",309,"Campsis","radicans","trumpet creeper","Plantae",141892,371,"Breaking leaf buds",2025,2,18,49,2460725,5,2025,3,9,68,2460744,10
27474,29.784473,-90.114784,0,"LA",309,"Campsis","radicans","trumpet creeper","Plantae",141892,467,"Increasing leaf size",2025,3,6,65,2460741,16,2025,4,28,118,2460794,10
27474,29.784473,-90.114784,0,"LA",309,"Campsis","radicans","trumpet creeper","Plantae",141892,471,"Falling leaves",2025,10,10,283,2460959,24,2025,10,24,297,2460973,NA
27474,29.784473,-90.114784,0,"LA",309,"Campsis","radicans","trumpet creeper","Plantae",141892,483,"Leaves",2025,3,6,65,2460741,16,2025,10,24,297,2460973,NA
27474,29.784473,-90.114784,0,"LA",309,"Campsis","radicans","trumpet creeper","Plantae",141892,500,"Flowers or flower buds",2025,7,10,191,2460867,22,2025,7,16,197,2460873,19
27474,29.784473,-90.114784,0,"LA",309,"Campsis","radicans","trumpet creeper","Plantae",141892,500,"Flowers or flower buds",2025,8,13,225,2460901,9,2025,9,16,259,2460935,24
27474,29.784473,-90.114784,0,"LA",309,"Campsis","radicans","trumpet creeper","Plantae",141892,501,"Open flowers",2025,7,10,191,2460867,22,2025,7,16,197,2460873,19
27474,29.784473,-90.114784,0,"LA",309,"Campsis","radicans","trumpet creeper","Plantae",141892,501,"Open flowers",2025,8,21,233,2460909,8,2025,8,21,233,2460909,14
27477,29.793816,-90.122452,0,"LA",309,"Campsis","radicans","trumpet creeper","Plantae",141921,371,"Breaking leaf buds",2025,3,28,87,2460763,19,2025,3,28,87,2460763,25
27477,29.793816,-90.122452,0,"LA",309,"Campsis","radicans","trumpet creeper","Plantae",141921,371,"Breaking leaf buds",2025,9,21,264,2460940,4,2025,9,21,264,2460940,NA
27477,29.793816,-90.122452,0,"LA",309,"Campsis","radicans","trumpet creeper","Plantae",141921,390,"Ripe fruits",2025,8,21,233,2460909,8,2025,9,1,244,2460920,3
27477,29.793816,-90.122452,0,"LA",309,"Campsis","radicans","trumpet creeper","Plantae",141921,390,"Ripe fruits",2025,9,21,264,2460940,17,2025,9,21,264,2460940,NA
27477,29.793816,-90.122452,0,"LA",309,"Campsis","radicans","trumpet creeper","Plantae",141921,467,"Increasing leaf size",2025,3,19,78,2460754,10,2025,3,28,87,2460763,25
27477,29.793816,-90.122452,0,"LA",309,"Campsis","radicans","trumpet creeper","Plantae",141921,467,"Increasing leaf size",2025,4,28,118,2460794,6,2025,4,28,118,2460794,10
27477,29.793816,-90.122452,0,"LA",309,"Campsis","radicans","trumpet creeper","Plantae",141921,467,"Increasing leaf size",2025,7,31,212,2460888,21,2025,7,31,212,2460888,4
27477,29.793816,-90.122452,0,"LA",309,"Campsis","radicans","trumpet creeper","Plantae",141921,467,"Increasing leaf size",2025,9,1,244,2460920,11,2025,9,1,244,2460920,3
27477,29.793816,-90.122452,0,"LA",309,"Campsis","radicans","trumpet creeper","Plantae",141921,467,"Increasing leaf size",2025,9,21,264,2460940,4,2025,9,21,264,2460940,NA
27477,29.793816,-90.122452,0,"LA",309,"Campsis","radicans","trumpet creeper","Plantae",141921,471,"Falling leaves",2025,1,9,9,2460685,NA,2025,1,9,9,2460685,15
27477,29.793816,-90.122452,0,"LA",309,"Campsis","radicans","trumpet creeper","Plantae",141921,483,"Leaves",2025,1,9,9,2460685,NA,2025,1,9,9,2460685,15
27477,29.793816,-90.122452,0,"LA",309,"Campsis","radicans","trumpet creeper","Plantae",141921,483,"Leaves",2025,3,19,78,2460754,10,2025,5,14,134,2460810,9
27477,29.793816,-90.122452,0,"LA",309,"Campsis","radicans","trumpet creeper","Plantae",141921,483,"Leaves",2025,6,3,154,2460830,11,2025,9,21,264,2460940,NA
27477,29.793816,-90.122452,0,"LA",309,"Campsis","radicans","trumpet creeper","Plantae",141921,498,"Colored leaves",2025,1,9,9,2460685,NA,2025,1,9,9,2460685,15
27477,29.793816,-90.122452,0,"LA",309,"Campsis","radicans","trumpet creeper","Plantae",141921,498,"Colored leaves",2025,8,21,233,2460909,8,2025,8,21,233,2460909,11
27477,29.793816,-90.122452,0,"LA",309,"Campsis","radicans","trumpet creeper","Plantae",141921,500,"Flowers or flower buds",2025,5,8,128,2460804,10,2025,9,21,264,2460940,NA
27477,29.793816,-90.122452,0,"LA",309,"Campsis","radicans","trumpet creeper","Plantae",141921,501,"Open flowers",2025,5,8,128,2460804,10,2025,9,4,247,2460923,13
27477,29.793816,-90.122452,0,"LA",309,"Campsis","radicans","trumpet creeper","Plantae",141921,501,"Open flowers",2025,9,21,264,2460940,4,2025,9,21,264,2460940,NA
27477,29.793816,-90.122452,0,"LA",309,"Campsis","radicans","trumpet creeper","Plantae",141921,516,"Fruits",2025,6,26,177,2460853,34,2025,8,4,216,2460892,9
27477,29.793816,-90.122452,0,"LA",309,"Campsis","radicans","trumpet creeper","Plantae",141921,516,"Fruits",2025,9,1,244,2460920,11,2025,9,21,264,2460940,NA
36351,38.952805,-75.933502,13,"MD",916,"Lobelia","cardinalis","cardinalflower","Plantae",223675,390,"Ripe fruits",2025,9,5,248,2460924,14,2025,9,19,262,2460938,NA
36351,38.952805,-75.933502,13,"MD",916,"Lobelia","cardinalis","cardinalflower","Plantae",223675,488,"Leaves (forbs)",2025,8,8,220,2460896,28,2025,9,5,248,2460924,14
36351,38.952805,-75.933502,13,"MD",916,"Lobelia","cardinalis","cardinalflower","Plantae",223675,500,"Flowers or flower buds",2025,8,8,220,2460896,28,2025,9,5,248,2460924,14
36351,38.952805,-75.933502,13,"MD",916,"Lobelia","cardinalis","cardinalflower","Plantae",223675,501,"Open flowers",2025,8,8,220,2460896,28,2025,8,22,234,2460910,14
36351,38.952805,-75.933502,13,"MD",916,"Lobelia","cardinalis","cardinalflower","Plantae",223675,516,"Fruits",2025,9,5,248,2460924,14,2025,9,19,262,2460938,NA
32443,39.90163,-86.175911,242,"IN",916,"Lobelia","cardinalis","cardinalflower","Plantae",223769,390,"Ripe fruits",2025,9,16,259,2460935,6,2025,10,29,302,2460978,NA
32443,39.90163,-86.175911,242,"IN",916,"Lobelia","cardinalis","cardinalflower","Plantae",223769,482,"Initial growth (forbs)",2025,3,9,68,2460744,4,2025,4,9,99,2460775,NA
32443,39.90163,-86.175911,242,"IN",916,"Lobelia","cardinalis","cardinalflower","Plantae",223769,488,"Leaves (forbs)",2025,3,12,71,2460747,3,2025,10,23,296,2460972,6
32443,39.90163,-86.175911,242,"IN",916,"Lobelia","cardinalis","cardinalflower","Plantae",223769,500,"Flowers or flower buds",2025,7,2,183,2460859,7,2025,8,27,239,2460915,7
32443,39.90163,-86.175911,242,"IN",916,"Lobelia","cardinalis","cardinalflower","Plantae",223769,501,"Open flowers",2025,7,23,204,2460880,21,2025,8,27,239,2460915,NA
32443,39.90163,-86.175911,242,"IN",916,"Lobelia","cardinalis","cardinalflower","Plantae",223769,504,"Recent fruit or seed drop",2025,9,16,259,2460935,NA,2025,9,16,259,2460935,7
32443,39.90163,-86.175911,242,"IN",916,"Lobelia","cardinalis","cardinalflower","Plantae",223769,504,"Recent fruit or seed drop",2025,10,1,274,2460950,8,2025,10,29,302,2460978,NA
32443,39.90163,-86.175911,242,"IN",916,"Lobelia","cardinalis","cardinalflower","Plantae",223769,516,"Fruits",2025,8,6,218,2460894,7,2025,10,29,302,2460978,NA
27476,29.785265,-90.110191,0,"LA",309,"Campsis","radicans","trumpet creeper","Plantae",225509,483,"Leaves",2025,7,18,199,2460875,NA,2025,7,18,199,2460875,NA
27476,29.785265,-90.110191,0,"LA",309,"Campsis","radicans","trumpet creeper","Plantae",225509,500,"Flowers or flower buds",2025,7,18,199,2460875,NA,2025,7,18,199,2460875,NA
27476,29.785265,-90.110191,0,"LA",309,"Campsis","radicans","trumpet creeper","Plantae",225509,501,"Open flowers",2025,7,18,199,2460875,NA,2025,7,18,199,2460875,NA
27476,29.785265,-90.110191,0,"LA",309,"Campsis","radicans","trumpet creeper","Plantae",225509,516,"Fruits",2025,7,18,199,2460875,NA,2025,7,18,199,2460875,NA
16267,41.480042,-81.14473,379,"OH",1186,"Monarda","didyma","scarlet beebalm","Plantae",230327,482,"Initial growth (forbs)",2025,5,9,129,2460805,NA,2025,6,10,161,2460837,NA
16267,41.480042,-81.14473,379,"OH",1186,"Monarda","didyma","scarlet beebalm","Plantae",230327,488,"Leaves (forbs)",2025,5,9,129,2460805,NA,2025,7,22,203,2460879,NA
16267,41.480042,-81.14473,379,"OH",1186,"Monarda","didyma","scarlet beebalm","Plantae",230327,500,"Flowers or flower buds",2025,7,22,203,2460879,34,2025,7,22,203,2460879,NA
16267,41.480042,-81.14473,379,"OH",1186,"Monarda","didyma","scarlet beebalm","Plantae",230327,501,"Open flowers",2025,7,22,203,2460879,34,2025,7,22,203,2460879,NA
34665,38.999882,-86.59021,248,"IN",916,"Lobelia","cardinalis","cardinalflower","Plantae",234996,390,"Ripe fruits",2025,9,21,264,2460940,110,2025,9,21,264,2460940,NA
34665,38.999882,-86.59021,248,"IN",916,"Lobelia","cardinalis","cardinalflower","Plantae",234996,482,"Initial growth (forbs)",2025,4,30,120,2460796,NA,2025,4,30,120,2460796,21
34665,38.999882,-86.59021,248,"IN",916,"Lobelia","cardinalis","cardinalflower","Plantae",234996,488,"Leaves (forbs)",2025,4,30,120,2460796,NA,2025,4,30,120,2460796,21
34665,38.999882,-86.59021,248,"IN",916,"Lobelia","cardinalis","cardinalflower","Plantae",234996,488,"Leaves (forbs)",2025,9,21,264,2460940,110,2025,9,21,264,2460940,NA
34665,38.999882,-86.59021,248,"IN",916,"Lobelia","cardinalis","cardinalflower","Plantae",234996,516,"Fruits",2025,9,21,264,2460940,110,2025,9,21,264,2460940,NA
38489,39.065994,-76.504898,6,"MD",309,"Campsis","radicans","trumpet creeper","Plantae",237787,371,"Breaking leaf buds",2025,4,3,93,2460769,23,2025,4,10,100,2460776,NA
38489,39.065994,-76.504898,6,"MD",309,"Campsis","radicans","trumpet creeper","Plantae",237787,467,"Increasing leaf size",2025,4,3,93,2460769,23,2025,4,10,100,2460776,NA
38489,39.065994,-76.504898,6,"MD",309,"Campsis","radicans","trumpet creeper","Plantae",237787,483,"Leaves",2025,4,10,100,2460776,7,2025,4,10,100,2460776,NA
42044,41.05518,-86.165627,241,"IN",916,"Lobelia","cardinalis","cardinalflower","Plantae",256682,482,"Initial growth (forbs)",2025,5,10,130,2460806,27,2025,5,10,130,2460806,NA
32443,39.90163,-86.175911,242,"IN",1186,"Monarda","didyma","scarlet beebalm","Plantae",294149,390,"Ripe fruits",2025,8,6,218,2460894,7,2025,9,16,259,2460935,NA
32443,39.90163,-86.175911,242,"IN",1186,"Monarda","didyma","scarlet beebalm","Plantae",294149,482,"Initial growth (forbs)",2025,3,12,71,2460747,7,2025,4,2,92,2460768,NA
32443,39.90163,-86.175911,242,"IN",1186,"Monarda","didyma","scarlet beebalm","Plantae",294149,488,"Leaves (forbs)",2025,3,18,77,2460753,6,2025,10,29,302,2460978,NA
32443,39.90163,-86.175911,242,"IN",1186,"Monarda","didyma","scarlet beebalm","Plantae",294149,500,"Flowers or flower buds",2025,6,18,169,2460845,7,2025,7,30,211,2460887,7
32443,39.90163,-86.175911,242,"IN",1186,"Monarda","didyma","scarlet beebalm","Plantae",294149,501,"Open flowers",2025,6,18,169,2460845,NA,2025,7,30,211,2460887,NA
32443,39.90163,-86.175911,242,"IN",1186,"Monarda","didyma","scarlet beebalm","Plantae",294149,504,"Recent fruit or seed drop",2025,8,6,218,2460894,NA,2025,8,6,218,2460894,6
32443,39.90163,-86.175911,242,"IN",1186,"Monarda","didyma","scarlet beebalm","Plantae",294149,504,"Recent fruit or seed drop",2025,8,20,232,2460908,8,2025,9,16,259,2460935,NA
32443,39.90163,-86.175911,242,"IN",1186,"Monarda","didyma","scarlet beebalm","Plantae",294149,516,"Fruits",2025,7,23,204,2460880,21,2025,9,16,259,2460935,7
48555,33.813538,-84.28347,307,"GA",916,"Lobelia","cardinalis","cardinalflower","Plantae",305066,390,"Ripe fruits",2025,1,16,16,2460692,NA,2025,2,5,36,2460712,13
48555,33.813538,-84.28347,307,"GA",916,"Lobelia","cardinalis","cardinalflower","Plantae",305066,390,"Ripe fruits",2025,10,18,291,2460967,16,2025,10,18,291,2460967,NA
48555,33.813538,-84.28347,307,"GA",916,"Lobelia","cardinalis","cardinalflower","Plantae",305066,488,"Leaves (forbs)",2025,1,16,16,2460692,NA,2025,10,18,291,2460967,NA
48555,33.813538,-84.28347,307,"GA",916,"Lobelia","cardinalis","cardinalflower","Plantae",305066,500,"Flowers or flower buds",2025,8,1,213,2460889,12,2025,8,29,241,2460917,15
48555,33.813538,-84.28347,307,"GA",916,"Lobelia","cardinalis","cardinalflower","Plantae",305066,501,"Open flowers",2025,8,1,213,2460889,12,2025,9,13,256,2460932,19
48555,33.813538,-84.28347,307,"GA",916,"Lobelia","cardinalis","cardinalflower","Plantae",305066,504,"Recent fruit or seed drop",2025,1,16,16,2460692,NA,2025,1,16,16,2460692,33
48555,33.813538,-84.28347,307,"GA",916,"Lobelia","cardinalis","cardinalflower","Plantae",305066,516,"Fruits",2025,1,16,16,2460692,NA,2025,2,5,36,2460712,13
48555,33.813538,-84.28347,307,"GA",916,"Lobelia","cardinalis","cardinalflower","Plantae",305066,516,"Fruits",2025,8,29,241,2460917,15,2025,10,18,291,2460967,NA
33069,43.841541,-69.502037,-9,"ME",916,"Lobelia","cardinalis","cardinalflower","Plantae",315720,390,"Ripe fruits",2025,9,8,251,2460927,48,2025,9,8,251,2460927,NA
33069,43.841541,-69.502037,-9,"ME",916,"Lobelia","cardinalis","cardinalflower","Plantae",315720,488,"Leaves (forbs)",2025,6,12,163,2460839,NA,2025,6,12,163,2460839,32
33069,43.841541,-69.502037,-9,"ME",916,"Lobelia","cardinalis","cardinalflower","Plantae",315720,500,"Flowers or flower buds",2025,6,24,175,2460851,12,2025,7,2,183,2460859,12
33069,43.841541,-69.502037,-9,"ME",916,"Lobelia","cardinalis","cardinalflower","Plantae",315720,500,"Flowers or flower buds",2025,8,6,218,2460894,15,2025,8,6,218,2460894,NA
33069,43.841541,-69.502037,-9,"ME",916,"Lobelia","cardinalis","cardinalflower","Plantae",315720,501,"Open flowers",2025,8,6,218,2460894,15,2025,8,6,218,2460894,NA
33069,43.841541,-69.502037,-9,"ME",916,"Lobelia","cardinalis","cardinalflower","Plantae",315720,504,"Recent fruit or seed drop",2025,10,4,277,2460953,26,2025,11,3,307,2460983,NA
33069,43.841541,-69.502037,-9,"ME",916,"Lobelia","cardinalis","cardinalflower","Plantae",315720,516,"Fruits",2025,9,8,251,2460927,33,2025,9,8,251,2460927,NA
46582,38.915703,-77.108826,32,"VA",916,"Lobelia","cardinalis","cardinalflower","Plantae",317067,488,"Leaves (forbs)",2025,4,17,107,2460783,19,2025,5,29,149,2460825,24
46582,38.915703,-77.108826,32,"VA",916,"Lobelia","cardinalis","cardinalflower","Plantae",317067,488,"Leaves (forbs)",2025,6,25,176,2460852,3,2025,7,25,206,2460882,14
46582,38.915703,-77.108826,32,"VA",916,"Lobelia","cardinalis","cardinalflower","Plantae",317067,488,"Leaves (forbs)",2025,8,10,222,2460898,2,2025,8,28,240,2460916,7
46582,38.915703,-77.108826,32,"VA",916,"Lobelia","cardinalis","cardinalflower","Plantae",317067,488,"Leaves (forbs)",2025,9,17,260,2460936,13,2025,9,26,269,2460945,7
46582,38.915703,-77.108826,32,"VA",916,"Lobelia","cardinalis","cardinalflower","Plantae",317067,500,"Flowers or flower buds",2025,8,8,220,2460896,14,2025,9,4,247,2460923,9
46582,38.915703,-77.108826,32,"VA",916,"Lobelia","cardinalis","cardinalflower","Plantae",317067,501,"Open flowers",2025,8,20,232,2460908,10,2025,8,28,240,2460916,16
46582,38.915703,-77.108826,32,"VA",916,"Lobelia","cardinalis","cardinalflower","Plantae",317067,516,"Fruits",2025,9,13,256,2460932,9,2025,9,17,260,2460936,22
56656,40.330994,-74.939964,51,NA,916,"Lobelia","cardinalis","cardinalflower","Plantae",335771,488,"Leaves (forbs)",2025,1,4,4,2460680,NA,2025,1,4,4,2460680,5
56656,40.330994,-74.939964,51,NA,916,"Lobelia","cardinalis","cardinalflower","Plantae",335771,488,"Leaves (forbs)",2025,7,17,198,2460874,77,2025,7,17,198,2460874,NA
48555,33.813538,-84.28347,307,"GA",1186,"Monarda","didyma","scarlet beebalm","Plantae",346704,390,"Ripe fruits",2025,8,1,213,2460889,12,2025,8,29,241,2460917,15
48555,33.813538,-84.28347,307,"GA",1186,"Monarda","didyma","scarlet beebalm","Plantae",346704,390,"Ripe fruits",2025,10,2,275,2460951,19,2025,10,18,291,2460967,NA
48555,33.813538,-84.28347,307,"GA",1186,"Monarda","didyma","scarlet beebalm","Plantae",346704,482,"Initial growth (forbs)",2025,1,16,16,2460692,NA,2025,1,16,16,2460692,20
48555,33.813538,-84.28347,307,"GA",1186,"Monarda","didyma","scarlet beebalm","Plantae",346704,482,"Initial growth (forbs)",2025,2,18,49,2460725,13,2025,2,18,49,2460725,14
48555,33.813538,-84.28347,307,"GA",1186,"Monarda","didyma","scarlet beebalm","Plantae",346704,488,"Leaves (forbs)",2025,1,16,16,2460692,NA,2025,10,18,291,2460967,NA
48555,33.813538,-84.28347,307,"GA",1186,"Monarda","didyma","scarlet beebalm","Plantae",346704,500,"Flowers or flower buds",2025,6,3,154,2460830,15,2025,10,18,291,2460967,NA
48555,33.813538,-84.28347,307,"GA",1186,"Monarda","didyma","scarlet beebalm","Plantae",346704,501,"Open flowers",2025,6,3,154,2460830,15,2025,10,18,291,2460967,NA
48555,33.813538,-84.28347,307,"GA",1186,"Monarda","didyma","scarlet beebalm","Plantae",346704,516,"Fruits",2025,8,1,213,2460889,12,2025,8,29,241,2460917,15
48555,33.813538,-84.28347,307,"GA",1186,"Monarda","didyma","scarlet beebalm","Plantae",346704,516,"Fruits",2025,10,2,275,2460951,19,2025,10,18,291,2460967,NA
56087,39.033443,-77.018204,103,"MD",1186,"Monarda","didyma","scarlet beebalm","Plantae",347869,390,"Ripe fruits",2025,8,3,215,2460891,6,2025,10,16,289,2460965,NA
56087,39.033443,-77.018204,103,"MD",1186,"Monarda","didyma","scarlet beebalm","Plantae",347869,482,"Initial growth (forbs)",2025,3,30,89,2460765,5,2025,3,30,89,2460765,1
56087,39.033443,-77.018204,103,"MD",1186,"Monarda","didyma","scarlet beebalm","Plantae",347869,482,"Initial growth (forbs)",2025,4,1,91,2460767,1,2025,4,30,120,2460796,7
56087,39.033443,-77.018204,103,"MD",1186,"Monarda","didyma","scarlet beebalm","Plantae",347869,488,"Leaves (forbs)",2025,4,14,104,2460780,6,2025,5,12,132,2460808,8
56087,39.033443,-77.018204,103,"MD",1186,"Monarda","didyma","scarlet beebalm","Plantae",347869,488,"Leaves (forbs)",2025,5,29,149,2460825,9,2025,10,16,289,2460965,NA
56087,39.033443,-77.018204,103,"MD",1186,"Monarda","didyma","scarlet beebalm","Plantae",347869,500,"Flowers or flower buds",2025,6,14,165,2460841,8,2025,8,30,242,2460918,7
56087,39.033443,-77.018204,103,"MD",1186,"Monarda","didyma","scarlet beebalm","Plantae",347869,500,"Flowers or flower buds",2025,9,11,254,2460930,5,2025,9,11,254,2460930,8
56087,39.033443,-77.018204,103,"MD",1186,"Monarda","didyma","scarlet beebalm","Plantae",347869,501,"Open flowers",2025,6,24,175,2460851,5,2025,8,30,242,2460918,7
56087,39.033443,-77.018204,103,"MD",1186,"Monarda","didyma","scarlet beebalm","Plantae",347869,501,"Open flowers",2025,9,11,254,2460930,5,2025,9,11,254,2460930,8
56087,39.033443,-77.018204,103,"MD",1186,"Monarda","didyma","scarlet beebalm","Plantae",347869,504,"Recent fruit or seed drop",2025,9,6,249,2460925,7,2025,10,16,289,2460965,NA
56087,39.033443,-77.018204,103,"MD",1186,"Monarda","didyma","scarlet beebalm","Plantae",347869,516,"Fruits",2025,8,3,215,2460891,6,2025,10,16,289,2460965,NA
56452,30.082905,-95.134926,20,"TX",309,"Campsis","radicans","trumpet creeper","Plantae",349009,467,"Increasing leaf size",2025,7,23,204,2460880,NA,2025,7,23,204,2460880,NA
56452,30.082905,-95.134926,20,"TX",309,"Campsis","radicans","trumpet creeper","Plantae",349009,483,"Leaves",2025,7,23,204,2460880,NA,2025,7,23,204,2460880,NA
56452,30.082905,-95.134926,20,"TX",309,"Campsis","radicans","trumpet creeper","Plantae",349009,501,"Open flowers",2025,7,23,204,2460880,NA,2025,7,23,204,2460880,NA
56562,43.092583,-89.335663,263,"WI",916,"Lobelia","cardinalis","cardinalflower","Plantae",349659,482,"Initial growth (forbs)",2025,3,31,90,2460766,2,2025,4,12,102,2460778,2
56562,43.092583,-89.335663,263,"WI",916,"Lobelia","cardinalis","cardinalflower","Plantae",349659,482,"Initial growth (forbs)",2025,4,15,105,2460781,1,2025,4,17,107,2460783,1
56562,43.092583,-89.335663,263,"WI",916,"Lobelia","cardinalis","cardinalflower","Plantae",349659,482,"Initial growth (forbs)",2025,4,19,109,2460785,1,2025,4,26,116,2460792,3
56562,43.092583,-89.335663,263,"WI",916,"Lobelia","cardinalis","cardinalflower","Plantae",349659,482,"Initial growth (forbs)",2025,4,30,120,2460796,1,2025,4,30,120,2460796,2
56562,43.092583,-89.335663,263,"WI",916,"Lobelia","cardinalis","cardinalflower","Plantae",349659,482,"Initial growth (forbs)",2025,5,3,123,2460799,1,2025,5,8,128,2460804,1
56562,43.092583,-89.335663,263,"WI",916,"Lobelia","cardinalis","cardinalflower","Plantae",349659,482,"Initial growth (forbs)",2025,5,10,130,2460806,1,2025,5,17,137,2460813,7
56562,43.092583,-89.335663,263,"WI",916,"Lobelia","cardinalis","cardinalflower","Plantae",349659,482,"Initial growth (forbs)",2025,5,31,151,2460827,7,2025,5,31,151,2460827,2
56562,43.092583,-89.335663,263,"WI",916,"Lobelia","cardinalis","cardinalflower","Plantae",349659,482,"Initial growth (forbs)",2025,6,6,157,2460833,4,2025,6,6,157,2460833,1
56562,43.092583,-89.335663,263,"WI",916,"Lobelia","cardinalis","cardinalflower","Plantae",349659,488,"Leaves (forbs)",2025,4,17,107,2460783,2,2025,4,17,107,2460783,1
56562,43.092583,-89.335663,263,"WI",916,"Lobelia","cardinalis","cardinalflower","Plantae",349659,488,"Leaves (forbs)",2025,4,25,115,2460791,1,2025,4,25,115,2460791,1
56562,43.092583,-89.335663,263,"WI",916,"Lobelia","cardinalis","cardinalflower","Plantae",349659,488,"Leaves (forbs)",2025,5,6,126,2460802,1,2025,5,6,126,2460802,2
56562,43.092583,-89.335663,263,"WI",916,"Lobelia","cardinalis","cardinalflower","Plantae",349659,488,"Leaves (forbs)",2025,5,17,137,2460813,5,2025,9,9,252,2460928,7
56562,43.092583,-89.335663,263,"WI",916,"Lobelia","cardinalis","cardinalflower","Plantae",349659,500,"Flowers or flower buds",2025,7,10,191,2460867,2,2025,9,9,252,2460928,7
56562,43.092583,-89.335663,263,"WI",916,"Lobelia","cardinalis","cardinalflower","Plantae",349659,501,"Open flowers",2025,7,24,205,2460881,7,2025,9,9,252,2460928,7
56562,43.092583,-89.335663,263,"WI",916,"Lobelia","cardinalis","cardinalflower","Plantae",349659,516,"Fruits",2025,8,7,219,2460895,5,2025,8,14,226,2460902,2
56562,43.092583,-89.335663,263,"WI",916,"Lobelia","cardinalis","cardinalflower","Plantae",349659,516,"Fruits",2025,8,22,234,2460910,6,2025,8,22,234,2460910,7
56562,43.092583,-89.335663,263,"WI",916,"Lobelia","cardinalis","cardinalflower","Plantae",349659,516,"Fruits",2025,9,9,252,2460928,11,2025,9,16,259,2460935,7
56562,43.092583,-89.335663,263,"WI",1186,"Monarda","didyma","scarlet beebalm","Plantae",349660,390,"Ripe fruits",2025,8,7,219,2460895,5,2025,8,14,226,2460902,2
56562,43.092583,-89.335663,263,"WI",1186,"Monarda","didyma","scarlet beebalm","Plantae",349660,390,"Ripe fruits",2025,8,22,234,2460910,6,2025,8,22,234,2460910,7
56562,43.092583,-89.335663,263,"WI",1186,"Monarda","didyma","scarlet beebalm","Plantae",349660,390,"Ripe fruits",2025,9,9,252,2460928,11,2025,10,10,283,2460959,NA
56562,43.092583,-89.335663,263,"WI",1186,"Monarda","didyma","scarlet beebalm","Plantae",349660,482,"Initial growth (forbs)",2025,3,31,90,2460766,2,2025,4,26,116,2460792,3
56562,43.092583,-89.335663,263,"WI",1186,"Monarda","didyma","scarlet beebalm","Plantae",349660,482,"Initial growth (forbs)",2025,4,30,120,2460796,1,2025,4,30,120,2460796,2
56562,43.092583,-89.335663,263,"WI",1186,"Monarda","didyma","scarlet beebalm","Plantae",349660,482,"Initial growth (forbs)",2025,5,3,123,2460799,1,2025,5,6,126,2460802,3
56562,43.092583,-89.335663,263,"WI",1186,"Monarda","didyma","scarlet beebalm","Plantae",349660,482,"Initial growth (forbs)",2025,5,10,130,2460806,1,2025,5,23,143,2460819,1
56562,43.092583,-89.335663,263,"WI",1186,"Monarda","didyma","scarlet beebalm","Plantae",349660,488,"Leaves (forbs)",2025,4,17,107,2460783,2,2025,4,17,107,2460783,1
56562,43.092583,-89.335663,263,"WI",1186,"Monarda","didyma","scarlet beebalm","Plantae",349660,488,"Leaves (forbs)",2025,4,24,114,2460790,1,2025,4,26,116,2460792,3
56562,43.092583,-89.335663,263,"WI",1186,"Monarda","didyma","scarlet beebalm","Plantae",349660,488,"Leaves (forbs)",2025,4,30,120,2460796,1,2025,10,10,283,2460959,NA
56562,43.092583,-89.335663,263,"WI",1186,"Monarda","didyma","scarlet beebalm","Plantae",349660,500,"Flowers or flower buds",2025,6,25,176,2460852,4,2025,6,25,176,2460852,1
56562,43.092583,-89.335663,263,"WI",1186,"Monarda","didyma","scarlet beebalm","Plantae",349660,500,"Flowers or flower buds",2025,6,30,181,2460857,4,2025,9,9,252,2460928,7
56562,43.092583,-89.335663,263,"WI",1186,"Monarda","didyma","scarlet beebalm","Plantae",349660,501,"Open flowers",2025,6,30,181,2460857,4,2025,9,9,252,2460928,7
56562,43.092583,-89.335663,263,"WI",1186,"Monarda","didyma","scarlet beebalm","Plantae",349660,504,"Recent fruit or seed drop",2025,8,7,219,2460895,5,2025,8,7,219,2460895,2
56562,43.092583,-89.335663,263,"WI",1186,"Monarda","didyma","scarlet beebalm","Plantae",349660,504,"Recent fruit or seed drop",2025,8,14,226,2460902,5,2025,8,14,226,2460902,2
56562,43.092583,-89.335663,263,"WI",1186,"Monarda","didyma","scarlet beebalm","Plantae",349660,504,"Recent fruit or seed drop",2025,9,16,259,2460935,18,2025,10,10,283,2460959,NA
56562,43.092583,-89.335663,263,"WI",1186,"Monarda","didyma","scarlet beebalm","Plantae",349660,516,"Fruits",2025,7,29,210,2460886,5,2025,7,29,210,2460886,4
56562,43.092583,-89.335663,263,"WI",1186,"Monarda","didyma","scarlet beebalm","Plantae",349660,516,"Fruits",2025,8,7,219,2460895,5,2025,8,14,226,2460902,2
56562,43.092583,-89.335663,263,"WI",1186,"Monarda","didyma","scarlet beebalm","Plantae",349660,516,"Fruits",2025,8,22,234,2460910,6,2025,10,10,283,2460959,NA
56840,41.473198,-71.760635,54,"RI",916,"Lobelia","cardinalis","cardinalflower","Plantae",351403,482,"Initial growth (forbs)",2025,4,13,103,2460779,23,2025,4,13,103,2460779,8
56840,41.473198,-71.760635,54,"RI",916,"Lobelia","cardinalis","cardinalflower","Plantae",351403,482,"Initial growth (forbs)",2025,5,20,140,2460816,29,2025,6,28,179,2460855,113
56840,41.473198,-71.760635,54,"RI",916,"Lobelia","cardinalis","cardinalflower","Plantae",351403,488,"Leaves (forbs)",2025,4,13,103,2460779,23,2025,10,29,302,2460978,NA
56840,41.473198,-71.760635,54,"RI",916,"Lobelia","cardinalis","cardinalflower","Plantae",351403,500,"Flowers or flower buds",2025,4,21,111,2460787,8,2025,4,21,111,2460787,29
56840,41.473198,-71.760635,54,"RI",916,"Lobelia","cardinalis","cardinalflower","Plantae",351403,500,"Flowers or flower buds",2025,6,28,179,2460855,39,2025,6,28,179,2460855,113
56840,41.473198,-71.760635,54,"RI",916,"Lobelia","cardinalis","cardinalflower","Plantae",351403,501,"Open flowers",2025,4,21,111,2460787,8,2025,4,21,111,2460787,29
56840,41.473198,-71.760635,54,"RI",916,"Lobelia","cardinalis","cardinalflower","Plantae",351403,501,"Open flowers",2025,6,28,179,2460855,39,2025,6,28,179,2460855,113
56921,42.471622,-76.457161,296,NA,916,"Lobelia","cardinalis","cardinalflower","Plantae",351624,482,"Initial growth (forbs)",2025,3,30,89,2460765,7,2025,4,25,115,2460791,NA
56921,42.471622,-76.457161,296,NA,916,"Lobelia","cardinalis","cardinalflower","Plantae",351624,488,"Leaves (forbs)",2025,3,30,89,2460765,7,2025,3,30,89,2460765,8
56921,42.471622,-76.457161,296,NA,916,"Lobelia","cardinalis","cardinalflower","Plantae",351624,488,"Leaves (forbs)",2025,4,17,107,2460783,10,2025,4,25,115,2460791,NA
56921,42.471622,-76.457161,296,NA,1186,"Monarda","didyma","scarlet beebalm","Plantae",351645,482,"Initial growth (forbs)",2025,3,23,82,2460758,NA,2025,4,17,107,2460783,8
56921,42.471622,-76.457161,296,NA,1186,"Monarda","didyma","scarlet beebalm","Plantae",351645,488,"Leaves (forbs)",2025,3,30,89,2460765,7,2025,4,25,115,2460791,NA
57176,34.035896,-80.980515,85,NA,1186,"Monarda","didyma","scarlet beebalm","Plantae",362263,482,"Initial growth (forbs)",2025,3,31,90,2460766,NA,2025,4,2,92,2460768,NA
57176,34.035896,-80.980515,85,NA,1186,"Monarda","didyma","scarlet beebalm","Plantae",362263,488,"Leaves (forbs)",2025,3,31,90,2460766,NA,2025,4,2,92,2460768,NA
57247,42.867371,-73.817406,97,NA,916,"Lobelia","cardinalis","cardinalflower","Plantae",363018,488,"Leaves (forbs)",2025,4,20,110,2460786,NA,2025,5,10,130,2460806,NA
57247,42.867371,-73.817406,97,NA,916,"Lobelia","cardinalis","cardinalflower","Plantae",363018,500,"Flowers or flower buds",2025,6,27,178,2460854,7,2025,8,13,225,2460901,NA
57247,42.867371,-73.817406,97,NA,916,"Lobelia","cardinalis","cardinalflower","Plantae",363018,501,"Open flowers",2025,7,28,209,2460885,7,2025,8,13,225,2460901,NA
57247,42.867371,-73.817406,97,NA,1186,"Monarda","didyma","scarlet beebalm","Plantae",363032,482,"Initial growth (forbs)",2025,4,14,104,2460780,NA,2025,4,14,104,2460780,NA
57247,42.867371,-73.817406,97,NA,1186,"Monarda","didyma","scarlet beebalm","Plantae",363032,488,"Leaves (forbs)",2025,4,14,104,2460780,NA,2025,5,10,130,2460806,NA
57247,42.867371,-73.817406,97,NA,1186,"Monarda","didyma","scarlet beebalm","Plantae",363032,500,"Flowers or flower buds",2025,6,20,171,2460847,7,2025,8,13,225,2460901,NA
57247,42.867371,-73.817406,97,NA,1186,"Monarda","didyma","scarlet beebalm","Plantae",363032,501,"Open flowers",2025,6,27,178,2460854,7,2025,8,13,225,2460901,NA
46582,38.915703,-77.108826,32,"VA",916,"Lobelia","cardinalis","cardinalflower","Plantae",364825,482,"Initial growth (forbs)",2025,6,22,173,2460849,11,2025,6,22,173,2460849,3
46582,38.915703,-77.108826,32,"VA",916,"Lobelia","cardinalis","cardinalflower","Plantae",364825,488,"Leaves (forbs)",2025,4,30,120,2460796,NA,2025,7,10,191,2460867,9
46582,38.915703,-77.108826,32,"VA",916,"Lobelia","cardinalis","cardinalflower","Plantae",364825,488,"Leaves (forbs)",2025,7,25,206,2460882,6,2025,7,25,206,2460882,14
46582,38.915703,-77.108826,32,"VA",916,"Lobelia","cardinalis","cardinalflower","Plantae",364825,488,"Leaves (forbs)",2025,8,10,222,2460898,2,2025,8,28,240,2460916,7
46582,38.915703,-77.108826,32,"VA",916,"Lobelia","cardinalis","cardinalflower","Plantae",364825,488,"Leaves (forbs)",2025,9,13,256,2460932,9,2025,9,26,269,2460945,7
46582,38.915703,-77.108826,32,"VA",916,"Lobelia","cardinalis","cardinalflower","Plantae",364825,488,"Leaves (forbs)",2025,10,9,282,2460958,6,2025,10,9,282,2460958,6
46582,38.915703,-77.108826,32,"VA",916,"Lobelia","cardinalis","cardinalflower","Plantae",364825,488,"Leaves (forbs)",2025,10,23,296,2460972,8,2025,10,23,296,2460972,7
46582,38.915703,-77.108826,32,"VA",916,"Lobelia","cardinalis","cardinalflower","Plantae",364825,500,"Flowers or flower buds",2025,8,8,220,2460896,14,2025,8,10,222,2460898,10
46582,38.915703,-77.108826,32,"VA",916,"Lobelia","cardinalis","cardinalflower","Plantae",364825,500,"Flowers or flower buds",2025,8,28,240,2460916,8,2025,9,17,260,2460936,9
46582,38.915703,-77.108826,32,"VA",916,"Lobelia","cardinalis","cardinalflower","Plantae",364825,501,"Open flowers",2025,8,8,220,2460896,14,2025,8,10,222,2460898,10
46582,38.915703,-77.108826,32,"VA",916,"Lobelia","cardinalis","cardinalflower","Plantae",364825,501,"Open flowers",2025,8,28,240,2460916,8,2025,9,17,260,2460936,9
46582,38.915703,-77.108826,32,"VA",916,"Lobelia","cardinalis","cardinalflower","Plantae",364825,516,"Fruits",2025,9,13,256,2460932,9,2025,9,13,256,2460932,4
46582,38.915703,-77.108826,32,"VA",916,"Lobelia","cardinalis","cardinalflower","Plantae",364825,516,"Fruits",2025,9,26,269,2460945,9,2025,9,26,269,2460945,7
57763,30.637199,-97.681198,233,NA,916,"Lobelia","cardinalis","cardinalflower","Plantae",365993,488,"Leaves (forbs)",2025,5,26,146,2460822,NA,2025,5,26,146,2460822,NA
57798,30.280399,-89.629097,2,NA,309,"Campsis","radicans","trumpet creeper","Plantae",366126,467,"Increasing leaf size",2025,6,12,163,2460839,NA,2025,6,12,163,2460839,127
57798,30.280399,-89.629097,2,NA,309,"Campsis","radicans","trumpet creeper","Plantae",366126,471,"Falling leaves",2025,10,17,290,2460966,127,2025,10,17,290,2460966,NA
57798,30.280399,-89.629097,2,NA,309,"Campsis","radicans","trumpet creeper","Plantae",366126,483,"Leaves",2025,6,12,163,2460839,NA,2025,10,17,290,2460966,NA
57798,30.280399,-89.629097,2,NA,309,"Campsis","radicans","trumpet creeper","Plantae",366126,498,"Colored leaves",2025,10,17,290,2460966,127,2025,10,17,290,2460966,NA
57798,30.280399,-89.629097,2,NA,309,"Campsis","radicans","trumpet creeper","Plantae",366126,500,"Flowers or flower buds",2025,6,12,163,2460839,NA,2025,6,12,163,2460839,127
57798,30.280399,-89.629097,2,NA,309,"Campsis","radicans","trumpet creeper","Plantae",366127,467,"Increasing leaf size",2025,6,12,163,2460839,NA,2025,6,12,163,2460839,NA
57798,30.280399,-89.629097,2,NA,309,"Campsis","radicans","trumpet creeper","Plantae",366127,483,"Leaves",2025,6,12,163,2460839,NA,2025,6,12,163,2460839,NA
56886,38.917149,-77.064751,37,"DC",1186,"Monarda","didyma","scarlet beebalm","Plantae",366443,482,"Initial growth (forbs)",2025,4,25,115,2460791,NA,2025,4,25,115,2460791,NA
56886,38.917149,-77.064751,37,"DC",1186,"Monarda","didyma","scarlet beebalm","Plantae",366443,488,"Leaves (forbs)",2025,4,25,115,2460791,NA,2025,4,25,115,2460791,NA
56886,38.917149,-77.064751,37,"DC",1186,"Monarda","didyma","scarlet beebalm","Plantae",366443,500,"Flowers or flower buds",2025,4,25,115,2460791,NA,2025,4,25,115,2460791,NA
56886,38.917149,-77.064751,37,"DC",1186,"Monarda","didyma","scarlet beebalm","Plantae",366443,501,"Open flowers",2025,4,25,115,2460791,NA,2025,4,25,115,2460791,NA
58055,38.579262,-90.34552,169,NA,916,"Lobelia","cardinalis","cardinalflower","Plantae",367905,501,"Open flowers",2025,8,7,219,2460895,NA,2025,8,7,219,2460895,NA
55740,32.194706,-110.785004,854,"AZ",916,"Lobelia","cardinalis","cardinalflower","Plantae",367995,488,"Leaves (forbs)",2025,8,28,240,2460916,NA,2025,8,28,240,2460916,NA
55740,32.194706,-110.785004,854,"AZ",916,"Lobelia","cardinalis","cardinalflower","Plantae",367995,500,"Flowers or flower buds",2025,8,28,240,2460916,NA,2025,8,28,240,2460916,NA
55740,32.194706,-110.785004,854,"AZ",916,"Lobelia","cardinalis","cardinalflower","Plantae",367995,501,"Open flowers",2025,8,28,240,2460916,NA,2025,8,28,240,2460916,NA
57897,34.741871,-86.532928,241,"AL",916,"Lobelia","cardinalis","cardinalflower","Plantae",368201,390,"Ripe fruits",2025,9,27,270,2460946,4,2025,10,19,292,2460968,NA
57897,34.741871,-86.532928,241,"AL",916,"Lobelia","cardinalis","cardinalflower","Plantae",368201,488,"Leaves (forbs)",2025,9,23,266,2460942,NA,2025,10,2,275,2460951,NA
57897,34.741871,-86.532928,241,"AL",916,"Lobelia","cardinalis","cardinalflower","Plantae",368201,500,"Flowers or flower buds",2025,9,21,264,2460940,NA,2025,9,23,266,2460942,4
57897,34.741871,-86.532928,241,"AL",916,"Lobelia","cardinalis","cardinalflower","Plantae",368201,501,"Open flowers",2025,9,21,264,2460940,NA,2025,9,23,266,2460942,4
57897,34.741871,-86.532928,241,"AL",916,"Lobelia","cardinalis","cardinalflower","Plantae",368201,501,"Open flowers",2025,10,19,292,2460968,17,2025,10,19,292,2460968,NA
57897,34.741871,-86.532928,241,"AL",916,"Lobelia","cardinalis","cardinalflower","Plantae",368201,504,"Recent fruit or seed drop",2025,9,27,270,2460946,4,2025,9,27,270,2460946,5
57897,34.741871,-86.532928,241,"AL",916,"Lobelia","cardinalis","cardinalflower","Plantae",368201,516,"Fruits",2025,9,27,270,2460946,4,2025,10,19,292,2460968,NA
