"site_id","latitude","longitude","elevation_in_meters","state","species_id","genus","species","common_name","kingdom","individual_id","phenophase_id","phenophase_description","first_yes_year","first_yes_month","first_yes_day","first_yes_doy","first_yes_julian_date","numdays_since_prior_no","last_yes_year","last_yes_month","last_yes_day","last_yes_doy","last_yes_julian_date","numdays_until_next_no"
10292,44.35643,-69.121178,100,"ME",352,"Archilochus","colubris","ruby-throated hummingbird","Animalia",39799,292,"Live individuals",2010,5,17,137,2455334,NA,2010,5,17,137,2455334,NA
10292,44.35643,-69.121178,100,"ME",352,"Archilochus","colubris","ruby-throated hummingbird","Animalia",39799,312,"Flower visitation",2010,5,17,137,2455334,NA,2010,5,17,137,2455334,NA
1984,37.894073,-89.810493,132,"IL",352,"Archilochus","colubris","ruby-throated hummingbird","Animalia",10759,292,"Live individuals",2011,4,25,115,2455677,33,2011,4,25,115,2455677,NA
1984,37.894073,-89.810493,132,"IL",352,"Archilochus","colubris","ruby-throated hummingbird","Animalia",10759,297,"Nest building (birds)",2011,4,25,115,2455677,33,2011,4,25,115,2455677,NA
1984,37.894073,-89.810493,132,"IL",352,"Archilochus","colubris","ruby-throated hummingbird","Animalia",10759,312,"Flower visitation",2011,4,25,115,2455677,33,2011,4,25,115,2455677,NA
1984,37.894073,-89.810493,132,"IL",352,"Archilochus","colubris","ruby-throated hummingbird","Animalia",10759,446,"Feeding",2011,4,25,115,2455677,33,2011,4,25,115,2455677,NA
1984,37.894073,-89.810493,132,"IL",352,"Archilochus","colubris","ruby-throated hummingbird","Animalia",10759,458,"Individuals at a feeding station",2011,4,25,115,2455677,33,2011,4,25,115,2455677,NA
5319,39.147106,-84.380127,178,"OH",352,"Archilochus","colubris","ruby-throated hummingbird","Animalia",10768,292,"Live individuals",2011,5,21,141,2455703,NA,2011,6,19,170,2455732,NA
5319,39.147106,-84.380127,178,"OH",352,"Archilochus","colubris","ruby-throated hummingbird","Animalia",10768,293,"Calls or song (birds)",2011,5,21,141,2455703,NA,2011,6,7,158,2455720,12
5319,39.147106,-84.380127,178,"OH",352,"Archilochus","colubris","ruby-throated hummingbird","Animalia",10768,312,"Flower visitation",2011,6,7,158,2455720,17,2011,6,7,158,2455720,12
5319,39.147106,-84.380127,178,"OH",352,"Archilochus","colubris","ruby-throated hummingbird","Animalia",10768,446,"Feeding",2011,5,21,141,2455703,NA,2011,6,19,170,2455732,NA
5319,39.147106,-84.380127,178,"OH",352,"Archilochus","colubris","ruby-throated hummingbird","Animalia",10768,458,"Individuals at a feeding station",2011,5,21,141,2455703,NA,2011,6,19,170,2455732,NA
5145,38.586487,-90.412476,189,"MO",352,"Archilochus","colubris","ruby-throated hummingbird","Animalia",11302,292,"Live individuals",2011,5,13,133,2455695,14,2011,5,29,149,2455711,12
5145,38.586487,-90.412476,189,"MO",352,"Archilochus","colubris","ruby-throated hummingbird","Animalia",11302,312,"Flower visitation",2011,5,13,133,2455695,14,2011,5,29,149,2455711,12
5145,38.586487,-90.412476,189,"MO",352,"Archilochus","colubris","ruby-throated hummingbird","Animalia",11302,446,"Feeding",2011,5,13,133,2455695,14,2011,5,29,149,2455711,12
5416,43.705364,-70.611481,92,"ME",352,"Archilochus","colubris","ruby-throated hummingbird","Animalia",11314,292,"Live individuals",2011,5,6,126,2455688,2,2011,5,9,129,2455691,2
5416,43.705364,-70.611481,92,"ME",352,"Archilochus","colubris","ruby-throated hummingbird","Animalia",11314,292,"Live individuals",2011,5,23,143,2455705,3,2011,5,23,143,2455705,2
5450,43.775196,-70.332611,52,"ME",352,"Archilochus","colubris","ruby-throated hummingbird","Animalia",11441,292,"Live individuals",2011,5,3,123,2455685,NA,2011,5,8,128,2455690,132
5450,43.775196,-70.332611,52,"ME",352,"Archilochus","colubris","ruby-throated hummingbird","Animalia",11441,446,"Feeding",2011,5,3,123,2455685,NA,2011,5,8,128,2455690,132
5456,43.858559,-70.152802,80,"ME",352,"Archilochus","colubris","ruby-throated hummingbird","Animalia",11452,292,"Live individuals",2011,5,1,121,2455683,NA,2011,6,9,160,2455722,NA
5456,43.858559,-70.152802,80,"ME",352,"Archilochus","colubris","ruby-throated hummingbird","Animalia",11452,293,"Calls or song (birds)",2011,5,1,121,2455683,NA,2011,6,9,160,2455722,NA
5456,43.858559,-70.152802,80,"ME",352,"Archilochus","colubris","ruby-throated hummingbird","Animalia",11452,446,"Feeding",2011,5,1,121,2455683,NA,2011,6,9,160,2455722,NA
5456,43.858559,-70.152802,80,"ME",352,"Archilochus","colubris","ruby-throated hummingbird","Animalia",11452,458,"Individuals at a feeding station",2011,5,1,121,2455683,NA,2011,6,9,160,2455722,NA
5434,43.631012,-70.406815,43,"ME",352,"Archilochus","colubris","ruby-throated hummingbird","Animalia",11491,292,"Live individuals",2011,5,10,130,2455692,17,2011,5,16,136,2455698,NA
5434,43.631012,-70.406815,43,"ME",352,"Archilochus","colubris","ruby-throated hummingbird","Animalia",11491,446,"Feeding",2011,5,10,130,2455692,17,2011,5,16,136,2455698,NA
5434,43.631012,-70.406815,43,"ME",352,"Archilochus","colubris","ruby-throated hummingbird","Animalia",11491,458,"Individuals at a feeding station",2011,5,10,130,2455692,17,2011,5,16,136,2455698,NA
5504,43.81361,-69.95771,1,"ME",352,"Archilochus","colubris","ruby-throated hummingbird","Animalia",11769,292,"Live individuals",2011,5,24,144,2455706,7,2011,7,1,182,2455744,7
5504,43.81361,-69.95771,1,"ME",352,"Archilochus","colubris","ruby-throated hummingbird","Animalia",11769,292,"Live individuals",2011,7,29,210,2455772,14,2011,9,16,259,2455821,14
5504,43.81361,-69.95771,1,"ME",352,"Archilochus","colubris","ruby-throated hummingbird","Animalia",11769,312,"Flower visitation",2011,5,24,144,2455706,7,2011,7,1,182,2455744,7
5504,43.81361,-69.95771,1,"ME",352,"Archilochus","colubris","ruby-throated hummingbird","Animalia",11769,312,"Flower visitation",2011,7,29,210,2455772,14,2011,9,16,259,2455821,14
5504,43.81361,-69.95771,1,"ME",352,"Archilochus","colubris","ruby-throated hummingbird","Animalia",11769,446,"Feeding",2011,5,24,144,2455706,7,2011,7,1,182,2455744,7
5504,43.81361,-69.95771,1,"ME",352,"Archilochus","colubris","ruby-throated hummingbird","Animalia",11769,446,"Feeding",2011,7,29,210,2455772,14,2011,9,16,259,2455821,14
5541,44.438301,-67.982468,19,"ME",352,"Archilochus","colubris","ruby-throated hummingbird","Animalia",12136,292,"Live individuals",2011,6,20,171,2455733,3,2011,6,20,171,2455733,4
5541,44.438301,-67.982468,19,"ME",352,"Archilochus","colubris","ruby-throated hummingbird","Animalia",12136,292,"Live individuals",2011,7,22,203,2455765,4,2011,7,25,206,2455768,4
5541,44.438301,-67.982468,19,"ME",352,"Archilochus","colubris","ruby-throated hummingbird","Animalia",12136,292,"Live individuals",2011,8,8,220,2455782,3,2011,8,8,220,2455782,4
5541,44.438301,-67.982468,19,"ME",352,"Archilochus","colubris","ruby-throated hummingbird","Animalia",12136,312,"Flower visitation",2011,6,20,171,2455733,3,2011,6,20,171,2455733,4
5541,44.438301,-67.982468,19,"ME",352,"Archilochus","colubris","ruby-throated hummingbird","Animalia",12136,312,"Flower visitation",2011,7,22,203,2455765,4,2011,7,22,203,2455765,3
5541,44.438301,-67.982468,19,"ME",352,"Archilochus","colubris","ruby-throated hummingbird","Animalia",12136,312,"Flower visitation",2011,8,8,220,2455782,3,2011,8,8,220,2455782,4
5541,44.438301,-67.982468,19,"ME",352,"Archilochus","colubris","ruby-throated hummingbird","Animalia",12136,446,"Feeding",2011,6,20,171,2455733,3,2011,6,20,171,2455733,4
5541,44.438301,-67.982468,19,"ME",352,"Archilochus","colubris","ruby-throated hummingbird","Animalia",12136,446,"Feeding",2011,7,22,203,2455765,4,2011,7,22,203,2455765,3
5541,44.438301,-67.982468,19,"ME",352,"Archilochus","colubris","ruby-throated hummingbird","Animalia",12136,446,"Feeding",2011,8,8,220,2455782,3,2011,8,8,220,2455782,4
5541,44.438301,-67.982468,19,"ME",352,"Archilochus","colubris","ruby-throated hummingbird","Animalia",12136,458,"Individuals at a feeding station",2011,9,16,259,2455821,4,2011,9,26,269,2455831,4
5560,43.605831,-70.234955,24,"ME",352,"Archilochus","colubris","ruby-throated hummingbird","Animalia",12251,292,"Live individuals",2011,6,15,166,2455728,3,2011,6,15,166,2455728,3
5560,43.605831,-70.234955,24,"ME",352,"Archilochus","colubris","ruby-throated hummingbird","Animalia",12251,292,"Live individuals",2011,8,5,217,2455779,2,2011,8,5,217,2455779,4
5560,43.605831,-70.234955,24,"ME",352,"Archilochus","colubris","ruby-throated hummingbird","Animalia",12251,292,"Live individuals",2011,8,11,223,2455785,2,2011,8,11,223,2455785,3
5560,43.605831,-70.234955,24,"ME",352,"Archilochus","colubris","ruby-throated hummingbird","Animalia",12251,312,"Flower visitation",2011,6,15,166,2455728,3,2011,6,15,166,2455728,3
5560,43.605831,-70.234955,24,"ME",352,"Archilochus","colubris","ruby-throated hummingbird","Animalia",12251,312,"Flower visitation",2011,8,5,217,2455779,2,2011,8,5,217,2455779,4
5560,43.605831,-70.234955,24,"ME",352,"Archilochus","colubris","ruby-throated hummingbird","Animalia",12251,312,"Flower visitation",2011,8,11,223,2455785,2,2011,8,11,223,2455785,3
5560,43.605831,-70.234955,24,"ME",352,"Archilochus","colubris","ruby-throated hummingbird","Animalia",12251,446,"Feeding",2011,6,15,166,2455728,3,2011,6,15,166,2455728,3
5559,43.822739,-70.06488,8,"ME",352,"Archilochus","colubris","ruby-throated hummingbird","Animalia",12282,292,"Live individuals",2011,5,4,124,2455686,3,2011,5,4,124,2455686,NA
5559,43.822739,-70.06488,8,"ME",352,"Archilochus","colubris","ruby-throated hummingbird","Animalia",12282,312,"Flower visitation",2011,5,4,124,2455686,3,2011,5,4,124,2455686,NA
5559,43.822739,-70.06488,8,"ME",352,"Archilochus","colubris","ruby-throated hummingbird","Animalia",12282,446,"Feeding",2011,5,4,124,2455686,3,2011,5,4,124,2455686,NA
5576,44.418877,-68.106331,9,"ME",352,"Archilochus","colubris","ruby-throated hummingbird","Animalia",12322,292,"Live individuals",2011,5,14,134,2455696,8,2011,5,30,150,2455712,NA
5576,44.418877,-68.106331,9,"ME",352,"Archilochus","colubris","ruby-throated hummingbird","Animalia",12322,293,"Calls or song (birds)",2011,5,14,134,2455696,8,2011,5,14,134,2455696,7
5576,44.418877,-68.106331,9,"ME",352,"Archilochus","colubris","ruby-throated hummingbird","Animalia",12322,293,"Calls or song (birds)",2011,5,30,150,2455712,9,2011,5,30,150,2455712,NA
5576,44.418877,-68.106331,9,"ME",352,"Archilochus","colubris","ruby-throated hummingbird","Animalia",12322,294,"Singing individuals (birds)",2011,5,14,134,2455696,8,2011,5,14,134,2455696,7
5576,44.418877,-68.106331,9,"ME",352,"Archilochus","colubris","ruby-throated hummingbird","Animalia",12322,446,"Feeding",2011,5,14,134,2455696,8,2011,5,30,150,2455712,NA
5576,44.418877,-68.106331,9,"ME",352,"Archilochus","colubris","ruby-throated hummingbird","Animalia",12322,458,"Individuals at a feeding station",2011,5,14,134,2455696,8,2011,5,30,150,2455712,NA
5580,44.640827,-67.893944,52,"ME",352,"Archilochus","colubris","ruby-throated hummingbird","Animalia",12351,292,"Live individuals",2011,7,3,184,2455746,7,2011,7,3,184,2455746,7
5580,44.640827,-67.893944,52,"ME",352,"Archilochus","colubris","ruby-throated hummingbird","Animalia",12351,292,"Live individuals",2011,7,17,198,2455760,7,2011,8,27,239,2455801,7
5580,44.640827,-67.893944,52,"ME",352,"Archilochus","colubris","ruby-throated hummingbird","Animalia",12351,293,"Calls or song (birds)",2011,7,3,184,2455746,7,2011,7,3,184,2455746,7
5580,44.640827,-67.893944,52,"ME",352,"Archilochus","colubris","ruby-throated hummingbird","Animalia",12351,293,"Calls or song (birds)",2011,7,17,198,2455760,7,2011,7,17,198,2455760,28
5580,44.640827,-67.893944,52,"ME",352,"Archilochus","colubris","ruby-throated hummingbird","Animalia",12351,312,"Flower visitation",2011,7,3,184,2455746,7,2011,7,3,184,2455746,7
5580,44.640827,-67.893944,52,"ME",352,"Archilochus","colubris","ruby-throated hummingbird","Animalia",12351,312,"Flower visitation",2011,7,17,198,2455760,7,2011,8,14,226,2455788,7
5580,44.640827,-67.893944,52,"ME",352,"Archilochus","colubris","ruby-throated hummingbird","Animalia",12351,446,"Feeding",2011,7,3,184,2455746,7,2011,7,3,184,2455746,7
5580,44.640827,-67.893944,52,"ME",352,"Archilochus","colubris","ruby-throated hummingbird","Animalia",12351,446,"Feeding",2011,7,17,198,2455760,7,2011,8,14,226,2455788,7
5598,44.356728,-70.204659,126,"ME",352,"Archilochus","colubris","ruby-throated hummingbird","Animalia",12480,292,"Live individuals",2011,5,30,150,2455712,14,2011,6,20,171,2455733,7
5598,44.356728,-70.204659,126,"ME",352,"Archilochus","colubris","ruby-throated hummingbird","Animalia",12480,292,"Live individuals",2011,7,4,185,2455747,7,2011,7,4,185,2455747,7
5598,44.356728,-70.204659,126,"ME",352,"Archilochus","colubris","ruby-throated hummingbird","Animalia",12480,292,"Live individuals",2011,7,18,199,2455761,7,2011,7,18,199,2455761,7
5598,44.356728,-70.204659,126,"ME",352,"Archilochus","colubris","ruby-throated hummingbird","Animalia",12480,292,"Live individuals",2011,8,8,220,2455782,7,2011,8,8,220,2455782,7
5598,44.356728,-70.204659,126,"ME",352,"Archilochus","colubris","ruby-throated hummingbird","Animalia",12480,312,"Flower visitation",2011,6,6,157,2455719,7,2011,6,20,171,2455733,7
5598,44.356728,-70.204659,126,"ME",352,"Archilochus","colubris","ruby-throated hummingbird","Animalia",12480,312,"Flower visitation",2011,7,18,199,2455761,7,2011,7,18,199,2455761,7
5598,44.356728,-70.204659,126,"ME",352,"Archilochus","colubris","ruby-throated hummingbird","Animalia",12480,446,"Feeding",2011,5,30,150,2455712,14,2011,6,20,171,2455733,7
5598,44.356728,-70.204659,126,"ME",352,"Archilochus","colubris","ruby-throated hummingbird","Animalia",12480,446,"Feeding",2011,7,4,185,2455747,7,2011,7,4,185,2455747,7
5598,44.356728,-70.204659,126,"ME",352,"Archilochus","colubris","ruby-throated hummingbird","Animalia",12480,446,"Feeding",2011,7,18,199,2455761,7,2011,7,18,199,2455761,7
5598,44.356728,-70.204659,126,"ME",352,"Archilochus","colubris","ruby-throated hummingbird","Animalia",12480,446,"Feeding",2011,8,8,220,2455782,7,2011,8,8,220,2455782,7
5598,44.356728,-70.204659,126,"ME",352,"Archilochus","colubris","ruby-throated hummingbird","Animalia",12480,458,"Individuals at a feeding station",2011,5,30,150,2455712,14,2011,6,20,171,2455733,7
5598,44.356728,-70.204659,126,"ME",352,"Archilochus","colubris","ruby-throated hummingbird","Animalia",12480,458,"Individuals at a feeding station",2011,7,4,185,2455747,7,2011,7,4,185,2455747,7
5603,43.907894,-70.609207,104,"ME",352,"Archilochus","colubris","ruby-throated hummingbird","Animalia",12487,292,"Live individuals",2011,5,5,125,2455687,NA,2011,7,11,192,2455754,NA
5603,43.907894,-70.609207,104,"ME",352,"Archilochus","colubris","ruby-throated hummingbird","Animalia",12487,446,"Feeding",2011,5,5,125,2455687,NA,2011,5,7,127,2455689,3
5603,43.907894,-70.609207,104,"ME",352,"Archilochus","colubris","ruby-throated hummingbird","Animalia",12487,446,"Feeding",2011,5,11,131,2455693,1,2011,7,11,192,2455754,NA
5603,43.907894,-70.609207,104,"ME",352,"Archilochus","colubris","ruby-throated hummingbird","Animalia",12487,458,"Individuals at a feeding station",2011,5,5,125,2455687,NA,2011,5,7,127,2455689,3
5603,43.907894,-70.609207,104,"ME",352,"Archilochus","colubris","ruby-throated hummingbird","Animalia",12487,458,"Individuals at a feeding station",2011,5,11,131,2455693,1,2011,7,11,192,2455754,NA
5604,44.395542,-68.019897,11,"ME",352,"Archilochus","colubris","ruby-throated hummingbird","Animalia",12492,292,"Live individuals",2011,5,2,122,2455684,NA,2011,6,3,154,2455716,NA
5604,44.395542,-68.019897,11,"ME",352,"Archilochus","colubris","ruby-throated hummingbird","Animalia",12492,446,"Feeding",2011,5,2,122,2455684,NA,2011,6,3,154,2455716,NA
5604,44.395542,-68.019897,11,"ME",352,"Archilochus","colubris","ruby-throated hummingbird","Animalia",12492,458,"Individuals at a feeding station",2011,5,2,122,2455684,NA,2011,6,3,154,2455716,NA
5605,44.395542,-68.019897,11,"ME",352,"Archilochus","colubris","ruby-throated hummingbird","Animalia",12563,292,"Live individuals",2011,5,22,142,2455704,5,2011,5,22,142,2455704,9
5605,44.395542,-68.019897,11,"ME",352,"Archilochus","colubris","ruby-throated hummingbird","Animalia",12563,292,"Live individuals",2011,6,3,154,2455716,3,2011,6,3,154,2455716,NA
5627,43.697197,-70.29203,30,"ME",352,"Archilochus","colubris","ruby-throated hummingbird","Animalia",12595,292,"Live individuals",2011,7,3,184,2455746,6,2011,7,3,184,2455746,9
5627,43.697197,-70.29203,30,"ME",352,"Archilochus","colubris","ruby-throated hummingbird","Animalia",12595,446,"Feeding",2011,7,3,184,2455746,6,2011,7,3,184,2455746,9
5627,43.697197,-70.29203,30,"ME",352,"Archilochus","colubris","ruby-throated hummingbird","Animalia",12595,458,"Individuals at a feeding station",2011,5,13,133,2455695,1,2011,5,13,133,2455695,6
5627,43.697197,-70.29203,30,"ME",352,"Archilochus","colubris","ruby-throated hummingbird","Animalia",12595,458,"Individuals at a feeding station",2011,7,3,184,2455746,6,2011,7,3,184,2455746,9
2772,36.440838,-84.323586,554,"TN",352,"Archilochus","colubris","ruby-throated hummingbird","Animalia",13218,292,"Live individuals",2011,6,5,156,2455718,NA,2011,6,5,156,2455718,1
2772,36.440838,-84.323586,554,"TN",352,"Archilochus","colubris","ruby-throated hummingbird","Animalia",13218,292,"Live individuals",2011,7,19,200,2455762,1,2011,7,22,203,2455765,2
2772,36.440838,-84.323586,554,"TN",352,"Archilochus","colubris","ruby-throated hummingbird","Animalia",13218,292,"Live individuals",2011,7,26,207,2455769,1,2011,7,26,207,2455769,1
2772,36.440838,-84.323586,554,"TN",352,"Archilochus","colubris","ruby-throated hummingbird","Animalia",13218,292,"Live individuals",2011,8,5,217,2455779,2,2011,8,5,217,2455779,2
2772,36.440838,-84.323586,554,"TN",352,"Archilochus","colubris","ruby-throated hummingbird","Animalia",13218,292,"Live individuals",2011,8,11,223,2455785,1,2011,8,14,226,2455788,1
2772,36.440838,-84.323586,554,"TN",352,"Archilochus","colubris","ruby-throated hummingbird","Animalia",13218,292,"Live individuals",2011,8,17,229,2455791,2,2011,8,22,234,2455796,1
2772,36.440838,-84.323586,554,"TN",352,"Archilochus","colubris","ruby-throated hummingbird","Animalia",13218,292,"Live individuals",2011,8,29,241,2455803,1,2011,8,29,241,2455803,1
2772,36.440838,-84.323586,554,"TN",352,"Archilochus","colubris","ruby-throated hummingbird","Animalia",13218,292,"Live individuals",2011,9,8,251,2455813,2,2011,9,8,251,2455813,1
2772,36.440838,-84.323586,554,"TN",352,"Archilochus","colubris","ruby-throated hummingbird","Animalia",13218,292,"Live individuals",2011,9,17,260,2455822,1,2011,9,20,263,2455825,4
2772,36.440838,-84.323586,554,"TN",352,"Archilochus","colubris","ruby-throated hummingbird","Animalia",13218,292,"Live individuals",2011,9,28,271,2455833,1,2011,9,29,272,2455834,2
2772,36.440838,-84.323586,554,"TN",352,"Archilochus","colubris","ruby-throated hummingbird","Animalia",13218,292,"Live individuals",2011,10,7,280,2455842,2,2011,10,7,280,2455842,2
2772,36.440838,-84.323586,554,"TN",352,"Archilochus","colubris","ruby-throated hummingbird","Animalia",13218,312,"Flower visitation",2011,7,19,200,2455762,1,2011,7,22,203,2455765,2
2772,36.440838,-84.323586,554,"TN",352,"Archilochus","colubris","ruby-throated hummingbird","Animalia",13218,312,"Flower visitation",2011,7,26,207,2455769,1,2011,7,26,207,2455769,1
2772,36.440838,-84.323586,554,"TN",352,"Archilochus","colubris","ruby-throated hummingbird","Animalia",13218,312,"Flower visitation",2011,8,5,217,2455779,2,2011,8,5,217,2455779,2
2772,36.440838,-84.323586,554,"TN",352,"Archilochus","colubris","ruby-throated hummingbird","Animalia",13218,312,"Flower visitation",2011,8,11,223,2455785,1,2011,8,14,226,2455788,1
2772,36.440838,-84.323586,554,"TN",352,"Archilochus","colubris","ruby-throated hummingbird","Animalia",13218,312,"Flower visitation",2011,8,17,229,2455791,2,2011,8,22,234,2455796,1
2772,36.440838,-84.323586,554,"TN",352,"Archilochus","colubris","ruby-throated hummingbird","Animalia",13218,312,"Flower visitation",2011,9,8,251,2455813,2,2011,9,8,251,2455813,1
2772,36.440838,-84.323586,554,"TN",352,"Archilochus","colubris","ruby-throated hummingbird","Animalia",13218,312,"Flower visitation",2011,9,17,260,2455822,1,2011,9,20,263,2455825,4
2772,36.440838,-84.323586,554,"TN",352,"Archilochus","colubris","ruby-throated hummingbird","Animalia",13218,312,"Flower visitation",2011,9,28,271,2455833,1,2011,9,29,272,2455834,2
2772,36.440838,-84.323586,554,"TN",352,"Archilochus","colubris","ruby-throated hummingbird","Animalia",13218,312,"Flower visitation",2011,10,7,280,2455842,2,2011,10,7,280,2455842,2
2772,36.440838,-84.323586,554,"TN",352,"Archilochus","colubris","ruby-throated hummingbird","Animalia",13218,446,"Feeding",2011,7,19,200,2455762,1,2011,7,22,203,2455765,2
2772,36.440838,-84.323586,554,"TN",352,"Archilochus","colubris","ruby-throated hummingbird","Animalia",13218,446,"Feeding",2011,7,26,207,2455769,1,2011,7,26,207,2455769,1
2772,36.440838,-84.323586,554,"TN",352,"Archilochus","colubris","ruby-throated hummingbird","Animalia",13218,446,"Feeding",2011,8,5,217,2455779,2,2011,8,5,217,2455779,2
2772,36.440838,-84.323586,554,"TN",352,"Archilochus","colubris","ruby-throated hummingbird","Animalia",13218,446,"Feeding",2011,8,11,223,2455785,1,2011,8,14,226,2455788,1
2772,36.440838,-84.323586,554,"TN",352,"Archilochus","colubris","ruby-throated hummingbird","Animalia",13218,446,"Feeding",2011,8,17,229,2455791,2,2011,8,22,234,2455796,1
2772,36.440838,-84.323586,554,"TN",352,"Archilochus","colubris","ruby-throated hummingbird","Animalia",13218,446,"Feeding",2011,8,29,241,2455803,1,2011,8,29,241,2455803,1
2772,36.440838,-84.323586,554,"TN",352,"Archilochus","colubris","ruby-throated hummingbird","Animalia",13218,446,"Feeding",2011,9,8,251,2455813,2,2011,9,8,251,2455813,1
2772,36.440838,-84.323586,554,"TN",352,"Archilochus","colubris","ruby-throated hummingbird","Animalia",13218,446,"Feeding",2011,9,17,260,2455822,1,2011,9,20,263,2455825,4
2772,36.440838,-84.323586,554,"TN",352,"Archilochus","colubris","ruby-throated hummingbird","Animalia",13218,446,"Feeding",2011,9,28,271,2455833,1,2011,9,29,272,2455834,2
2772,36.440838,-84.323586,554,"TN",352,"Archilochus","colubris","ruby-throated hummingbird","Animalia",13218,446,"Feeding",2011,10,7,280,2455842,2,2011,10,7,280,2455842,2
5758,28.057789,-82.424065,13,"FL",352,"Archilochus","colubris","ruby-throated hummingbird","Animalia",14251,292,"Live individuals",2011,6,23,174,2455736,NA,2011,7,5,186,2455748,NA
5758,28.057789,-82.424065,13,"FL",352,"Archilochus","colubris","ruby-throated hummingbird","Animalia",14251,312,"Flower visitation",2011,6,23,174,2455736,NA,2011,6,23,174,2455736,12
6040,35.448448,-97.234116,366,"OK",352,"Archilochus","colubris","ruby-throated hummingbird","Animalia",15072,292,"Live individuals",2011,8,11,223,2455785,NA,2011,8,11,223,2455785,1
6040,35.448448,-97.234116,366,"OK",352,"Archilochus","colubris","ruby-throated hummingbird","Animalia",15072,446,"Feeding",2011,8,11,223,2455785,NA,2011,8,11,223,2455785,1
6040,35.448448,-97.234116,366,"OK",352,"Archilochus","colubris","ruby-throated hummingbird","Animalia",15072,458,"Individuals at a feeding station",2011,8,11,223,2455785,NA,2011,8,11,223,2455785,1
6144,27.800741,-82.757439,3,"FL",352,"Archilochus","colubris","ruby-throated hummingbird","Animalia",16175,292,"Live individuals",2011,9,14,257,2455819,NA,2011,9,14,257,2455819,13
6144,27.800741,-82.757439,3,"FL",352,"Archilochus","colubris","ruby-throated hummingbird","Animalia",16175,293,"Calls or song (birds)",2011,9,14,257,2455819,NA,2011,9,14,257,2455819,13
6144,27.800741,-82.757439,3,"FL",352,"Archilochus","colubris","ruby-throated hummingbird","Animalia",16175,312,"Flower visitation",2011,9,14,257,2455819,NA,2011,9,14,257,2455819,13
6144,27.800741,-82.757439,3,"FL",352,"Archilochus","colubris","ruby-throated hummingbird","Animalia",16175,446,"Feeding",2011,9,14,257,2455819,NA,2011,9,14,257,2455819,13
5504,43.81361,-69.95771,1,"ME",352,"Archilochus","colubris","ruby-throated hummingbird","Animalia",11769,292,"Live individuals",2012,5,13,134,2456061,6,2012,5,13,134,2456061,6
5504,43.81361,-69.95771,1,"ME",352,"Archilochus","colubris","ruby-throated hummingbird","Animalia",11769,292,"Live individuals",2012,6,7,159,2456086,19,2012,9,30,274,2456201,12
5504,43.81361,-69.95771,1,"ME",352,"Archilochus","colubris","ruby-throated hummingbird","Animalia",11769,312,"Flower visitation",2012,5,13,134,2456061,6,2012,9,30,274,2456201,12
5504,43.81361,-69.95771,1,"ME",352,"Archilochus","colubris","ruby-throated hummingbird","Animalia",11769,446,"Feeding",2012,5,19,140,2456067,6,2012,9,30,274,2456201,12
5541,44.438301,-67.982468,19,"ME",352,"Archilochus","colubris","ruby-throated hummingbird","Animalia",12136,292,"Live individuals",2012,8,13,226,2456153,3,2012,8,13,226,2456153,NA
5541,44.438301,-67.982468,19,"ME",352,"Archilochus","colubris","ruby-throated hummingbird","Animalia",12136,293,"Calls or song (birds)",2012,5,14,135,2456062,3,2012,5,18,139,2456066,3
5541,44.438301,-67.982468,19,"ME",352,"Archilochus","colubris","ruby-throated hummingbird","Animalia",12136,293,"Calls or song (birds)",2012,8,13,226,2456153,3,2012,8,13,226,2456153,NA
5541,44.438301,-67.982468,19,"ME",352,"Archilochus","colubris","ruby-throated hummingbird","Animalia",12136,446,"Feeding",2012,8,13,226,2456153,3,2012,8,13,226,2456153,NA
5541,44.438301,-67.982468,19,"ME",352,"Archilochus","colubris","ruby-throated hummingbird","Animalia",12136,458,"Individuals at a feeding station",2012,5,14,135,2456062,3,2012,7,13,195,2456122,3
5541,44.438301,-67.982468,19,"ME",352,"Archilochus","colubris","ruby-throated hummingbird","Animalia",12136,458,"Individuals at a feeding station",2012,8,13,226,2456153,3,2012,8,13,226,2456153,NA
5576,44.418877,-68.106331,9,"ME",352,"Archilochus","colubris","ruby-throated hummingbird","Animalia",12322,292,"Live individuals",2012,5,8,129,2456056,1,2012,6,7,159,2456086,NA
5576,44.418877,-68.106331,9,"ME",352,"Archilochus","colubris","ruby-throated hummingbird","Animalia",12322,294,"Singing individuals (birds)",2012,5,14,135,2456062,6,2012,5,14,135,2456062,7
5576,44.418877,-68.106331,9,"ME",352,"Archilochus","colubris","ruby-throated hummingbird","Animalia",12322,312,"Flower visitation",2012,6,7,159,2456086,17,2012,6,7,159,2456086,NA
5576,44.418877,-68.106331,9,"ME",352,"Archilochus","colubris","ruby-throated hummingbird","Animalia",12322,446,"Feeding",2012,5,8,129,2456056,1,2012,6,7,159,2456086,NA
5576,44.418877,-68.106331,9,"ME",352,"Archilochus","colubris","ruby-throated hummingbird","Animalia",12322,458,"Individuals at a feeding station",2012,5,8,129,2456056,1,2012,6,7,159,2456086,NA
5598,44.356728,-70.204659,126,"ME",352,"Archilochus","colubris","ruby-throated hummingbird","Animalia",12480,292,"Live individuals",2012,5,21,142,2456069,7,2012,9,10,254,2456181,7
5598,44.356728,-70.204659,126,"ME",352,"Archilochus","colubris","ruby-throated hummingbird","Animalia",12480,312,"Flower visitation",2012,6,18,170,2456097,7,2012,7,16,198,2456125,7
5598,44.356728,-70.204659,126,"ME",352,"Archilochus","colubris","ruby-throated hummingbird","Animalia",12480,312,"Flower visitation",2012,8,6,219,2456146,14,2012,8,6,219,2456146,7
5598,44.356728,-70.204659,126,"ME",352,"Archilochus","colubris","ruby-throated hummingbird","Animalia",12480,312,"Flower visitation",2012,8,20,233,2456160,7,2012,8,20,233,2456160,7
5598,44.356728,-70.204659,126,"ME",352,"Archilochus","colubris","ruby-throated hummingbird","Animalia",12480,312,"Flower visitation",2012,9,10,254,2456181,7,2012,9,10,254,2456181,7
5598,44.356728,-70.204659,126,"ME",352,"Archilochus","colubris","ruby-throated hummingbird","Animalia",12480,446,"Feeding",2012,5,21,142,2456069,7,2012,7,9,191,2456118,7
5598,44.356728,-70.204659,126,"ME",352,"Archilochus","colubris","ruby-throated hummingbird","Animalia",12480,446,"Feeding",2012,8,6,219,2456146,14,2012,9,10,254,2456181,7
5598,44.356728,-70.204659,126,"ME",352,"Archilochus","colubris","ruby-throated hummingbird","Animalia",12480,458,"Individuals at a feeding station",2012,5,21,142,2456069,7,2012,9,10,254,2456181,7
5674,44.910587,-70.266861,261,"ME",352,"Archilochus","colubris","ruby-throated hummingbird","Animalia",12712,292,"Live individuals",2012,5,13,134,2456061,7,2012,5,13,134,2456061,7
5674,44.910587,-70.266861,261,"ME",352,"Archilochus","colubris","ruby-throated hummingbird","Animalia",12712,458,"Individuals at a feeding station",2012,5,13,134,2456061,7,2012,8,12,225,2456152,NA
2772,36.440838,-84.323586,554,"TN",352,"Archilochus","colubris","ruby-throated hummingbird","Animalia",13218,292,"Live individuals",2012,5,1,122,2456049,1,2012,5,1,122,2456049,1
2772,36.440838,-84.323586,554,"TN",352,"Archilochus","colubris","ruby-throated hummingbird","Animalia",13218,292,"Live individuals",2012,6,18,170,2456097,1,2012,6,20,172,2456099,1
2772,36.440838,-84.323586,554,"TN",352,"Archilochus","colubris","ruby-throated hummingbird","Animalia",13218,292,"Live individuals",2012,6,24,176,2456103,1,2012,6,25,177,2456104,1
2772,36.440838,-84.323586,554,"TN",352,"Archilochus","colubris","ruby-throated hummingbird","Animalia",13218,292,"Live individuals",2012,8,8,221,2456148,2,2012,8,8,221,2456148,1
2772,36.440838,-84.323586,554,"TN",352,"Archilochus","colubris","ruby-throated hummingbird","Animalia",13218,292,"Live individuals",2012,8,10,223,2456150,1,2012,8,12,225,2456152,1
2772,36.440838,-84.323586,554,"TN",352,"Archilochus","colubris","ruby-throated hummingbird","Animalia",13218,292,"Live individuals",2012,8,14,227,2456154,1,2012,8,14,227,2456154,1
2772,36.440838,-84.323586,554,"TN",352,"Archilochus","colubris","ruby-throated hummingbird","Animalia",13218,292,"Live individuals",2012,8,19,232,2456159,1,2012,8,19,232,2456159,2
2772,36.440838,-84.323586,554,"TN",352,"Archilochus","colubris","ruby-throated hummingbird","Animalia",13218,292,"Live individuals",2012,8,22,235,2456162,1,2012,8,22,235,2456162,1
2772,36.440838,-84.323586,554,"TN",352,"Archilochus","colubris","ruby-throated hummingbird","Animalia",13218,292,"Live individuals",2012,8,26,239,2456166,2,2012,8,26,239,2456166,1
2772,36.440838,-84.323586,554,"TN",352,"Archilochus","colubris","ruby-throated hummingbird","Animalia",13218,292,"Live individuals",2012,9,9,253,2456180,1,2012,9,10,254,2456181,1
2772,36.440838,-84.323586,554,"TN",352,"Archilochus","colubris","ruby-throated hummingbird","Animalia",13218,292,"Live individuals",2012,9,12,256,2456183,1,2012,9,12,256,2456183,2
2772,36.440838,-84.323586,554,"TN",352,"Archilochus","colubris","ruby-throated hummingbird","Animalia",13218,292,"Live individuals",2012,9,24,268,2456195,1,2012,9,24,268,2456195,4
2772,36.440838,-84.323586,554,"TN",352,"Archilochus","colubris","ruby-throated hummingbird","Animalia",13218,292,"Live individuals",2012,10,2,276,2456203,2,2012,10,2,276,2456203,1
2772,36.440838,-84.323586,554,"TN",352,"Archilochus","colubris","ruby-throated hummingbird","Animalia",13218,296,"Mating (male on top)",2012,6,25,177,2456104,1,2012,6,25,177,2456104,1
2772,36.440838,-84.323586,554,"TN",352,"Archilochus","colubris","ruby-throated hummingbird","Animalia",13218,312,"Flower visitation",2012,5,1,122,2456049,1,2012,5,1,122,2456049,1
2772,36.440838,-84.323586,554,"TN",352,"Archilochus","colubris","ruby-throated hummingbird","Animalia",13218,312,"Flower visitation",2012,6,24,176,2456103,1,2012,6,25,177,2456104,1
2772,36.440838,-84.323586,554,"TN",352,"Archilochus","colubris","ruby-throated hummingbird","Animalia",13218,312,"Flower visitation",2012,8,8,221,2456148,2,2012,8,8,221,2456148,1
2772,36.440838,-84.323586,554,"TN",352,"Archilochus","colubris","ruby-throated hummingbird","Animalia",13218,312,"Flower visitation",2012,8,10,223,2456150,1,2012,8,10,223,2456150,2
2772,36.440838,-84.323586,554,"TN",352,"Archilochus","colubris","ruby-throated hummingbird","Animalia",13218,312,"Flower visitation",2012,8,14,227,2456154,1,2012,8,14,227,2456154,1
2772,36.440838,-84.323586,554,"TN",352,"Archilochus","colubris","ruby-throated hummingbird","Animalia",13218,312,"Flower visitation",2012,8,26,239,2456166,2,2012,8,26,239,2456166,1
2772,36.440838,-84.323586,554,"TN",352,"Archilochus","colubris","ruby-throated hummingbird","Animalia",13218,312,"Flower visitation",2012,9,9,253,2456180,1,2012,9,10,254,2456181,1
2772,36.440838,-84.323586,554,"TN",352,"Archilochus","colubris","ruby-throated hummingbird","Animalia",13218,312,"Flower visitation",2012,9,24,268,2456195,1,2012,9,24,268,2456195,4
2772,36.440838,-84.323586,554,"TN",352,"Archilochus","colubris","ruby-throated hummingbird","Animalia",13218,312,"Flower visitation",2012,10,2,276,2456203,2,2012,10,2,276,2456203,1
2772,36.440838,-84.323586,554,"TN",352,"Archilochus","colubris","ruby-throated hummingbird","Animalia",13218,446,"Feeding",2012,5,1,122,2456049,1,2012,5,1,122,2456049,1
2772,36.440838,-84.323586,554,"TN",352,"Archilochus","colubris","ruby-throated hummingbird","Animalia",13218,446,"Feeding",2012,6,19,171,2456098,1,2012,6,20,172,2456099,1
2772,36.440838,-84.323586,554,"TN",352,"Archilochus","colubris","ruby-throated hummingbird","Animalia",13218,446,"Feeding",2012,6,24,176,2456103,1,2012,6,25,177,2456104,1
2772,36.440838,-84.323586,554,"TN",352,"Archilochus","colubris","ruby-throated hummingbird","Animalia",13218,446,"Feeding",2012,8,8,221,2456148,2,2012,8,8,221,2456148,1
2772,36.440838,-84.323586,554,"TN",352,"Archilochus","colubris","ruby-throated hummingbird","Animalia",13218,446,"Feeding",2012,8,10,223,2456150,1,2012,8,10,223,2456150,2
2772,36.440838,-84.323586,554,"TN",352,"Archilochus","colubris","ruby-throated hummingbird","Animalia",13218,446,"Feeding",2012,8,14,227,2456154,1,2012,8,14,227,2456154,1
2772,36.440838,-84.323586,554,"TN",352,"Archilochus","colubris","ruby-throated hummingbird","Animalia",13218,446,"Feeding",2012,8,19,232,2456159,1,2012,8,19,232,2456159,2
2772,36.440838,-84.323586,554,"TN",352,"Archilochus","colubris","ruby-throated hummingbird","Animalia",13218,446,"Feeding",2012,8,22,235,2456162,1,2012,8,22,235,2456162,1
2772,36.440838,-84.323586,554,"TN",352,"Archilochus","colubris","ruby-throated hummingbird","Animalia",13218,446,"Feeding",2012,8,26,239,2456166,2,2012,8,26,239,2456166,1
2772,36.440838,-84.323586,554,"TN",352,"Archilochus","colubris","ruby-throated hummingbird","Animalia",13218,446,"Feeding",2012,9,9,253,2456180,1,2012,9,10,254,2456181,1
2772,36.440838,-84.323586,554,"TN",352,"Archilochus","colubris","ruby-throated hummingbird","Animalia",13218,446,"Feeding",2012,9,12,256,2456183,1,2012,9,12,256,2456183,2
2772,36.440838,-84.323586,554,"TN",352,"Archilochus","colubris","ruby-throated hummingbird","Animalia",13218,446,"Feeding",2012,9,24,268,2456195,1,2012,9,24,268,2456195,4
2772,36.440838,-84.323586,554,"TN",352,"Archilochus","colubris","ruby-throated hummingbird","Animalia",13218,446,"Feeding",2012,10,2,276,2456203,2,2012,10,2,276,2456203,1
5758,28.057789,-82.424065,13,"FL",352,"Archilochus","colubris","ruby-throated hummingbird","Animalia",14251,292,"Live individuals",2012,6,7,159,2456086,14,2012,6,7,159,2456086,13
5758,28.057789,-82.424065,13,"FL",352,"Archilochus","colubris","ruby-throated hummingbird","Animalia",14251,312,"Flower visitation",2012,6,7,159,2456086,14,2012,6,7,159,2456086,13
5758,28.057789,-82.424065,13,"FL",352,"Archilochus","colubris","ruby-throated hummingbird","Animalia",14251,446,"Feeding",2012,6,7,159,2456086,14,2012,6,7,159,2456086,13
6326,44.999458,-67.422913,115,"ME",352,"Archilochus","colubris","ruby-throated hummingbird","Animalia",17625,292,"Live individuals",2012,5,8,129,2456056,3,2012,7,5,187,2456114,88
6326,44.999458,-67.422913,115,"ME",352,"Archilochus","colubris","ruby-throated hummingbird","Animalia",17625,293,"Calls or song (birds)",2012,5,15,136,2456063,7,2012,7,5,187,2456114,88
6326,44.999458,-67.422913,115,"ME",352,"Archilochus","colubris","ruby-throated hummingbird","Animalia",17625,294,"Singing individuals (birds)",2012,5,15,136,2456063,7,2012,7,5,187,2456114,88
6326,44.999458,-67.422913,115,"ME",352,"Archilochus","colubris","ruby-throated hummingbird","Animalia",17625,296,"Mating (male on top)",2012,5,15,136,2456063,7,2012,7,5,187,2456114,88
6326,44.999458,-67.422913,115,"ME",352,"Archilochus","colubris","ruby-throated hummingbird","Animalia",17625,312,"Flower visitation",2012,5,15,136,2456063,7,2012,7,5,187,2456114,88
6326,44.999458,-67.422913,115,"ME",352,"Archilochus","colubris","ruby-throated hummingbird","Animalia",17625,446,"Feeding",2012,5,8,129,2456056,3,2012,7,5,187,2456114,88
6326,44.999458,-67.422913,115,"ME",352,"Archilochus","colubris","ruby-throated hummingbird","Animalia",17625,457,"Insect consumption",2012,5,8,129,2456056,3,2012,7,5,187,2456114,88
6326,44.999458,-67.422913,115,"ME",352,"Archilochus","colubris","ruby-throated hummingbird","Animalia",17625,458,"Individuals at a feeding station",2012,5,15,136,2456063,7,2012,7,5,187,2456114,88
6519,29.513208,-98.915482,315,"TX",352,"Archilochus","colubris","ruby-throated hummingbird","Animalia",19371,292,"Live individuals",2012,3,31,91,2456018,NA,2012,6,11,163,2456090,43
6519,29.513208,-98.915482,315,"TX",352,"Archilochus","colubris","ruby-throated hummingbird","Animalia",19371,312,"Flower visitation",2012,6,11,163,2456090,58,2012,6,11,163,2456090,43
6519,29.513208,-98.915482,315,"TX",352,"Archilochus","colubris","ruby-throated hummingbird","Animalia",19371,446,"Feeding",2012,3,31,91,2456018,NA,2012,6,11,163,2456090,43
6519,29.513208,-98.915482,315,"TX",352,"Archilochus","colubris","ruby-throated hummingbird","Animalia",19371,458,"Individuals at a feeding station",2012,3,31,91,2456018,NA,2012,4,14,105,2456032,58
6581,42.545959,-71.354904,58,"MA",352,"Archilochus","colubris","ruby-throated hummingbird","Animalia",20213,292,"Live individuals",2012,5,14,135,2456062,NA,2012,5,14,135,2456062,NA
6581,42.545959,-71.354904,58,"MA",352,"Archilochus","colubris","ruby-throated hummingbird","Animalia",20213,312,"Flower visitation",2012,5,14,135,2456062,NA,2012,5,14,135,2456062,NA
6581,42.545959,-71.354904,58,"MA",352,"Archilochus","colubris","ruby-throated hummingbird","Animalia",20213,446,"Feeding",2012,5,14,135,2456062,NA,2012,5,14,135,2456062,NA
6567,30.703899,-89.6661,35,"MS",352,"Archilochus","colubris","ruby-throated hummingbird","Animalia",23044,292,"Live individuals",2012,3,27,87,2456014,NA,2012,10,14,288,2456215,NA
6567,30.703899,-89.6661,35,"MS",352,"Archilochus","colubris","ruby-throated hummingbird","Animalia",23044,293,"Calls or song (birds)",2012,3,27,87,2456014,NA,2012,10,14,288,2456215,NA
6567,30.703899,-89.6661,35,"MS",352,"Archilochus","colubris","ruby-throated hummingbird","Animalia",23044,312,"Flower visitation",2012,3,27,87,2456014,NA,2012,3,27,87,2456014,2
6567,30.703899,-89.6661,35,"MS",352,"Archilochus","colubris","ruby-throated hummingbird","Animalia",23044,312,"Flower visitation",2012,5,16,137,2456064,48,2012,10,14,288,2456215,NA
6567,30.703899,-89.6661,35,"MS",352,"Archilochus","colubris","ruby-throated hummingbird","Animalia",23044,446,"Feeding",2012,3,27,87,2456014,NA,2012,10,14,288,2456215,NA
6567,30.703899,-89.6661,35,"MS",352,"Archilochus","colubris","ruby-throated hummingbird","Animalia",23044,457,"Insect consumption",2012,9,29,273,2456200,136,2012,9,29,273,2456200,15
6567,30.703899,-89.6661,35,"MS",352,"Archilochus","colubris","ruby-throated hummingbird","Animalia",23044,458,"Individuals at a feeding station",2012,3,27,87,2456014,NA,2012,10,14,288,2456215,NA
8183,44.931046,-68.788292,36,"ME",352,"Archilochus","colubris","ruby-throated hummingbird","Animalia",23128,292,"Live individuals",2012,5,10,131,2456058,2,2012,5,17,138,2456065,5
8183,44.931046,-68.788292,36,"ME",352,"Archilochus","colubris","ruby-throated hummingbird","Animalia",23128,292,"Live individuals",2012,5,24,145,2456072,2,2012,5,31,152,2456079,5
8183,44.931046,-68.788292,36,"ME",352,"Archilochus","colubris","ruby-throated hummingbird","Animalia",23128,292,"Live individuals",2012,6,7,159,2456086,2,2012,6,12,164,2456091,2
8183,44.931046,-68.788292,36,"ME",352,"Archilochus","colubris","ruby-throated hummingbird","Animalia",23128,292,"Live individuals",2012,7,24,206,2456133,5,2012,7,26,208,2456135,NA
8183,44.931046,-68.788292,36,"ME",352,"Archilochus","colubris","ruby-throated hummingbird","Animalia",23128,293,"Calls or song (birds)",2012,5,17,138,2456065,2,2012,5,17,138,2456065,5
8183,44.931046,-68.788292,36,"ME",352,"Archilochus","colubris","ruby-throated hummingbird","Animalia",23128,293,"Calls or song (birds)",2012,7,26,208,2456135,2,2012,7,26,208,2456135,NA
8183,44.931046,-68.788292,36,"ME",352,"Archilochus","colubris","ruby-throated hummingbird","Animalia",23128,312,"Flower visitation",2012,5,10,131,2456058,2,2012,5,17,138,2456065,5
8183,44.931046,-68.788292,36,"ME",352,"Archilochus","colubris","ruby-throated hummingbird","Animalia",23128,312,"Flower visitation",2012,5,24,145,2456072,2,2012,5,24,145,2456072,5
8183,44.931046,-68.788292,36,"ME",352,"Archilochus","colubris","ruby-throated hummingbird","Animalia",23128,312,"Flower visitation",2012,5,31,152,2456079,2,2012,5,31,152,2456079,5
8183,44.931046,-68.788292,36,"ME",352,"Archilochus","colubris","ruby-throated hummingbird","Animalia",23128,312,"Flower visitation",2012,6,7,159,2456086,2,2012,6,12,164,2456091,2
8183,44.931046,-68.788292,36,"ME",352,"Archilochus","colubris","ruby-throated hummingbird","Animalia",23128,312,"Flower visitation",2012,7,24,206,2456133,5,2012,7,24,206,2456133,2
8183,44.931046,-68.788292,36,"ME",352,"Archilochus","colubris","ruby-throated hummingbird","Animalia",23128,446,"Feeding",2012,5,10,131,2456058,2,2012,5,17,138,2456065,5
8183,44.931046,-68.788292,36,"ME",352,"Archilochus","colubris","ruby-throated hummingbird","Animalia",23128,446,"Feeding",2012,5,24,145,2456072,2,2012,5,24,145,2456072,5
8183,44.931046,-68.788292,36,"ME",352,"Archilochus","colubris","ruby-throated hummingbird","Animalia",23128,446,"Feeding",2012,5,31,152,2456079,2,2012,5,31,152,2456079,5
8183,44.931046,-68.788292,36,"ME",352,"Archilochus","colubris","ruby-throated hummingbird","Animalia",23128,446,"Feeding",2012,6,7,159,2456086,2,2012,6,12,164,2456091,2
8183,44.931046,-68.788292,36,"ME",352,"Archilochus","colubris","ruby-throated hummingbird","Animalia",23128,446,"Feeding",2012,7,24,206,2456133,5,2012,7,24,206,2456133,2
8183,44.931046,-68.788292,36,"ME",352,"Archilochus","colubris","ruby-throated hummingbird","Animalia",23128,457,"Insect consumption",2012,5,24,145,2456072,2,2012,5,24,145,2456072,5
8319,36.176056,-83.879494,340,"TN",352,"Archilochus","colubris","ruby-throated hummingbird","Animalia",24170,292,"Live individuals",2012,5,17,138,2456065,8,2012,9,9,253,2456180,47
8319,36.176056,-83.879494,340,"TN",352,"Archilochus","colubris","ruby-throated hummingbird","Animalia",24170,293,"Calls or song (birds)",2012,5,17,138,2456065,8,2012,9,9,253,2456180,47
8319,36.176056,-83.879494,340,"TN",352,"Archilochus","colubris","ruby-throated hummingbird","Animalia",24170,312,"Flower visitation",2012,5,17,138,2456065,8,2012,9,9,253,2456180,47
8319,36.176056,-83.879494,340,"TN",352,"Archilochus","colubris","ruby-throated hummingbird","Animalia",24170,446,"Feeding",2012,5,17,138,2456065,8,2012,9,9,253,2456180,47
8319,36.176056,-83.879494,340,"TN",352,"Archilochus","colubris","ruby-throated hummingbird","Animalia",24170,458,"Individuals at a feeding station",2012,5,17,138,2456065,8,2012,9,9,253,2456180,47
8496,46.328629,-96.061256,393,"MN",352,"Archilochus","colubris","ruby-throated hummingbird","Animalia",25784,292,"Live individuals",2012,5,9,130,2456057,2,2012,5,30,151,2456078,2
8496,46.328629,-96.061256,393,"MN",352,"Archilochus","colubris","ruby-throated hummingbird","Animalia",25784,292,"Live individuals",2012,6,3,155,2456082,2,2012,6,3,155,2456082,2
8496,46.328629,-96.061256,393,"MN",352,"Archilochus","colubris","ruby-throated hummingbird","Animalia",25784,292,"Live individuals",2012,6,7,159,2456086,2,2012,6,13,165,2456092,2
8496,46.328629,-96.061256,393,"MN",352,"Archilochus","colubris","ruby-throated hummingbird","Animalia",25784,292,"Live individuals",2012,6,17,169,2456096,2,2012,6,21,173,2456100,2
8496,46.328629,-96.061256,393,"MN",352,"Archilochus","colubris","ruby-throated hummingbird","Animalia",25784,292,"Live individuals",2012,6,25,177,2456104,2,2012,6,27,179,2456106,2
8496,46.328629,-96.061256,393,"MN",352,"Archilochus","colubris","ruby-throated hummingbird","Animalia",25784,292,"Live individuals",2012,7,3,185,2456112,2,2012,7,3,185,2456112,2
8496,46.328629,-96.061256,393,"MN",352,"Archilochus","colubris","ruby-throated hummingbird","Animalia",25784,292,"Live individuals",2012,7,7,189,2456116,2,2012,9,6,250,2456177,9
8496,46.328629,-96.061256,393,"MN",352,"Archilochus","colubris","ruby-throated hummingbird","Animalia",25784,293,"Calls or song (birds)",2012,8,17,230,2456157,2,2012,8,17,230,2456157,2
8496,46.328629,-96.061256,393,"MN",352,"Archilochus","colubris","ruby-throated hummingbird","Animalia",25784,293,"Calls or song (birds)",2012,8,21,234,2456161,2,2012,8,21,234,2456161,2
8496,46.328629,-96.061256,393,"MN",352,"Archilochus","colubris","ruby-throated hummingbird","Animalia",25784,312,"Flower visitation",2012,6,21,173,2456100,2,2012,6,21,173,2456100,2
8496,46.328629,-96.061256,393,"MN",352,"Archilochus","colubris","ruby-throated hummingbird","Animalia",25784,312,"Flower visitation",2012,7,3,185,2456112,2,2012,7,3,185,2456112,2
8496,46.328629,-96.061256,393,"MN",352,"Archilochus","colubris","ruby-throated hummingbird","Animalia",25784,312,"Flower visitation",2012,8,1,214,2456141,2,2012,8,1,214,2456141,2
8496,46.328629,-96.061256,393,"MN",352,"Archilochus","colubris","ruby-throated hummingbird","Animalia",25784,312,"Flower visitation",2012,8,5,218,2456145,2,2012,8,5,218,2456145,2
8496,46.328629,-96.061256,393,"MN",352,"Archilochus","colubris","ruby-throated hummingbird","Animalia",25784,312,"Flower visitation",2012,8,9,222,2456149,2,2012,8,9,222,2456149,2
8496,46.328629,-96.061256,393,"MN",352,"Archilochus","colubris","ruby-throated hummingbird","Animalia",25784,312,"Flower visitation",2012,8,17,230,2456157,2,2012,8,25,238,2456165,2
8496,46.328629,-96.061256,393,"MN",352,"Archilochus","colubris","ruby-throated hummingbird","Animalia",25784,446,"Feeding",2012,5,9,130,2456057,2,2012,5,30,151,2456078,2
8496,46.328629,-96.061256,393,"MN",352,"Archilochus","colubris","ruby-throated hummingbird","Animalia",25784,446,"Feeding",2012,6,3,155,2456082,2,2012,6,3,155,2456082,2
8496,46.328629,-96.061256,393,"MN",352,"Archilochus","colubris","ruby-throated hummingbird","Animalia",25784,446,"Feeding",2012,6,7,159,2456086,2,2012,6,13,165,2456092,2
8496,46.328629,-96.061256,393,"MN",352,"Archilochus","colubris","ruby-throated hummingbird","Animalia",25784,446,"Feeding",2012,6,17,169,2456096,2,2012,6,21,173,2456100,2
8496,46.328629,-96.061256,393,"MN",352,"Archilochus","colubris","ruby-throated hummingbird","Animalia",25784,446,"Feeding",2012,6,25,177,2456104,2,2012,6,27,179,2456106,2
8496,46.328629,-96.061256,393,"MN",352,"Archilochus","colubris","ruby-throated hummingbird","Animalia",25784,446,"Feeding",2012,7,3,185,2456112,2,2012,7,3,185,2456112,2
8496,46.328629,-96.061256,393,"MN",352,"Archilochus","colubris","ruby-throated hummingbird","Animalia",25784,446,"Feeding",2012,7,7,189,2456116,2,2012,9,6,250,2456177,9
8496,46.328629,-96.061256,393,"MN",352,"Archilochus","colubris","ruby-throated hummingbird","Animalia",25784,458,"Individuals at a feeding station",2012,5,9,130,2456057,2,2012,5,30,151,2456078,2
8496,46.328629,-96.061256,393,"MN",352,"Archilochus","colubris","ruby-throated hummingbird","Animalia",25784,458,"Individuals at a feeding station",2012,6,3,155,2456082,2,2012,6,3,155,2456082,2
8496,46.328629,-96.061256,393,"MN",352,"Archilochus","colubris","ruby-throated hummingbird","Animalia",25784,458,"Individuals at a feeding station",2012,6,7,159,2456086,2,2012,6,13,165,2456092,2
8496,46.328629,-96.061256,393,"MN",352,"Archilochus","colubris","ruby-throated hummingbird","Animalia",25784,458,"Individuals at a feeding station",2012,6,17,169,2456096,2,2012,6,21,173,2456100,2
8496,46.328629,-96.061256,393,"MN",352,"Archilochus","colubris","ruby-throated hummingbird","Animalia",25784,458,"Individuals at a feeding station",2012,6,25,177,2456104,2,2012,6,27,179,2456106,2
8496,46.328629,-96.061256,393,"MN",352,"Archilochus","colubris","ruby-throated hummingbird","Animalia",25784,458,"Individuals at a feeding station",2012,7,7,189,2456116,2,2012,8,3,216,2456143,2
8496,46.328629,-96.061256,393,"MN",352,"Archilochus","colubris","ruby-throated hummingbird","Animalia",25784,458,"Individuals at a feeding station",2012,8,7,220,2456147,2,2012,9,6,250,2456177,9
8555,44.269394,-70.102585,111,"ME",352,"Archilochus","colubris","ruby-throated hummingbird","Animalia",26163,292,"Live individuals",2012,5,22,143,2456070,2,2012,5,22,143,2456070,4
8555,44.269394,-70.102585,111,"ME",352,"Archilochus","colubris","ruby-throated hummingbird","Animalia",26163,292,"Live individuals",2012,6,1,153,2456080,6,2012,6,1,153,2456080,8
8555,44.269394,-70.102585,111,"ME",352,"Archilochus","colubris","ruby-throated hummingbird","Animalia",26163,292,"Live individuals",2012,6,24,176,2456103,15,2012,6,24,176,2456103,21
8555,44.269394,-70.102585,111,"ME",352,"Archilochus","colubris","ruby-throated hummingbird","Animalia",26163,312,"Flower visitation",2012,6,1,153,2456080,6,2012,6,1,153,2456080,8
8555,44.269394,-70.102585,111,"ME",352,"Archilochus","colubris","ruby-throated hummingbird","Animalia",26163,312,"Flower visitation",2012,6,24,176,2456103,15,2012,6,24,176,2456103,21
8555,44.269394,-70.102585,111,"ME",352,"Archilochus","colubris","ruby-throated hummingbird","Animalia",26163,446,"Feeding",2012,5,22,143,2456070,2,2012,5,22,143,2456070,4
8555,44.269394,-70.102585,111,"ME",352,"Archilochus","colubris","ruby-throated hummingbird","Animalia",26163,446,"Feeding",2012,6,1,153,2456080,6,2012,6,1,153,2456080,8
8555,44.269394,-70.102585,111,"ME",352,"Archilochus","colubris","ruby-throated hummingbird","Animalia",26163,446,"Feeding",2012,6,24,176,2456103,15,2012,6,24,176,2456103,21
8560,44.25386,-70.654938,230,"ME",352,"Archilochus","colubris","ruby-throated hummingbird","Animalia",26205,292,"Live individuals",2012,5,11,132,2456059,3,2012,5,30,151,2456078,6
8560,44.25386,-70.654938,230,"ME",352,"Archilochus","colubris","ruby-throated hummingbird","Animalia",26205,292,"Live individuals",2012,6,12,164,2456091,3,2012,7,28,210,2456137,7
8560,44.25386,-70.654938,230,"ME",352,"Archilochus","colubris","ruby-throated hummingbird","Animalia",26205,292,"Live individuals",2012,8,11,224,2456151,7,2012,8,11,224,2456151,NA
8560,44.25386,-70.654938,230,"ME",352,"Archilochus","colubris","ruby-throated hummingbird","Animalia",26205,293,"Calls or song (birds)",2012,6,16,168,2456095,4,2012,6,23,175,2456102,7
8560,44.25386,-70.654938,230,"ME",352,"Archilochus","colubris","ruby-throated hummingbird","Animalia",26205,293,"Calls or song (birds)",2012,7,7,189,2456116,7,2012,7,7,189,2456116,7
8560,44.25386,-70.654938,230,"ME",352,"Archilochus","colubris","ruby-throated hummingbird","Animalia",26205,293,"Calls or song (birds)",2012,7,21,203,2456130,7,2012,7,21,203,2456130,7
8560,44.25386,-70.654938,230,"ME",352,"Archilochus","colubris","ruby-throated hummingbird","Animalia",26205,294,"Singing individuals (birds)",2012,6,16,168,2456095,4,2012,6,23,175,2456102,7
8560,44.25386,-70.654938,230,"ME",352,"Archilochus","colubris","ruby-throated hummingbird","Animalia",26205,294,"Singing individuals (birds)",2012,7,7,189,2456116,7,2012,7,7,189,2456116,7
8560,44.25386,-70.654938,230,"ME",352,"Archilochus","colubris","ruby-throated hummingbird","Animalia",26205,312,"Flower visitation",2012,5,26,147,2456074,3,2012,5,30,151,2456078,6
8560,44.25386,-70.654938,230,"ME",352,"Archilochus","colubris","ruby-throated hummingbird","Animalia",26205,312,"Flower visitation",2012,6,16,168,2456095,4,2012,6,16,168,2456095,7
8560,44.25386,-70.654938,230,"ME",352,"Archilochus","colubris","ruby-throated hummingbird","Animalia",26205,312,"Flower visitation",2012,7,7,189,2456116,7,2012,7,7,189,2456116,7
8560,44.25386,-70.654938,230,"ME",352,"Archilochus","colubris","ruby-throated hummingbird","Animalia",26205,312,"Flower visitation",2012,7,21,203,2456130,7,2012,7,21,203,2456130,7
8560,44.25386,-70.654938,230,"ME",352,"Archilochus","colubris","ruby-throated hummingbird","Animalia",26205,446,"Feeding",2012,5,11,132,2456059,3,2012,5,19,140,2456067,4
8560,44.25386,-70.654938,230,"ME",352,"Archilochus","colubris","ruby-throated hummingbird","Animalia",26205,446,"Feeding",2012,5,26,147,2456074,3,2012,5,30,151,2456078,6
8560,44.25386,-70.654938,230,"ME",352,"Archilochus","colubris","ruby-throated hummingbird","Animalia",26205,446,"Feeding",2012,6,12,164,2456091,3,2012,7,28,210,2456137,7
8560,44.25386,-70.654938,230,"ME",352,"Archilochus","colubris","ruby-throated hummingbird","Animalia",26205,446,"Feeding",2012,8,11,224,2456151,7,2012,8,11,224,2456151,NA
8560,44.25386,-70.654938,230,"ME",352,"Archilochus","colubris","ruby-throated hummingbird","Animalia",26205,458,"Individuals at a feeding station",2012,5,11,132,2456059,3,2012,5,19,140,2456067,4
8560,44.25386,-70.654938,230,"ME",352,"Archilochus","colubris","ruby-throated hummingbird","Animalia",26205,458,"Individuals at a feeding station",2012,6,12,164,2456091,3,2012,6,30,182,2456109,7
8560,44.25386,-70.654938,230,"ME",352,"Archilochus","colubris","ruby-throated hummingbird","Animalia",26205,458,"Individuals at a feeding station",2012,7,14,196,2456123,7,2012,7,28,210,2456137,7
8560,44.25386,-70.654938,230,"ME",352,"Archilochus","colubris","ruby-throated hummingbird","Animalia",26205,458,"Individuals at a feeding station",2012,8,11,224,2456151,7,2012,8,11,224,2456151,NA
8561,43.000324,-88.222267,266,"WI",352,"Archilochus","colubris","ruby-throated hummingbird","Animalia",26223,292,"Live individuals",2012,5,10,131,2456058,11,2012,5,10,131,2456058,NA
8561,43.000324,-88.222267,266,"WI",352,"Archilochus","colubris","ruby-throated hummingbird","Animalia",26223,312,"Flower visitation",2012,5,10,131,2456058,11,2012,5,10,131,2456058,NA
8561,43.000324,-88.222267,266,"WI",352,"Archilochus","colubris","ruby-throated hummingbird","Animalia",26223,446,"Feeding",2012,5,10,131,2456058,11,2012,5,10,131,2456058,NA
8585,39.285107,-77.583641,142,"VA",352,"Archilochus","colubris","ruby-throated hummingbird","Animalia",26520,292,"Live individuals",2012,5,1,122,2456049,NA,2012,5,1,122,2456049,NA
8585,39.285107,-77.583641,142,"VA",352,"Archilochus","colubris","ruby-throated hummingbird","Animalia",26520,312,"Flower visitation",2012,5,1,122,2456049,NA,2012,5,1,122,2456049,NA
8600,44.696373,-70.128319,232,"ME",352,"Archilochus","colubris","ruby-throated hummingbird","Animalia",26826,292,"Live individuals",2012,5,6,127,2456054,8,2012,6,16,168,2456095,6
8600,44.696373,-70.128319,232,"ME",352,"Archilochus","colubris","ruby-throated hummingbird","Animalia",26826,292,"Live individuals",2012,7,2,184,2456111,10,2012,7,2,184,2456111,17
8600,44.696373,-70.128319,232,"ME",352,"Archilochus","colubris","ruby-throated hummingbird","Animalia",26826,312,"Flower visitation",2012,5,27,148,2456075,14,2012,6,16,168,2456095,6
8600,44.696373,-70.128319,232,"ME",352,"Archilochus","colubris","ruby-throated hummingbird","Animalia",26826,446,"Feeding",2012,5,6,127,2456054,8,2012,6,16,168,2456095,6
8600,44.696373,-70.128319,232,"ME",352,"Archilochus","colubris","ruby-throated hummingbird","Animalia",26826,446,"Feeding",2012,7,2,184,2456111,10,2012,7,2,184,2456111,17
8600,44.696373,-70.128319,232,"ME",352,"Archilochus","colubris","ruby-throated hummingbird","Animalia",26826,458,"Individuals at a feeding station",2012,5,6,127,2456054,8,2012,6,16,168,2456095,6
8600,44.696373,-70.128319,232,"ME",352,"Archilochus","colubris","ruby-throated hummingbird","Animalia",26826,458,"Individuals at a feeding station",2012,7,2,184,2456111,10,2012,7,2,184,2456111,17
8601,44.696373,-70.128319,232,"ME",352,"Archilochus","colubris","ruby-throated hummingbird","Animalia",26830,292,"Live individuals",2012,6,7,159,2456086,17,2012,7,2,184,2456111,9
8601,44.696373,-70.128319,232,"ME",352,"Archilochus","colubris","ruby-throated hummingbird","Animalia",26830,446,"Feeding",2012,6,7,159,2456086,17,2012,6,7,159,2456086,34
8601,44.696373,-70.128319,232,"ME",352,"Archilochus","colubris","ruby-throated hummingbird","Animalia",26830,458,"Individuals at a feeding station",2012,6,7,159,2456086,17,2012,7,2,184,2456111,9
8671,44.435223,-68.627853,55,"ME",352,"Archilochus","colubris","ruby-throated hummingbird","Animalia",27648,292,"Live individuals",2012,5,11,132,2456059,NA,2012,6,14,166,2456093,6
8671,44.435223,-68.627853,55,"ME",352,"Archilochus","colubris","ruby-throated hummingbird","Animalia",27648,292,"Live individuals",2012,6,26,178,2456105,6,2012,8,9,222,2456149,NA
8671,44.435223,-68.627853,55,"ME",352,"Archilochus","colubris","ruby-throated hummingbird","Animalia",27648,312,"Flower visitation",2012,6,14,166,2456093,4,2012,6,14,166,2456093,6
8671,44.435223,-68.627853,55,"ME",352,"Archilochus","colubris","ruby-throated hummingbird","Animalia",27648,312,"Flower visitation",2012,6,28,180,2456107,2,2012,8,9,222,2456149,NA
8671,44.435223,-68.627853,55,"ME",352,"Archilochus","colubris","ruby-throated hummingbird","Animalia",27648,446,"Feeding",2012,5,11,132,2456059,NA,2012,5,13,134,2456061,4
8671,44.435223,-68.627853,55,"ME",352,"Archilochus","colubris","ruby-throated hummingbird","Animalia",27648,446,"Feeding",2012,6,1,153,2456080,5,2012,6,14,166,2456093,6
8671,44.435223,-68.627853,55,"ME",352,"Archilochus","colubris","ruby-throated hummingbird","Animalia",27648,446,"Feeding",2012,6,28,180,2456107,2,2012,8,9,222,2456149,NA
8671,44.435223,-68.627853,55,"ME",352,"Archilochus","colubris","ruby-throated hummingbird","Animalia",27648,458,"Individuals at a feeding station",2012,5,11,132,2456059,NA,2012,5,13,134,2456061,4
8671,44.435223,-68.627853,55,"ME",352,"Archilochus","colubris","ruby-throated hummingbird","Animalia",27648,458,"Individuals at a feeding station",2012,6,1,153,2456080,5,2012,6,14,166,2456093,6
8671,44.435223,-68.627853,55,"ME",352,"Archilochus","colubris","ruby-throated hummingbird","Animalia",27648,458,"Individuals at a feeding station",2012,6,26,178,2456105,6,2012,8,9,222,2456149,NA
8715,43.522804,-70.802277,215,"ME",352,"Archilochus","colubris","ruby-throated hummingbird","Animalia",28193,292,"Live individuals",2012,5,28,149,2456076,6,2012,5,28,149,2456076,10
8715,43.522804,-70.802277,215,"ME",352,"Archilochus","colubris","ruby-throated hummingbird","Animalia",28193,312,"Flower visitation",2012,5,28,149,2456076,6,2012,5,28,149,2456076,10
8715,43.522804,-70.802277,215,"ME",352,"Archilochus","colubris","ruby-throated hummingbird","Animalia",28193,446,"Feeding",2012,5,28,149,2456076,6,2012,5,28,149,2456076,10
8715,43.522804,-70.802277,215,"ME",352,"Archilochus","colubris","ruby-throated hummingbird","Animalia",28193,458,"Individuals at a feeding station",2012,5,28,149,2456076,6,2012,5,28,149,2456076,10
8736,44.903229,-93.217445,248,"MN",352,"Archilochus","colubris","ruby-throated hummingbird","Animalia",28356,292,"Live individuals",2012,8,9,222,2456149,3,2012,8,9,222,2456149,3
8736,44.903229,-93.217445,248,"MN",352,"Archilochus","colubris","ruby-throated hummingbird","Animalia",28356,292,"Live individuals",2012,8,29,242,2456169,6,2012,8,29,242,2456169,2
8736,44.903229,-93.217445,248,"MN",352,"Archilochus","colubris","ruby-throated hummingbird","Animalia",28356,292,"Live individuals",2012,9,5,249,2456176,3,2012,9,5,249,2456176,1
8736,44.903229,-93.217445,248,"MN",352,"Archilochus","colubris","ruby-throated hummingbird","Animalia",28356,312,"Flower visitation",2012,8,29,242,2456169,6,2012,8,29,242,2456169,2
8736,44.903229,-93.217445,248,"MN",352,"Archilochus","colubris","ruby-throated hummingbird","Animalia",28356,312,"Flower visitation",2012,9,5,249,2456176,3,2012,9,5,249,2456176,1
8736,44.903229,-93.217445,248,"MN",352,"Archilochus","colubris","ruby-throated hummingbird","Animalia",28356,446,"Feeding",2012,8,29,242,2456169,6,2012,8,29,242,2456169,2
8736,44.903229,-93.217445,248,"MN",352,"Archilochus","colubris","ruby-throated hummingbird","Animalia",28356,446,"Feeding",2012,9,5,249,2456176,3,2012,9,5,249,2456176,1
8759,44.836506,-68.720551,39,"ME",352,"Archilochus","colubris","ruby-throated hummingbird","Animalia",28616,292,"Live individuals",2012,6,3,155,2456082,NA,2012,6,13,165,2456092,6
8759,44.836506,-68.720551,39,"ME",352,"Archilochus","colubris","ruby-throated hummingbird","Animalia",28616,446,"Feeding",2012,6,12,164,2456091,NA,2012,6,13,165,2456092,6
8759,44.836506,-68.720551,39,"ME",352,"Archilochus","colubris","ruby-throated hummingbird","Animalia",28616,458,"Individuals at a feeding station",2012,6,3,155,2456082,NA,2012,6,13,165,2456092,6
6115,44.461151,-68.024261,10,"ME",352,"Archilochus","colubris","ruby-throated hummingbird","Animalia",29275,292,"Live individuals",2012,6,29,181,2456108,3,2012,8,9,222,2456149,8
6115,44.461151,-68.024261,10,"ME",352,"Archilochus","colubris","ruby-throated hummingbird","Animalia",29275,292,"Live individuals",2012,8,20,233,2456160,3,2012,8,26,239,2456166,5
6115,44.461151,-68.024261,10,"ME",352,"Archilochus","colubris","ruby-throated hummingbird","Animalia",29275,292,"Live individuals",2012,9,4,248,2456175,4,2012,9,4,248,2456175,6
6115,44.461151,-68.024261,10,"ME",352,"Archilochus","colubris","ruby-throated hummingbird","Animalia",29275,312,"Flower visitation",2012,6,29,181,2456108,3,2012,6,29,181,2456108,3
6115,44.461151,-68.024261,10,"ME",352,"Archilochus","colubris","ruby-throated hummingbird","Animalia",29275,312,"Flower visitation",2012,7,9,191,2456118,7,2012,8,9,222,2456149,8
6115,44.461151,-68.024261,10,"ME",352,"Archilochus","colubris","ruby-throated hummingbird","Animalia",29275,312,"Flower visitation",2012,8,20,233,2456160,3,2012,8,26,239,2456166,5
6115,44.461151,-68.024261,10,"ME",352,"Archilochus","colubris","ruby-throated hummingbird","Animalia",29275,312,"Flower visitation",2012,9,4,248,2456175,4,2012,9,4,248,2456175,6
6115,44.461151,-68.024261,10,"ME",352,"Archilochus","colubris","ruby-throated hummingbird","Animalia",29275,446,"Feeding",2012,6,29,181,2456108,3,2012,6,29,181,2456108,3
6115,44.461151,-68.024261,10,"ME",352,"Archilochus","colubris","ruby-throated hummingbird","Animalia",29275,446,"Feeding",2012,7,9,191,2456118,7,2012,8,9,222,2456149,8
6115,44.461151,-68.024261,10,"ME",352,"Archilochus","colubris","ruby-throated hummingbird","Animalia",29275,446,"Feeding",2012,8,20,233,2456160,3,2012,8,26,239,2456166,5
6115,44.461151,-68.024261,10,"ME",352,"Archilochus","colubris","ruby-throated hummingbird","Animalia",29275,446,"Feeding",2012,9,4,248,2456175,4,2012,9,4,248,2456175,6
8706,42.619682,-72.614143,61,"MA",352,"Archilochus","colubris","ruby-throated hummingbird","Animalia",29625,292,"Live individuals",2012,7,16,198,2456125,2,2012,7,16,198,2456125,3
8706,42.619682,-72.614143,61,"MA",352,"Archilochus","colubris","ruby-throated hummingbird","Animalia",29625,292,"Live individuals",2012,8,24,237,2456164,27,2012,8,24,237,2456164,18
8706,42.619682,-72.614143,61,"MA",352,"Archilochus","colubris","ruby-throated hummingbird","Animalia",29625,458,"Individuals at a feeding station",2012,7,14,196,2456123,2,2012,7,25,207,2456134,1
8706,42.619682,-72.614143,61,"MA",352,"Archilochus","colubris","ruby-throated hummingbird","Animalia",29625,458,"Individuals at a feeding station",2012,8,24,237,2456164,27,2012,8,24,237,2456164,18
8767,44.872093,-68.779373,49,"ME",352,"Archilochus","colubris","ruby-throated hummingbird","Animalia",30012,292,"Live individuals",2012,6,1,153,2456080,NA,2012,6,1,153,2456080,4
8767,44.872093,-68.779373,49,"ME",352,"Archilochus","colubris","ruby-throated hummingbird","Animalia",30012,312,"Flower visitation",2012,6,1,153,2456080,NA,2012,6,1,153,2456080,4
8949,43.332207,-73.714066,157,"NY",352,"Archilochus","colubris","ruby-throated hummingbird","Animalia",30361,292,"Live individuals",2012,6,21,173,2456100,NA,2012,6,21,173,2456100,9
8949,43.332207,-73.714066,157,"NY",352,"Archilochus","colubris","ruby-throated hummingbird","Animalia",30361,312,"Flower visitation",2012,6,21,173,2456100,NA,2012,6,21,173,2456100,9
8949,43.332207,-73.714066,157,"NY",352,"Archilochus","colubris","ruby-throated hummingbird","Animalia",30361,458,"Individuals at a feeding station",2012,6,21,173,2456100,NA,2012,6,21,173,2456100,9
8947,37.521179,-77.52739,63,"VA",352,"Archilochus","colubris","ruby-throated hummingbird","Animalia",30413,292,"Live individuals",2012,7,23,205,2456132,NA,2012,7,23,205,2456132,2
8947,37.521179,-77.52739,63,"VA",352,"Archilochus","colubris","ruby-throated hummingbird","Animalia",30413,292,"Live individuals",2012,8,27,240,2456167,4,2012,9,5,249,2456176,22
8947,37.521179,-77.52739,63,"VA",352,"Archilochus","colubris","ruby-throated hummingbird","Animalia",30413,293,"Calls or song (birds)",2012,7,23,205,2456132,NA,2012,7,23,205,2456132,2
8947,37.521179,-77.52739,63,"VA",352,"Archilochus","colubris","ruby-throated hummingbird","Animalia",30413,293,"Calls or song (birds)",2012,7,26,208,2456135,1,2012,7,26,208,2456135,4
8418,32.363758,-94.873947,115,"TX",352,"Archilochus","colubris","ruby-throated hummingbird","Animalia",30980,292,"Live individuals",2012,8,18,231,2456158,NA,2012,9,22,266,2456193,3
8418,32.363758,-94.873947,115,"TX",352,"Archilochus","colubris","ruby-throated hummingbird","Animalia",30980,292,"Live individuals",2012,9,30,274,2456201,5,2012,10,5,279,2456206,3
8418,32.363758,-94.873947,115,"TX",352,"Archilochus","colubris","ruby-throated hummingbird","Animalia",30980,293,"Calls or song (birds)",2012,8,18,231,2456158,NA,2012,9,1,245,2456172,3
8418,32.363758,-94.873947,115,"TX",352,"Archilochus","colubris","ruby-throated hummingbird","Animalia",30980,293,"Calls or song (birds)",2012,9,8,252,2456179,4,2012,9,12,256,2456183,4
8418,32.363758,-94.873947,115,"TX",352,"Archilochus","colubris","ruby-throated hummingbird","Animalia",30980,293,"Calls or song (birds)",2012,9,18,262,2456189,2,2012,9,22,266,2456193,3
8418,32.363758,-94.873947,115,"TX",352,"Archilochus","colubris","ruby-throated hummingbird","Animalia",30980,293,"Calls or song (birds)",2012,10,3,277,2456204,1,2012,10,5,279,2456206,3
8418,32.363758,-94.873947,115,"TX",352,"Archilochus","colubris","ruby-throated hummingbird","Animalia",30980,312,"Flower visitation",2012,8,18,231,2456158,NA,2012,9,1,245,2456172,3
8418,32.363758,-94.873947,115,"TX",352,"Archilochus","colubris","ruby-throated hummingbird","Animalia",30980,312,"Flower visitation",2012,9,8,252,2456179,4,2012,9,22,266,2456193,3
8418,32.363758,-94.873947,115,"TX",352,"Archilochus","colubris","ruby-throated hummingbird","Animalia",30980,312,"Flower visitation",2012,9,30,274,2456201,5,2012,10,3,277,2456204,2
8418,32.363758,-94.873947,115,"TX",352,"Archilochus","colubris","ruby-throated hummingbird","Animalia",30980,446,"Feeding",2012,8,18,231,2456158,NA,2012,9,22,266,2456193,3
8418,32.363758,-94.873947,115,"TX",352,"Archilochus","colubris","ruby-throated hummingbird","Animalia",30980,446,"Feeding",2012,9,30,274,2456201,5,2012,10,3,277,2456204,2
8418,32.363758,-94.873947,115,"TX",352,"Archilochus","colubris","ruby-throated hummingbird","Animalia",30980,458,"Individuals at a feeding station",2012,8,21,234,2456161,3,2012,9,4,248,2456175,4
8418,32.363758,-94.873947,115,"TX",352,"Archilochus","colubris","ruby-throated hummingbird","Animalia",30980,458,"Individuals at a feeding station",2012,9,16,260,2456187,4,2012,9,22,266,2456193,3
9054,27.837032,-82.101585,26,"FL",352,"Archilochus","colubris","ruby-throated hummingbird","Animalia",30997,292,"Live individuals",2012,9,1,245,2456172,NA,2012,10,21,295,2456222,NA
9054,27.837032,-82.101585,26,"FL",352,"Archilochus","colubris","ruby-throated hummingbird","Animalia",30997,293,"Calls or song (birds)",2012,9,1,245,2456172,NA,2012,10,21,295,2456222,NA
9054,27.837032,-82.101585,26,"FL",352,"Archilochus","colubris","ruby-throated hummingbird","Animalia",30997,312,"Flower visitation",2012,9,1,245,2456172,NA,2012,10,21,295,2456222,NA
9054,27.837032,-82.101585,26,"FL",352,"Archilochus","colubris","ruby-throated hummingbird","Animalia",30997,446,"Feeding",2012,9,1,245,2456172,NA,2012,10,21,295,2456222,NA
9054,27.837032,-82.101585,26,"FL",352,"Archilochus","colubris","ruby-throated hummingbird","Animalia",30997,458,"Individuals at a feeding station",2012,9,1,245,2456172,NA,2012,10,21,295,2456222,NA
5450,43.775196,-70.332611,52,"ME",352,"Archilochus","colubris","ruby-throated hummingbird","Animalia",11441,292,"Live individuals",2013,5,31,151,2456444,14,2013,5,31,151,2456444,NA
5450,43.775196,-70.332611,52,"ME",352,"Archilochus","colubris","ruby-throated hummingbird","Animalia",11441,312,"Flower visitation",2013,5,31,151,2456444,14,2013,5,31,151,2456444,NA
5450,43.775196,-70.332611,52,"ME",352,"Archilochus","colubris","ruby-throated hummingbird","Animalia",11441,446,"Feeding",2013,5,31,151,2456444,14,2013,5,31,151,2456444,NA
5504,43.81361,-69.95771,1,"ME",352,"Archilochus","colubris","ruby-throated hummingbird","Animalia",11769,292,"Live individuals",2013,6,10,161,2456454,31,2013,6,10,161,2456454,15
5504,43.81361,-69.95771,1,"ME",352,"Archilochus","colubris","ruby-throated hummingbird","Animalia",11769,312,"Flower visitation",2013,6,10,161,2456454,20,2013,6,10,161,2456454,15
5504,43.81361,-69.95771,1,"ME",352,"Archilochus","colubris","ruby-throated hummingbird","Animalia",11769,446,"Feeding",2013,6,10,161,2456454,20,2013,6,10,161,2456454,15
5598,44.356728,-70.204659,126,"ME",352,"Archilochus","colubris","ruby-throated hummingbird","Animalia",12480,292,"Live individuals",2013,5,13,133,2456426,7,2013,8,19,231,2456524,7
5598,44.356728,-70.204659,126,"ME",352,"Archilochus","colubris","ruby-throated hummingbird","Animalia",12480,312,"Flower visitation",2013,5,13,133,2456426,7,2013,7,1,182,2456475,7
5598,44.356728,-70.204659,126,"ME",352,"Archilochus","colubris","ruby-throated hummingbird","Animalia",12480,446,"Feeding",2013,5,13,133,2456426,7,2013,8,19,231,2456524,7
5598,44.356728,-70.204659,126,"ME",352,"Archilochus","colubris","ruby-throated hummingbird","Animalia",12480,458,"Individuals at a feeding station",2013,5,20,140,2456433,14,2013,8,19,231,2456524,7
5674,44.910587,-70.266861,261,"ME",352,"Archilochus","colubris","ruby-throated hummingbird","Animalia",12712,292,"Live individuals",2013,5,13,133,2456426,2,2013,8,18,230,2456523,126
5674,44.910587,-70.266861,261,"ME",352,"Archilochus","colubris","ruby-throated hummingbird","Animalia",12712,312,"Flower visitation",2013,6,2,153,2456446,7,2013,6,2,153,2456446,7
5674,44.910587,-70.266861,261,"ME",352,"Archilochus","colubris","ruby-throated hummingbird","Animalia",12712,312,"Flower visitation",2013,7,14,195,2456488,7,2013,8,18,230,2456523,126
5674,44.910587,-70.266861,261,"ME",352,"Archilochus","colubris","ruby-throated hummingbird","Animalia",12712,446,"Feeding",2013,5,13,133,2456426,2,2013,8,18,230,2456523,126
5674,44.910587,-70.266861,261,"ME",352,"Archilochus","colubris","ruby-throated hummingbird","Animalia",12712,458,"Individuals at a feeding station",2013,5,13,133,2456426,2,2013,8,18,230,2456523,126
2772,36.440838,-84.323586,554,"TN",352,"Archilochus","colubris","ruby-throated hummingbird","Animalia",13218,292,"Live individuals",2013,4,19,109,2456402,1,2013,4,19,109,2456402,2
2772,36.440838,-84.323586,554,"TN",352,"Archilochus","colubris","ruby-throated hummingbird","Animalia",13218,292,"Live individuals",2013,4,26,116,2456409,2,2013,4,26,116,2456409,1
2772,36.440838,-84.323586,554,"TN",352,"Archilochus","colubris","ruby-throated hummingbird","Animalia",13218,292,"Live individuals",2013,5,2,122,2456415,1,2013,5,2,122,2456415,1
2772,36.440838,-84.323586,554,"TN",352,"Archilochus","colubris","ruby-throated hummingbird","Animalia",13218,292,"Live individuals",2013,6,4,155,2456448,1,2013,6,4,155,2456448,1
2772,36.440838,-84.323586,554,"TN",352,"Archilochus","colubris","ruby-throated hummingbird","Animalia",13218,292,"Live individuals",2013,7,3,184,2456477,1,2013,7,3,184,2456477,1
2772,36.440838,-84.323586,554,"TN",352,"Archilochus","colubris","ruby-throated hummingbird","Animalia",13218,292,"Live individuals",2013,7,25,206,2456499,4,2013,7,25,206,2456499,1
2772,36.440838,-84.323586,554,"TN",352,"Archilochus","colubris","ruby-throated hummingbird","Animalia",13218,292,"Live individuals",2013,8,5,217,2456510,1,2013,8,6,218,2456511,1
2772,36.440838,-84.323586,554,"TN",352,"Archilochus","colubris","ruby-throated hummingbird","Animalia",13218,292,"Live individuals",2013,8,9,221,2456514,2,2013,8,9,221,2456514,1
2772,36.440838,-84.323586,554,"TN",352,"Archilochus","colubris","ruby-throated hummingbird","Animalia",13218,292,"Live individuals",2013,9,5,248,2456541,1,2013,9,7,250,2456543,1
2772,36.440838,-84.323586,554,"TN",352,"Archilochus","colubris","ruby-throated hummingbird","Animalia",13218,292,"Live individuals",2013,9,9,252,2456545,1,2013,9,14,257,2456550,1
2772,36.440838,-84.323586,554,"TN",352,"Archilochus","colubris","ruby-throated hummingbird","Animalia",13218,312,"Flower visitation",2013,7,3,184,2456477,1,2013,7,3,184,2456477,1
2772,36.440838,-84.323586,554,"TN",352,"Archilochus","colubris","ruby-throated hummingbird","Animalia",13218,312,"Flower visitation",2013,7,25,206,2456499,4,2013,7,25,206,2456499,1
2772,36.440838,-84.323586,554,"TN",352,"Archilochus","colubris","ruby-throated hummingbird","Animalia",13218,312,"Flower visitation",2013,8,5,217,2456510,1,2013,8,6,218,2456511,1
2772,36.440838,-84.323586,554,"TN",352,"Archilochus","colubris","ruby-throated hummingbird","Animalia",13218,312,"Flower visitation",2013,8,9,221,2456514,2,2013,8,9,221,2456514,1
2772,36.440838,-84.323586,554,"TN",352,"Archilochus","colubris","ruby-throated hummingbird","Animalia",13218,312,"Flower visitation",2013,9,5,248,2456541,1,2013,9,7,250,2456543,1
2772,36.440838,-84.323586,554,"TN",352,"Archilochus","colubris","ruby-throated hummingbird","Animalia",13218,312,"Flower visitation",2013,9,9,252,2456545,1,2013,9,14,257,2456550,1
2772,36.440838,-84.323586,554,"TN",352,"Archilochus","colubris","ruby-throated hummingbird","Animalia",13218,446,"Feeding",2013,7,3,184,2456477,1,2013,7,3,184,2456477,1
2772,36.440838,-84.323586,554,"TN",352,"Archilochus","colubris","ruby-throated hummingbird","Animalia",13218,446,"Feeding",2013,7,25,206,2456499,4,2013,7,25,206,2456499,1
2772,36.440838,-84.323586,554,"TN",352,"Archilochus","colubris","ruby-throated hummingbird","Animalia",13218,446,"Feeding",2013,8,5,217,2456510,1,2013,8,6,218,2456511,1
2772,36.440838,-84.323586,554,"TN",352,"Archilochus","colubris","ruby-throated hummingbird","Animalia",13218,446,"Feeding",2013,8,9,221,2456514,2,2013,8,9,221,2456514,1
2772,36.440838,-84.323586,554,"TN",352,"Archilochus","colubris","ruby-throated hummingbird","Animalia",13218,446,"Feeding",2013,9,5,248,2456541,1,2013,9,7,250,2456543,1
2772,36.440838,-84.323586,554,"TN",352,"Archilochus","colubris","ruby-throated hummingbird","Animalia",13218,446,"Feeding",2013,9,9,252,2456545,1,2013,9,14,257,2456550,1
2772,36.440838,-84.323586,554,"TN",352,"Archilochus","colubris","ruby-throated hummingbird","Animalia",13218,457,"Insect consumption",2013,8,6,218,2456511,1,2013,8,6,218,2456511,1
6581,42.545959,-71.354904,58,"MA",352,"Archilochus","colubris","ruby-throated hummingbird","Animalia",20213,292,"Live individuals",2013,6,9,160,2456453,NA,2013,8,15,227,2456520,NA
6581,42.545959,-71.354904,58,"MA",352,"Archilochus","colubris","ruby-throated hummingbird","Animalia",20213,312,"Flower visitation",2013,6,9,160,2456453,NA,2013,6,9,160,2456453,64
6581,42.545959,-71.354904,58,"MA",352,"Archilochus","colubris","ruby-throated hummingbird","Animalia",20213,446,"Feeding",2013,6,9,160,2456453,NA,2013,6,9,160,2456453,64
8319,36.176056,-83.879494,340,"TN",352,"Archilochus","colubris","ruby-throated hummingbird","Animalia",24170,292,"Live individuals",2013,4,14,104,2456397,70,2013,4,29,119,2456412,NA
8319,36.176056,-83.879494,340,"TN",352,"Archilochus","colubris","ruby-throated hummingbird","Animalia",24170,293,"Calls or song (birds)",2013,4,29,119,2456412,15,2013,4,29,119,2456412,NA
8319,36.176056,-83.879494,340,"TN",352,"Archilochus","colubris","ruby-throated hummingbird","Animalia",24170,446,"Feeding",2013,4,14,104,2456397,70,2013,4,29,119,2456412,NA
8319,36.176056,-83.879494,340,"TN",352,"Archilochus","colubris","ruby-throated hummingbird","Animalia",24170,458,"Individuals at a feeding station",2013,4,14,104,2456397,70,2013,4,29,119,2456412,NA
8496,46.328629,-96.061256,393,"MN",352,"Archilochus","colubris","ruby-throated hummingbird","Animalia",25784,292,"Live individuals",2013,5,13,133,2456426,2,2013,5,26,146,2456439,3
8496,46.328629,-96.061256,393,"MN",352,"Archilochus","colubris","ruby-throated hummingbird","Animalia",25784,292,"Live individuals",2013,6,1,152,2456445,3,2013,6,1,152,2456445,3
8496,46.328629,-96.061256,393,"MN",352,"Archilochus","colubris","ruby-throated hummingbird","Animalia",25784,292,"Live individuals",2013,6,7,158,2456451,3,2013,9,27,270,2456563,4
8496,46.328629,-96.061256,393,"MN",352,"Archilochus","colubris","ruby-throated hummingbird","Animalia",25784,312,"Flower visitation",2013,9,6,249,2456542,7,2013,9,6,249,2456542,4
8496,46.328629,-96.061256,393,"MN",352,"Archilochus","colubris","ruby-throated hummingbird","Animalia",25784,446,"Feeding",2013,5,13,133,2456426,2,2013,5,26,146,2456439,3
8496,46.328629,-96.061256,393,"MN",352,"Archilochus","colubris","ruby-throated hummingbird","Animalia",25784,446,"Feeding",2013,6,1,152,2456445,3,2013,6,1,152,2456445,3
8496,46.328629,-96.061256,393,"MN",352,"Archilochus","colubris","ruby-throated hummingbird","Animalia",25784,446,"Feeding",2013,6,7,158,2456451,3,2013,9,27,270,2456563,4
8496,46.328629,-96.061256,393,"MN",352,"Archilochus","colubris","ruby-throated hummingbird","Animalia",25784,458,"Individuals at a feeding station",2013,5,13,133,2456426,2,2013,5,26,146,2456439,3
8496,46.328629,-96.061256,393,"MN",352,"Archilochus","colubris","ruby-throated hummingbird","Animalia",25784,458,"Individuals at a feeding station",2013,6,1,152,2456445,3,2013,6,1,152,2456445,3
8496,46.328629,-96.061256,393,"MN",352,"Archilochus","colubris","ruby-throated hummingbird","Animalia",25784,458,"Individuals at a feeding station",2013,6,7,158,2456451,3,2013,9,27,270,2456563,4
8715,43.522804,-70.802277,215,"ME",352,"Archilochus","colubris","ruby-throated hummingbird","Animalia",28193,292,"Live individuals",2013,6,5,156,2456449,7,2013,6,11,162,2456455,10
8715,43.522804,-70.802277,215,"ME",352,"Archilochus","colubris","ruby-throated hummingbird","Animalia",28193,292,"Live individuals",2013,6,26,177,2456470,5,2013,7,31,212,2456505,NA
8715,43.522804,-70.802277,215,"ME",352,"Archilochus","colubris","ruby-throated hummingbird","Animalia",28193,312,"Flower visitation",2013,6,26,177,2456470,5,2013,7,7,188,2456481,3
8715,43.522804,-70.802277,215,"ME",352,"Archilochus","colubris","ruby-throated hummingbird","Animalia",28193,312,"Flower visitation",2013,7,24,205,2456498,7,2013,7,24,205,2456498,7
8715,43.522804,-70.802277,215,"ME",352,"Archilochus","colubris","ruby-throated hummingbird","Animalia",28193,446,"Feeding",2013,6,5,156,2456449,7,2013,6,11,162,2456455,10
8715,43.522804,-70.802277,215,"ME",352,"Archilochus","colubris","ruby-throated hummingbird","Animalia",28193,446,"Feeding",2013,6,26,177,2456470,5,2013,7,31,212,2456505,NA
8715,43.522804,-70.802277,215,"ME",352,"Archilochus","colubris","ruby-throated hummingbird","Animalia",28193,458,"Individuals at a feeding station",2013,6,5,156,2456449,7,2013,6,11,162,2456455,10
8715,43.522804,-70.802277,215,"ME",352,"Archilochus","colubris","ruby-throated hummingbird","Animalia",28193,458,"Individuals at a feeding station",2013,6,26,177,2456470,5,2013,7,31,212,2456505,NA
8736,44.903229,-93.217445,248,"MN",352,"Archilochus","colubris","ruby-throated hummingbird","Animalia",28356,292,"Live individuals",2013,8,15,227,2456520,3,2013,8,27,239,2456532,6
8736,44.903229,-93.217445,248,"MN",352,"Archilochus","colubris","ruby-throated hummingbird","Animalia",28356,292,"Live individuals",2013,9,14,257,2456550,2,2013,9,14,257,2456550,12
8736,44.903229,-93.217445,248,"MN",352,"Archilochus","colubris","ruby-throated hummingbird","Animalia",28356,312,"Flower visitation",2013,9,14,257,2456550,2,2013,9,14,257,2456550,12
8736,44.903229,-93.217445,248,"MN",352,"Archilochus","colubris","ruby-throated hummingbird","Animalia",28356,446,"Feeding",2013,8,15,227,2456520,3,2013,8,16,228,2456521,3
8736,44.903229,-93.217445,248,"MN",352,"Archilochus","colubris","ruby-throated hummingbird","Animalia",28356,446,"Feeding",2013,9,14,257,2456550,2,2013,9,14,257,2456550,12
8736,44.903229,-93.217445,248,"MN",352,"Archilochus","colubris","ruby-throated hummingbird","Animalia",28356,458,"Individuals at a feeding station",2013,8,15,227,2456520,3,2013,8,16,228,2456521,3
8736,44.903229,-93.217445,248,"MN",352,"Archilochus","colubris","ruby-throated hummingbird","Animalia",28356,458,"Individuals at a feeding station",2013,9,14,257,2456550,2,2013,9,14,257,2456550,12
6115,44.461151,-68.024261,10,"ME",352,"Archilochus","colubris","ruby-throated hummingbird","Animalia",29275,292,"Live individuals",2013,6,1,152,2456445,4,2013,6,1,152,2456445,4
6115,44.461151,-68.024261,10,"ME",352,"Archilochus","colubris","ruby-throated hummingbird","Animalia",29275,292,"Live individuals",2013,7,6,187,2456480,5,2013,7,6,187,2456480,NA
6115,44.461151,-68.024261,10,"ME",352,"Archilochus","colubris","ruby-throated hummingbird","Animalia",29275,312,"Flower visitation",2013,7,6,187,2456480,5,2013,7,6,187,2456480,NA
6115,44.461151,-68.024261,10,"ME",352,"Archilochus","colubris","ruby-throated hummingbird","Animalia",29275,446,"Feeding",2013,7,6,187,2456480,5,2013,7,6,187,2456480,NA
8706,42.619682,-72.614143,61,"MA",352,"Archilochus","colubris","ruby-throated hummingbird","Animalia",29625,292,"Live individuals",2013,5,30,150,2456443,NA,2013,5,30,150,2456443,NA
8947,37.521179,-77.52739,63,"VA",352,"Archilochus","colubris","ruby-throated hummingbird","Animalia",30413,292,"Live individuals",2013,8,5,217,2456510,3,2013,8,5,217,2456510,9
8947,37.521179,-77.52739,63,"VA",352,"Archilochus","colubris","ruby-throated hummingbird","Animalia",30413,292,"Live individuals",2013,9,4,247,2456540,13,2013,9,4,247,2456540,10
8947,37.521179,-77.52739,63,"VA",352,"Archilochus","colubris","ruby-throated hummingbird","Animalia",30413,312,"Flower visitation",2013,9,4,247,2456540,13,2013,9,4,247,2456540,10
8947,37.521179,-77.52739,63,"VA",352,"Archilochus","colubris","ruby-throated hummingbird","Animalia",30413,446,"Feeding",2013,8,5,217,2456510,3,2013,8,5,217,2456510,9
8947,37.521179,-77.52739,63,"VA",352,"Archilochus","colubris","ruby-throated hummingbird","Animalia",30413,446,"Feeding",2013,9,4,247,2456540,13,2013,9,4,247,2456540,10
8418,32.363758,-94.873947,115,"TX",352,"Archilochus","colubris","ruby-throated hummingbird","Animalia",30980,292,"Live individuals",2013,4,17,107,2456400,3,2013,4,21,111,2456404,3
8418,32.363758,-94.873947,115,"TX",352,"Archilochus","colubris","ruby-throated hummingbird","Animalia",30980,292,"Live individuals",2013,5,2,122,2456415,3,2013,5,2,122,2456415,3
8418,32.363758,-94.873947,115,"TX",352,"Archilochus","colubris","ruby-throated hummingbird","Animalia",30980,292,"Live individuals",2013,5,12,132,2456425,3,2013,5,12,132,2456425,3
8418,32.363758,-94.873947,115,"TX",352,"Archilochus","colubris","ruby-throated hummingbird","Animalia",30980,292,"Live individuals",2013,5,30,150,2456443,3,2013,10,13,286,2456579,7
8418,32.363758,-94.873947,115,"TX",352,"Archilochus","colubris","ruby-throated hummingbird","Animalia",30980,293,"Calls or song (birds)",2013,5,2,122,2456415,3,2013,5,2,122,2456415,3
8418,32.363758,-94.873947,115,"TX",352,"Archilochus","colubris","ruby-throated hummingbird","Animalia",30980,293,"Calls or song (birds)",2013,5,30,150,2456443,3,2013,6,6,157,2456450,2
8418,32.363758,-94.873947,115,"TX",352,"Archilochus","colubris","ruby-throated hummingbird","Animalia",30980,293,"Calls or song (birds)",2013,6,21,172,2456465,13,2013,6,23,174,2456467,3
8418,32.363758,-94.873947,115,"TX",352,"Archilochus","colubris","ruby-throated hummingbird","Animalia",30980,293,"Calls or song (birds)",2013,7,10,191,2456484,3,2013,7,28,209,2456502,3
8418,32.363758,-94.873947,115,"TX",352,"Archilochus","colubris","ruby-throated hummingbird","Animalia",30980,293,"Calls or song (birds)",2013,8,19,231,2456524,5,2013,10,13,286,2456579,7
8418,32.363758,-94.873947,115,"TX",352,"Archilochus","colubris","ruby-throated hummingbird","Animalia",30980,312,"Flower visitation",2013,4,17,107,2456400,3,2013,4,21,111,2456404,3
8418,32.363758,-94.873947,115,"TX",352,"Archilochus","colubris","ruby-throated hummingbird","Animalia",30980,312,"Flower visitation",2013,7,7,188,2456481,11,2013,8,9,221,2456514,2
8418,32.363758,-94.873947,115,"TX",352,"Archilochus","colubris","ruby-throated hummingbird","Animalia",30980,312,"Flower visitation",2013,8,14,226,2456519,3,2013,8,19,231,2456524,2
8418,32.363758,-94.873947,115,"TX",352,"Archilochus","colubris","ruby-throated hummingbird","Animalia",30980,312,"Flower visitation",2013,8,24,236,2456529,3,2013,9,28,271,2456564,7
8418,32.363758,-94.873947,115,"TX",352,"Archilochus","colubris","ruby-throated hummingbird","Animalia",30980,312,"Flower visitation",2013,10,13,286,2456579,8,2013,10,13,286,2456579,7
8418,32.363758,-94.873947,115,"TX",352,"Archilochus","colubris","ruby-throated hummingbird","Animalia",30980,315,"Dead individuals",2013,8,14,226,2456519,3,2013,8,14,226,2456519,5
8418,32.363758,-94.873947,115,"TX",352,"Archilochus","colubris","ruby-throated hummingbird","Animalia",30980,446,"Feeding",2013,4,17,107,2456400,3,2013,4,21,111,2456404,3
8418,32.363758,-94.873947,115,"TX",352,"Archilochus","colubris","ruby-throated hummingbird","Animalia",30980,446,"Feeding",2013,5,30,150,2456443,3,2013,10,13,286,2456579,7
8418,32.363758,-94.873947,115,"TX",352,"Archilochus","colubris","ruby-throated hummingbird","Animalia",30980,458,"Individuals at a feeding station",2013,4,21,111,2456404,4,2013,4,21,111,2456404,3
8418,32.363758,-94.873947,115,"TX",352,"Archilochus","colubris","ruby-throated hummingbird","Animalia",30980,458,"Individuals at a feeding station",2013,5,30,150,2456443,3,2013,8,11,223,2456516,3
8418,32.363758,-94.873947,115,"TX",352,"Archilochus","colubris","ruby-throated hummingbird","Animalia",30980,458,"Individuals at a feeding station",2013,8,19,231,2456524,5,2013,9,14,257,2456550,4
8418,32.363758,-94.873947,115,"TX",352,"Archilochus","colubris","ruby-throated hummingbird","Animalia",30980,458,"Individuals at a feeding station",2013,9,22,265,2456558,4,2013,10,13,286,2456579,7
9054,27.837032,-82.101585,26,"FL",352,"Archilochus","colubris","ruby-throated hummingbird","Animalia",30997,292,"Live individuals",2013,3,23,82,2456375,NA,2013,3,23,82,2456375,NA
9621,27.972702,-97.134949,4,"TX",352,"Archilochus","colubris","ruby-throated hummingbird","Animalia",36465,292,"Live individuals",2013,3,14,73,2456366,13,2013,5,24,144,2456437,NA
9621,27.972702,-97.134949,4,"TX",352,"Archilochus","colubris","ruby-throated hummingbird","Animalia",36465,293,"Calls or song (birds)",2013,4,11,101,2456394,4,2013,4,11,101,2456394,6
9621,27.972702,-97.134949,4,"TX",352,"Archilochus","colubris","ruby-throated hummingbird","Animalia",36465,293,"Calls or song (birds)",2013,4,27,117,2456410,1,2013,4,28,118,2456411,7
9621,27.972702,-97.134949,4,"TX",352,"Archilochus","colubris","ruby-throated hummingbird","Animalia",36465,312,"Flower visitation",2013,3,22,81,2456374,4,2013,3,26,85,2456378,3
9621,27.972702,-97.134949,4,"TX",352,"Archilochus","colubris","ruby-throated hummingbird","Animalia",36465,312,"Flower visitation",2013,4,2,92,2456385,4,2013,4,7,97,2456390,4
9621,27.972702,-97.134949,4,"TX",352,"Archilochus","colubris","ruby-throated hummingbird","Animalia",36465,312,"Flower visitation",2013,4,17,107,2456400,6,2013,4,17,107,2456400,3
9621,27.972702,-97.134949,4,"TX",352,"Archilochus","colubris","ruby-throated hummingbird","Animalia",36465,312,"Flower visitation",2013,4,26,116,2456409,6,2013,4,28,118,2456411,7
9621,27.972702,-97.134949,4,"TX",352,"Archilochus","colubris","ruby-throated hummingbird","Animalia",36465,312,"Flower visitation",2013,5,20,140,2456433,15,2013,5,20,140,2456433,NA
9621,27.972702,-97.134949,4,"TX",352,"Archilochus","colubris","ruby-throated hummingbird","Animalia",36465,446,"Feeding",2013,3,14,73,2456366,13,2013,5,24,144,2456437,NA
9621,27.972702,-97.134949,4,"TX",352,"Archilochus","colubris","ruby-throated hummingbird","Animalia",36465,457,"Insect consumption",2013,4,11,101,2456394,4,2013,4,11,101,2456394,6
9621,27.972702,-97.134949,4,"TX",352,"Archilochus","colubris","ruby-throated hummingbird","Animalia",36465,458,"Individuals at a feeding station",2013,3,14,73,2456366,13,2013,5,24,144,2456437,NA
9930,31.580486,-97.324806,171,"TX",352,"Archilochus","colubris","ruby-throated hummingbird","Animalia",37918,292,"Live individuals",2013,4,3,93,2456386,7,2013,4,4,94,2456387,3
9930,31.580486,-97.324806,171,"TX",352,"Archilochus","colubris","ruby-throated hummingbird","Animalia",37918,292,"Live individuals",2013,4,11,101,2456394,1,2013,4,11,101,2456394,1
9930,31.580486,-97.324806,171,"TX",352,"Archilochus","colubris","ruby-throated hummingbird","Animalia",37918,292,"Live individuals",2013,4,21,111,2456404,2,2013,4,25,115,2456408,6
9930,31.580486,-97.324806,171,"TX",352,"Archilochus","colubris","ruby-throated hummingbird","Animalia",37918,292,"Live individuals",2013,6,24,175,2456468,7,2013,6,24,175,2456468,3
9930,31.580486,-97.324806,171,"TX",352,"Archilochus","colubris","ruby-throated hummingbird","Animalia",37918,446,"Feeding",2013,4,3,93,2456386,7,2013,4,4,94,2456387,3
9930,31.580486,-97.324806,171,"TX",352,"Archilochus","colubris","ruby-throated hummingbird","Animalia",37918,446,"Feeding",2013,4,11,101,2456394,1,2013,4,11,101,2456394,1
9930,31.580486,-97.324806,171,"TX",352,"Archilochus","colubris","ruby-throated hummingbird","Animalia",37918,446,"Feeding",2013,4,21,111,2456404,2,2013,4,25,115,2456408,6
9930,31.580486,-97.324806,171,"TX",352,"Archilochus","colubris","ruby-throated hummingbird","Animalia",37918,446,"Feeding",2013,6,24,175,2456468,7,2013,6,24,175,2456468,3
9930,31.580486,-97.324806,171,"TX",352,"Archilochus","colubris","ruby-throated hummingbird","Animalia",37918,458,"Individuals at a feeding station",2013,4,3,93,2456386,7,2013,4,4,94,2456387,3
9930,31.580486,-97.324806,171,"TX",352,"Archilochus","colubris","ruby-throated hummingbird","Animalia",37918,458,"Individuals at a feeding station",2013,4,11,101,2456394,1,2013,4,11,101,2456394,1
9930,31.580486,-97.324806,171,"TX",352,"Archilochus","colubris","ruby-throated hummingbird","Animalia",37918,458,"Individuals at a feeding station",2013,4,21,111,2456404,2,2013,4,25,115,2456408,6
9930,31.580486,-97.324806,171,"TX",352,"Archilochus","colubris","ruby-throated hummingbird","Animalia",37918,458,"Individuals at a feeding station",2013,6,24,175,2456468,7,2013,6,24,175,2456468,3
9993,43.999718,-69.55117,22,"ME",352,"Archilochus","colubris","ruby-throated hummingbird","Animalia",38327,292,"Live individuals",2013,5,21,141,2456434,9,2013,8,4,216,2456509,27
9993,43.999718,-69.55117,22,"ME",352,"Archilochus","colubris","ruby-throated hummingbird","Animalia",38327,312,"Flower visitation",2013,5,28,148,2456441,7,2013,6,23,174,2456467,10
9993,43.999718,-69.55117,22,"ME",352,"Archilochus","colubris","ruby-throated hummingbird","Animalia",38327,446,"Feeding",2013,6,3,154,2456447,6,2013,7,3,184,2456477,18
9993,43.999718,-69.55117,22,"ME",352,"Archilochus","colubris","ruby-throated hummingbird","Animalia",38327,458,"Individuals at a feeding station",2013,7,3,184,2456477,10,2013,7,21,202,2456495,14
10111,43.610584,-70.214104,6,"ME",352,"Archilochus","colubris","ruby-throated hummingbird","Animalia",38802,292,"Live individuals",2013,5,18,138,2456431,20,2013,5,18,138,2456431,NA
10111,43.610584,-70.214104,6,"ME",352,"Archilochus","colubris","ruby-throated hummingbird","Animalia",38802,312,"Flower visitation",2013,5,18,138,2456431,NA,2013,5,18,138,2456431,NA
10111,43.610584,-70.214104,6,"ME",352,"Archilochus","colubris","ruby-throated hummingbird","Animalia",38802,446,"Feeding",2013,5,18,138,2456431,NA,2013,5,18,138,2456431,NA
10145,42.602543,-83.250992,277,"MI",352,"Archilochus","colubris","ruby-throated hummingbird","Animalia",38951,292,"Live individuals",2013,7,18,199,2456492,NA,2013,7,18,199,2456492,1
10145,42.602543,-83.250992,277,"MI",352,"Archilochus","colubris","ruby-throated hummingbird","Animalia",38951,292,"Live individuals",2013,7,29,210,2456503,1,2013,7,29,210,2456503,1
10145,42.602543,-83.250992,277,"MI",352,"Archilochus","colubris","ruby-throated hummingbird","Animalia",38951,292,"Live individuals",2013,7,31,212,2456505,1,2013,8,14,226,2456519,1
10145,42.602543,-83.250992,277,"MI",352,"Archilochus","colubris","ruby-throated hummingbird","Animalia",38951,292,"Live individuals",2013,8,18,230,2456523,1,2013,8,18,230,2456523,1
10145,42.602543,-83.250992,277,"MI",352,"Archilochus","colubris","ruby-throated hummingbird","Animalia",38951,292,"Live individuals",2013,8,21,233,2456526,1,2013,8,22,234,2456527,1
10145,42.602543,-83.250992,277,"MI",352,"Archilochus","colubris","ruby-throated hummingbird","Animalia",38951,292,"Live individuals",2013,8,24,236,2456529,1,2013,8,26,238,2456531,1
10145,42.602543,-83.250992,277,"MI",352,"Archilochus","colubris","ruby-throated hummingbird","Animalia",38951,292,"Live individuals",2013,8,28,240,2456533,1,2013,8,30,242,2456535,1
10145,42.602543,-83.250992,277,"MI",352,"Archilochus","colubris","ruby-throated hummingbird","Animalia",38951,292,"Live individuals",2013,9,1,244,2456537,1,2013,9,2,245,2456538,1
10145,42.602543,-83.250992,277,"MI",352,"Archilochus","colubris","ruby-throated hummingbird","Animalia",38951,292,"Live individuals",2013,9,4,247,2456540,1,2013,9,7,250,2456543,1
10145,42.602543,-83.250992,277,"MI",352,"Archilochus","colubris","ruby-throated hummingbird","Animalia",38951,292,"Live individuals",2013,9,9,252,2456545,1,2013,9,12,255,2456548,1
10145,42.602543,-83.250992,277,"MI",352,"Archilochus","colubris","ruby-throated hummingbird","Animalia",38951,292,"Live individuals",2013,9,14,257,2456550,1,2013,9,18,261,2456554,1
10145,42.602543,-83.250992,277,"MI",352,"Archilochus","colubris","ruby-throated hummingbird","Animalia",38951,292,"Live individuals",2013,9,23,266,2456559,4,2013,9,24,267,2456560,1
10145,42.602543,-83.250992,277,"MI",352,"Archilochus","colubris","ruby-throated hummingbird","Animalia",38951,292,"Live individuals",2013,10,1,274,2456567,1,2013,10,1,274,2456567,1
10145,42.602543,-83.250992,277,"MI",352,"Archilochus","colubris","ruby-throated hummingbird","Animalia",38951,293,"Calls or song (birds)",2013,8,21,233,2456526,1,2013,8,21,233,2456526,1
10145,42.602543,-83.250992,277,"MI",352,"Archilochus","colubris","ruby-throated hummingbird","Animalia",38951,312,"Flower visitation",2013,7,31,212,2456505,1,2013,7,31,212,2456505,1
10145,42.602543,-83.250992,277,"MI",352,"Archilochus","colubris","ruby-throated hummingbird","Animalia",38951,312,"Flower visitation",2013,8,2,214,2456507,1,2013,8,3,215,2456508,1
10145,42.602543,-83.250992,277,"MI",352,"Archilochus","colubris","ruby-throated hummingbird","Animalia",38951,312,"Flower visitation",2013,8,8,220,2456513,1,2013,8,11,223,2456516,1
10145,42.602543,-83.250992,277,"MI",352,"Archilochus","colubris","ruby-throated hummingbird","Animalia",38951,312,"Flower visitation",2013,8,14,226,2456519,1,2013,8,14,226,2456519,1
10145,42.602543,-83.250992,277,"MI",352,"Archilochus","colubris","ruby-throated hummingbird","Animalia",38951,312,"Flower visitation",2013,8,18,230,2456523,1,2013,8,18,230,2456523,1
10145,42.602543,-83.250992,277,"MI",352,"Archilochus","colubris","ruby-throated hummingbird","Animalia",38951,312,"Flower visitation",2013,8,21,233,2456526,1,2013,8,22,234,2456527,1
10145,42.602543,-83.250992,277,"MI",352,"Archilochus","colubris","ruby-throated hummingbird","Animalia",38951,312,"Flower visitation",2013,8,24,236,2456529,1,2013,8,24,236,2456529,1
10145,42.602543,-83.250992,277,"MI",352,"Archilochus","colubris","ruby-throated hummingbird","Animalia",38951,312,"Flower visitation",2013,8,26,238,2456531,1,2013,8,26,238,2456531,1
10145,42.602543,-83.250992,277,"MI",352,"Archilochus","colubris","ruby-throated hummingbird","Animalia",38951,312,"Flower visitation",2013,8,30,242,2456535,1,2013,8,30,242,2456535,1
10145,42.602543,-83.250992,277,"MI",352,"Archilochus","colubris","ruby-throated hummingbird","Animalia",38951,312,"Flower visitation",2013,9,1,244,2456537,1,2013,9,2,245,2456538,1
10145,42.602543,-83.250992,277,"MI",352,"Archilochus","colubris","ruby-throated hummingbird","Animalia",38951,312,"Flower visitation",2013,9,4,247,2456540,1,2013,9,7,250,2456543,1
10145,42.602543,-83.250992,277,"MI",352,"Archilochus","colubris","ruby-throated hummingbird","Animalia",38951,312,"Flower visitation",2013,9,9,252,2456545,1,2013,9,9,252,2456545,1
10145,42.602543,-83.250992,277,"MI",352,"Archilochus","colubris","ruby-throated hummingbird","Animalia",38951,312,"Flower visitation",2013,9,12,255,2456548,1,2013,9,12,255,2456548,1
10145,42.602543,-83.250992,277,"MI",352,"Archilochus","colubris","ruby-throated hummingbird","Animalia",38951,312,"Flower visitation",2013,9,15,258,2456551,1,2013,9,15,258,2456551,1
10145,42.602543,-83.250992,277,"MI",352,"Archilochus","colubris","ruby-throated hummingbird","Animalia",38951,312,"Flower visitation",2013,9,18,261,2456554,1,2013,9,18,261,2456554,1
10145,42.602543,-83.250992,277,"MI",352,"Archilochus","colubris","ruby-throated hummingbird","Animalia",38951,312,"Flower visitation",2013,9,23,266,2456559,4,2013,9,24,267,2456560,1
10145,42.602543,-83.250992,277,"MI",352,"Archilochus","colubris","ruby-throated hummingbird","Animalia",38951,312,"Flower visitation",2013,10,1,274,2456567,1,2013,10,1,274,2456567,1
10145,42.602543,-83.250992,277,"MI",352,"Archilochus","colubris","ruby-throated hummingbird","Animalia",38951,446,"Feeding",2013,8,2,214,2456507,1,2013,8,7,219,2456512,1
10145,42.602543,-83.250992,277,"MI",352,"Archilochus","colubris","ruby-throated hummingbird","Animalia",38951,446,"Feeding",2013,8,10,222,2456515,1,2013,8,10,222,2456515,2
10145,42.602543,-83.250992,277,"MI",352,"Archilochus","colubris","ruby-throated hummingbird","Animalia",38951,446,"Feeding",2013,8,18,230,2456523,1,2013,8,18,230,2456523,1
10145,42.602543,-83.250992,277,"MI",352,"Archilochus","colubris","ruby-throated hummingbird","Animalia",38951,446,"Feeding",2013,9,12,255,2456548,1,2013,9,12,255,2456548,1
10145,42.602543,-83.250992,277,"MI",352,"Archilochus","colubris","ruby-throated hummingbird","Animalia",38951,446,"Feeding",2013,9,23,266,2456559,4,2013,9,24,267,2456560,1
10145,42.602543,-83.250992,277,"MI",352,"Archilochus","colubris","ruby-throated hummingbird","Animalia",38951,458,"Individuals at a feeding station",2013,8,4,216,2456509,1,2013,8,8,220,2456513,1
10145,42.602543,-83.250992,277,"MI",352,"Archilochus","colubris","ruby-throated hummingbird","Animalia",38951,458,"Individuals at a feeding station",2013,8,10,222,2456515,1,2013,8,14,226,2456519,1
10145,42.602543,-83.250992,277,"MI",352,"Archilochus","colubris","ruby-throated hummingbird","Animalia",38951,458,"Individuals at a feeding station",2013,8,18,230,2456523,1,2013,8,18,230,2456523,1
10145,42.602543,-83.250992,277,"MI",352,"Archilochus","colubris","ruby-throated hummingbird","Animalia",38951,458,"Individuals at a feeding station",2013,8,21,233,2456526,1,2013,8,22,234,2456527,1
10145,42.602543,-83.250992,277,"MI",352,"Archilochus","colubris","ruby-throated hummingbird","Animalia",38951,458,"Individuals at a feeding station",2013,8,25,237,2456530,1,2013,8,26,238,2456531,1
10145,42.602543,-83.250992,277,"MI",352,"Archilochus","colubris","ruby-throated hummingbird","Animalia",38951,458,"Individuals at a feeding station",2013,8,29,241,2456534,1,2013,8,29,241,2456534,1
10145,42.602543,-83.250992,277,"MI",352,"Archilochus","colubris","ruby-throated hummingbird","Animalia",38951,458,"Individuals at a feeding station",2013,9,1,244,2456537,1,2013,9,2,245,2456538,1
10145,42.602543,-83.250992,277,"MI",352,"Archilochus","colubris","ruby-throated hummingbird","Animalia",38951,458,"Individuals at a feeding station",2013,9,5,248,2456541,1,2013,9,6,249,2456542,1
10145,42.602543,-83.250992,277,"MI",352,"Archilochus","colubris","ruby-throated hummingbird","Animalia",38951,458,"Individuals at a feeding station",2013,9,15,258,2456551,1,2013,9,15,258,2456551,1
10145,42.602543,-83.250992,277,"MI",352,"Archilochus","colubris","ruby-throated hummingbird","Animalia",38951,458,"Individuals at a feeding station",2013,9,17,260,2456553,1,2013,9,18,261,2456554,1
10145,42.602543,-83.250992,277,"MI",352,"Archilochus","colubris","ruby-throated hummingbird","Animalia",38951,458,"Individuals at a feeding station",2013,9,24,267,2456560,1,2013,9,24,267,2456560,1
10145,42.602543,-83.250992,277,"MI",352,"Archilochus","colubris","ruby-throated hummingbird","Animalia",38951,458,"Individuals at a feeding station",2013,10,1,274,2456567,1,2013,10,1,274,2456567,1
10173,43.912842,-69.57888,14,"ME",352,"Archilochus","colubris","ruby-throated hummingbird","Animalia",39266,292,"Live individuals",2013,5,26,146,2456439,29,2013,7,12,193,2456486,15
10173,43.912842,-69.57888,14,"ME",352,"Archilochus","colubris","ruby-throated hummingbird","Animalia",39266,292,"Live individuals",2013,9,4,247,2456540,39,2013,9,4,247,2456540,13
10173,43.912842,-69.57888,14,"ME",352,"Archilochus","colubris","ruby-throated hummingbird","Animalia",39266,446,"Feeding",2013,5,26,146,2456439,29,2013,7,12,193,2456486,15
10173,43.912842,-69.57888,14,"ME",352,"Archilochus","colubris","ruby-throated hummingbird","Animalia",39266,446,"Feeding",2013,9,4,247,2456540,39,2013,9,4,247,2456540,13
10173,43.912842,-69.57888,14,"ME",352,"Archilochus","colubris","ruby-throated hummingbird","Animalia",39266,458,"Individuals at a feeding station",2013,5,26,146,2456439,29,2013,7,12,193,2456486,15
10173,43.912842,-69.57888,14,"ME",352,"Archilochus","colubris","ruby-throated hummingbird","Animalia",39266,458,"Individuals at a feeding station",2013,9,4,247,2456540,39,2013,9,4,247,2456540,13
10186,35.550457,-82.685738,668,"NC",352,"Archilochus","colubris","ruby-throated hummingbird","Animalia",39323,292,"Live individuals",2013,4,10,100,2456393,NA,2013,4,10,100,2456393,NA
10186,35.550457,-82.685738,668,"NC",352,"Archilochus","colubris","ruby-throated hummingbird","Animalia",39323,293,"Calls or song (birds)",2013,4,10,100,2456393,NA,2013,4,10,100,2456393,NA
10186,35.550457,-82.685738,668,"NC",352,"Archilochus","colubris","ruby-throated hummingbird","Animalia",39323,446,"Feeding",2013,4,10,100,2456393,NA,2013,4,10,100,2456393,NA
10186,35.550457,-82.685738,668,"NC",352,"Archilochus","colubris","ruby-throated hummingbird","Animalia",39323,458,"Individuals at a feeding station",2013,4,10,100,2456393,NA,2013,4,10,100,2456393,NA
10292,44.35643,-69.121178,100,"ME",352,"Archilochus","colubris","ruby-throated hummingbird","Animalia",39799,292,"Live individuals",2013,5,17,137,2456430,8,2013,5,27,147,2456440,NA
10292,44.35643,-69.121178,100,"ME",352,"Archilochus","colubris","ruby-throated hummingbird","Animalia",39799,312,"Flower visitation",2013,5,17,137,2456430,8,2013,5,27,147,2456440,NA
10530,43.808941,-70.192505,30,"ME",352,"Archilochus","colubris","ruby-throated hummingbird","Animalia",41321,292,"Live individuals",2013,5,16,136,2456429,4,2013,5,30,150,2456443,NA
10530,43.808941,-70.192505,30,"ME",352,"Archilochus","colubris","ruby-throated hummingbird","Animalia",41321,312,"Flower visitation",2013,5,16,136,2456429,4,2013,5,30,150,2456443,NA
10530,43.808941,-70.192505,30,"ME",352,"Archilochus","colubris","ruby-throated hummingbird","Animalia",41321,446,"Feeding",2013,5,24,144,2456437,8,2013,5,24,144,2456437,6
10282,44.313301,-69.041382,47,"ME",352,"Archilochus","colubris","ruby-throated hummingbird","Animalia",41632,292,"Live individuals",2013,6,6,157,2456450,28,2013,6,6,157,2456450,NA
10282,44.313301,-69.041382,47,"ME",352,"Archilochus","colubris","ruby-throated hummingbird","Animalia",41632,293,"Calls or song (birds)",2013,6,6,157,2456450,28,2013,6,6,157,2456450,NA
10282,44.313301,-69.041382,47,"ME",352,"Archilochus","colubris","ruby-throated hummingbird","Animalia",41632,312,"Flower visitation",2013,6,6,157,2456450,28,2013,6,6,157,2456450,NA
10282,44.313301,-69.041382,47,"ME",352,"Archilochus","colubris","ruby-throated hummingbird","Animalia",41632,446,"Feeding",2013,6,6,157,2456450,28,2013,6,6,157,2456450,NA
10806,37.72731,-80.415466,706,"WV",352,"Archilochus","colubris","ruby-throated hummingbird","Animalia",42915,292,"Live individuals",2013,4,19,109,2456402,NA,2013,5,27,147,2456440,1
10806,37.72731,-80.415466,706,"WV",352,"Archilochus","colubris","ruby-throated hummingbird","Animalia",42915,292,"Live individuals",2013,5,29,149,2456442,1,2013,10,1,274,2456567,1
10806,37.72731,-80.415466,706,"WV",352,"Archilochus","colubris","ruby-throated hummingbird","Animalia",42915,293,"Calls or song (birds)",2013,5,2,122,2456415,1,2013,5,7,127,2456420,1
10806,37.72731,-80.415466,706,"WV",352,"Archilochus","colubris","ruby-throated hummingbird","Animalia",42915,293,"Calls or song (birds)",2013,5,9,129,2456422,1,2013,5,10,130,2456423,1
10806,37.72731,-80.415466,706,"WV",352,"Archilochus","colubris","ruby-throated hummingbird","Animalia",42915,293,"Calls or song (birds)",2013,5,13,133,2456426,1,2013,5,20,140,2456433,1
10806,37.72731,-80.415466,706,"WV",352,"Archilochus","colubris","ruby-throated hummingbird","Animalia",42915,293,"Calls or song (birds)",2013,5,27,147,2456440,1,2013,5,29,149,2456442,1
10806,37.72731,-80.415466,706,"WV",352,"Archilochus","colubris","ruby-throated hummingbird","Animalia",42915,293,"Calls or song (birds)",2013,5,31,151,2456444,1,2013,6,2,153,2456446,1
10806,37.72731,-80.415466,706,"WV",352,"Archilochus","colubris","ruby-throated hummingbird","Animalia",42915,293,"Calls or song (birds)",2013,6,9,160,2456453,1,2013,6,9,160,2456453,1
10806,37.72731,-80.415466,706,"WV",352,"Archilochus","colubris","ruby-throated hummingbird","Animalia",42915,293,"Calls or song (birds)",2013,6,11,162,2456455,1,2013,6,11,162,2456455,1
10806,37.72731,-80.415466,706,"WV",352,"Archilochus","colubris","ruby-throated hummingbird","Animalia",42915,293,"Calls or song (birds)",2013,6,18,169,2456462,1,2013,6,19,170,2456463,1
10806,37.72731,-80.415466,706,"WV",352,"Archilochus","colubris","ruby-throated hummingbird","Animalia",42915,293,"Calls or song (birds)",2013,6,21,172,2456465,1,2013,6,23,174,2456467,1
10806,37.72731,-80.415466,706,"WV",352,"Archilochus","colubris","ruby-throated hummingbird","Animalia",42915,293,"Calls or song (birds)",2013,6,25,176,2456469,1,2013,6,29,180,2456473,1
10806,37.72731,-80.415466,706,"WV",352,"Archilochus","colubris","ruby-throated hummingbird","Animalia",42915,293,"Calls or song (birds)",2013,7,4,185,2456478,1,2013,7,4,185,2456478,1
10806,37.72731,-80.415466,706,"WV",352,"Archilochus","colubris","ruby-throated hummingbird","Animalia",42915,293,"Calls or song (birds)",2013,7,15,196,2456489,1,2013,7,16,197,2456490,1
10806,37.72731,-80.415466,706,"WV",352,"Archilochus","colubris","ruby-throated hummingbird","Animalia",42915,293,"Calls or song (birds)",2013,7,18,199,2456492,1,2013,8,26,238,2456531,4
10806,37.72731,-80.415466,706,"WV",352,"Archilochus","colubris","ruby-throated hummingbird","Animalia",42915,294,"Singing individuals (birds)",2013,5,2,122,2456415,3,2013,5,5,125,2456418,2
10806,37.72731,-80.415466,706,"WV",352,"Archilochus","colubris","ruby-throated hummingbird","Animalia",42915,294,"Singing individuals (birds)",2013,5,9,129,2456422,1,2013,5,9,129,2456422,1
10806,37.72731,-80.415466,706,"WV",352,"Archilochus","colubris","ruby-throated hummingbird","Animalia",42915,294,"Singing individuals (birds)",2013,5,14,134,2456427,1,2013,5,20,140,2456433,1
10806,37.72731,-80.415466,706,"WV",352,"Archilochus","colubris","ruby-throated hummingbird","Animalia",42915,294,"Singing individuals (birds)",2013,5,29,149,2456442,3,2013,5,29,149,2456442,1
10806,37.72731,-80.415466,706,"WV",352,"Archilochus","colubris","ruby-throated hummingbird","Animalia",42915,294,"Singing individuals (birds)",2013,5,31,151,2456444,1,2013,6,2,153,2456446,1
10806,37.72731,-80.415466,706,"WV",352,"Archilochus","colubris","ruby-throated hummingbird","Animalia",42915,294,"Singing individuals (birds)",2013,6,9,160,2456453,1,2013,6,9,160,2456453,1
10806,37.72731,-80.415466,706,"WV",352,"Archilochus","colubris","ruby-throated hummingbird","Animalia",42915,294,"Singing individuals (birds)",2013,6,18,169,2456462,1,2013,6,19,170,2456463,1
10806,37.72731,-80.415466,706,"WV",352,"Archilochus","colubris","ruby-throated hummingbird","Animalia",42915,294,"Singing individuals (birds)",2013,6,21,172,2456465,1,2013,6,23,174,2456467,1
10806,37.72731,-80.415466,706,"WV",352,"Archilochus","colubris","ruby-throated hummingbird","Animalia",42915,294,"Singing individuals (birds)",2013,6,25,176,2456469,1,2013,6,29,180,2456473,1
10806,37.72731,-80.415466,706,"WV",352,"Archilochus","colubris","ruby-throated hummingbird","Animalia",42915,294,"Singing individuals (birds)",2013,7,4,185,2456478,1,2013,7,4,185,2456478,1
10806,37.72731,-80.415466,706,"WV",352,"Archilochus","colubris","ruby-throated hummingbird","Animalia",42915,294,"Singing individuals (birds)",2013,7,15,196,2456489,1,2013,7,16,197,2456490,1
10806,37.72731,-80.415466,706,"WV",352,"Archilochus","colubris","ruby-throated hummingbird","Animalia",42915,294,"Singing individuals (birds)",2013,7,18,199,2456492,1,2013,8,26,238,2456531,4
10806,37.72731,-80.415466,706,"WV",352,"Archilochus","colubris","ruby-throated hummingbird","Animalia",42915,312,"Flower visitation",2013,5,11,131,2456424,1,2013,5,11,131,2456424,1
10806,37.72731,-80.415466,706,"WV",352,"Archilochus","colubris","ruby-throated hummingbird","Animalia",42915,312,"Flower visitation",2013,5,26,146,2456439,2,2013,6,3,154,2456447,1
10806,37.72731,-80.415466,706,"WV",352,"Archilochus","colubris","ruby-throated hummingbird","Animalia",42915,312,"Flower visitation",2013,6,5,156,2456449,1,2013,6,5,156,2456449,1
10806,37.72731,-80.415466,706,"WV",352,"Archilochus","colubris","ruby-throated hummingbird","Animalia",42915,312,"Flower visitation",2013,6,7,158,2456451,1,2013,6,9,160,2456453,1
10806,37.72731,-80.415466,706,"WV",352,"Archilochus","colubris","ruby-throated hummingbird","Animalia",42915,312,"Flower visitation",2013,6,11,162,2456455,1,2013,6,14,165,2456458,1
10806,37.72731,-80.415466,706,"WV",352,"Archilochus","colubris","ruby-throated hummingbird","Animalia",42915,312,"Flower visitation",2013,6,18,169,2456462,1,2013,6,23,174,2456467,1
10806,37.72731,-80.415466,706,"WV",352,"Archilochus","colubris","ruby-throated hummingbird","Animalia",42915,312,"Flower visitation",2013,6,25,176,2456469,1,2013,6,29,180,2456473,1
10806,37.72731,-80.415466,706,"WV",352,"Archilochus","colubris","ruby-throated hummingbird","Animalia",42915,312,"Flower visitation",2013,7,4,185,2456478,1,2013,7,4,185,2456478,1
10806,37.72731,-80.415466,706,"WV",352,"Archilochus","colubris","ruby-throated hummingbird","Animalia",42915,312,"Flower visitation",2013,7,9,190,2456483,1,2013,7,9,190,2456483,1
10806,37.72731,-80.415466,706,"WV",352,"Archilochus","colubris","ruby-throated hummingbird","Animalia",42915,312,"Flower visitation",2013,7,24,205,2456498,1,2013,8,4,216,2456509,15
10806,37.72731,-80.415466,706,"WV",352,"Archilochus","colubris","ruby-throated hummingbird","Animalia",42915,446,"Feeding",2013,4,19,109,2456402,NA,2013,10,1,274,2456567,NA
10806,37.72731,-80.415466,706,"WV",352,"Archilochus","colubris","ruby-throated hummingbird","Animalia",42915,458,"Individuals at a feeding station",2013,4,19,109,2456402,NA,2013,10,1,274,2456567,NA
4846,41.437077,-81.864555,227,"OH",352,"Archilochus","colubris","ruby-throated hummingbird","Animalia",43421,292,"Live individuals",2013,8,18,230,2456523,34,2013,9,11,254,2456547,17
4846,41.437077,-81.864555,227,"OH",352,"Archilochus","colubris","ruby-throated hummingbird","Animalia",43421,312,"Flower visitation",2013,8,18,230,2456523,34,2013,9,11,254,2456547,17
4846,41.437077,-81.864555,227,"OH",352,"Archilochus","colubris","ruby-throated hummingbird","Animalia",43421,446,"Feeding",2013,8,18,230,2456523,34,2013,9,11,254,2456547,17
9368,43.373749,-73.782425,243,"NY",352,"Archilochus","colubris","ruby-throated hummingbird","Animalia",43473,292,"Live individuals",2013,5,30,150,2456443,21,2013,6,11,162,2456455,57
9368,43.373749,-73.782425,243,"NY",352,"Archilochus","colubris","ruby-throated hummingbird","Animalia",43473,312,"Flower visitation",2013,5,30,150,2456443,21,2013,5,30,150,2456443,12
9368,43.373749,-73.782425,243,"NY",352,"Archilochus","colubris","ruby-throated hummingbird","Animalia",43473,446,"Feeding",2013,5,30,150,2456443,21,2013,6,11,162,2456455,57
9368,43.373749,-73.782425,243,"NY",352,"Archilochus","colubris","ruby-throated hummingbird","Animalia",43473,458,"Individuals at a feeding station",2013,6,11,162,2456455,12,2013,6,11,162,2456455,57
9760,37.084229,-94.513283,305,"MO",352,"Archilochus","colubris","ruby-throated hummingbird","Animalia",43609,292,"Live individuals",2013,5,4,124,2456417,NA,2013,5,4,124,2456417,NA
9760,37.084229,-94.513283,305,"MO",352,"Archilochus","colubris","ruby-throated hummingbird","Animalia",43609,446,"Feeding",2013,5,4,124,2456417,NA,2013,5,4,124,2456417,NA
9760,37.084229,-94.513283,305,"MO",352,"Archilochus","colubris","ruby-throated hummingbird","Animalia",43609,458,"Individuals at a feeding station",2013,5,4,124,2456417,NA,2013,5,4,124,2456417,NA
10961,44.223492,-69.236923,88,"ME",352,"Archilochus","colubris","ruby-throated hummingbird","Animalia",43645,292,"Live individuals",2013,8,18,230,2456523,28,2013,8,18,230,2456523,16
10963,42.176208,-73.524597,211,"NY",352,"Archilochus","colubris","ruby-throated hummingbird","Animalia",43671,292,"Live individuals",2013,8,1,213,2456506,NA,2013,8,1,213,2456506,NA
10963,42.176208,-73.524597,211,"NY",352,"Archilochus","colubris","ruby-throated hummingbird","Animalia",43671,446,"Feeding",2013,8,1,213,2456506,NA,2013,8,1,213,2456506,NA
10963,42.176208,-73.524597,211,"NY",352,"Archilochus","colubris","ruby-throated hummingbird","Animalia",43671,458,"Individuals at a feeding station",2013,8,1,213,2456506,NA,2013,8,1,213,2456506,NA
11101,32.228123,-110.942818,742,"AZ",352,"Archilochus","colubris","ruby-throated hummingbird","Animalia",45064,292,"Live individuals",2013,5,13,133,2456426,NA,2013,5,13,133,2456426,NA
11101,32.228123,-110.942818,742,"AZ",352,"Archilochus","colubris","ruby-throated hummingbird","Animalia",45064,293,"Calls or song (birds)",2013,5,13,133,2456426,NA,2013,5,13,133,2456426,NA
11101,32.228123,-110.942818,742,"AZ",352,"Archilochus","colubris","ruby-throated hummingbird","Animalia",45064,312,"Flower visitation",2013,5,13,133,2456426,NA,2013,5,13,133,2456426,NA
11101,32.228123,-110.942818,742,"AZ",352,"Archilochus","colubris","ruby-throated hummingbird","Animalia",45064,446,"Feeding",2013,5,13,133,2456426,NA,2013,5,13,133,2456426,NA
11101,32.228123,-110.942818,742,"AZ",352,"Archilochus","colubris","ruby-throated hummingbird","Animalia",45064,458,"Individuals at a feeding station",2013,5,13,133,2456426,NA,2013,5,13,133,2456426,NA
11110,42.974236,-70.8452,23,"NH",352,"Archilochus","colubris","ruby-throated hummingbird","Animalia",45103,292,"Live individuals",2013,5,14,134,2456427,NA,2013,6,2,153,2456446,NA
11110,42.974236,-70.8452,23,"NH",352,"Archilochus","colubris","ruby-throated hummingbird","Animalia",45103,312,"Flower visitation",2013,6,2,153,2456446,6,2013,6,2,153,2456446,NA
11110,42.974236,-70.8452,23,"NH",352,"Archilochus","colubris","ruby-throated hummingbird","Animalia",45103,446,"Feeding",2013,5,14,134,2456427,NA,2013,6,2,153,2456446,NA
11110,42.974236,-70.8452,23,"NH",352,"Archilochus","colubris","ruby-throated hummingbird","Animalia",45103,458,"Individuals at a feeding station",2013,5,14,134,2456427,NA,2013,5,27,147,2456440,6
11139,30.495195,-96.266006,80,"TX",352,"Archilochus","colubris","ruby-throated hummingbird","Animalia",45335,292,"Live individuals",2013,5,18,138,2456431,NA,2013,5,18,138,2456431,NA
11139,30.495195,-96.266006,80,"TX",352,"Archilochus","colubris","ruby-throated hummingbird","Animalia",45335,293,"Calls or song (birds)",2013,5,18,138,2456431,NA,2013,5,18,138,2456431,NA
11139,30.495195,-96.266006,80,"TX",352,"Archilochus","colubris","ruby-throated hummingbird","Animalia",45335,312,"Flower visitation",2013,5,18,138,2456431,NA,2013,5,18,138,2456431,NA
11139,30.495195,-96.266006,80,"TX",352,"Archilochus","colubris","ruby-throated hummingbird","Animalia",45335,446,"Feeding",2013,5,18,138,2456431,NA,2013,5,18,138,2456431,NA
11139,30.495195,-96.266006,80,"TX",352,"Archilochus","colubris","ruby-throated hummingbird","Animalia",45335,458,"Individuals at a feeding station",2013,5,18,138,2456431,NA,2013,5,18,138,2456431,NA
11200,36.483025,-94.135567,375,"AR",352,"Archilochus","colubris","ruby-throated hummingbird","Animalia",48438,292,"Live individuals",2013,8,1,213,2456506,NA,2013,8,1,213,2456506,NA
11200,36.483025,-94.135567,375,"AR",352,"Archilochus","colubris","ruby-throated hummingbird","Animalia",48438,312,"Flower visitation",2013,8,1,213,2456506,NA,2013,8,1,213,2456506,NA
11617,45.194656,-93.374901,265,"MN",352,"Archilochus","colubris","ruby-throated hummingbird","Animalia",48446,292,"Live individuals",2013,8,3,215,2456508,NA,2013,9,9,252,2456545,NA
11617,45.194656,-93.374901,265,"MN",352,"Archilochus","colubris","ruby-throated hummingbird","Animalia",48446,293,"Calls or song (birds)",2013,8,3,215,2456508,NA,2013,8,3,215,2456508,31
11617,45.194656,-93.374901,265,"MN",352,"Archilochus","colubris","ruby-throated hummingbird","Animalia",48446,312,"Flower visitation",2013,8,3,215,2456508,NA,2013,8,3,215,2456508,31
11617,45.194656,-93.374901,265,"MN",352,"Archilochus","colubris","ruby-throated hummingbird","Animalia",48446,312,"Flower visitation",2013,9,9,252,2456545,6,2013,9,9,252,2456545,NA
11617,45.194656,-93.374901,265,"MN",352,"Archilochus","colubris","ruby-throated hummingbird","Animalia",48446,446,"Feeding",2013,8,3,215,2456508,NA,2013,9,9,252,2456545,NA
11617,45.194656,-93.374901,265,"MN",352,"Archilochus","colubris","ruby-throated hummingbird","Animalia",48446,458,"Individuals at a feeding station",2013,9,3,246,2456539,31,2013,9,3,246,2456539,6
11634,43.149162,-70.929474,28,"NH",352,"Archilochus","colubris","ruby-throated hummingbird","Animalia",48515,292,"Live individuals",2013,8,19,231,2456524,NA,2013,8,19,231,2456524,NA
11634,43.149162,-70.929474,28,"NH",352,"Archilochus","colubris","ruby-throated hummingbird","Animalia",48515,293,"Calls or song (birds)",2013,8,19,231,2456524,NA,2013,8,19,231,2456524,NA
11634,43.149162,-70.929474,28,"NH",352,"Archilochus","colubris","ruby-throated hummingbird","Animalia",48515,446,"Feeding",2013,8,19,231,2456524,NA,2013,8,19,231,2456524,NA
11634,43.149162,-70.929474,28,"NH",352,"Archilochus","colubris","ruby-throated hummingbird","Animalia",48515,458,"Individuals at a feeding station",2013,8,19,231,2456524,NA,2013,8,19,231,2456524,NA
9959,27.836411,-82.101196,27,"FL",352,"Archilochus","colubris","ruby-throated hummingbird","Animalia",51246,292,"Live individuals",2013,9,22,265,2456558,NA,2013,9,22,265,2456558,NA
9959,27.836411,-82.101196,27,"FL",352,"Archilochus","colubris","ruby-throated hummingbird","Animalia",51246,312,"Flower visitation",2013,9,22,265,2456558,NA,2013,9,22,265,2456558,NA
9959,27.836411,-82.101196,27,"FL",352,"Archilochus","colubris","ruby-throated hummingbird","Animalia",51246,446,"Feeding",2013,9,22,265,2456558,NA,2013,9,22,265,2456558,NA
12564,44.039188,-68.892113,-6,"ME",352,"Archilochus","colubris","ruby-throated hummingbird","Animalia",52608,292,"Live individuals",2013,9,8,251,2456544,NA,2013,9,8,251,2456544,NA
12564,44.039188,-68.892113,-6,"ME",352,"Archilochus","colubris","ruby-throated hummingbird","Animalia",52608,312,"Flower visitation",2013,9,8,251,2456544,NA,2013,9,8,251,2456544,NA
12564,44.039188,-68.892113,-6,"ME",352,"Archilochus","colubris","ruby-throated hummingbird","Animalia",52608,446,"Feeding",2013,9,8,251,2456544,NA,2013,9,8,251,2456544,NA
5319,39.147106,-84.380127,178,"OH",352,"Archilochus","colubris","ruby-throated hummingbird","Animalia",10768,292,"Live individuals",2014,7,4,185,2456843,142,2014,7,9,190,2456848,NA
5319,39.147106,-84.380127,178,"OH",352,"Archilochus","colubris","ruby-throated hummingbird","Animalia",10768,446,"Feeding",2014,7,4,185,2456843,142,2014,7,9,190,2456848,NA
5319,39.147106,-84.380127,178,"OH",352,"Archilochus","colubris","ruby-throated hummingbird","Animalia",10768,458,"Individuals at a feeding station",2014,7,4,185,2456843,142,2014,7,9,190,2456848,NA
5674,44.910587,-70.266861,261,"ME",352,"Archilochus","colubris","ruby-throated hummingbird","Animalia",12712,292,"Live individuals",2014,5,25,145,2456803,7,2014,7,20,201,2456859,155
5674,44.910587,-70.266861,261,"ME",352,"Archilochus","colubris","ruby-throated hummingbird","Animalia",12712,312,"Flower visitation",2014,5,25,145,2456803,7,2014,6,22,173,2456831,7
5674,44.910587,-70.266861,261,"ME",352,"Archilochus","colubris","ruby-throated hummingbird","Animalia",12712,312,"Flower visitation",2014,7,6,187,2456845,7,2014,7,20,201,2456859,155
5674,44.910587,-70.266861,261,"ME",352,"Archilochus","colubris","ruby-throated hummingbird","Animalia",12712,446,"Feeding",2014,5,25,145,2456803,7,2014,7,20,201,2456859,155
5674,44.910587,-70.266861,261,"ME",352,"Archilochus","colubris","ruby-throated hummingbird","Animalia",12712,458,"Individuals at a feeding station",2014,5,25,145,2456803,7,2014,7,20,201,2456859,155
2772,36.440838,-84.323586,554,"TN",352,"Archilochus","colubris","ruby-throated hummingbird","Animalia",13218,292,"Live individuals",2014,5,31,151,2456809,1,2014,5,31,151,2456809,1
2772,36.440838,-84.323586,554,"TN",352,"Archilochus","colubris","ruby-throated hummingbird","Animalia",13218,292,"Live individuals",2014,6,8,159,2456817,1,2014,6,8,159,2456817,1
2772,36.440838,-84.323586,554,"TN",352,"Archilochus","colubris","ruby-throated hummingbird","Animalia",13218,292,"Live individuals",2014,7,2,183,2456841,1,2014,7,3,184,2456842,1
2772,36.440838,-84.323586,554,"TN",352,"Archilochus","colubris","ruby-throated hummingbird","Animalia",13218,292,"Live individuals",2014,7,20,201,2456859,3,2014,7,20,201,2456859,1
2772,36.440838,-84.323586,554,"TN",352,"Archilochus","colubris","ruby-throated hummingbird","Animalia",13218,292,"Live individuals",2014,7,25,206,2456864,3,2014,7,25,206,2456864,1
2772,36.440838,-84.323586,554,"TN",352,"Archilochus","colubris","ruby-throated hummingbird","Animalia",13218,292,"Live individuals",2014,7,31,212,2456870,2,2014,7,31,212,2456870,3
2772,36.440838,-84.323586,554,"TN",352,"Archilochus","colubris","ruby-throated hummingbird","Animalia",13218,292,"Live individuals",2014,8,5,217,2456875,1,2014,8,5,217,2456875,1
2772,36.440838,-84.323586,554,"TN",352,"Archilochus","colubris","ruby-throated hummingbird","Animalia",13218,292,"Live individuals",2014,8,7,219,2456877,1,2014,8,7,219,2456877,1
2772,36.440838,-84.323586,554,"TN",352,"Archilochus","colubris","ruby-throated hummingbird","Animalia",13218,292,"Live individuals",2014,8,9,221,2456879,1,2014,8,9,221,2456879,2
2772,36.440838,-84.323586,554,"TN",352,"Archilochus","colubris","ruby-throated hummingbird","Animalia",13218,312,"Flower visitation",2014,7,3,184,2456842,1,2014,7,3,184,2456842,1
2772,36.440838,-84.323586,554,"TN",352,"Archilochus","colubris","ruby-throated hummingbird","Animalia",13218,312,"Flower visitation",2014,7,20,201,2456859,3,2014,7,20,201,2456859,1
2772,36.440838,-84.323586,554,"TN",352,"Archilochus","colubris","ruby-throated hummingbird","Animalia",13218,312,"Flower visitation",2014,7,25,206,2456864,3,2014,7,25,206,2456864,1
2772,36.440838,-84.323586,554,"TN",352,"Archilochus","colubris","ruby-throated hummingbird","Animalia",13218,312,"Flower visitation",2014,7,31,212,2456870,2,2014,7,31,212,2456870,3
2772,36.440838,-84.323586,554,"TN",352,"Archilochus","colubris","ruby-throated hummingbird","Animalia",13218,312,"Flower visitation",2014,8,5,217,2456875,1,2014,8,5,217,2456875,1
2772,36.440838,-84.323586,554,"TN",352,"Archilochus","colubris","ruby-throated hummingbird","Animalia",13218,446,"Feeding",2014,7,3,184,2456842,1,2014,7,3,184,2456842,1
2772,36.440838,-84.323586,554,"TN",352,"Archilochus","colubris","ruby-throated hummingbird","Animalia",13218,446,"Feeding",2014,7,20,201,2456859,3,2014,7,20,201,2456859,1
2772,36.440838,-84.323586,554,"TN",352,"Archilochus","colubris","ruby-throated hummingbird","Animalia",13218,446,"Feeding",2014,7,25,206,2456864,3,2014,7,25,206,2456864,1
2772,36.440838,-84.323586,554,"TN",352,"Archilochus","colubris","ruby-throated hummingbird","Animalia",13218,446,"Feeding",2014,7,31,212,2456870,2,2014,7,31,212,2456870,3
2772,36.440838,-84.323586,554,"TN",352,"Archilochus","colubris","ruby-throated hummingbird","Animalia",13218,446,"Feeding",2014,8,5,217,2456875,1,2014,8,5,217,2456875,1
6581,42.545959,-71.354904,58,"MA",352,"Archilochus","colubris","ruby-throated hummingbird","Animalia",20213,292,"Live individuals",2014,7,27,208,2456866,NA,2014,7,27,208,2456866,NA
6600,43.072197,-87.895683,200,"WI",352,"Archilochus","colubris","ruby-throated hummingbird","Animalia",21216,292,"Live individuals",2014,5,26,146,2456804,NA,2014,5,26,146,2456804,NA
8319,36.176056,-83.879494,340,"TN",352,"Archilochus","colubris","ruby-throated hummingbird","Animalia",24170,292,"Live individuals",2014,4,29,119,2456777,24,2014,4,29,119,2456777,NA
8319,36.176056,-83.879494,340,"TN",352,"Archilochus","colubris","ruby-throated hummingbird","Animalia",24170,293,"Calls or song (birds)",2014,4,29,119,2456777,24,2014,4,29,119,2456777,NA
8319,36.176056,-83.879494,340,"TN",352,"Archilochus","colubris","ruby-throated hummingbird","Animalia",24170,312,"Flower visitation",2014,4,29,119,2456777,24,2014,4,29,119,2456777,NA
8496,46.328629,-96.061256,393,"MN",352,"Archilochus","colubris","ruby-throated hummingbird","Animalia",25784,292,"Live individuals",2014,5,11,131,2456789,3,2014,5,11,131,2456789,22
8496,46.328629,-96.061256,393,"MN",352,"Archilochus","colubris","ruby-throated hummingbird","Animalia",25784,292,"Live individuals",2014,6,6,157,2456815,4,2014,9,10,253,2456911,13
8496,46.328629,-96.061256,393,"MN",352,"Archilochus","colubris","ruby-throated hummingbird","Animalia",25784,312,"Flower visitation",2014,7,2,183,2456841,6,2014,7,2,183,2456841,5
8496,46.328629,-96.061256,393,"MN",352,"Archilochus","colubris","ruby-throated hummingbird","Animalia",25784,446,"Feeding",2014,5,11,131,2456789,3,2014,5,11,131,2456789,22
8496,46.328629,-96.061256,393,"MN",352,"Archilochus","colubris","ruby-throated hummingbird","Animalia",25784,446,"Feeding",2014,6,6,157,2456815,4,2014,9,10,253,2456911,13
8496,46.328629,-96.061256,393,"MN",352,"Archilochus","colubris","ruby-throated hummingbird","Animalia",25784,457,"Insect consumption",2014,8,24,236,2456894,4,2014,8,24,236,2456894,6
8496,46.328629,-96.061256,393,"MN",352,"Archilochus","colubris","ruby-throated hummingbird","Animalia",25784,458,"Individuals at a feeding station",2014,5,11,131,2456789,3,2014,5,11,131,2456789,22
8496,46.328629,-96.061256,393,"MN",352,"Archilochus","colubris","ruby-throated hummingbird","Animalia",25784,458,"Individuals at a feeding station",2014,6,6,157,2456815,4,2014,8,20,232,2456890,4
8496,46.328629,-96.061256,393,"MN",352,"Archilochus","colubris","ruby-throated hummingbird","Animalia",25784,458,"Individuals at a feeding station",2014,8,30,242,2456900,6,2014,9,10,253,2456911,13
8555,44.269394,-70.102585,111,"ME",352,"Archilochus","colubris","ruby-throated hummingbird","Animalia",26163,292,"Live individuals",2014,5,22,142,2456800,10,2014,5,22,142,2456800,NA
8555,44.269394,-70.102585,111,"ME",352,"Archilochus","colubris","ruby-throated hummingbird","Animalia",26163,312,"Flower visitation",2014,5,22,142,2456800,10,2014,5,22,142,2456800,NA
8555,44.269394,-70.102585,111,"ME",352,"Archilochus","colubris","ruby-throated hummingbird","Animalia",26163,446,"Feeding",2014,5,22,142,2456800,10,2014,5,22,142,2456800,NA
8715,43.522804,-70.802277,215,"ME",352,"Archilochus","colubris","ruby-throated hummingbird","Animalia",28193,292,"Live individuals",2014,5,16,136,2456794,3,2014,5,20,140,2456798,3
8715,43.522804,-70.802277,215,"ME",352,"Archilochus","colubris","ruby-throated hummingbird","Animalia",28193,292,"Live individuals",2014,5,26,146,2456804,3,2014,7,6,187,2456845,NA
8715,43.522804,-70.802277,215,"ME",352,"Archilochus","colubris","ruby-throated hummingbird","Animalia",28193,312,"Flower visitation",2014,5,20,140,2456798,4,2014,5,20,140,2456798,3
8715,43.522804,-70.802277,215,"ME",352,"Archilochus","colubris","ruby-throated hummingbird","Animalia",28193,446,"Feeding",2014,5,16,136,2456794,3,2014,5,20,140,2456798,3
8715,43.522804,-70.802277,215,"ME",352,"Archilochus","colubris","ruby-throated hummingbird","Animalia",28193,446,"Feeding",2014,5,26,146,2456804,3,2014,7,6,187,2456845,NA
8715,43.522804,-70.802277,215,"ME",352,"Archilochus","colubris","ruby-throated hummingbird","Animalia",28193,458,"Individuals at a feeding station",2014,5,16,136,2456794,3,2014,5,16,136,2456794,4
8715,43.522804,-70.802277,215,"ME",352,"Archilochus","colubris","ruby-throated hummingbird","Animalia",28193,458,"Individuals at a feeding station",2014,5,26,146,2456804,3,2014,7,6,187,2456845,NA
8736,44.903229,-93.217445,248,"MN",352,"Archilochus","colubris","ruby-throated hummingbird","Animalia",28356,292,"Live individuals",2014,9,6,249,2456907,2,2014,9,7,250,2456908,1
8736,44.903229,-93.217445,248,"MN",352,"Archilochus","colubris","ruby-throated hummingbird","Animalia",28356,312,"Flower visitation",2014,9,6,249,2456907,2,2014,9,6,249,2456907,1
8736,44.903229,-93.217445,248,"MN",352,"Archilochus","colubris","ruby-throated hummingbird","Animalia",28356,446,"Feeding",2014,9,6,249,2456907,2,2014,9,6,249,2456907,1
8736,44.903229,-93.217445,248,"MN",352,"Archilochus","colubris","ruby-throated hummingbird","Animalia",28356,458,"Individuals at a feeding station",2014,9,6,249,2456907,2,2014,9,6,249,2456907,1
1582,42.088398,-70.937325,28,"MA",352,"Archilochus","colubris","ruby-throated hummingbird","Animalia",29580,292,"Live individuals",2014,9,23,266,2456924,NA,2014,9,23,266,2456924,NA
1582,42.088398,-70.937325,28,"MA",352,"Archilochus","colubris","ruby-throated hummingbird","Animalia",29580,312,"Flower visitation",2014,9,23,266,2456924,NA,2014,9,23,266,2456924,NA
1582,42.088398,-70.937325,28,"MA",352,"Archilochus","colubris","ruby-throated hummingbird","Animalia",29580,446,"Feeding",2014,9,23,266,2456924,NA,2014,9,23,266,2456924,NA
1582,42.088398,-70.937325,28,"MA",352,"Archilochus","colubris","ruby-throated hummingbird","Animalia",29580,458,"Individuals at a feeding station",2014,9,23,266,2456924,NA,2014,9,23,266,2456924,NA
8571,44.268715,-70.102753,110,"ME",352,"Archilochus","colubris","ruby-throated hummingbird","Animalia",29972,292,"Live individuals",2014,5,23,143,2456801,11,2014,5,23,143,2456801,NA
8571,44.268715,-70.102753,110,"ME",352,"Archilochus","colubris","ruby-throated hummingbird","Animalia",29972,312,"Flower visitation",2014,5,23,143,2456801,11,2014,5,23,143,2456801,NA
8571,44.268715,-70.102753,110,"ME",352,"Archilochus","colubris","ruby-throated hummingbird","Animalia",29972,446,"Feeding",2014,5,23,143,2456801,11,2014,5,23,143,2456801,NA
8947,37.521179,-77.52739,63,"VA",352,"Archilochus","colubris","ruby-throated hummingbird","Animalia",30413,292,"Live individuals",2014,8,21,233,2456891,8,2014,8,21,233,2456891,5
8947,37.521179,-77.52739,63,"VA",352,"Archilochus","colubris","ruby-throated hummingbird","Animalia",30413,446,"Feeding",2014,8,21,233,2456891,8,2014,8,21,233,2456891,5
8947,37.521179,-77.52739,63,"VA",352,"Archilochus","colubris","ruby-throated hummingbird","Animalia",30413,457,"Insect consumption",2014,8,21,233,2456891,8,2014,8,21,233,2456891,5
8418,32.363758,-94.873947,115,"TX",352,"Archilochus","colubris","ruby-throated hummingbird","Animalia",30980,292,"Live individuals",2014,4,2,92,2456750,3,2014,4,6,96,2456754,3
8418,32.363758,-94.873947,115,"TX",352,"Archilochus","colubris","ruby-throated hummingbird","Animalia",30980,292,"Live individuals",2014,4,13,103,2456761,4,2014,4,13,103,2456761,3
8418,32.363758,-94.873947,115,"TX",352,"Archilochus","colubris","ruby-throated hummingbird","Animalia",30980,292,"Live individuals",2014,4,20,110,2456768,4,2014,4,23,113,2456771,4
8418,32.363758,-94.873947,115,"TX",352,"Archilochus","colubris","ruby-throated hummingbird","Animalia",30980,292,"Live individuals",2014,5,18,138,2456796,4,2014,6,18,169,2456827,3
8418,32.363758,-94.873947,115,"TX",352,"Archilochus","colubris","ruby-throated hummingbird","Animalia",30980,292,"Live individuals",2014,6,25,176,2456834,4,2014,10,5,278,2456936,3
8418,32.363758,-94.873947,115,"TX",352,"Archilochus","colubris","ruby-throated hummingbird","Animalia",30980,293,"Calls or song (birds)",2014,4,13,103,2456761,4,2014,4,13,103,2456761,3
8418,32.363758,-94.873947,115,"TX",352,"Archilochus","colubris","ruby-throated hummingbird","Animalia",30980,293,"Calls or song (birds)",2014,5,18,138,2456796,4,2014,5,21,141,2456799,5
8418,32.363758,-94.873947,115,"TX",352,"Archilochus","colubris","ruby-throated hummingbird","Animalia",30980,293,"Calls or song (birds)",2014,6,1,152,2456810,4,2014,6,1,152,2456810,3
8418,32.363758,-94.873947,115,"TX",352,"Archilochus","colubris","ruby-throated hummingbird","Animalia",30980,293,"Calls or song (birds)",2014,6,15,166,2456824,11,2014,6,15,166,2456824,3
8418,32.363758,-94.873947,115,"TX",352,"Archilochus","colubris","ruby-throated hummingbird","Animalia",30980,293,"Calls or song (birds)",2014,6,29,180,2456838,4,2014,7,2,183,2456841,5
8418,32.363758,-94.873947,115,"TX",352,"Archilochus","colubris","ruby-throated hummingbird","Animalia",30980,293,"Calls or song (birds)",2014,7,15,196,2456854,8,2014,7,18,199,2456857,2
8418,32.363758,-94.873947,115,"TX",352,"Archilochus","colubris","ruby-throated hummingbird","Animalia",30980,293,"Calls or song (birds)",2014,8,13,225,2456883,24,2014,10,5,278,2456936,3
8418,32.363758,-94.873947,115,"TX",352,"Archilochus","colubris","ruby-throated hummingbird","Animalia",30980,294,"Singing individuals (birds)",2014,7,2,183,2456841,3,2014,7,2,183,2456841,5
8418,32.363758,-94.873947,115,"TX",352,"Archilochus","colubris","ruby-throated hummingbird","Animalia",30980,312,"Flower visitation",2014,5,21,141,2456799,3,2014,5,21,141,2456799,5
8418,32.363758,-94.873947,115,"TX",352,"Archilochus","colubris","ruby-throated hummingbird","Animalia",30980,312,"Flower visitation",2014,7,15,196,2456854,8,2014,7,15,196,2456854,3
8418,32.363758,-94.873947,115,"TX",352,"Archilochus","colubris","ruby-throated hummingbird","Animalia",30980,312,"Flower visitation",2014,7,20,201,2456859,2,2014,8,27,239,2456897,7
8418,32.363758,-94.873947,115,"TX",352,"Archilochus","colubris","ruby-throated hummingbird","Animalia",30980,312,"Flower visitation",2014,9,6,249,2456907,3,2014,9,21,264,2456922,3
8418,32.363758,-94.873947,115,"TX",352,"Archilochus","colubris","ruby-throated hummingbird","Animalia",30980,312,"Flower visitation",2014,9,28,271,2456929,4,2014,9,28,271,2456929,3
8418,32.363758,-94.873947,115,"TX",352,"Archilochus","colubris","ruby-throated hummingbird","Animalia",30980,312,"Flower visitation",2014,10,5,278,2456936,4,2014,10,5,278,2456936,3
8418,32.363758,-94.873947,115,"TX",352,"Archilochus","colubris","ruby-throated hummingbird","Animalia",30980,446,"Feeding",2014,4,6,96,2456754,4,2014,4,6,96,2456754,3
8418,32.363758,-94.873947,115,"TX",352,"Archilochus","colubris","ruby-throated hummingbird","Animalia",30980,446,"Feeding",2014,4,23,113,2456771,3,2014,4,23,113,2456771,4
8418,32.363758,-94.873947,115,"TX",352,"Archilochus","colubris","ruby-throated hummingbird","Animalia",30980,446,"Feeding",2014,5,18,138,2456796,4,2014,5,21,141,2456799,5
8418,32.363758,-94.873947,115,"TX",352,"Archilochus","colubris","ruby-throated hummingbird","Animalia",30980,446,"Feeding",2014,5,28,148,2456806,2,2014,6,18,169,2456827,3
8418,32.363758,-94.873947,115,"TX",352,"Archilochus","colubris","ruby-throated hummingbird","Animalia",30980,446,"Feeding",2014,6,25,176,2456834,4,2014,10,5,278,2456936,3
8418,32.363758,-94.873947,115,"TX",352,"Archilochus","colubris","ruby-throated hummingbird","Animalia",30980,458,"Individuals at a feeding station",2014,4,2,92,2456750,3,2014,4,6,96,2456754,3
8418,32.363758,-94.873947,115,"TX",352,"Archilochus","colubris","ruby-throated hummingbird","Animalia",30980,458,"Individuals at a feeding station",2014,4,23,113,2456771,3,2014,4,23,113,2456771,4
8418,32.363758,-94.873947,115,"TX",352,"Archilochus","colubris","ruby-throated hummingbird","Animalia",30980,458,"Individuals at a feeding station",2014,5,18,138,2456796,4,2014,5,21,141,2456799,5
8418,32.363758,-94.873947,115,"TX",352,"Archilochus","colubris","ruby-throated hummingbird","Animalia",30980,458,"Individuals at a feeding station",2014,5,28,148,2456806,2,2014,6,18,169,2456827,3
8418,32.363758,-94.873947,115,"TX",352,"Archilochus","colubris","ruby-throated hummingbird","Animalia",30980,458,"Individuals at a feeding station",2014,6,25,176,2456834,4,2014,8,17,229,2456887,3
8418,32.363758,-94.873947,115,"TX",352,"Archilochus","colubris","ruby-throated hummingbird","Animalia",30980,458,"Individuals at a feeding station",2014,8,24,236,2456894,4,2014,10,5,278,2456936,3
9941,44.227024,-69.592491,53,"ME",352,"Archilochus","colubris","ruby-throated hummingbird","Animalia",38018,292,"Live individuals",2014,5,20,140,2456798,12,2014,5,20,140,2456798,NA
9941,44.227024,-69.592491,53,"ME",352,"Archilochus","colubris","ruby-throated hummingbird","Animalia",38018,446,"Feeding",2014,5,20,140,2456798,12,2014,5,20,140,2456798,NA
9941,44.227024,-69.592491,53,"ME",352,"Archilochus","colubris","ruby-throated hummingbird","Animalia",38018,458,"Individuals at a feeding station",2014,5,20,140,2456798,12,2014,5,20,140,2456798,NA
9993,43.999718,-69.55117,22,"ME",352,"Archilochus","colubris","ruby-throated hummingbird","Animalia",38327,292,"Live individuals",2014,5,23,143,2456801,20,2014,5,29,149,2456807,27
10145,42.602543,-83.250992,277,"MI",352,"Archilochus","colubris","ruby-throated hummingbird","Animalia",38951,292,"Live individuals",2014,5,9,129,2456787,NA,2014,5,9,129,2456787,1
10145,42.602543,-83.250992,277,"MI",352,"Archilochus","colubris","ruby-throated hummingbird","Animalia",38951,292,"Live individuals",2014,5,16,136,2456794,2,2014,5,18,138,2456796,1
10145,42.602543,-83.250992,277,"MI",352,"Archilochus","colubris","ruby-throated hummingbird","Animalia",38951,292,"Live individuals",2014,5,31,151,2456809,1,2014,6,1,152,2456810,1
10145,42.602543,-83.250992,277,"MI",352,"Archilochus","colubris","ruby-throated hummingbird","Animalia",38951,292,"Live individuals",2014,6,5,156,2456814,1,2014,6,5,156,2456814,1
10145,42.602543,-83.250992,277,"MI",352,"Archilochus","colubris","ruby-throated hummingbird","Animalia",38951,292,"Live individuals",2014,6,16,167,2456825,1,2014,6,16,167,2456825,1
10145,42.602543,-83.250992,277,"MI",352,"Archilochus","colubris","ruby-throated hummingbird","Animalia",38951,292,"Live individuals",2014,6,21,172,2456830,1,2014,6,22,173,2456831,1
10145,42.602543,-83.250992,277,"MI",352,"Archilochus","colubris","ruby-throated hummingbird","Animalia",38951,292,"Live individuals",2014,7,12,193,2456851,2,2014,7,12,193,2456851,1
10145,42.602543,-83.250992,277,"MI",352,"Archilochus","colubris","ruby-throated hummingbird","Animalia",38951,292,"Live individuals",2014,7,23,204,2456862,1,2014,7,23,204,2456862,1
10145,42.602543,-83.250992,277,"MI",352,"Archilochus","colubris","ruby-throated hummingbird","Animalia",38951,292,"Live individuals",2014,7,25,206,2456864,1,2014,9,24,267,2456925,1
10145,42.602543,-83.250992,277,"MI",352,"Archilochus","colubris","ruby-throated hummingbird","Animalia",38951,458,"Individuals at a feeding station",2014,5,9,129,2456787,NA,2014,5,9,129,2456787,1
10145,42.602543,-83.250992,277,"MI",352,"Archilochus","colubris","ruby-throated hummingbird","Animalia",38951,458,"Individuals at a feeding station",2014,5,16,136,2456794,2,2014,5,18,138,2456796,1
10145,42.602543,-83.250992,277,"MI",352,"Archilochus","colubris","ruby-throated hummingbird","Animalia",38951,458,"Individuals at a feeding station",2014,6,5,156,2456814,1,2014,6,5,156,2456814,1
10145,42.602543,-83.250992,277,"MI",352,"Archilochus","colubris","ruby-throated hummingbird","Animalia",38951,458,"Individuals at a feeding station",2014,7,23,204,2456862,1,2014,7,23,204,2456862,1
10145,42.602543,-83.250992,277,"MI",352,"Archilochus","colubris","ruby-throated hummingbird","Animalia",38951,458,"Individuals at a feeding station",2014,7,30,211,2456869,2,2014,8,13,225,2456883,1
10145,42.602543,-83.250992,277,"MI",352,"Archilochus","colubris","ruby-throated hummingbird","Animalia",38951,458,"Individuals at a feeding station",2014,8,21,233,2456891,1,2014,8,21,233,2456891,4
10145,42.602543,-83.250992,277,"MI",352,"Archilochus","colubris","ruby-throated hummingbird","Animalia",38951,458,"Individuals at a feeding station",2014,8,27,239,2456897,1,2014,8,27,239,2456897,1
10145,42.602543,-83.250992,277,"MI",352,"Archilochus","colubris","ruby-throated hummingbird","Animalia",38951,458,"Individuals at a feeding station",2014,8,29,241,2456899,1,2014,8,30,242,2456900,1
10145,42.602543,-83.250992,277,"MI",352,"Archilochus","colubris","ruby-throated hummingbird","Animalia",38951,458,"Individuals at a feeding station",2014,9,1,244,2456902,1,2014,9,3,246,2456904,1
10145,42.602543,-83.250992,277,"MI",352,"Archilochus","colubris","ruby-throated hummingbird","Animalia",38951,458,"Individuals at a feeding station",2014,9,5,248,2456906,1,2014,9,14,257,2456915,1
10145,42.602543,-83.250992,277,"MI",352,"Archilochus","colubris","ruby-throated hummingbird","Animalia",38951,458,"Individuals at a feeding station",2014,9,16,259,2456917,1,2014,9,16,259,2456917,1
10145,42.602543,-83.250992,277,"MI",352,"Archilochus","colubris","ruby-throated hummingbird","Animalia",38951,458,"Individuals at a feeding station",2014,9,18,261,2456919,1,2014,9,23,266,2456924,1
10173,43.912842,-69.57888,14,"ME",352,"Archilochus","colubris","ruby-throated hummingbird","Animalia",39266,292,"Live individuals",2014,6,2,153,2456811,14,2014,6,2,153,2456811,16
10173,43.912842,-69.57888,14,"ME",352,"Archilochus","colubris","ruby-throated hummingbird","Animalia",39266,292,"Live individuals",2014,7,7,188,2456846,19,2014,7,7,188,2456846,NA
10173,43.912842,-69.57888,14,"ME",352,"Archilochus","colubris","ruby-throated hummingbird","Animalia",39266,446,"Feeding",2014,6,2,153,2456811,14,2014,6,2,153,2456811,16
10173,43.912842,-69.57888,14,"ME",352,"Archilochus","colubris","ruby-throated hummingbird","Animalia",39266,458,"Individuals at a feeding station",2014,6,2,153,2456811,14,2014,6,2,153,2456811,16
10173,43.912842,-69.57888,14,"ME",352,"Archilochus","colubris","ruby-throated hummingbird","Animalia",39266,458,"Individuals at a feeding station",2014,7,7,188,2456846,19,2014,7,7,188,2456846,NA
10462,43.60931,-70.265755,36,"ME",352,"Archilochus","colubris","ruby-throated hummingbird","Animalia",41049,292,"Live individuals",2014,8,14,226,2456884,NA,2014,8,14,226,2456884,NA
10462,43.60931,-70.265755,36,"ME",352,"Archilochus","colubris","ruby-throated hummingbird","Animalia",41049,312,"Flower visitation",2014,8,14,226,2456884,NA,2014,8,14,226,2456884,NA
10806,37.72731,-80.415466,706,"WV",352,"Archilochus","colubris","ruby-throated hummingbird","Animalia",42915,292,"Live individuals",2014,4,20,110,2456768,NA,2014,4,22,112,2456770,NA
10806,37.72731,-80.415466,706,"WV",352,"Archilochus","colubris","ruby-throated hummingbird","Animalia",42915,446,"Feeding",2014,4,20,110,2456768,NA,2014,4,22,112,2456770,NA
10806,37.72731,-80.415466,706,"WV",352,"Archilochus","colubris","ruby-throated hummingbird","Animalia",42915,458,"Individuals at a feeding station",2014,4,20,110,2456768,NA,2014,4,22,112,2456770,NA
4846,41.437077,-81.864555,227,"OH",352,"Archilochus","colubris","ruby-throated hummingbird","Animalia",43421,292,"Live individuals",2014,5,10,130,2456788,6,2014,5,10,130,2456788,12
4846,41.437077,-81.864555,227,"OH",352,"Archilochus","colubris","ruby-throated hummingbird","Animalia",43421,292,"Live individuals",2014,9,5,248,2456906,106,2014,9,27,270,2456928,1
4846,41.437077,-81.864555,227,"OH",352,"Archilochus","colubris","ruby-throated hummingbird","Animalia",43421,312,"Flower visitation",2014,9,5,248,2456906,106,2014,9,27,270,2456928,1
4846,41.437077,-81.864555,227,"OH",352,"Archilochus","colubris","ruby-throated hummingbird","Animalia",43421,446,"Feeding",2014,9,5,248,2456906,106,2014,9,27,270,2456928,1
11308,43.94474,-69.706696,11,"ME",352,"Archilochus","colubris","ruby-throated hummingbird","Animalia",46642,292,"Live individuals",2014,8,16,228,2456886,21,2014,8,16,228,2456886,11
11308,43.94474,-69.706696,11,"ME",352,"Archilochus","colubris","ruby-throated hummingbird","Animalia",46642,446,"Feeding",2014,8,16,228,2456886,21,2014,8,16,228,2456886,11
11308,43.94474,-69.706696,11,"ME",352,"Archilochus","colubris","ruby-throated hummingbird","Animalia",46642,458,"Individuals at a feeding station",2014,8,16,228,2456886,21,2014,8,16,228,2456886,11
16396,31.143854,-86.922806,62,"AL",352,"Archilochus","colubris","ruby-throated hummingbird","Animalia",61402,292,"Live individuals",2014,3,30,89,2456747,NA,2014,5,5,125,2456783,NA
16396,31.143854,-86.922806,62,"AL",352,"Archilochus","colubris","ruby-throated hummingbird","Animalia",61402,312,"Flower visitation",2014,3,31,90,2456748,1,2014,3,31,90,2456748,1
16396,31.143854,-86.922806,62,"AL",352,"Archilochus","colubris","ruby-throated hummingbird","Animalia",61402,312,"Flower visitation",2014,4,8,98,2456756,6,2014,4,8,98,2456756,1
16396,31.143854,-86.922806,62,"AL",352,"Archilochus","colubris","ruby-throated hummingbird","Animalia",61402,446,"Feeding",2014,3,30,89,2456747,NA,2014,5,5,125,2456783,NA
16396,31.143854,-86.922806,62,"AL",352,"Archilochus","colubris","ruby-throated hummingbird","Animalia",61402,458,"Individuals at a feeding station",2014,3,30,89,2456747,NA,2014,5,5,125,2456783,NA
16541,40.175163,-82.903542,285,"OH",352,"Archilochus","colubris","ruby-throated hummingbird","Animalia",62651,292,"Live individuals",2014,5,14,134,2456792,NA,2014,5,14,134,2456792,NA
16541,40.175163,-82.903542,285,"OH",352,"Archilochus","colubris","ruby-throated hummingbird","Animalia",62651,446,"Feeding",2014,5,14,134,2456792,NA,2014,5,14,134,2456792,NA
16541,40.175163,-82.903542,285,"OH",352,"Archilochus","colubris","ruby-throated hummingbird","Animalia",62651,458,"Individuals at a feeding station",2014,5,14,134,2456792,NA,2014,5,14,134,2456792,NA
17144,44.560818,-75.877174,126,"ON",352,"Archilochus","colubris","ruby-throated hummingbird","Animalia",65476,292,"Live individuals",2014,5,14,134,2456792,1,2014,6,1,152,2456810,1
17144,44.560818,-75.877174,126,"ON",352,"Archilochus","colubris","ruby-throated hummingbird","Animalia",65476,292,"Live individuals",2014,6,4,155,2456813,2,2014,6,10,161,2456819,25
17144,44.560818,-75.877174,126,"ON",352,"Archilochus","colubris","ruby-throated hummingbird","Animalia",65476,293,"Calls or song (birds)",2014,5,17,137,2456795,1,2014,5,17,137,2456795,2
17144,44.560818,-75.877174,126,"ON",352,"Archilochus","colubris","ruby-throated hummingbird","Animalia",65476,293,"Calls or song (birds)",2014,5,24,144,2456802,3,2014,5,25,145,2456803,1
17144,44.560818,-75.877174,126,"ON",352,"Archilochus","colubris","ruby-throated hummingbird","Animalia",65476,296,"Mating (male on top)",2014,5,26,146,2456804,1,2014,5,26,146,2456804,5
17144,44.560818,-75.877174,126,"ON",352,"Archilochus","colubris","ruby-throated hummingbird","Animalia",65476,312,"Flower visitation",2014,5,14,134,2456792,1,2014,5,26,146,2456804,5
17144,44.560818,-75.877174,126,"ON",352,"Archilochus","colubris","ruby-throated hummingbird","Animalia",65476,312,"Flower visitation",2014,6,1,152,2456810,1,2014,6,1,152,2456810,1
17144,44.560818,-75.877174,126,"ON",352,"Archilochus","colubris","ruby-throated hummingbird","Animalia",65476,312,"Flower visitation",2014,6,4,155,2456813,2,2014,6,10,161,2456819,25
17144,44.560818,-75.877174,126,"ON",352,"Archilochus","colubris","ruby-throated hummingbird","Animalia",65476,446,"Feeding",2014,5,14,134,2456792,1,2014,6,1,152,2456810,1
17144,44.560818,-75.877174,126,"ON",352,"Archilochus","colubris","ruby-throated hummingbird","Animalia",65476,446,"Feeding",2014,6,4,155,2456813,2,2014,6,10,161,2456819,25
17100,47.479015,-94.476631,400,"MN",352,"Archilochus","colubris","ruby-throated hummingbird","Animalia",66404,292,"Live individuals",2014,5,18,138,2456796,14,2014,5,18,138,2456796,NA
17100,47.479015,-94.476631,400,"MN",352,"Archilochus","colubris","ruby-throated hummingbird","Animalia",66404,293,"Calls or song (birds)",2014,5,18,138,2456796,14,2014,5,18,138,2456796,NA
17100,47.479015,-94.476631,400,"MN",352,"Archilochus","colubris","ruby-throated hummingbird","Animalia",66404,312,"Flower visitation",2014,5,18,138,2456796,14,2014,5,18,138,2456796,NA
17100,47.479015,-94.476631,400,"MN",352,"Archilochus","colubris","ruby-throated hummingbird","Animalia",66404,446,"Feeding",2014,5,18,138,2456796,14,2014,5,18,138,2456796,NA
17100,47.479015,-94.476631,400,"MN",352,"Archilochus","colubris","ruby-throated hummingbird","Animalia",66404,458,"Individuals at a feeding station",2014,5,18,138,2456796,14,2014,5,18,138,2456796,NA
17302,43.090816,-71.032936,37,"NH",352,"Archilochus","colubris","ruby-throated hummingbird","Animalia",66473,292,"Live individuals",2014,5,5,125,2456783,1,2014,5,30,150,2456808,1
17302,43.090816,-71.032936,37,"NH",352,"Archilochus","colubris","ruby-throated hummingbird","Animalia",66473,292,"Live individuals",2014,6,1,152,2456810,1,2014,9,17,260,2456918,1
17302,43.090816,-71.032936,37,"NH",352,"Archilochus","colubris","ruby-throated hummingbird","Animalia",66473,292,"Live individuals",2014,9,22,265,2456923,1,2014,9,22,265,2456923,1
17302,43.090816,-71.032936,37,"NH",352,"Archilochus","colubris","ruby-throated hummingbird","Animalia",66473,292,"Live individuals",2014,9,24,267,2456925,1,2014,9,24,267,2456925,1
17302,43.090816,-71.032936,37,"NH",352,"Archilochus","colubris","ruby-throated hummingbird","Animalia",66473,296,"Mating (male on top)",2014,7,5,186,2456844,1,2014,7,5,186,2456844,1
17302,43.090816,-71.032936,37,"NH",352,"Archilochus","colubris","ruby-throated hummingbird","Animalia",66473,312,"Flower visitation",2014,5,8,128,2456786,1,2014,5,8,128,2456786,1
17302,43.090816,-71.032936,37,"NH",352,"Archilochus","colubris","ruby-throated hummingbird","Animalia",66473,312,"Flower visitation",2014,5,12,132,2456790,1,2014,5,12,132,2456790,1
17302,43.090816,-71.032936,37,"NH",352,"Archilochus","colubris","ruby-throated hummingbird","Animalia",66473,312,"Flower visitation",2014,5,17,137,2456795,1,2014,5,21,141,2456799,1
17302,43.090816,-71.032936,37,"NH",352,"Archilochus","colubris","ruby-throated hummingbird","Animalia",66473,312,"Flower visitation",2014,5,26,146,2456804,1,2014,5,26,146,2456804,1
17302,43.090816,-71.032936,37,"NH",352,"Archilochus","colubris","ruby-throated hummingbird","Animalia",66473,312,"Flower visitation",2014,5,30,150,2456808,1,2014,5,30,150,2456808,1
17302,43.090816,-71.032936,37,"NH",352,"Archilochus","colubris","ruby-throated hummingbird","Animalia",66473,312,"Flower visitation",2014,6,14,165,2456823,1,2014,6,14,165,2456823,1
17302,43.090816,-71.032936,37,"NH",352,"Archilochus","colubris","ruby-throated hummingbird","Animalia",66473,312,"Flower visitation",2014,6,16,167,2456825,1,2014,7,2,183,2456841,1
17302,43.090816,-71.032936,37,"NH",352,"Archilochus","colubris","ruby-throated hummingbird","Animalia",66473,312,"Flower visitation",2014,7,5,186,2456844,1,2014,7,17,198,2456856,1
17302,43.090816,-71.032936,37,"NH",352,"Archilochus","colubris","ruby-throated hummingbird","Animalia",66473,312,"Flower visitation",2014,7,19,200,2456858,1,2014,7,21,202,2456860,1
17302,43.090816,-71.032936,37,"NH",352,"Archilochus","colubris","ruby-throated hummingbird","Animalia",66473,312,"Flower visitation",2014,7,23,204,2456862,1,2014,7,24,205,2456863,1
17302,43.090816,-71.032936,37,"NH",352,"Archilochus","colubris","ruby-throated hummingbird","Animalia",66473,312,"Flower visitation",2014,8,2,214,2456872,1,2014,8,3,215,2456873,1
17302,43.090816,-71.032936,37,"NH",352,"Archilochus","colubris","ruby-throated hummingbird","Animalia",66473,312,"Flower visitation",2014,8,8,220,2456878,1,2014,8,8,220,2456878,1
17302,43.090816,-71.032936,37,"NH",352,"Archilochus","colubris","ruby-throated hummingbird","Animalia",66473,312,"Flower visitation",2014,8,18,230,2456888,1,2014,8,18,230,2456888,1
17302,43.090816,-71.032936,37,"NH",352,"Archilochus","colubris","ruby-throated hummingbird","Animalia",66473,312,"Flower visitation",2014,8,20,232,2456890,1,2014,8,20,232,2456890,1
17302,43.090816,-71.032936,37,"NH",352,"Archilochus","colubris","ruby-throated hummingbird","Animalia",66473,312,"Flower visitation",2014,8,22,234,2456892,1,2014,9,1,244,2456902,1
17302,43.090816,-71.032936,37,"NH",352,"Archilochus","colubris","ruby-throated hummingbird","Animalia",66473,312,"Flower visitation",2014,9,4,247,2456905,1,2014,9,5,248,2456906,1
17302,43.090816,-71.032936,37,"NH",352,"Archilochus","colubris","ruby-throated hummingbird","Animalia",66473,312,"Flower visitation",2014,9,10,253,2456911,1,2014,9,17,260,2456918,1
17302,43.090816,-71.032936,37,"NH",352,"Archilochus","colubris","ruby-throated hummingbird","Animalia",66473,312,"Flower visitation",2014,9,22,265,2456923,1,2014,9,22,265,2456923,1
17302,43.090816,-71.032936,37,"NH",352,"Archilochus","colubris","ruby-throated hummingbird","Animalia",66473,312,"Flower visitation",2014,9,24,267,2456925,1,2014,9,24,267,2456925,1
17302,43.090816,-71.032936,37,"NH",352,"Archilochus","colubris","ruby-throated hummingbird","Animalia",66473,446,"Feeding",2014,5,5,125,2456783,1,2014,5,30,150,2456808,1
17302,43.090816,-71.032936,37,"NH",352,"Archilochus","colubris","ruby-throated hummingbird","Animalia",66473,446,"Feeding",2014,6,1,152,2456810,1,2014,9,17,260,2456918,1
17302,43.090816,-71.032936,37,"NH",352,"Archilochus","colubris","ruby-throated hummingbird","Animalia",66473,446,"Feeding",2014,9,22,265,2456923,1,2014,9,22,265,2456923,1
17302,43.090816,-71.032936,37,"NH",352,"Archilochus","colubris","ruby-throated hummingbird","Animalia",66473,446,"Feeding",2014,9,24,267,2456925,1,2014,9,24,267,2456925,1
17302,43.090816,-71.032936,37,"NH",352,"Archilochus","colubris","ruby-throated hummingbird","Animalia",66473,458,"Individuals at a feeding station",2014,5,5,125,2456783,1,2014,5,30,150,2456808,1
17302,43.090816,-71.032936,37,"NH",352,"Archilochus","colubris","ruby-throated hummingbird","Animalia",66473,458,"Individuals at a feeding station",2014,6,1,152,2456810,1,2014,7,27,208,2456866,1
17302,43.090816,-71.032936,37,"NH",352,"Archilochus","colubris","ruby-throated hummingbird","Animalia",66473,458,"Individuals at a feeding station",2014,7,29,210,2456868,1,2014,9,17,260,2456918,1
17302,43.090816,-71.032936,37,"NH",352,"Archilochus","colubris","ruby-throated hummingbird","Animalia",66473,458,"Individuals at a feeding station",2014,9,22,265,2456923,1,2014,9,22,265,2456923,1
17302,43.090816,-71.032936,37,"NH",352,"Archilochus","colubris","ruby-throated hummingbird","Animalia",66473,458,"Individuals at a feeding station",2014,9,24,267,2456925,1,2014,9,24,267,2456925,1
17241,42.82711,-73.710182,81,"NY",352,"Archilochus","colubris","ruby-throated hummingbird","Animalia",67172,292,"Live individuals",2014,5,11,131,2456789,8,2014,5,11,131,2456789,NA
17241,42.82711,-73.710182,81,"NY",352,"Archilochus","colubris","ruby-throated hummingbird","Animalia",67172,446,"Feeding",2014,5,11,131,2456789,NA,2014,5,11,131,2456789,NA
17241,42.82711,-73.710182,81,"NY",352,"Archilochus","colubris","ruby-throated hummingbird","Animalia",67172,458,"Individuals at a feeding station",2014,5,11,131,2456789,NA,2014,5,11,131,2456789,NA
17589,43.894772,-69.685074,23,"ME",352,"Archilochus","colubris","ruby-throated hummingbird","Animalia",67748,292,"Live individuals",2014,5,15,135,2456793,19,2014,5,15,135,2456793,11
17589,43.894772,-69.685074,23,"ME",352,"Archilochus","colubris","ruby-throated hummingbird","Animalia",67748,292,"Live individuals",2014,8,4,216,2456874,37,2014,8,4,216,2456874,65
17589,43.894772,-69.685074,23,"ME",352,"Archilochus","colubris","ruby-throated hummingbird","Animalia",67748,312,"Flower visitation",2014,5,15,135,2456793,19,2014,5,15,135,2456793,11
17589,43.894772,-69.685074,23,"ME",352,"Archilochus","colubris","ruby-throated hummingbird","Animalia",67748,312,"Flower visitation",2014,8,4,216,2456874,37,2014,8,4,216,2456874,65
17589,43.894772,-69.685074,23,"ME",352,"Archilochus","colubris","ruby-throated hummingbird","Animalia",67748,446,"Feeding",2014,8,4,216,2456874,37,2014,8,4,216,2456874,65
17571,43.581402,-70.702042,96,"ME",352,"Archilochus","colubris","ruby-throated hummingbird","Animalia",67855,315,"Dead individuals",2014,4,29,119,2456777,15,2014,4,29,119,2456777,30
17606,39.130581,-87.639893,134,"IN",352,"Archilochus","colubris","ruby-throated hummingbird","Animalia",67869,292,"Live individuals",2014,4,30,120,2456778,1,2014,5,22,142,2456800,152
17606,39.130581,-87.639893,134,"IN",352,"Archilochus","colubris","ruby-throated hummingbird","Animalia",67869,294,"Singing individuals (birds)",2014,4,30,120,2456778,1,2014,5,3,123,2456781,1
17606,39.130581,-87.639893,134,"IN",352,"Archilochus","colubris","ruby-throated hummingbird","Animalia",67869,446,"Feeding",2014,4,30,120,2456778,1,2014,5,22,142,2456800,152
17606,39.130581,-87.639893,134,"IN",352,"Archilochus","colubris","ruby-throated hummingbird","Animalia",67869,458,"Individuals at a feeding station",2014,4,30,120,2456778,1,2014,5,10,130,2456788,1
17614,43.596596,-70.376427,15,"ME",352,"Archilochus","colubris","ruby-throated hummingbird","Animalia",68038,292,"Live individuals",2014,4,14,104,2456762,NA,2014,4,14,104,2456762,NA
17614,43.596596,-70.376427,15,"ME",352,"Archilochus","colubris","ruby-throated hummingbird","Animalia",68038,312,"Flower visitation",2014,4,14,104,2456762,NA,2014,4,14,104,2456762,NA
17062,35.27227,-92.317642,149,"AR",352,"Archilochus","colubris","ruby-throated hummingbird","Animalia",68511,292,"Live individuals",2014,4,19,109,2456767,NA,2014,4,19,109,2456767,NA
17717,45.038078,-93.009048,299,"MN",352,"Archilochus","colubris","ruby-throated hummingbird","Animalia",68710,292,"Live individuals",2014,5,12,132,2456790,19,2014,5,30,150,2456808,NA
17717,45.038078,-93.009048,299,"MN",352,"Archilochus","colubris","ruby-throated hummingbird","Animalia",68710,293,"Calls or song (birds)",2014,5,22,142,2456800,3,2014,5,22,142,2456800,6
17717,45.038078,-93.009048,299,"MN",352,"Archilochus","colubris","ruby-throated hummingbird","Animalia",68710,312,"Flower visitation",2014,5,12,132,2456790,19,2014,5,12,132,2456790,7
17717,45.038078,-93.009048,299,"MN",352,"Archilochus","colubris","ruby-throated hummingbird","Animalia",68710,446,"Feeding",2014,5,12,132,2456790,19,2014,5,30,150,2456808,NA
17717,45.038078,-93.009048,299,"MN",352,"Archilochus","colubris","ruby-throated hummingbird","Animalia",68710,458,"Individuals at a feeding station",2014,5,12,132,2456790,19,2014,5,30,150,2456808,NA
17729,42.25993,-71.420189,48,"MA",352,"Archilochus","colubris","ruby-throated hummingbird","Animalia",68837,292,"Live individuals",2014,5,11,131,2456789,8,2014,5,11,131,2456789,2
17729,42.25993,-71.420189,48,"MA",352,"Archilochus","colubris","ruby-throated hummingbird","Animalia",68837,292,"Live individuals",2014,5,18,138,2456796,5,2014,5,30,150,2456808,127
17729,42.25993,-71.420189,48,"MA",352,"Archilochus","colubris","ruby-throated hummingbird","Animalia",68837,293,"Calls or song (birds)",2014,5,29,149,2456807,11,2014,5,29,149,2456807,1
17729,42.25993,-71.420189,48,"MA",352,"Archilochus","colubris","ruby-throated hummingbird","Animalia",68837,312,"Flower visitation",2014,5,18,138,2456796,7,2014,5,30,150,2456808,127
17729,42.25993,-71.420189,48,"MA",352,"Archilochus","colubris","ruby-throated hummingbird","Animalia",68837,446,"Feeding",2014,5,18,138,2456796,7,2014,5,30,150,2456808,127
17729,42.25993,-71.420189,48,"MA",352,"Archilochus","colubris","ruby-throated hummingbird","Animalia",68837,458,"Individuals at a feeding station",2014,5,11,131,2456789,NA,2014,5,30,150,2456808,127
17793,44.399731,-68.724075,7,"ME",352,"Archilochus","colubris","ruby-throated hummingbird","Animalia",69314,292,"Live individuals",2014,5,14,134,2456792,5,2014,5,31,151,2456809,NA
17793,44.399731,-68.724075,7,"ME",352,"Archilochus","colubris","ruby-throated hummingbird","Animalia",69314,446,"Feeding",2014,5,14,134,2456792,5,2014,5,31,151,2456809,NA
17793,44.399731,-68.724075,7,"ME",352,"Archilochus","colubris","ruby-throated hummingbird","Animalia",69314,458,"Individuals at a feeding station",2014,5,14,134,2456792,5,2014,5,31,151,2456809,NA
17795,42.967148,-72.309204,161,"NH",352,"Archilochus","colubris","ruby-throated hummingbird","Animalia",69327,292,"Live individuals",2014,5,12,132,2456790,5,2014,7,14,195,2456853,85
17795,42.967148,-72.309204,161,"NH",352,"Archilochus","colubris","ruby-throated hummingbird","Animalia",69327,446,"Feeding",2014,5,12,132,2456790,5,2014,7,14,195,2456853,85
17795,42.967148,-72.309204,161,"NH",352,"Archilochus","colubris","ruby-throated hummingbird","Animalia",69327,458,"Individuals at a feeding station",2014,5,12,132,2456790,5,2014,7,14,195,2456853,85
17873,40.130234,-74.214554,32,"NJ",352,"Archilochus","colubris","ruby-throated hummingbird","Animalia",69880,292,"Live individuals",2014,5,24,144,2456802,NA,2014,5,24,144,2456802,NA
18138,40.130169,-74.214233,32,"NJ",352,"Archilochus","colubris","ruby-throated hummingbird","Animalia",71259,292,"Live individuals",2014,6,1,152,2456810,NA,2014,6,4,155,2456813,NA
18138,40.130169,-74.214233,32,"NJ",352,"Archilochus","colubris","ruby-throated hummingbird","Animalia",71259,293,"Calls or song (birds)",2014,6,1,152,2456810,NA,2014,6,1,152,2456810,3
18138,40.130169,-74.214233,32,"NJ",352,"Archilochus","colubris","ruby-throated hummingbird","Animalia",71259,294,"Singing individuals (birds)",2014,6,1,152,2456810,NA,2014,6,1,152,2456810,3
18138,40.130169,-74.214233,32,"NJ",352,"Archilochus","colubris","ruby-throated hummingbird","Animalia",71259,446,"Feeding",2014,6,4,155,2456813,3,2014,6,4,155,2456813,NA
18138,40.130169,-74.214233,32,"NJ",352,"Archilochus","colubris","ruby-throated hummingbird","Animalia",71259,458,"Individuals at a feeding station",2014,6,4,155,2456813,3,2014,6,4,155,2456813,NA
18347,43.346775,-70.557152,9,"ME",352,"Archilochus","colubris","ruby-throated hummingbird","Animalia",72387,292,"Live individuals",2014,7,31,212,2456870,6,2014,7,31,212,2456870,5
18347,43.346775,-70.557152,9,"ME",352,"Archilochus","colubris","ruby-throated hummingbird","Animalia",72387,292,"Live individuals",2014,8,12,224,2456882,5,2014,8,14,226,2456884,5
18347,43.346775,-70.557152,9,"ME",352,"Archilochus","colubris","ruby-throated hummingbird","Animalia",72387,292,"Live individuals",2014,8,21,233,2456891,2,2014,9,4,247,2456905,5
18347,43.346775,-70.557152,9,"ME",352,"Archilochus","colubris","ruby-throated hummingbird","Animalia",72387,296,"Mating (male on top)",2014,8,31,243,2456901,3,2014,8,31,243,2456901,2
18347,43.346775,-70.557152,9,"ME",352,"Archilochus","colubris","ruby-throated hummingbird","Animalia",72387,312,"Flower visitation",2014,7,31,212,2456870,6,2014,7,31,212,2456870,5
18347,43.346775,-70.557152,9,"ME",352,"Archilochus","colubris","ruby-throated hummingbird","Animalia",72387,312,"Flower visitation",2014,8,21,233,2456891,2,2014,8,21,233,2456891,5
18347,43.346775,-70.557152,9,"ME",352,"Archilochus","colubris","ruby-throated hummingbird","Animalia",72387,312,"Flower visitation",2014,8,28,240,2456898,2,2014,8,31,243,2456901,2
18347,43.346775,-70.557152,9,"ME",352,"Archilochus","colubris","ruby-throated hummingbird","Animalia",72387,446,"Feeding",2014,7,31,212,2456870,6,2014,7,31,212,2456870,5
18347,43.346775,-70.557152,9,"ME",352,"Archilochus","colubris","ruby-throated hummingbird","Animalia",72387,446,"Feeding",2014,8,12,224,2456882,5,2014,8,14,226,2456884,5
18347,43.346775,-70.557152,9,"ME",352,"Archilochus","colubris","ruby-throated hummingbird","Animalia",72387,446,"Feeding",2014,8,21,233,2456891,2,2014,9,4,247,2456905,5
18347,43.346775,-70.557152,9,"ME",352,"Archilochus","colubris","ruby-throated hummingbird","Animalia",72387,458,"Individuals at a feeding station",2014,7,31,212,2456870,6,2014,7,31,212,2456870,5
18347,43.346775,-70.557152,9,"ME",352,"Archilochus","colubris","ruby-throated hummingbird","Animalia",72387,458,"Individuals at a feeding station",2014,8,12,224,2456882,5,2014,8,14,226,2456884,5
18347,43.346775,-70.557152,9,"ME",352,"Archilochus","colubris","ruby-throated hummingbird","Animalia",72387,458,"Individuals at a feeding station",2014,8,21,233,2456891,2,2014,9,4,247,2456905,5
18740,30.335663,-91.974129,6,"LA",352,"Archilochus","colubris","ruby-throated hummingbird","Animalia",74683,292,"Live individuals",2014,9,24,267,2456925,NA,2014,10,17,290,2456948,10
18740,30.335663,-91.974129,6,"LA",352,"Archilochus","colubris","ruby-throated hummingbird","Animalia",74683,293,"Calls or song (birds)",2014,9,24,267,2456925,NA,2014,10,17,290,2456948,10
18740,30.335663,-91.974129,6,"LA",352,"Archilochus","colubris","ruby-throated hummingbird","Animalia",74683,294,"Singing individuals (birds)",2014,9,24,267,2456925,NA,2014,10,17,290,2456948,10
18740,30.335663,-91.974129,6,"LA",352,"Archilochus","colubris","ruby-throated hummingbird","Animalia",74683,296,"Mating (male on top)",2014,9,24,267,2456925,NA,2014,10,10,283,2456941,7
18740,30.335663,-91.974129,6,"LA",352,"Archilochus","colubris","ruby-throated hummingbird","Animalia",74683,297,"Nest building (birds)",2014,9,24,267,2456925,NA,2014,9,24,267,2456925,5
18740,30.335663,-91.974129,6,"LA",352,"Archilochus","colubris","ruby-throated hummingbird","Animalia",74683,312,"Flower visitation",2014,9,24,267,2456925,NA,2014,10,17,290,2456948,10
18740,30.335663,-91.974129,6,"LA",352,"Archilochus","colubris","ruby-throated hummingbird","Animalia",74683,446,"Feeding",2014,9,24,267,2456925,NA,2014,10,17,290,2456948,10
18740,30.335663,-91.974129,6,"LA",352,"Archilochus","colubris","ruby-throated hummingbird","Animalia",74683,457,"Insect consumption",2014,9,24,267,2456925,NA,2014,10,17,290,2456948,10
18740,30.335663,-91.974129,6,"LA",352,"Archilochus","colubris","ruby-throated hummingbird","Animalia",74683,458,"Individuals at a feeding station",2014,9,24,267,2456925,NA,2014,10,10,283,2456941,7
18870,35.85754,-84.094833,269,"TN",352,"Archilochus","colubris","ruby-throated hummingbird","Animalia",75038,292,"Live individuals",2014,10,6,279,2456937,NA,2014,10,7,280,2456938,NA
18870,35.85754,-84.094833,269,"TN",352,"Archilochus","colubris","ruby-throated hummingbird","Animalia",75038,446,"Feeding",2014,10,6,279,2456937,NA,2014,10,7,280,2456938,NA
18870,35.85754,-84.094833,269,"TN",352,"Archilochus","colubris","ruby-throated hummingbird","Animalia",75038,458,"Individuals at a feeding station",2014,10,6,279,2456937,NA,2014,10,7,280,2456938,NA
19072,43.602325,-70.324753,10,"ME",352,"Archilochus","colubris","ruby-throated hummingbird","Animalia",75918,293,"Calls or song (birds)",2014,11,3,307,2456965,NA,2014,11,4,308,2456966,1
19072,43.602325,-70.324753,10,"ME",352,"Archilochus","colubris","ruby-throated hummingbird","Animalia",75918,297,"Nest building (birds)",2014,11,3,307,2456965,NA,2014,11,3,307,2456965,1
19072,43.602325,-70.324753,10,"ME",352,"Archilochus","colubris","ruby-throated hummingbird","Animalia",75918,297,"Nest building (birds)",2014,11,5,309,2456967,1,2014,11,5,309,2456967,NA
19072,43.602325,-70.324753,10,"ME",352,"Archilochus","colubris","ruby-throated hummingbird","Animalia",75918,312,"Flower visitation",2014,11,3,307,2456965,NA,2014,11,5,309,2456967,NA
19078,43.58429,-70.404778,33,"ME",352,"Archilochus","colubris","ruby-throated hummingbird","Animalia",75974,292,"Live individuals",2014,11,9,313,2456971,1,2014,11,9,313,2456971,NA
19890,47.582104,-90.828583,226,"MN",352,"Archilochus","colubris","ruby-throated hummingbird","Animalia",80913,292,"Live individuals",2014,7,2,183,2456841,NA,2014,7,12,193,2456851,NA
19890,47.582104,-90.828583,226,"MN",352,"Archilochus","colubris","ruby-throated hummingbird","Animalia",80913,293,"Calls or song (birds)",2014,7,2,183,2456841,NA,2014,7,2,183,2456841,10
19890,47.582104,-90.828583,226,"MN",352,"Archilochus","colubris","ruby-throated hummingbird","Animalia",80913,446,"Feeding",2014,7,2,183,2456841,NA,2014,7,12,193,2456851,NA
19890,47.582104,-90.828583,226,"MN",352,"Archilochus","colubris","ruby-throated hummingbird","Animalia",80913,458,"Individuals at a feeding station",2014,7,2,183,2456841,NA,2014,7,12,193,2456851,NA
5674,44.910587,-70.266861,261,"ME",352,"Archilochus","colubris","ruby-throated hummingbird","Animalia",12712,292,"Live individuals",2015,5,11,131,2457154,7,2015,8,9,221,2457244,NA
5674,44.910587,-70.266861,261,"ME",352,"Archilochus","colubris","ruby-throated hummingbird","Animalia",12712,312,"Flower visitation",2015,5,17,137,2457160,6,2015,5,17,137,2457160,7
5674,44.910587,-70.266861,261,"ME",352,"Archilochus","colubris","ruby-throated hummingbird","Animalia",12712,312,"Flower visitation",2015,5,31,151,2457174,7,2015,7,19,200,2457223,7
5674,44.910587,-70.266861,261,"ME",352,"Archilochus","colubris","ruby-throated hummingbird","Animalia",12712,446,"Feeding",2015,5,11,131,2457154,7,2015,8,9,221,2457244,NA
5674,44.910587,-70.266861,261,"ME",352,"Archilochus","colubris","ruby-throated hummingbird","Animalia",12712,458,"Individuals at a feeding station",2015,5,11,131,2457154,7,2015,8,9,221,2457244,NA
2772,36.440838,-84.323586,554,"TN",352,"Archilochus","colubris","ruby-throated hummingbird","Animalia",13218,292,"Live individuals",2015,5,7,127,2457150,1,2015,5,7,127,2457150,1
2772,36.440838,-84.323586,554,"TN",352,"Archilochus","colubris","ruby-throated hummingbird","Animalia",13218,292,"Live individuals",2015,7,27,208,2457231,1,2015,7,27,208,2457231,1
2772,36.440838,-84.323586,554,"TN",352,"Archilochus","colubris","ruby-throated hummingbird","Animalia",13218,292,"Live individuals",2015,7,29,210,2457233,1,2015,8,1,213,2457236,1
2772,36.440838,-84.323586,554,"TN",352,"Archilochus","colubris","ruby-throated hummingbird","Animalia",13218,292,"Live individuals",2015,8,29,241,2457264,1,2015,8,29,241,2457264,2
2772,36.440838,-84.323586,554,"TN",352,"Archilochus","colubris","ruby-throated hummingbird","Animalia",13218,292,"Live individuals",2015,9,1,244,2457267,1,2015,9,1,244,2457267,1
2772,36.440838,-84.323586,554,"TN",352,"Archilochus","colubris","ruby-throated hummingbird","Animalia",13218,292,"Live individuals",2015,9,4,247,2457270,2,2015,9,8,251,2457274,2
2772,36.440838,-84.323586,554,"TN",352,"Archilochus","colubris","ruby-throated hummingbird","Animalia",13218,292,"Live individuals",2015,9,14,257,2457280,1,2015,9,14,257,2457280,1
2772,36.440838,-84.323586,554,"TN",352,"Archilochus","colubris","ruby-throated hummingbird","Animalia",13218,293,"Calls or song (birds)",2015,9,1,244,2457267,1,2015,9,1,244,2457267,1
2772,36.440838,-84.323586,554,"TN",352,"Archilochus","colubris","ruby-throated hummingbird","Animalia",13218,312,"Flower visitation",2015,7,27,208,2457231,1,2015,7,27,208,2457231,1
2772,36.440838,-84.323586,554,"TN",352,"Archilochus","colubris","ruby-throated hummingbird","Animalia",13218,312,"Flower visitation",2015,7,31,212,2457235,2,2015,8,1,213,2457236,1
2772,36.440838,-84.323586,554,"TN",352,"Archilochus","colubris","ruby-throated hummingbird","Animalia",13218,312,"Flower visitation",2015,9,1,244,2457267,1,2015,9,1,244,2457267,1
2772,36.440838,-84.323586,554,"TN",352,"Archilochus","colubris","ruby-throated hummingbird","Animalia",13218,312,"Flower visitation",2015,9,4,247,2457270,2,2015,9,5,248,2457271,1
2772,36.440838,-84.323586,554,"TN",352,"Archilochus","colubris","ruby-throated hummingbird","Animalia",13218,446,"Feeding",2015,7,27,208,2457231,1,2015,7,27,208,2457231,1
2772,36.440838,-84.323586,554,"TN",352,"Archilochus","colubris","ruby-throated hummingbird","Animalia",13218,446,"Feeding",2015,7,31,212,2457235,2,2015,8,1,213,2457236,1
2772,36.440838,-84.323586,554,"TN",352,"Archilochus","colubris","ruby-throated hummingbird","Animalia",13218,446,"Feeding",2015,9,1,244,2457267,1,2015,9,1,244,2457267,1
2772,36.440838,-84.323586,554,"TN",352,"Archilochus","colubris","ruby-throated hummingbird","Animalia",13218,446,"Feeding",2015,9,4,247,2457270,2,2015,9,5,248,2457271,1
6481,42.456135,-72.344215,265,"MA",352,"Archilochus","colubris","ruby-throated hummingbird","Animalia",19040,292,"Live individuals",2015,7,11,192,2457215,NA,2015,9,14,257,2457280,NA
6481,42.456135,-72.344215,265,"MA",352,"Archilochus","colubris","ruby-throated hummingbird","Animalia",19040,312,"Flower visitation",2015,7,11,192,2457215,NA,2015,7,27,208,2457231,39
6481,42.456135,-72.344215,265,"MA",352,"Archilochus","colubris","ruby-throated hummingbird","Animalia",19040,446,"Feeding",2015,7,11,192,2457215,NA,2015,8,1,213,2457236,34
6481,42.456135,-72.344215,265,"MA",352,"Archilochus","colubris","ruby-throated hummingbird","Animalia",19040,457,"Insect consumption",2015,8,1,213,2457236,21,2015,8,1,213,2457236,34
6581,42.545959,-71.354904,58,"MA",352,"Archilochus","colubris","ruby-throated hummingbird","Animalia",20213,292,"Live individuals",2015,5,7,127,2457150,NA,2015,6,11,162,2457185,NA
6581,42.545959,-71.354904,58,"MA",352,"Archilochus","colubris","ruby-throated hummingbird","Animalia",20213,446,"Feeding",2015,6,11,162,2457185,35,2015,6,11,162,2457185,NA
8496,46.328629,-96.061256,393,"MN",352,"Archilochus","colubris","ruby-throated hummingbird","Animalia",25784,292,"Live individuals",2015,5,16,136,2457159,7,2015,8,21,233,2457256,28
8496,46.328629,-96.061256,393,"MN",352,"Archilochus","colubris","ruby-throated hummingbird","Animalia",25784,312,"Flower visitation",2015,6,16,167,2457190,5,2015,6,19,170,2457193,8
8496,46.328629,-96.061256,393,"MN",352,"Archilochus","colubris","ruby-throated hummingbird","Animalia",25784,446,"Feeding",2015,5,16,136,2457159,7,2015,8,21,233,2457256,28
8496,46.328629,-96.061256,393,"MN",352,"Archilochus","colubris","ruby-throated hummingbird","Animalia",25784,458,"Individuals at a feeding station",2015,5,16,136,2457159,7,2015,8,21,233,2457256,28
8555,44.269394,-70.102585,111,"ME",352,"Archilochus","colubris","ruby-throated hummingbird","Animalia",26163,292,"Live individuals",2015,5,25,145,2457168,17,2015,5,25,145,2457168,NA
8555,44.269394,-70.102585,111,"ME",352,"Archilochus","colubris","ruby-throated hummingbird","Animalia",26163,312,"Flower visitation",2015,5,25,145,2457168,17,2015,5,25,145,2457168,NA
8555,44.269394,-70.102585,111,"ME",352,"Archilochus","colubris","ruby-throated hummingbird","Animalia",26163,446,"Feeding",2015,5,25,145,2457168,17,2015,5,25,145,2457168,NA
8715,43.522804,-70.802277,215,"ME",352,"Archilochus","colubris","ruby-throated hummingbird","Animalia",28193,292,"Live individuals",2015,5,13,133,2457156,7,2015,5,20,140,2457163,7
8715,43.522804,-70.802277,215,"ME",352,"Archilochus","colubris","ruby-throated hummingbird","Animalia",28193,292,"Live individuals",2015,6,3,154,2457177,7,2015,6,3,154,2457177,7
8715,43.522804,-70.802277,215,"ME",352,"Archilochus","colubris","ruby-throated hummingbird","Animalia",28193,292,"Live individuals",2015,6,24,175,2457198,7,2015,7,10,191,2457214,NA
8715,43.522804,-70.802277,215,"ME",352,"Archilochus","colubris","ruby-throated hummingbird","Animalia",28193,446,"Feeding",2015,5,13,133,2457156,7,2015,5,20,140,2457163,7
8715,43.522804,-70.802277,215,"ME",352,"Archilochus","colubris","ruby-throated hummingbird","Animalia",28193,446,"Feeding",2015,6,24,175,2457198,7,2015,6,24,175,2457198,8
8715,43.522804,-70.802277,215,"ME",352,"Archilochus","colubris","ruby-throated hummingbird","Animalia",28193,458,"Individuals at a feeding station",2015,5,13,133,2457156,7,2015,5,13,133,2457156,7
8715,43.522804,-70.802277,215,"ME",352,"Archilochus","colubris","ruby-throated hummingbird","Animalia",28193,458,"Individuals at a feeding station",2015,6,24,175,2457198,7,2015,6,24,175,2457198,8
8736,44.903229,-93.217445,248,"MN",352,"Archilochus","colubris","ruby-throated hummingbird","Animalia",28356,292,"Live individuals",2015,8,4,216,2457239,1,2015,8,4,216,2457239,1
8736,44.903229,-93.217445,248,"MN",352,"Archilochus","colubris","ruby-throated hummingbird","Animalia",28356,292,"Live individuals",2015,8,9,221,2457244,1,2015,8,9,221,2457244,1
8736,44.903229,-93.217445,248,"MN",352,"Archilochus","colubris","ruby-throated hummingbird","Animalia",28356,292,"Live individuals",2015,8,11,223,2457246,1,2015,8,11,223,2457246,1
8736,44.903229,-93.217445,248,"MN",352,"Archilochus","colubris","ruby-throated hummingbird","Animalia",28356,312,"Flower visitation",2015,8,11,223,2457246,1,2015,8,11,223,2457246,1
8736,44.903229,-93.217445,248,"MN",352,"Archilochus","colubris","ruby-throated hummingbird","Animalia",28356,446,"Feeding",2015,8,4,216,2457239,1,2015,8,4,216,2457239,1
8736,44.903229,-93.217445,248,"MN",352,"Archilochus","colubris","ruby-throated hummingbird","Animalia",28356,458,"Individuals at a feeding station",2015,8,4,216,2457239,1,2015,8,4,216,2457239,1
8947,37.521179,-77.52739,63,"VA",352,"Archilochus","colubris","ruby-throated hummingbird","Animalia",30413,292,"Live individuals",2015,6,8,159,2457182,10,2015,6,8,159,2457182,10
8947,37.521179,-77.52739,63,"VA",352,"Archilochus","colubris","ruby-throated hummingbird","Animalia",30413,292,"Live individuals",2015,8,27,239,2457262,2,2015,8,27,239,2457262,6
8947,37.521179,-77.52739,63,"VA",352,"Archilochus","colubris","ruby-throated hummingbird","Animalia",30413,312,"Flower visitation",2015,8,27,239,2457262,2,2015,8,27,239,2457262,6
8947,37.521179,-77.52739,63,"VA",352,"Archilochus","colubris","ruby-throated hummingbird","Animalia",30413,446,"Feeding",2015,8,27,239,2457262,2,2015,8,27,239,2457262,6
8418,32.363758,-94.873947,115,"TX",352,"Archilochus","colubris","ruby-throated hummingbird","Animalia",30980,292,"Live individuals",2015,3,25,84,2457107,3,2015,3,29,88,2457111,3
8418,32.363758,-94.873947,115,"TX",352,"Archilochus","colubris","ruby-throated hummingbird","Animalia",30980,292,"Live individuals",2015,4,5,95,2457118,4,2015,4,22,112,2457135,4
8418,32.363758,-94.873947,115,"TX",352,"Archilochus","colubris","ruby-throated hummingbird","Animalia",30980,292,"Live individuals",2015,5,6,126,2457149,3,2015,5,6,126,2457149,4
8418,32.363758,-94.873947,115,"TX",352,"Archilochus","colubris","ruby-throated hummingbird","Animalia",30980,292,"Live individuals",2015,5,13,133,2457156,3,2015,5,13,133,2457156,4
8418,32.363758,-94.873947,115,"TX",352,"Archilochus","colubris","ruby-throated hummingbird","Animalia",30980,292,"Live individuals",2015,8,2,214,2457237,53,2015,8,2,214,2457237,3
8418,32.363758,-94.873947,115,"TX",352,"Archilochus","colubris","ruby-throated hummingbird","Animalia",30980,292,"Live individuals",2015,8,9,221,2457244,4,2015,8,12,224,2457247,4
8418,32.363758,-94.873947,115,"TX",352,"Archilochus","colubris","ruby-throated hummingbird","Animalia",30980,292,"Live individuals",2015,8,19,231,2457254,3,2015,8,19,231,2457254,21
8418,32.363758,-94.873947,115,"TX",352,"Archilochus","colubris","ruby-throated hummingbird","Animalia",30980,292,"Live individuals",2015,9,13,256,2457279,4,2015,9,30,273,2457296,4
8418,32.363758,-94.873947,115,"TX",352,"Archilochus","colubris","ruby-throated hummingbird","Animalia",30980,293,"Calls or song (birds)",2015,4,5,95,2457118,4,2015,4,8,98,2457121,4
8418,32.363758,-94.873947,115,"TX",352,"Archilochus","colubris","ruby-throated hummingbird","Animalia",30980,293,"Calls or song (birds)",2015,4,15,105,2457128,3,2015,4,15,105,2457128,4
8418,32.363758,-94.873947,115,"TX",352,"Archilochus","colubris","ruby-throated hummingbird","Animalia",30980,293,"Calls or song (birds)",2015,5,6,126,2457149,3,2015,5,6,126,2457149,4
8418,32.363758,-94.873947,115,"TX",352,"Archilochus","colubris","ruby-throated hummingbird","Animalia",30980,293,"Calls or song (birds)",2015,8,2,214,2457237,53,2015,8,2,214,2457237,3
8418,32.363758,-94.873947,115,"TX",352,"Archilochus","colubris","ruby-throated hummingbird","Animalia",30980,293,"Calls or song (birds)",2015,8,9,221,2457244,4,2015,8,12,224,2457247,4
8418,32.363758,-94.873947,115,"TX",352,"Archilochus","colubris","ruby-throated hummingbird","Animalia",30980,293,"Calls or song (birds)",2015,9,13,256,2457279,4,2015,9,13,256,2457279,3
8418,32.363758,-94.873947,115,"TX",352,"Archilochus","colubris","ruby-throated hummingbird","Animalia",30980,293,"Calls or song (birds)",2015,9,20,263,2457286,4,2015,9,30,273,2457296,4
8418,32.363758,-94.873947,115,"TX",352,"Archilochus","colubris","ruby-throated hummingbird","Animalia",30980,312,"Flower visitation",2015,3,29,88,2457111,4,2015,3,29,88,2457111,3
8418,32.363758,-94.873947,115,"TX",352,"Archilochus","colubris","ruby-throated hummingbird","Animalia",30980,312,"Flower visitation",2015,4,5,95,2457118,4,2015,4,8,98,2457121,4
8418,32.363758,-94.873947,115,"TX",352,"Archilochus","colubris","ruby-throated hummingbird","Animalia",30980,312,"Flower visitation",2015,5,6,126,2457149,3,2015,5,6,126,2457149,4
8418,32.363758,-94.873947,115,"TX",352,"Archilochus","colubris","ruby-throated hummingbird","Animalia",30980,312,"Flower visitation",2015,8,2,214,2457237,53,2015,8,2,214,2457237,3
8418,32.363758,-94.873947,115,"TX",352,"Archilochus","colubris","ruby-throated hummingbird","Animalia",30980,312,"Flower visitation",2015,8,9,221,2457244,4,2015,8,12,224,2457247,4
8418,32.363758,-94.873947,115,"TX",352,"Archilochus","colubris","ruby-throated hummingbird","Animalia",30980,312,"Flower visitation",2015,8,19,231,2457254,3,2015,8,19,231,2457254,21
8418,32.363758,-94.873947,115,"TX",352,"Archilochus","colubris","ruby-throated hummingbird","Animalia",30980,312,"Flower visitation",2015,9,13,256,2457279,4,2015,9,13,256,2457279,3
8418,32.363758,-94.873947,115,"TX",352,"Archilochus","colubris","ruby-throated hummingbird","Animalia",30980,312,"Flower visitation",2015,9,20,263,2457286,4,2015,9,27,270,2457293,3
8418,32.363758,-94.873947,115,"TX",352,"Archilochus","colubris","ruby-throated hummingbird","Animalia",30980,446,"Feeding",2015,3,25,84,2457107,3,2015,3,29,88,2457111,3
8418,32.363758,-94.873947,115,"TX",352,"Archilochus","colubris","ruby-throated hummingbird","Animalia",30980,446,"Feeding",2015,4,5,95,2457118,4,2015,4,22,112,2457135,4
8418,32.363758,-94.873947,115,"TX",352,"Archilochus","colubris","ruby-throated hummingbird","Animalia",30980,446,"Feeding",2015,5,6,126,2457149,3,2015,5,6,126,2457149,4
8418,32.363758,-94.873947,115,"TX",352,"Archilochus","colubris","ruby-throated hummingbird","Animalia",30980,446,"Feeding",2015,5,13,133,2457156,3,2015,5,13,133,2457156,4
8418,32.363758,-94.873947,115,"TX",352,"Archilochus","colubris","ruby-throated hummingbird","Animalia",30980,446,"Feeding",2015,8,2,214,2457237,53,2015,8,2,214,2457237,3
8418,32.363758,-94.873947,115,"TX",352,"Archilochus","colubris","ruby-throated hummingbird","Animalia",30980,446,"Feeding",2015,8,9,221,2457244,4,2015,8,12,224,2457247,4
8418,32.363758,-94.873947,115,"TX",352,"Archilochus","colubris","ruby-throated hummingbird","Animalia",30980,446,"Feeding",2015,8,19,231,2457254,3,2015,8,19,231,2457254,21
8418,32.363758,-94.873947,115,"TX",352,"Archilochus","colubris","ruby-throated hummingbird","Animalia",30980,446,"Feeding",2015,9,13,256,2457279,4,2015,9,13,256,2457279,3
8418,32.363758,-94.873947,115,"TX",352,"Archilochus","colubris","ruby-throated hummingbird","Animalia",30980,446,"Feeding",2015,9,20,263,2457286,4,2015,9,27,270,2457293,3
8418,32.363758,-94.873947,115,"TX",352,"Archilochus","colubris","ruby-throated hummingbird","Animalia",30980,458,"Individuals at a feeding station",2015,3,25,84,2457107,3,2015,3,29,88,2457111,3
8418,32.363758,-94.873947,115,"TX",352,"Archilochus","colubris","ruby-throated hummingbird","Animalia",30980,458,"Individuals at a feeding station",2015,4,5,95,2457118,4,2015,4,22,112,2457135,4
8418,32.363758,-94.873947,115,"TX",352,"Archilochus","colubris","ruby-throated hummingbird","Animalia",30980,458,"Individuals at a feeding station",2015,5,6,126,2457149,3,2015,5,6,126,2457149,4
8418,32.363758,-94.873947,115,"TX",352,"Archilochus","colubris","ruby-throated hummingbird","Animalia",30980,458,"Individuals at a feeding station",2015,5,13,133,2457156,3,2015,5,13,133,2457156,4
8418,32.363758,-94.873947,115,"TX",352,"Archilochus","colubris","ruby-throated hummingbird","Animalia",30980,458,"Individuals at a feeding station",2015,8,9,221,2457244,4,2015,8,12,224,2457247,4
8418,32.363758,-94.873947,115,"TX",352,"Archilochus","colubris","ruby-throated hummingbird","Animalia",30980,458,"Individuals at a feeding station",2015,8,19,231,2457254,3,2015,8,19,231,2457254,21
8418,32.363758,-94.873947,115,"TX",352,"Archilochus","colubris","ruby-throated hummingbird","Animalia",30980,458,"Individuals at a feeding station",2015,9,13,256,2457279,4,2015,9,13,256,2457279,3
8418,32.363758,-94.873947,115,"TX",352,"Archilochus","colubris","ruby-throated hummingbird","Animalia",30980,458,"Individuals at a feeding station",2015,9,20,263,2457286,4,2015,9,27,270,2457293,3
9941,44.227024,-69.592491,53,"ME",352,"Archilochus","colubris","ruby-throated hummingbird","Animalia",38018,292,"Live individuals",2015,5,11,131,2457154,10,2015,5,25,145,2457168,NA
9941,44.227024,-69.592491,53,"ME",352,"Archilochus","colubris","ruby-throated hummingbird","Animalia",38018,293,"Calls or song (birds)",2015,5,11,131,2457154,10,2015,5,25,145,2457168,NA
9941,44.227024,-69.592491,53,"ME",352,"Archilochus","colubris","ruby-throated hummingbird","Animalia",38018,294,"Singing individuals (birds)",2015,5,17,137,2457160,6,2015,5,25,145,2457168,NA
9941,44.227024,-69.592491,53,"ME",352,"Archilochus","colubris","ruby-throated hummingbird","Animalia",38018,312,"Flower visitation",2015,5,17,137,2457160,6,2015,5,25,145,2457168,NA
9941,44.227024,-69.592491,53,"ME",352,"Archilochus","colubris","ruby-throated hummingbird","Animalia",38018,446,"Feeding",2015,5,11,131,2457154,10,2015,5,25,145,2457168,NA
9941,44.227024,-69.592491,53,"ME",352,"Archilochus","colubris","ruby-throated hummingbird","Animalia",38018,458,"Individuals at a feeding station",2015,5,11,131,2457154,10,2015,5,25,145,2457168,NA
9993,43.999718,-69.55117,22,"ME",352,"Archilochus","colubris","ruby-throated hummingbird","Animalia",38327,292,"Live individuals",2015,5,26,146,2457169,14,2015,5,26,146,2457169,8
9993,43.999718,-69.55117,22,"ME",352,"Archilochus","colubris","ruby-throated hummingbird","Animalia",38327,292,"Live individuals",2015,7,3,184,2457207,30,2015,7,3,184,2457207,34
9993,43.999718,-69.55117,22,"ME",352,"Archilochus","colubris","ruby-throated hummingbird","Animalia",38327,446,"Feeding",2015,5,26,146,2457169,14,2015,5,26,146,2457169,8
10145,42.602543,-83.250992,277,"MI",352,"Archilochus","colubris","ruby-throated hummingbird","Animalia",38951,292,"Live individuals",2015,5,9,129,2457152,NA,2015,5,9,129,2457152,1
10145,42.602543,-83.250992,277,"MI",352,"Archilochus","colubris","ruby-throated hummingbird","Animalia",38951,292,"Live individuals",2015,5,13,133,2457156,1,2015,5,13,133,2457156,1
10145,42.602543,-83.250992,277,"MI",352,"Archilochus","colubris","ruby-throated hummingbird","Animalia",38951,292,"Live individuals",2015,5,15,135,2457158,1,2015,5,17,137,2457160,1
10145,42.602543,-83.250992,277,"MI",352,"Archilochus","colubris","ruby-throated hummingbird","Animalia",38951,292,"Live individuals",2015,5,23,143,2457166,1,2015,5,23,143,2457166,1
10145,42.602543,-83.250992,277,"MI",352,"Archilochus","colubris","ruby-throated hummingbird","Animalia",38951,292,"Live individuals",2015,6,3,154,2457177,1,2015,6,3,154,2457177,1
10145,42.602543,-83.250992,277,"MI",352,"Archilochus","colubris","ruby-throated hummingbird","Animalia",38951,292,"Live individuals",2015,6,9,160,2457183,1,2015,6,10,161,2457184,1
10145,42.602543,-83.250992,277,"MI",352,"Archilochus","colubris","ruby-throated hummingbird","Animalia",38951,292,"Live individuals",2015,6,30,181,2457204,1,2015,6,30,181,2457204,1
10145,42.602543,-83.250992,277,"MI",352,"Archilochus","colubris","ruby-throated hummingbird","Animalia",38951,293,"Calls or song (birds)",2015,6,8,159,2457182,1,2015,6,9,160,2457183,1
10145,42.602543,-83.250992,277,"MI",352,"Archilochus","colubris","ruby-throated hummingbird","Animalia",38951,293,"Calls or song (birds)",2015,6,16,167,2457190,1,2015,6,16,167,2457190,1
10145,42.602543,-83.250992,277,"MI",352,"Archilochus","colubris","ruby-throated hummingbird","Animalia",38951,458,"Individuals at a feeding station",2015,5,20,140,2457163,1,2015,5,22,142,2457165,1
10145,42.602543,-83.250992,277,"MI",352,"Archilochus","colubris","ruby-throated hummingbird","Animalia",38951,458,"Individuals at a feeding station",2015,5,25,145,2457168,1,2015,5,27,147,2457170,1
10145,42.602543,-83.250992,277,"MI",352,"Archilochus","colubris","ruby-throated hummingbird","Animalia",38951,458,"Individuals at a feeding station",2015,6,5,156,2457179,1,2015,6,5,156,2457179,1
10145,42.602543,-83.250992,277,"MI",352,"Archilochus","colubris","ruby-throated hummingbird","Animalia",38951,458,"Individuals at a feeding station",2015,6,11,162,2457185,1,2015,6,15,166,2457189,1
10145,42.602543,-83.250992,277,"MI",352,"Archilochus","colubris","ruby-throated hummingbird","Animalia",38951,458,"Individuals at a feeding station",2015,6,17,168,2457191,1,2015,6,19,170,2457193,1
10145,42.602543,-83.250992,277,"MI",352,"Archilochus","colubris","ruby-throated hummingbird","Animalia",38951,458,"Individuals at a feeding station",2015,6,21,172,2457195,1,2015,6,29,180,2457203,1
10145,42.602543,-83.250992,277,"MI",352,"Archilochus","colubris","ruby-throated hummingbird","Animalia",38951,458,"Individuals at a feeding station",2015,7,2,183,2457206,1,2015,7,4,185,2457208,1
10145,42.602543,-83.250992,277,"MI",352,"Archilochus","colubris","ruby-throated hummingbird","Animalia",38951,458,"Individuals at a feeding station",2015,7,6,187,2457210,1,2015,7,6,187,2457210,2
10145,42.602543,-83.250992,277,"MI",352,"Archilochus","colubris","ruby-throated hummingbird","Animalia",38951,458,"Individuals at a feeding station",2015,7,9,190,2457213,1,2015,7,14,195,2457218,1
10145,42.602543,-83.250992,277,"MI",352,"Archilochus","colubris","ruby-throated hummingbird","Animalia",38951,458,"Individuals at a feeding station",2015,7,16,197,2457220,1,2015,7,28,209,2457232,1
10145,42.602543,-83.250992,277,"MI",352,"Archilochus","colubris","ruby-throated hummingbird","Animalia",38951,458,"Individuals at a feeding station",2015,7,30,211,2457234,1,2015,8,23,235,2457258,1
10145,42.602543,-83.250992,277,"MI",352,"Archilochus","colubris","ruby-throated hummingbird","Animalia",38951,458,"Individuals at a feeding station",2015,8,26,238,2457261,1,2015,9,3,246,2457269,1
10145,42.602543,-83.250992,277,"MI",352,"Archilochus","colubris","ruby-throated hummingbird","Animalia",38951,458,"Individuals at a feeding station",2015,9,7,250,2457273,1,2015,9,7,250,2457273,1
10145,42.602543,-83.250992,277,"MI",352,"Archilochus","colubris","ruby-throated hummingbird","Animalia",38951,458,"Individuals at a feeding station",2015,9,10,253,2457276,2,2015,9,12,255,2457278,1
10145,42.602543,-83.250992,277,"MI",352,"Archilochus","colubris","ruby-throated hummingbird","Animalia",38951,458,"Individuals at a feeding station",2015,9,14,257,2457280,1,2015,9,14,257,2457280,1
10145,42.602543,-83.250992,277,"MI",352,"Archilochus","colubris","ruby-throated hummingbird","Animalia",38951,458,"Individuals at a feeding station",2015,9,16,259,2457282,1,2015,9,17,260,2457283,1
10173,43.912842,-69.57888,14,"ME",352,"Archilochus","colubris","ruby-throated hummingbird","Animalia",39266,292,"Live individuals",2015,5,23,143,2457166,17,2015,5,23,143,2457166,NA
10173,43.912842,-69.57888,14,"ME",352,"Archilochus","colubris","ruby-throated hummingbird","Animalia",39266,446,"Feeding",2015,5,23,143,2457166,17,2015,5,23,143,2457166,NA
10173,43.912842,-69.57888,14,"ME",352,"Archilochus","colubris","ruby-throated hummingbird","Animalia",39266,458,"Individuals at a feeding station",2015,5,23,143,2457166,17,2015,5,23,143,2457166,NA
10806,37.72731,-80.415466,706,"WV",352,"Archilochus","colubris","ruby-throated hummingbird","Animalia",42915,292,"Live individuals",2015,4,17,107,2457130,NA,2015,4,17,107,2457130,NA
10806,37.72731,-80.415466,706,"WV",352,"Archilochus","colubris","ruby-throated hummingbird","Animalia",42915,446,"Feeding",2015,4,17,107,2457130,NA,2015,4,17,107,2457130,NA
10806,37.72731,-80.415466,706,"WV",352,"Archilochus","colubris","ruby-throated hummingbird","Animalia",42915,458,"Individuals at a feeding station",2015,4,17,107,2457130,NA,2015,4,17,107,2457130,NA
4846,41.437077,-81.864555,227,"OH",352,"Archilochus","colubris","ruby-throated hummingbird","Animalia",43421,292,"Live individuals",2015,7,25,206,2457229,32,2015,7,25,206,2457229,49
4846,41.437077,-81.864555,227,"OH",352,"Archilochus","colubris","ruby-throated hummingbird","Animalia",43421,312,"Flower visitation",2015,7,25,206,2457229,32,2015,7,25,206,2457229,49
4846,41.437077,-81.864555,227,"OH",352,"Archilochus","colubris","ruby-throated hummingbird","Animalia",43421,446,"Feeding",2015,7,25,206,2457229,32,2015,7,25,206,2457229,49
11617,45.194656,-93.374901,265,"MN",352,"Archilochus","colubris","ruby-throated hummingbird","Animalia",48446,292,"Live individuals",2015,5,9,129,2457152,5,2015,5,9,129,2457152,NA
11605,44.881065,-93.290176,261,"MN",352,"Archilochus","colubris","ruby-throated hummingbird","Animalia",52990,292,"Live individuals",2015,7,3,184,2457207,NA,2015,7,3,184,2457207,NA
11605,44.881065,-93.290176,261,"MN",352,"Archilochus","colubris","ruby-throated hummingbird","Animalia",52990,312,"Flower visitation",2015,7,3,184,2457207,NA,2015,7,3,184,2457207,NA
11605,44.881065,-93.290176,261,"MN",352,"Archilochus","colubris","ruby-throated hummingbird","Animalia",52990,446,"Feeding",2015,7,3,184,2457207,NA,2015,7,3,184,2457207,NA
12713,47.490612,-95.121948,432,"MN",352,"Archilochus","colubris","ruby-throated hummingbird","Animalia",53780,292,"Live individuals",2015,5,22,142,2457165,NA,2015,5,22,142,2457165,NA
12713,47.490612,-95.121948,432,"MN",352,"Archilochus","colubris","ruby-throated hummingbird","Animalia",53780,312,"Flower visitation",2015,5,22,142,2457165,NA,2015,5,22,142,2457165,NA
12713,47.490612,-95.121948,432,"MN",352,"Archilochus","colubris","ruby-throated hummingbird","Animalia",53780,446,"Feeding",2015,5,22,142,2457165,NA,2015,5,22,142,2457165,NA
12713,47.490612,-95.121948,432,"MN",352,"Archilochus","colubris","ruby-throated hummingbird","Animalia",53780,458,"Individuals at a feeding station",2015,5,22,142,2457165,NA,2015,5,22,142,2457165,NA
16356,45.317341,-93.821838,289,"MN",352,"Archilochus","colubris","ruby-throated hummingbird","Animalia",61114,292,"Live individuals",2015,5,7,127,2457150,4,2015,5,7,127,2457150,1
16356,45.317341,-93.821838,289,"MN",352,"Archilochus","colubris","ruby-throated hummingbird","Animalia",61114,292,"Live individuals",2015,5,9,129,2457152,1,2015,5,9,129,2457152,3
16356,45.317341,-93.821838,289,"MN",352,"Archilochus","colubris","ruby-throated hummingbird","Animalia",61114,292,"Live individuals",2015,5,17,137,2457160,1,2015,6,16,167,2457190,1
16356,45.317341,-93.821838,289,"MN",352,"Archilochus","colubris","ruby-throated hummingbird","Animalia",61114,292,"Live individuals",2015,6,18,169,2457192,1,2015,6,28,179,2457202,1
16356,45.317341,-93.821838,289,"MN",352,"Archilochus","colubris","ruby-throated hummingbird","Animalia",61114,292,"Live individuals",2015,7,2,183,2457206,3,2015,7,8,189,2457212,5
16356,45.317341,-93.821838,289,"MN",352,"Archilochus","colubris","ruby-throated hummingbird","Animalia",61114,292,"Live individuals",2015,7,18,199,2457222,5,2015,7,18,199,2457222,2
16356,45.317341,-93.821838,289,"MN",352,"Archilochus","colubris","ruby-throated hummingbird","Animalia",61114,292,"Live individuals",2015,7,21,202,2457225,1,2015,9,1,244,2457267,1
16356,45.317341,-93.821838,289,"MN",352,"Archilochus","colubris","ruby-throated hummingbird","Animalia",61114,292,"Live individuals",2015,9,8,251,2457274,6,2015,9,17,260,2457283,4
16356,45.317341,-93.821838,289,"MN",352,"Archilochus","colubris","ruby-throated hummingbird","Animalia",61114,293,"Calls or song (birds)",2015,6,9,160,2457183,1,2015,6,9,160,2457183,1
16356,45.317341,-93.821838,289,"MN",352,"Archilochus","colubris","ruby-throated hummingbird","Animalia",61114,293,"Calls or song (birds)",2015,6,13,164,2457187,3,2015,6,13,164,2457187,3
16356,45.317341,-93.821838,289,"MN",352,"Archilochus","colubris","ruby-throated hummingbird","Animalia",61114,293,"Calls or song (birds)",2015,7,6,187,2457210,4,2015,7,6,187,2457210,2
16356,45.317341,-93.821838,289,"MN",352,"Archilochus","colubris","ruby-throated hummingbird","Animalia",61114,293,"Calls or song (birds)",2015,7,18,199,2457222,5,2015,7,18,199,2457222,2
16356,45.317341,-93.821838,289,"MN",352,"Archilochus","colubris","ruby-throated hummingbird","Animalia",61114,293,"Calls or song (birds)",2015,7,21,202,2457225,1,2015,7,21,202,2457225,1
16356,45.317341,-93.821838,289,"MN",352,"Archilochus","colubris","ruby-throated hummingbird","Animalia",61114,293,"Calls or song (birds)",2015,8,9,221,2457244,4,2015,8,9,221,2457244,4
16356,45.317341,-93.821838,289,"MN",352,"Archilochus","colubris","ruby-throated hummingbird","Animalia",61114,293,"Calls or song (birds)",2015,8,21,233,2457256,4,2015,8,21,233,2457256,4
16356,45.317341,-93.821838,289,"MN",352,"Archilochus","colubris","ruby-throated hummingbird","Animalia",61114,294,"Singing individuals (birds)",2015,7,6,187,2457210,4,2015,7,6,187,2457210,2
16356,45.317341,-93.821838,289,"MN",352,"Archilochus","colubris","ruby-throated hummingbird","Animalia",61114,294,"Singing individuals (birds)",2015,8,9,221,2457244,4,2015,8,9,221,2457244,4
16356,45.317341,-93.821838,289,"MN",352,"Archilochus","colubris","ruby-throated hummingbird","Animalia",61114,296,"Mating (male on top)",2015,7,21,202,2457225,1,2015,7,21,202,2457225,1
16356,45.317341,-93.821838,289,"MN",352,"Archilochus","colubris","ruby-throated hummingbird","Animalia",61114,446,"Feeding",2015,5,7,127,2457150,4,2015,5,7,127,2457150,1
16356,45.317341,-93.821838,289,"MN",352,"Archilochus","colubris","ruby-throated hummingbird","Animalia",61114,446,"Feeding",2015,5,17,137,2457160,1,2015,6,16,167,2457190,1
16356,45.317341,-93.821838,289,"MN",352,"Archilochus","colubris","ruby-throated hummingbird","Animalia",61114,446,"Feeding",2015,6,18,169,2457192,1,2015,6,23,174,2457197,1
16356,45.317341,-93.821838,289,"MN",352,"Archilochus","colubris","ruby-throated hummingbird","Animalia",61114,446,"Feeding",2015,6,28,179,2457202,4,2015,6,28,179,2457202,1
16356,45.317341,-93.821838,289,"MN",352,"Archilochus","colubris","ruby-throated hummingbird","Animalia",61114,446,"Feeding",2015,7,2,183,2457206,3,2015,7,8,189,2457212,5
16356,45.317341,-93.821838,289,"MN",352,"Archilochus","colubris","ruby-throated hummingbird","Animalia",61114,446,"Feeding",2015,7,18,199,2457222,5,2015,7,18,199,2457222,2
16356,45.317341,-93.821838,289,"MN",352,"Archilochus","colubris","ruby-throated hummingbird","Animalia",61114,446,"Feeding",2015,7,21,202,2457225,1,2015,9,1,244,2457267,1
16356,45.317341,-93.821838,289,"MN",352,"Archilochus","colubris","ruby-throated hummingbird","Animalia",61114,446,"Feeding",2015,9,8,251,2457274,6,2015,9,17,260,2457283,4
16356,45.317341,-93.821838,289,"MN",352,"Archilochus","colubris","ruby-throated hummingbird","Animalia",61114,458,"Individuals at a feeding station",2015,5,7,127,2457150,4,2015,5,7,127,2457150,1
16356,45.317341,-93.821838,289,"MN",352,"Archilochus","colubris","ruby-throated hummingbird","Animalia",61114,458,"Individuals at a feeding station",2015,7,6,187,2457210,4,2015,7,8,189,2457212,5
16356,45.317341,-93.821838,289,"MN",352,"Archilochus","colubris","ruby-throated hummingbird","Animalia",61114,458,"Individuals at a feeding station",2015,7,18,199,2457222,5,2015,7,18,199,2457222,2
16356,45.317341,-93.821838,289,"MN",352,"Archilochus","colubris","ruby-throated hummingbird","Animalia",61114,458,"Individuals at a feeding station",2015,7,21,202,2457225,1,2015,9,1,244,2457267,1
16356,45.317341,-93.821838,289,"MN",352,"Archilochus","colubris","ruby-throated hummingbird","Animalia",61114,458,"Individuals at a feeding station",2015,9,8,251,2457274,6,2015,9,17,260,2457283,4
17302,43.090816,-71.032936,37,"NH",352,"Archilochus","colubris","ruby-throated hummingbird","Animalia",66473,292,"Live individuals",2015,5,4,124,2457147,1,2015,7,31,212,2457235,NA
17302,43.090816,-71.032936,37,"NH",352,"Archilochus","colubris","ruby-throated hummingbird","Animalia",66473,312,"Flower visitation",2015,5,11,131,2457154,1,2015,5,18,138,2457161,1
17302,43.090816,-71.032936,37,"NH",352,"Archilochus","colubris","ruby-throated hummingbird","Animalia",66473,312,"Flower visitation",2015,5,26,146,2457169,1,2015,5,27,147,2457170,1
17302,43.090816,-71.032936,37,"NH",352,"Archilochus","colubris","ruby-throated hummingbird","Animalia",66473,312,"Flower visitation",2015,5,29,149,2457172,1,2015,5,31,151,2457174,1
17302,43.090816,-71.032936,37,"NH",352,"Archilochus","colubris","ruby-throated hummingbird","Animalia",66473,312,"Flower visitation",2015,6,2,153,2457176,1,2015,6,5,156,2457179,1
17302,43.090816,-71.032936,37,"NH",352,"Archilochus","colubris","ruby-throated hummingbird","Animalia",66473,312,"Flower visitation",2015,6,10,161,2457184,1,2015,6,22,173,2457196,17
17302,43.090816,-71.032936,37,"NH",352,"Archilochus","colubris","ruby-throated hummingbird","Animalia",66473,312,"Flower visitation",2015,7,22,203,2457226,1,2015,7,23,204,2457227,1
17302,43.090816,-71.032936,37,"NH",352,"Archilochus","colubris","ruby-throated hummingbird","Animalia",66473,446,"Feeding",2015,5,4,124,2457147,1,2015,7,31,212,2457235,NA
17302,43.090816,-71.032936,37,"NH",352,"Archilochus","colubris","ruby-throated hummingbird","Animalia",66473,458,"Individuals at a feeding station",2015,5,4,124,2457147,1,2015,7,31,212,2457235,NA
18347,43.346775,-70.557152,9,"ME",352,"Archilochus","colubris","ruby-throated hummingbird","Animalia",72387,292,"Live individuals",2015,5,10,130,2457153,7,2015,6,1,152,2457175,3
18347,43.346775,-70.557152,9,"ME",352,"Archilochus","colubris","ruby-throated hummingbird","Animalia",72387,292,"Live individuals",2015,6,8,159,2457182,4,2015,8,27,239,2457262,7
18347,43.346775,-70.557152,9,"ME",352,"Archilochus","colubris","ruby-throated hummingbird","Animalia",72387,292,"Live individuals",2015,9,7,250,2457273,4,2015,9,7,250,2457273,3
18347,43.346775,-70.557152,9,"ME",352,"Archilochus","colubris","ruby-throated hummingbird","Animalia",72387,293,"Calls or song (birds)",2015,7,23,204,2457227,7,2015,8,17,229,2457252,7
18347,43.346775,-70.557152,9,"ME",352,"Archilochus","colubris","ruby-throated hummingbird","Animalia",72387,312,"Flower visitation",2015,5,14,134,2457157,4,2015,5,14,134,2457157,4
18347,43.346775,-70.557152,9,"ME",352,"Archilochus","colubris","ruby-throated hummingbird","Animalia",72387,312,"Flower visitation",2015,5,28,148,2457171,2,2015,5,28,148,2457171,4
18347,43.346775,-70.557152,9,"ME",352,"Archilochus","colubris","ruby-throated hummingbird","Animalia",72387,312,"Flower visitation",2015,6,11,162,2457185,3,2015,8,27,239,2457262,7
18347,43.346775,-70.557152,9,"ME",352,"Archilochus","colubris","ruby-throated hummingbird","Animalia",72387,312,"Flower visitation",2015,9,7,250,2457273,4,2015,9,7,250,2457273,3
18347,43.346775,-70.557152,9,"ME",352,"Archilochus","colubris","ruby-throated hummingbird","Animalia",72387,446,"Feeding",2015,5,10,130,2457153,7,2015,6,1,152,2457175,3
18347,43.346775,-70.557152,9,"ME",352,"Archilochus","colubris","ruby-throated hummingbird","Animalia",72387,446,"Feeding",2015,6,8,159,2457182,4,2015,8,27,239,2457262,7
18347,43.346775,-70.557152,9,"ME",352,"Archilochus","colubris","ruby-throated hummingbird","Animalia",72387,446,"Feeding",2015,9,7,250,2457273,4,2015,9,7,250,2457273,3
18347,43.346775,-70.557152,9,"ME",352,"Archilochus","colubris","ruby-throated hummingbird","Animalia",72387,457,"Insect consumption",2015,8,10,222,2457245,4,2015,8,10,222,2457245,4
18347,43.346775,-70.557152,9,"ME",352,"Archilochus","colubris","ruby-throated hummingbird","Animalia",72387,458,"Individuals at a feeding station",2015,5,10,130,2457153,7,2015,6,1,152,2457175,3
18347,43.346775,-70.557152,9,"ME",352,"Archilochus","colubris","ruby-throated hummingbird","Animalia",72387,458,"Individuals at a feeding station",2015,6,8,159,2457182,4,2015,8,27,239,2457262,7
18347,43.346775,-70.557152,9,"ME",352,"Archilochus","colubris","ruby-throated hummingbird","Animalia",72387,458,"Individuals at a feeding station",2015,9,7,250,2457273,4,2015,9,7,250,2457273,3
17562,41.78577,-73.731003,136,"NY",352,"Archilochus","colubris","ruby-throated hummingbird","Animalia",72781,292,"Live individuals",2015,6,10,161,2457184,48,2015,6,10,161,2457184,NA
18188,30.388943,-89.350433,15,"MS",352,"Archilochus","colubris","ruby-throated hummingbird","Animalia",77391,292,"Live individuals",2015,9,4,247,2457270,NA,2015,10,12,285,2457308,NA
18188,30.388943,-89.350433,15,"MS",352,"Archilochus","colubris","ruby-throated hummingbird","Animalia",77391,312,"Flower visitation",2015,9,4,247,2457270,NA,2015,9,4,247,2457270,38
18188,30.388943,-89.350433,15,"MS",352,"Archilochus","colubris","ruby-throated hummingbird","Animalia",77391,446,"Feeding",2015,9,4,247,2457270,NA,2015,10,12,285,2457308,NA
18188,30.388943,-89.350433,15,"MS",352,"Archilochus","colubris","ruby-throated hummingbird","Animalia",77391,458,"Individuals at a feeding station",2015,9,4,247,2457270,NA,2015,10,12,285,2457308,NA
19434,32.558018,-94.728218,117,"TX",352,"Archilochus","colubris","ruby-throated hummingbird","Animalia",77705,292,"Live individuals",2015,5,28,148,2457171,4,2015,8,4,216,2457239,47
19434,32.558018,-94.728218,117,"TX",352,"Archilochus","colubris","ruby-throated hummingbird","Animalia",77705,312,"Flower visitation",2015,7,25,206,2457229,58,2015,8,4,216,2457239,47
19434,32.558018,-94.728218,117,"TX",352,"Archilochus","colubris","ruby-throated hummingbird","Animalia",77705,446,"Feeding",2015,5,28,148,2457171,4,2015,8,4,216,2457239,47
19434,32.558018,-94.728218,117,"TX",352,"Archilochus","colubris","ruby-throated hummingbird","Animalia",77705,458,"Individuals at a feeding station",2015,5,28,148,2457171,4,2015,5,28,148,2457171,58
19632,42.281303,-72.402084,152,"MA",352,"Archilochus","colubris","ruby-throated hummingbird","Animalia",80186,292,"Live individuals",2015,5,10,130,2457153,NA,2015,5,15,135,2457158,NA
19632,42.281303,-72.402084,152,"MA",352,"Archilochus","colubris","ruby-throated hummingbird","Animalia",80186,293,"Calls or song (birds)",2015,5,10,130,2457153,NA,2015,5,10,130,2457153,5
19632,42.281303,-72.402084,152,"MA",352,"Archilochus","colubris","ruby-throated hummingbird","Animalia",80186,446,"Feeding",2015,5,10,130,2457153,NA,2015,5,15,135,2457158,NA
19632,42.281303,-72.402084,152,"MA",352,"Archilochus","colubris","ruby-throated hummingbird","Animalia",80186,458,"Individuals at a feeding station",2015,5,10,130,2457153,NA,2015,5,15,135,2457158,NA
19789,30.584887,-84.231499,59,"FL",352,"Archilochus","colubris","ruby-throated hummingbird","Animalia",80404,292,"Live individuals",2015,3,31,90,2457113,NA,2015,4,26,116,2457139,NA
19789,30.584887,-84.231499,59,"FL",352,"Archilochus","colubris","ruby-throated hummingbird","Animalia",80404,458,"Individuals at a feeding station",2015,3,31,90,2457113,NA,2015,4,26,116,2457139,NA
19890,47.582104,-90.828583,226,"MN",352,"Archilochus","colubris","ruby-throated hummingbird","Animalia",80913,292,"Live individuals",2015,5,7,127,2457150,2,2015,5,8,128,2457151,3
19890,47.582104,-90.828583,226,"MN",352,"Archilochus","colubris","ruby-throated hummingbird","Animalia",80913,292,"Live individuals",2015,5,21,141,2457164,10,2015,6,26,177,2457200,NA
19890,47.582104,-90.828583,226,"MN",352,"Archilochus","colubris","ruby-throated hummingbird","Animalia",80913,293,"Calls or song (birds)",2015,6,2,153,2457176,5,2015,6,2,153,2457176,8
19890,47.582104,-90.828583,226,"MN",352,"Archilochus","colubris","ruby-throated hummingbird","Animalia",80913,293,"Calls or song (birds)",2015,6,26,177,2457200,16,2015,6,26,177,2457200,NA
19890,47.582104,-90.828583,226,"MN",352,"Archilochus","colubris","ruby-throated hummingbird","Animalia",80913,312,"Flower visitation",2015,6,2,153,2457176,5,2015,6,2,153,2457176,8
19890,47.582104,-90.828583,226,"MN",352,"Archilochus","colubris","ruby-throated hummingbird","Animalia",80913,446,"Feeding",2015,5,7,127,2457150,2,2015,5,7,127,2457150,1
19890,47.582104,-90.828583,226,"MN",352,"Archilochus","colubris","ruby-throated hummingbird","Animalia",80913,446,"Feeding",2015,5,24,144,2457167,3,2015,6,26,177,2457200,NA
19890,47.582104,-90.828583,226,"MN",352,"Archilochus","colubris","ruby-throated hummingbird","Animalia",80913,458,"Individuals at a feeding station",2015,5,7,127,2457150,2,2015,5,7,127,2457150,1
19890,47.582104,-90.828583,226,"MN",352,"Archilochus","colubris","ruby-throated hummingbird","Animalia",80913,458,"Individuals at a feeding station",2015,5,24,144,2457167,3,2015,6,26,177,2457200,NA
19949,42.096577,-71.394127,89,"MA",352,"Archilochus","colubris","ruby-throated hummingbird","Animalia",81472,292,"Live individuals",2015,5,3,123,2457146,9,2015,9,16,259,2457282,3
19949,42.096577,-71.394127,89,"MA",352,"Archilochus","colubris","ruby-throated hummingbird","Animalia",81472,292,"Live individuals",2015,9,20,263,2457286,1,2015,9,20,263,2457286,100
19949,42.096577,-71.394127,89,"MA",352,"Archilochus","colubris","ruby-throated hummingbird","Animalia",81472,294,"Singing individuals (birds)",2015,5,8,128,2457151,1,2015,5,8,128,2457151,1
19949,42.096577,-71.394127,89,"MA",352,"Archilochus","colubris","ruby-throated hummingbird","Animalia",81472,296,"Mating (male on top)",2015,5,8,128,2457151,5,2015,5,8,128,2457151,1
19949,42.096577,-71.394127,89,"MA",352,"Archilochus","colubris","ruby-throated hummingbird","Animalia",81472,312,"Flower visitation",2015,5,9,129,2457152,1,2015,5,9,129,2457152,5
19949,42.096577,-71.394127,89,"MA",352,"Archilochus","colubris","ruby-throated hummingbird","Animalia",81472,312,"Flower visitation",2015,8,3,215,2457238,34,2015,8,3,215,2457238,3
19949,42.096577,-71.394127,89,"MA",352,"Archilochus","colubris","ruby-throated hummingbird","Animalia",81472,312,"Flower visitation",2015,9,20,263,2457286,1,2015,9,20,263,2457286,100
19949,42.096577,-71.394127,89,"MA",352,"Archilochus","colubris","ruby-throated hummingbird","Animalia",81472,446,"Feeding",2015,5,7,127,2457150,4,2015,5,25,145,2457168,4
19949,42.096577,-71.394127,89,"MA",352,"Archilochus","colubris","ruby-throated hummingbird","Animalia",81472,446,"Feeding",2015,6,12,163,2457186,14,2015,9,16,259,2457282,3
19949,42.096577,-71.394127,89,"MA",352,"Archilochus","colubris","ruby-throated hummingbird","Animalia",81472,446,"Feeding",2015,9,20,263,2457286,1,2015,9,20,263,2457286,100
19949,42.096577,-71.394127,89,"MA",352,"Archilochus","colubris","ruby-throated hummingbird","Animalia",81472,458,"Individuals at a feeding station",2015,5,7,127,2457150,4,2015,6,30,181,2457204,34
19949,42.096577,-71.394127,89,"MA",352,"Archilochus","colubris","ruby-throated hummingbird","Animalia",81472,458,"Individuals at a feeding station",2015,8,6,218,2457241,3,2015,9,16,259,2457282,3
19949,42.096577,-71.394127,89,"MA",352,"Archilochus","colubris","ruby-throated hummingbird","Animalia",81472,458,"Individuals at a feeding station",2015,9,20,263,2457286,1,2015,9,20,263,2457286,100
11155,38.786587,-94.68634,315,"KS",352,"Archilochus","colubris","ruby-throated hummingbird","Animalia",83835,292,"Live individuals",2015,6,9,160,2457183,22,2015,6,9,160,2457183,17
11155,38.786587,-94.68634,315,"KS",352,"Archilochus","colubris","ruby-throated hummingbird","Animalia",83835,292,"Live individuals",2015,10,14,287,2457310,7,2015,10,14,287,2457310,14
11155,38.786587,-94.68634,315,"KS",352,"Archilochus","colubris","ruby-throated hummingbird","Animalia",83835,312,"Flower visitation",2015,6,9,160,2457183,22,2015,6,9,160,2457183,17
11155,38.786587,-94.68634,315,"KS",352,"Archilochus","colubris","ruby-throated hummingbird","Animalia",83835,446,"Feeding",2015,6,9,160,2457183,22,2015,6,9,160,2457183,17
11155,38.786587,-94.68634,315,"KS",352,"Archilochus","colubris","ruby-throated hummingbird","Animalia",83835,458,"Individuals at a feeding station",2015,10,14,287,2457310,7,2015,10,14,287,2457310,14
11154,38.799816,-94.690666,311,"KS",352,"Archilochus","colubris","ruby-throated hummingbird","Animalia",83842,292,"Live individuals",2015,5,18,138,2457161,4,2015,8,5,217,2457240,21
11154,38.799816,-94.690666,311,"KS",352,"Archilochus","colubris","ruby-throated hummingbird","Animalia",83842,312,"Flower visitation",2015,5,18,138,2457161,4,2015,5,18,138,2457161,17
11154,38.799816,-94.690666,311,"KS",352,"Archilochus","colubris","ruby-throated hummingbird","Animalia",83842,446,"Feeding",2015,5,18,138,2457161,4,2015,8,5,217,2457240,21
11154,38.799816,-94.690666,311,"KS",352,"Archilochus","colubris","ruby-throated hummingbird","Animalia",83842,458,"Individuals at a feeding station",2015,6,26,177,2457200,22,2015,8,5,217,2457240,21
20080,38.799042,-94.6894,311,"KS",352,"Archilochus","colubris","ruby-throated hummingbird","Animalia",83844,292,"Live individuals",2015,8,21,233,2457256,10,2015,8,21,233,2457256,5
20365,44.908928,-69.146225,114,"ME",352,"Archilochus","colubris","ruby-throated hummingbird","Animalia",86575,292,"Live individuals",2015,5,13,133,2457156,9,2015,5,13,133,2457156,4
20365,44.908928,-69.146225,114,"ME",352,"Archilochus","colubris","ruby-throated hummingbird","Animalia",86575,292,"Live individuals",2015,5,29,149,2457172,12,2015,6,12,163,2457186,NA
20365,44.908928,-69.146225,114,"ME",352,"Archilochus","colubris","ruby-throated hummingbird","Animalia",86575,293,"Calls or song (birds)",2015,5,29,149,2457172,12,2015,5,29,149,2457172,7
20365,44.908928,-69.146225,114,"ME",352,"Archilochus","colubris","ruby-throated hummingbird","Animalia",86575,446,"Feeding",2015,5,13,133,2457156,9,2015,5,13,133,2457156,4
20365,44.908928,-69.146225,114,"ME",352,"Archilochus","colubris","ruby-throated hummingbird","Animalia",86575,446,"Feeding",2015,5,29,149,2457172,12,2015,6,12,163,2457186,NA
20365,44.908928,-69.146225,114,"ME",352,"Archilochus","colubris","ruby-throated hummingbird","Animalia",86575,458,"Individuals at a feeding station",2015,5,13,133,2457156,9,2015,5,13,133,2457156,4
20365,44.908928,-69.146225,114,"ME",352,"Archilochus","colubris","ruby-throated hummingbird","Animalia",86575,458,"Individuals at a feeding station",2015,5,29,149,2457172,12,2015,6,12,163,2457186,NA
1248,38.762318,-90.498421,154,"MO",352,"Archilochus","colubris","ruby-throated hummingbird","Animalia",87832,292,"Live individuals",2015,4,18,108,2457131,NA,2015,9,17,260,2457283,NA
1248,38.762318,-90.498421,154,"MO",352,"Archilochus","colubris","ruby-throated hummingbird","Animalia",87832,293,"Calls or song (birds)",2015,9,17,260,2457283,152,2015,9,17,260,2457283,NA
1248,38.762318,-90.498421,154,"MO",352,"Archilochus","colubris","ruby-throated hummingbird","Animalia",87832,312,"Flower visitation",2015,9,17,260,2457283,152,2015,9,17,260,2457283,NA
1248,38.762318,-90.498421,154,"MO",352,"Archilochus","colubris","ruby-throated hummingbird","Animalia",87832,446,"Feeding",2015,4,18,108,2457131,NA,2015,9,17,260,2457283,NA
1248,38.762318,-90.498421,154,"MO",352,"Archilochus","colubris","ruby-throated hummingbird","Animalia",87832,458,"Individuals at a feeding station",2015,4,18,108,2457131,NA,2015,9,17,260,2457283,NA
20627,34.192909,-77.828636,2,"NC",352,"Archilochus","colubris","ruby-throated hummingbird","Animalia",87853,292,"Live individuals",2015,4,5,95,2457118,NA,2015,4,25,115,2457138,NA
20627,34.192909,-77.828636,2,"NC",352,"Archilochus","colubris","ruby-throated hummingbird","Animalia",87853,312,"Flower visitation",2015,4,5,95,2457118,NA,2015,4,25,115,2457138,NA
20627,34.192909,-77.828636,2,"NC",352,"Archilochus","colubris","ruby-throated hummingbird","Animalia",87853,446,"Feeding",2015,4,5,95,2457118,NA,2015,4,25,115,2457138,NA
20728,44.928143,-123.225044,65,"OR",352,"Archilochus","colubris","ruby-throated hummingbird","Animalia",88211,292,"Live individuals",2015,4,25,115,2457138,NA,2015,5,4,124,2457147,5
20728,44.928143,-123.225044,65,"OR",352,"Archilochus","colubris","ruby-throated hummingbird","Animalia",88211,292,"Live individuals",2015,5,22,142,2457165,13,2015,5,22,142,2457165,7
20728,44.928143,-123.225044,65,"OR",352,"Archilochus","colubris","ruby-throated hummingbird","Animalia",88211,312,"Flower visitation",2015,4,25,115,2457138,NA,2015,4,25,115,2457138,4
20728,44.928143,-123.225044,65,"OR",352,"Archilochus","colubris","ruby-throated hummingbird","Animalia",88211,312,"Flower visitation",2015,5,4,124,2457147,5,2015,5,4,124,2457147,5
20728,44.928143,-123.225044,65,"OR",352,"Archilochus","colubris","ruby-throated hummingbird","Animalia",88211,446,"Feeding",2015,4,25,115,2457138,NA,2015,5,4,124,2457147,5
20728,44.928143,-123.225044,65,"OR",352,"Archilochus","colubris","ruby-throated hummingbird","Animalia",88211,446,"Feeding",2015,5,22,142,2457165,13,2015,5,22,142,2457165,7
20728,44.928143,-123.225044,65,"OR",352,"Archilochus","colubris","ruby-throated hummingbird","Animalia",88211,458,"Individuals at a feeding station",2015,4,29,119,2457142,4,2015,5,4,124,2457147,5
20728,44.928143,-123.225044,65,"OR",352,"Archilochus","colubris","ruby-throated hummingbird","Animalia",88211,458,"Individuals at a feeding station",2015,5,22,142,2457165,13,2015,5,22,142,2457165,7
20761,40.108326,-76.931267,277,"PA",352,"Archilochus","colubris","ruby-throated hummingbird","Animalia",88439,292,"Live individuals",2015,5,8,128,2457151,NA,2015,5,8,128,2457151,NA
20438,44.452789,-93.873772,268,"MN",352,"Archilochus","colubris","ruby-throated hummingbird","Animalia",89028,292,"Live individuals",2015,5,19,139,2457162,NA,2015,5,19,139,2457162,NA
20438,44.452789,-93.873772,268,"MN",352,"Archilochus","colubris","ruby-throated hummingbird","Animalia",89028,446,"Feeding",2015,5,19,139,2457162,NA,2015,5,19,139,2457162,NA
20438,44.452789,-93.873772,268,"MN",352,"Archilochus","colubris","ruby-throated hummingbird","Animalia",89028,458,"Individuals at a feeding station",2015,5,19,139,2457162,NA,2015,5,19,139,2457162,NA
20868,43.834942,-70.468422,92,"ME",352,"Archilochus","colubris","ruby-throated hummingbird","Animalia",89264,292,"Live individuals",2015,5,14,134,2457157,1,2015,8,6,218,2457241,43
20868,43.834942,-70.468422,92,"ME",352,"Archilochus","colubris","ruby-throated hummingbird","Animalia",89264,293,"Calls or song (birds)",2015,5,29,149,2457172,15,2015,5,29,149,2457172,50
20868,43.834942,-70.468422,92,"ME",352,"Archilochus","colubris","ruby-throated hummingbird","Animalia",89264,312,"Flower visitation",2015,5,14,134,2457157,1,2015,5,29,149,2457172,50
20868,43.834942,-70.468422,92,"ME",352,"Archilochus","colubris","ruby-throated hummingbird","Animalia",89264,312,"Flower visitation",2015,8,6,218,2457241,19,2015,8,6,218,2457241,43
20868,43.834942,-70.468422,92,"ME",352,"Archilochus","colubris","ruby-throated hummingbird","Animalia",89264,446,"Feeding",2015,5,14,134,2457157,1,2015,5,29,149,2457172,50
20868,43.834942,-70.468422,92,"ME",352,"Archilochus","colubris","ruby-throated hummingbird","Animalia",89264,446,"Feeding",2015,8,6,218,2457241,19,2015,8,6,218,2457241,43
20853,43.671261,-70.36834,24,"ME",352,"Archilochus","colubris","ruby-throated hummingbird","Animalia",89288,292,"Live individuals",2015,5,9,129,2457152,NA,2015,5,15,135,2457158,2
20853,43.671261,-70.36834,24,"ME",352,"Archilochus","colubris","ruby-throated hummingbird","Animalia",89288,292,"Live individuals",2015,7,13,194,2457217,8,2015,7,13,194,2457217,2
20853,43.671261,-70.36834,24,"ME",352,"Archilochus","colubris","ruby-throated hummingbird","Animalia",89288,292,"Live individuals",2015,7,22,203,2457226,7,2015,7,22,203,2457226,9
20853,43.671261,-70.36834,24,"ME",352,"Archilochus","colubris","ruby-throated hummingbird","Animalia",89288,292,"Live individuals",2015,8,5,217,2457240,5,2015,8,5,217,2457240,2
20853,43.671261,-70.36834,24,"ME",352,"Archilochus","colubris","ruby-throated hummingbird","Animalia",89288,292,"Live individuals",2015,8,10,222,2457245,3,2015,8,10,222,2457245,2
20853,43.671261,-70.36834,24,"ME",352,"Archilochus","colubris","ruby-throated hummingbird","Animalia",89288,292,"Live individuals",2015,9,10,253,2457276,3,2015,9,10,253,2457276,10
20853,43.671261,-70.36834,24,"ME",352,"Archilochus","colubris","ruby-throated hummingbird","Animalia",89288,293,"Calls or song (birds)",2015,5,14,134,2457157,5,2015,5,14,134,2457157,1
20853,43.671261,-70.36834,24,"ME",352,"Archilochus","colubris","ruby-throated hummingbird","Animalia",89288,293,"Calls or song (birds)",2015,7,22,203,2457226,7,2015,7,22,203,2457226,9
20853,43.671261,-70.36834,24,"ME",352,"Archilochus","colubris","ruby-throated hummingbird","Animalia",89288,312,"Flower visitation",2015,5,14,134,2457157,5,2015,5,15,135,2457158,2
20853,43.671261,-70.36834,24,"ME",352,"Archilochus","colubris","ruby-throated hummingbird","Animalia",89288,312,"Flower visitation",2015,7,13,194,2457217,8,2015,7,13,194,2457217,2
20853,43.671261,-70.36834,24,"ME",352,"Archilochus","colubris","ruby-throated hummingbird","Animalia",89288,312,"Flower visitation",2015,7,22,203,2457226,7,2015,7,22,203,2457226,9
20853,43.671261,-70.36834,24,"ME",352,"Archilochus","colubris","ruby-throated hummingbird","Animalia",89288,312,"Flower visitation",2015,8,5,217,2457240,5,2015,8,5,217,2457240,2
20853,43.671261,-70.36834,24,"ME",352,"Archilochus","colubris","ruby-throated hummingbird","Animalia",89288,312,"Flower visitation",2015,8,10,222,2457245,3,2015,8,10,222,2457245,2
20853,43.671261,-70.36834,24,"ME",352,"Archilochus","colubris","ruby-throated hummingbird","Animalia",89288,446,"Feeding",2015,7,13,194,2457217,8,2015,7,13,194,2457217,2
20853,43.671261,-70.36834,24,"ME",352,"Archilochus","colubris","ruby-throated hummingbird","Animalia",89288,446,"Feeding",2015,7,22,203,2457226,7,2015,7,22,203,2457226,9
20853,43.671261,-70.36834,24,"ME",352,"Archilochus","colubris","ruby-throated hummingbird","Animalia",89288,446,"Feeding",2015,8,5,217,2457240,5,2015,8,5,217,2457240,2
20853,43.671261,-70.36834,24,"ME",352,"Archilochus","colubris","ruby-throated hummingbird","Animalia",89288,446,"Feeding",2015,8,10,222,2457245,3,2015,8,10,222,2457245,2
20590,37.284962,-78.404274,128,"VA",352,"Archilochus","colubris","ruby-throated hummingbird","Animalia",90489,292,"Live individuals",2015,6,9,160,2457183,NA,2015,9,21,264,2457287,10
20590,37.284962,-78.404274,128,"VA",352,"Archilochus","colubris","ruby-throated hummingbird","Animalia",90489,312,"Flower visitation",2015,6,11,162,2457185,2,2015,6,19,170,2457193,14
20590,37.284962,-78.404274,128,"VA",352,"Archilochus","colubris","ruby-throated hummingbird","Animalia",90489,312,"Flower visitation",2015,9,1,244,2457267,19,2015,9,1,244,2457267,9
20590,37.284962,-78.404274,128,"VA",352,"Archilochus","colubris","ruby-throated hummingbird","Animalia",90489,446,"Feeding",2015,6,9,160,2457183,NA,2015,9,10,253,2457276,11
20590,37.284962,-78.404274,128,"VA",352,"Archilochus","colubris","ruby-throated hummingbird","Animalia",90489,458,"Individuals at a feeding station",2015,6,9,160,2457183,NA,2015,9,21,264,2457287,10
20724,43.43008,-89.733604,302,"WI",352,"Archilochus","colubris","ruby-throated hummingbird","Animalia",92335,292,"Live individuals",2015,5,8,128,2457151,NA,2015,5,8,128,2457151,3
20724,43.43008,-89.733604,302,"WI",352,"Archilochus","colubris","ruby-throated hummingbird","Animalia",92335,446,"Feeding",2015,5,8,128,2457151,NA,2015,5,8,128,2457151,3
20724,43.43008,-89.733604,302,"WI",352,"Archilochus","colubris","ruby-throated hummingbird","Animalia",92335,458,"Individuals at a feeding station",2015,5,8,128,2457151,NA,2015,5,8,128,2457151,3
20617,43.128082,-89.376808,267,"WI",352,"Archilochus","colubris","ruby-throated hummingbird","Animalia",93830,292,"Live individuals",2015,9,27,270,2457293,NA,2015,9,27,270,2457293,NA
20617,43.128082,-89.376808,267,"WI",352,"Archilochus","colubris","ruby-throated hummingbird","Animalia",93830,312,"Flower visitation",2015,9,27,270,2457293,NA,2015,9,27,270,2457293,NA
20617,43.128082,-89.376808,267,"WI",352,"Archilochus","colubris","ruby-throated hummingbird","Animalia",93830,446,"Feeding",2015,9,27,270,2457293,NA,2015,9,27,270,2457293,NA
6579,43.078892,-85.627914,224,"MI",352,"Archilochus","colubris","ruby-throated hummingbird","Animalia",94262,292,"Live individuals",2015,8,30,242,2457265,NA,2015,9,30,273,2457296,5
6579,43.078892,-85.627914,224,"MI",352,"Archilochus","colubris","ruby-throated hummingbird","Animalia",94262,312,"Flower visitation",2015,8,30,242,2457265,NA,2015,9,26,269,2457292,4
6579,43.078892,-85.627914,224,"MI",352,"Archilochus","colubris","ruby-throated hummingbird","Animalia",94262,446,"Feeding",2015,8,30,242,2457265,NA,2015,9,30,273,2457296,5
6579,43.078892,-85.627914,224,"MI",352,"Archilochus","colubris","ruby-throated hummingbird","Animalia",94262,458,"Individuals at a feeding station",2015,8,30,242,2457265,NA,2015,9,30,273,2457296,5
21492,44.730141,-73.576591,188,"NY",352,"Archilochus","colubris","ruby-throated hummingbird","Animalia",94284,292,"Live individuals",2015,9,2,245,2457268,NA,2015,9,2,245,2457268,NA
21492,44.730141,-73.576591,188,"NY",352,"Archilochus","colubris","ruby-throated hummingbird","Animalia",94284,446,"Feeding",2015,9,2,245,2457268,NA,2015,9,2,245,2457268,NA
21492,44.730141,-73.576591,188,"NY",352,"Archilochus","colubris","ruby-throated hummingbird","Animalia",94284,458,"Individuals at a feeding station",2015,9,2,245,2457268,NA,2015,9,2,245,2457268,NA
5582,45.195858,-70.45369,366,"ME",352,"Archilochus","colubris","ruby-throated hummingbird","Animalia",12468,292,"Live individuals",2016,8,19,232,2457620,7,2016,8,19,232,2457620,7
5674,44.910587,-70.266861,261,"ME",352,"Archilochus","colubris","ruby-throated hummingbird","Animalia",12712,292,"Live individuals",2016,5,15,136,2457524,7,2016,9,11,255,2457643,7
5674,44.910587,-70.266861,261,"ME",352,"Archilochus","colubris","ruby-throated hummingbird","Animalia",12712,293,"Calls or song (birds)",2016,6,5,157,2457545,7,2016,6,5,157,2457545,7
5674,44.910587,-70.266861,261,"ME",352,"Archilochus","colubris","ruby-throated hummingbird","Animalia",12712,293,"Calls or song (birds)",2016,8,21,234,2457622,7,2016,8,21,234,2457622,7
5674,44.910587,-70.266861,261,"ME",352,"Archilochus","colubris","ruby-throated hummingbird","Animalia",12712,293,"Calls or song (birds)",2016,9,4,248,2457636,7,2016,9,11,255,2457643,7
5674,44.910587,-70.266861,261,"ME",352,"Archilochus","colubris","ruby-throated hummingbird","Animalia",12712,312,"Flower visitation",2016,5,15,136,2457524,7,2016,9,11,255,2457643,7
5674,44.910587,-70.266861,261,"ME",352,"Archilochus","colubris","ruby-throated hummingbird","Animalia",12712,446,"Feeding",2016,5,15,136,2457524,7,2016,9,11,255,2457643,7
5674,44.910587,-70.266861,261,"ME",352,"Archilochus","colubris","ruby-throated hummingbird","Animalia",12712,458,"Individuals at a feeding station",2016,5,22,143,2457531,7,2016,9,11,255,2457643,7
2772,36.440838,-84.323586,554,"TN",352,"Archilochus","colubris","ruby-throated hummingbird","Animalia",13218,292,"Live individuals",2016,5,13,134,2457522,1,2016,5,13,134,2457522,1
2772,36.440838,-84.323586,554,"TN",352,"Archilochus","colubris","ruby-throated hummingbird","Animalia",13218,292,"Live individuals",2016,5,20,141,2457529,1,2016,5,20,141,2457529,1
2772,36.440838,-84.323586,554,"TN",352,"Archilochus","colubris","ruby-throated hummingbird","Animalia",13218,292,"Live individuals",2016,5,29,150,2457538,1,2016,5,29,150,2457538,1
2772,36.440838,-84.323586,554,"TN",352,"Archilochus","colubris","ruby-throated hummingbird","Animalia",13218,292,"Live individuals",2016,7,1,183,2457571,1,2016,7,1,183,2457571,1
2772,36.440838,-84.323586,554,"TN",352,"Archilochus","colubris","ruby-throated hummingbird","Animalia",13218,292,"Live individuals",2016,7,11,193,2457581,1,2016,7,11,193,2457581,1
2772,36.440838,-84.323586,554,"TN",352,"Archilochus","colubris","ruby-throated hummingbird","Animalia",13218,292,"Live individuals",2016,7,13,195,2457583,1,2016,7,13,195,2457583,3
2772,36.440838,-84.323586,554,"TN",352,"Archilochus","colubris","ruby-throated hummingbird","Animalia",13218,292,"Live individuals",2016,8,2,215,2457603,1,2016,8,2,215,2457603,1
2772,36.440838,-84.323586,554,"TN",352,"Archilochus","colubris","ruby-throated hummingbird","Animalia",13218,292,"Live individuals",2016,8,17,230,2457618,1,2016,8,17,230,2457618,4
2772,36.440838,-84.323586,554,"TN",352,"Archilochus","colubris","ruby-throated hummingbird","Animalia",13218,292,"Live individuals",2016,8,23,236,2457624,1,2016,8,26,239,2457627,1
2772,36.440838,-84.323586,554,"TN",352,"Archilochus","colubris","ruby-throated hummingbird","Animalia",13218,292,"Live individuals",2016,8,29,242,2457630,1,2016,8,31,244,2457632,1
2772,36.440838,-84.323586,554,"TN",352,"Archilochus","colubris","ruby-throated hummingbird","Animalia",13218,292,"Live individuals",2016,9,2,246,2457634,1,2016,9,2,246,2457634,1
2772,36.440838,-84.323586,554,"TN",352,"Archilochus","colubris","ruby-throated hummingbird","Animalia",13218,292,"Live individuals",2016,9,7,251,2457639,1,2016,9,7,251,2457639,2
2772,36.440838,-84.323586,554,"TN",352,"Archilochus","colubris","ruby-throated hummingbird","Animalia",13218,293,"Calls or song (birds)",2016,8,31,244,2457632,2,2016,8,31,244,2457632,1
2772,36.440838,-84.323586,554,"TN",352,"Archilochus","colubris","ruby-throated hummingbird","Animalia",13218,293,"Calls or song (birds)",2016,9,2,246,2457634,1,2016,9,2,246,2457634,1
2772,36.440838,-84.323586,554,"TN",352,"Archilochus","colubris","ruby-throated hummingbird","Animalia",13218,312,"Flower visitation",2016,7,11,193,2457581,1,2016,7,11,193,2457581,1
2772,36.440838,-84.323586,554,"TN",352,"Archilochus","colubris","ruby-throated hummingbird","Animalia",13218,312,"Flower visitation",2016,8,17,230,2457618,1,2016,8,17,230,2457618,4
2772,36.440838,-84.323586,554,"TN",352,"Archilochus","colubris","ruby-throated hummingbird","Animalia",13218,312,"Flower visitation",2016,8,23,236,2457624,1,2016,8,26,239,2457627,1
2772,36.440838,-84.323586,554,"TN",352,"Archilochus","colubris","ruby-throated hummingbird","Animalia",13218,312,"Flower visitation",2016,8,29,242,2457630,1,2016,8,31,244,2457632,1
2772,36.440838,-84.323586,554,"TN",352,"Archilochus","colubris","ruby-throated hummingbird","Animalia",13218,446,"Feeding",2016,7,11,193,2457581,1,2016,7,11,193,2457581,1
2772,36.440838,-84.323586,554,"TN",352,"Archilochus","colubris","ruby-throated hummingbird","Animalia",13218,446,"Feeding",2016,7,13,195,2457583,1,2016,7,13,195,2457583,3
2772,36.440838,-84.323586,554,"TN",352,"Archilochus","colubris","ruby-throated hummingbird","Animalia",13218,446,"Feeding",2016,8,2,215,2457603,1,2016,8,2,215,2457603,1
2772,36.440838,-84.323586,554,"TN",352,"Archilochus","colubris","ruby-throated hummingbird","Animalia",13218,446,"Feeding",2016,8,17,230,2457618,1,2016,8,17,230,2457618,4
2772,36.440838,-84.323586,554,"TN",352,"Archilochus","colubris","ruby-throated hummingbird","Animalia",13218,446,"Feeding",2016,8,23,236,2457624,1,2016,8,26,239,2457627,1
2772,36.440838,-84.323586,554,"TN",352,"Archilochus","colubris","ruby-throated hummingbird","Animalia",13218,446,"Feeding",2016,8,29,242,2457630,1,2016,8,31,244,2457632,1
8496,46.328629,-96.061256,393,"MN",352,"Archilochus","colubris","ruby-throated hummingbird","Animalia",25784,292,"Live individuals",2016,5,20,141,2457529,6,2016,9,10,254,2457642,9
8496,46.328629,-96.061256,393,"MN",352,"Archilochus","colubris","ruby-throated hummingbird","Animalia",25784,312,"Flower visitation",2016,5,27,148,2457536,7,2016,5,27,148,2457536,4
8496,46.328629,-96.061256,393,"MN",352,"Archilochus","colubris","ruby-throated hummingbird","Animalia",25784,312,"Flower visitation",2016,7,15,197,2457585,5,2016,7,15,197,2457585,5
8496,46.328629,-96.061256,393,"MN",352,"Archilochus","colubris","ruby-throated hummingbird","Animalia",25784,312,"Flower visitation",2016,8,11,224,2457612,7,2016,8,11,224,2457612,6
8496,46.328629,-96.061256,393,"MN",352,"Archilochus","colubris","ruby-throated hummingbird","Animalia",25784,446,"Feeding",2016,5,20,141,2457529,6,2016,9,10,254,2457642,9
8496,46.328629,-96.061256,393,"MN",352,"Archilochus","colubris","ruby-throated hummingbird","Animalia",25784,458,"Individuals at a feeding station",2016,5,27,148,2457536,7,2016,9,10,254,2457642,9
8715,43.522804,-70.802277,215,"ME",352,"Archilochus","colubris","ruby-throated hummingbird","Animalia",28193,292,"Live individuals",2016,6,16,168,2457556,8,2016,7,17,199,2457587,NA
8715,43.522804,-70.802277,215,"ME",352,"Archilochus","colubris","ruby-throated hummingbird","Animalia",28193,446,"Feeding",2016,6,16,168,2457556,8,2016,7,17,199,2457587,NA
8715,43.522804,-70.802277,215,"ME",352,"Archilochus","colubris","ruby-throated hummingbird","Animalia",28193,458,"Individuals at a feeding station",2016,6,16,168,2457556,8,2016,7,17,199,2457587,NA
8736,44.903229,-93.217445,248,"MN",352,"Archilochus","colubris","ruby-throated hummingbird","Animalia",28356,292,"Live individuals",2016,7,14,196,2457584,1,2016,7,14,196,2457584,3
8736,44.903229,-93.217445,248,"MN",352,"Archilochus","colubris","ruby-throated hummingbird","Animalia",28356,292,"Live individuals",2016,7,30,212,2457600,1,2016,7,30,212,2457600,2
8736,44.903229,-93.217445,248,"MN",352,"Archilochus","colubris","ruby-throated hummingbird","Animalia",28356,292,"Live individuals",2016,8,15,228,2457616,1,2016,8,15,228,2457616,1
8736,44.903229,-93.217445,248,"MN",352,"Archilochus","colubris","ruby-throated hummingbird","Animalia",28356,292,"Live individuals",2016,8,21,234,2457622,5,2016,9,15,259,2457647,1
8736,44.903229,-93.217445,248,"MN",352,"Archilochus","colubris","ruby-throated hummingbird","Animalia",28356,312,"Flower visitation",2016,9,2,246,2457634,4,2016,9,2,246,2457634,2
8736,44.903229,-93.217445,248,"MN",352,"Archilochus","colubris","ruby-throated hummingbird","Animalia",28356,312,"Flower visitation",2016,9,9,253,2457641,5,2016,9,9,253,2457641,6
8736,44.903229,-93.217445,248,"MN",352,"Archilochus","colubris","ruby-throated hummingbird","Animalia",28356,446,"Feeding",2016,7,14,196,2457584,1,2016,7,14,196,2457584,3
8736,44.903229,-93.217445,248,"MN",352,"Archilochus","colubris","ruby-throated hummingbird","Animalia",28356,446,"Feeding",2016,7,30,212,2457600,1,2016,7,30,212,2457600,2
8736,44.903229,-93.217445,248,"MN",352,"Archilochus","colubris","ruby-throated hummingbird","Animalia",28356,446,"Feeding",2016,9,2,246,2457634,4,2016,9,15,259,2457647,1
8736,44.903229,-93.217445,248,"MN",352,"Archilochus","colubris","ruby-throated hummingbird","Animalia",28356,458,"Individuals at a feeding station",2016,7,14,196,2457584,1,2016,7,14,196,2457584,3
8736,44.903229,-93.217445,248,"MN",352,"Archilochus","colubris","ruby-throated hummingbird","Animalia",28356,458,"Individuals at a feeding station",2016,7,30,212,2457600,1,2016,7,30,212,2457600,2
8736,44.903229,-93.217445,248,"MN",352,"Archilochus","colubris","ruby-throated hummingbird","Animalia",28356,458,"Individuals at a feeding station",2016,9,4,248,2457636,2,2016,9,4,248,2457636,5
8736,44.903229,-93.217445,248,"MN",352,"Archilochus","colubris","ruby-throated hummingbird","Animalia",28356,458,"Individuals at a feeding station",2016,9,15,259,2457647,6,2016,9,15,259,2457647,1
8947,37.521179,-77.52739,63,"VA",352,"Archilochus","colubris","ruby-throated hummingbird","Animalia",30413,292,"Live individuals",2016,8,4,217,2457605,1,2016,8,4,217,2457605,21
8418,32.363758,-94.873947,115,"TX",352,"Archilochus","colubris","ruby-throated hummingbird","Animalia",30980,292,"Live individuals",2016,4,10,101,2457489,4,2016,4,10,101,2457489,3
8418,32.363758,-94.873947,115,"TX",352,"Archilochus","colubris","ruby-throated hummingbird","Animalia",30980,292,"Live individuals",2016,4,17,108,2457496,4,2016,4,17,108,2457496,3
8418,32.363758,-94.873947,115,"TX",352,"Archilochus","colubris","ruby-throated hummingbird","Animalia",30980,292,"Live individuals",2016,4,24,115,2457503,4,2016,4,24,115,2457503,3
8418,32.363758,-94.873947,115,"TX",352,"Archilochus","colubris","ruby-throated hummingbird","Animalia",30980,292,"Live individuals",2016,5,4,125,2457513,3,2016,5,4,125,2457513,4
8418,32.363758,-94.873947,115,"TX",352,"Archilochus","colubris","ruby-throated hummingbird","Animalia",30980,292,"Live individuals",2016,5,11,132,2457520,3,2016,5,19,140,2457528,4
8418,32.363758,-94.873947,115,"TX",352,"Archilochus","colubris","ruby-throated hummingbird","Animalia",30980,292,"Live individuals",2016,5,25,146,2457534,2,2016,8,28,241,2457629,3
8418,32.363758,-94.873947,115,"TX",352,"Archilochus","colubris","ruby-throated hummingbird","Animalia",30980,292,"Live individuals",2016,9,7,251,2457639,2,2016,10,9,283,2457671,3
8418,32.363758,-94.873947,115,"TX",352,"Archilochus","colubris","ruby-throated hummingbird","Animalia",30980,293,"Calls or song (birds)",2016,4,10,101,2457489,4,2016,4,10,101,2457489,3
8418,32.363758,-94.873947,115,"TX",352,"Archilochus","colubris","ruby-throated hummingbird","Animalia",30980,293,"Calls or song (birds)",2016,6,1,153,2457541,3,2016,6,5,157,2457545,59
8418,32.363758,-94.873947,115,"TX",352,"Archilochus","colubris","ruby-throated hummingbird","Animalia",30980,293,"Calls or song (birds)",2016,8,10,223,2457611,3,2016,8,14,227,2457615,3
8418,32.363758,-94.873947,115,"TX",352,"Archilochus","colubris","ruby-throated hummingbird","Animalia",30980,293,"Calls or song (birds)",2016,8,21,234,2457622,4,2016,8,21,234,2457622,7
8418,32.363758,-94.873947,115,"TX",352,"Archilochus","colubris","ruby-throated hummingbird","Animalia",30980,293,"Calls or song (birds)",2016,9,11,255,2457643,4,2016,9,18,262,2457650,3
8418,32.363758,-94.873947,115,"TX",352,"Archilochus","colubris","ruby-throated hummingbird","Animalia",30980,293,"Calls or song (birds)",2016,9,25,269,2457657,4,2016,9,25,269,2457657,3
8418,32.363758,-94.873947,115,"TX",352,"Archilochus","colubris","ruby-throated hummingbird","Animalia",30980,293,"Calls or song (birds)",2016,10,2,276,2457664,4,2016,10,9,283,2457671,3
8418,32.363758,-94.873947,115,"TX",352,"Archilochus","colubris","ruby-throated hummingbird","Animalia",30980,312,"Flower visitation",2016,9,18,262,2457650,4,2016,9,18,262,2457650,3
8418,32.363758,-94.873947,115,"TX",352,"Archilochus","colubris","ruby-throated hummingbird","Animalia",30980,312,"Flower visitation",2016,9,25,269,2457657,4,2016,10,2,276,2457664,3
8418,32.363758,-94.873947,115,"TX",352,"Archilochus","colubris","ruby-throated hummingbird","Animalia",30980,312,"Flower visitation",2016,10,9,283,2457671,4,2016,10,9,283,2457671,3
8418,32.363758,-94.873947,115,"TX",352,"Archilochus","colubris","ruby-throated hummingbird","Animalia",30980,446,"Feeding",2016,4,10,101,2457489,4,2016,4,10,101,2457489,3
8418,32.363758,-94.873947,115,"TX",352,"Archilochus","colubris","ruby-throated hummingbird","Animalia",30980,446,"Feeding",2016,4,17,108,2457496,4,2016,4,17,108,2457496,3
8418,32.363758,-94.873947,115,"TX",352,"Archilochus","colubris","ruby-throated hummingbird","Animalia",30980,446,"Feeding",2016,4,24,115,2457503,4,2016,4,24,115,2457503,3
8418,32.363758,-94.873947,115,"TX",352,"Archilochus","colubris","ruby-throated hummingbird","Animalia",30980,446,"Feeding",2016,5,11,132,2457520,3,2016,5,19,140,2457528,4
8418,32.363758,-94.873947,115,"TX",352,"Archilochus","colubris","ruby-throated hummingbird","Animalia",30980,446,"Feeding",2016,5,25,146,2457534,2,2016,8,14,227,2457615,3
8418,32.363758,-94.873947,115,"TX",352,"Archilochus","colubris","ruby-throated hummingbird","Animalia",30980,446,"Feeding",2016,8,21,234,2457622,4,2016,8,28,241,2457629,3
8418,32.363758,-94.873947,115,"TX",352,"Archilochus","colubris","ruby-throated hummingbird","Animalia",30980,446,"Feeding",2016,9,11,255,2457643,4,2016,9,18,262,2457650,3
8418,32.363758,-94.873947,115,"TX",352,"Archilochus","colubris","ruby-throated hummingbird","Animalia",30980,446,"Feeding",2016,9,25,269,2457657,4,2016,10,9,283,2457671,3
8418,32.363758,-94.873947,115,"TX",352,"Archilochus","colubris","ruby-throated hummingbird","Animalia",30980,458,"Individuals at a feeding station",2016,4,10,101,2457489,4,2016,4,10,101,2457489,3
8418,32.363758,-94.873947,115,"TX",352,"Archilochus","colubris","ruby-throated hummingbird","Animalia",30980,458,"Individuals at a feeding station",2016,4,17,108,2457496,4,2016,4,17,108,2457496,3
8418,32.363758,-94.873947,115,"TX",352,"Archilochus","colubris","ruby-throated hummingbird","Animalia",30980,458,"Individuals at a feeding station",2016,4,24,115,2457503,4,2016,4,24,115,2457503,3
8418,32.363758,-94.873947,115,"TX",352,"Archilochus","colubris","ruby-throated hummingbird","Animalia",30980,458,"Individuals at a feeding station",2016,5,11,132,2457520,3,2016,5,19,140,2457528,4
8418,32.363758,-94.873947,115,"TX",352,"Archilochus","colubris","ruby-throated hummingbird","Animalia",30980,458,"Individuals at a feeding station",2016,5,25,146,2457534,2,2016,8,14,227,2457615,3
8418,32.363758,-94.873947,115,"TX",352,"Archilochus","colubris","ruby-throated hummingbird","Animalia",30980,458,"Individuals at a feeding station",2016,8,21,234,2457622,4,2016,8,28,241,2457629,3
8418,32.363758,-94.873947,115,"TX",352,"Archilochus","colubris","ruby-throated hummingbird","Animalia",30980,458,"Individuals at a feeding station",2016,9,11,255,2457643,4,2016,9,18,262,2457650,3
8418,32.363758,-94.873947,115,"TX",352,"Archilochus","colubris","ruby-throated hummingbird","Animalia",30980,458,"Individuals at a feeding station",2016,9,25,269,2457657,4,2016,9,25,269,2457657,3
8418,32.363758,-94.873947,115,"TX",352,"Archilochus","colubris","ruby-throated hummingbird","Animalia",30980,458,"Individuals at a feeding station",2016,10,5,279,2457667,3,2016,10,9,283,2457671,3
9993,43.999718,-69.55117,22,"ME",352,"Archilochus","colubris","ruby-throated hummingbird","Animalia",38327,292,"Live individuals",2016,5,22,143,2457531,17,2016,9,13,257,2457645,NA
9993,43.999718,-69.55117,22,"ME",352,"Archilochus","colubris","ruby-throated hummingbird","Animalia",38327,312,"Flower visitation",2016,7,18,200,2457588,46,2016,9,13,257,2457645,NA
9993,43.999718,-69.55117,22,"ME",352,"Archilochus","colubris","ruby-throated hummingbird","Animalia",38327,446,"Feeding",2016,5,22,143,2457531,17,2016,9,13,257,2457645,NA
10145,42.602543,-83.250992,277,"MI",352,"Archilochus","colubris","ruby-throated hummingbird","Animalia",38951,292,"Live individuals",2016,5,18,139,2457527,NA,2016,5,18,139,2457527,1
10145,42.602543,-83.250992,277,"MI",352,"Archilochus","colubris","ruby-throated hummingbird","Animalia",38951,292,"Live individuals",2016,6,2,154,2457542,1,2016,6,2,154,2457542,1
10145,42.602543,-83.250992,277,"MI",352,"Archilochus","colubris","ruby-throated hummingbird","Animalia",38951,292,"Live individuals",2016,6,11,163,2457551,1,2016,6,11,163,2457551,1
10145,42.602543,-83.250992,277,"MI",352,"Archilochus","colubris","ruby-throated hummingbird","Animalia",38951,292,"Live individuals",2016,7,10,192,2457580,1,2016,7,10,192,2457580,1
10145,42.602543,-83.250992,277,"MI",352,"Archilochus","colubris","ruby-throated hummingbird","Animalia",38951,292,"Live individuals",2016,7,25,207,2457595,1,2016,7,25,207,2457595,1
10145,42.602543,-83.250992,277,"MI",352,"Archilochus","colubris","ruby-throated hummingbird","Animalia",38951,292,"Live individuals",2016,7,28,210,2457598,1,2016,7,28,210,2457598,1
10145,42.602543,-83.250992,277,"MI",352,"Archilochus","colubris","ruby-throated hummingbird","Animalia",38951,292,"Live individuals",2016,8,13,226,2457614,1,2016,8,13,226,2457614,1
10145,42.602543,-83.250992,277,"MI",352,"Archilochus","colubris","ruby-throated hummingbird","Animalia",38951,292,"Live individuals",2016,9,13,257,2457645,1,2016,9,13,257,2457645,1
10145,42.602543,-83.250992,277,"MI",352,"Archilochus","colubris","ruby-throated hummingbird","Animalia",38951,292,"Live individuals",2016,9,21,265,2457653,1,2016,9,21,265,2457653,1
10145,42.602543,-83.250992,277,"MI",352,"Archilochus","colubris","ruby-throated hummingbird","Animalia",38951,446,"Feeding",2016,7,25,207,2457595,1,2016,7,25,207,2457595,1
10145,42.602543,-83.250992,277,"MI",352,"Archilochus","colubris","ruby-throated hummingbird","Animalia",38951,458,"Individuals at a feeding station",2016,5,19,140,2457528,1,2016,5,20,141,2457529,1
10145,42.602543,-83.250992,277,"MI",352,"Archilochus","colubris","ruby-throated hummingbird","Animalia",38951,458,"Individuals at a feeding station",2016,5,23,144,2457532,1,2016,6,1,153,2457541,1
10145,42.602543,-83.250992,277,"MI",352,"Archilochus","colubris","ruby-throated hummingbird","Animalia",38951,458,"Individuals at a feeding station",2016,6,3,155,2457543,1,2016,6,3,155,2457543,1
10145,42.602543,-83.250992,277,"MI",352,"Archilochus","colubris","ruby-throated hummingbird","Animalia",38951,458,"Individuals at a feeding station",2016,6,5,157,2457545,1,2016,6,9,161,2457549,1
10145,42.602543,-83.250992,277,"MI",352,"Archilochus","colubris","ruby-throated hummingbird","Animalia",38951,458,"Individuals at a feeding station",2016,6,12,164,2457552,1,2016,6,12,164,2457552,2
10145,42.602543,-83.250992,277,"MI",352,"Archilochus","colubris","ruby-throated hummingbird","Animalia",38951,458,"Individuals at a feeding station",2016,6,21,173,2457561,5,2016,6,21,173,2457561,1
10145,42.602543,-83.250992,277,"MI",352,"Archilochus","colubris","ruby-throated hummingbird","Animalia",38951,458,"Individuals at a feeding station",2016,6,23,175,2457563,1,2016,7,1,183,2457571,5
10145,42.602543,-83.250992,277,"MI",352,"Archilochus","colubris","ruby-throated hummingbird","Animalia",38951,458,"Individuals at a feeding station",2016,7,12,194,2457582,1,2016,7,22,204,2457592,1
10145,42.602543,-83.250992,277,"MI",352,"Archilochus","colubris","ruby-throated hummingbird","Animalia",38951,458,"Individuals at a feeding station",2016,7,24,206,2457594,1,2016,8,7,220,2457608,3
10145,42.602543,-83.250992,277,"MI",352,"Archilochus","colubris","ruby-throated hummingbird","Animalia",38951,458,"Individuals at a feeding station",2016,8,11,224,2457612,1,2016,8,14,227,2457615,1
10145,42.602543,-83.250992,277,"MI",352,"Archilochus","colubris","ruby-throated hummingbird","Animalia",38951,458,"Individuals at a feeding station",2016,8,16,229,2457617,1,2016,8,26,239,2457627,2
10145,42.602543,-83.250992,277,"MI",352,"Archilochus","colubris","ruby-throated hummingbird","Animalia",38951,458,"Individuals at a feeding station",2016,8,29,242,2457630,1,2016,9,11,255,2457643,1
10145,42.602543,-83.250992,277,"MI",352,"Archilochus","colubris","ruby-throated hummingbird","Animalia",38951,458,"Individuals at a feeding station",2016,9,14,258,2457646,1,2016,9,15,259,2457647,1
11308,43.94474,-69.706696,11,"ME",352,"Archilochus","colubris","ruby-throated hummingbird","Animalia",46642,292,"Live individuals",2016,6,10,162,2457550,NA,2016,6,10,162,2457550,NA
11308,43.94474,-69.706696,11,"ME",352,"Archilochus","colubris","ruby-throated hummingbird","Animalia",46642,296,"Mating (male on top)",2016,8,22,235,2457623,73,2016,8,22,235,2457623,NA
11308,43.94474,-69.706696,11,"ME",352,"Archilochus","colubris","ruby-throated hummingbird","Animalia",46642,446,"Feeding",2016,6,10,162,2457550,NA,2016,6,10,162,2457550,NA
11308,43.94474,-69.706696,11,"ME",352,"Archilochus","colubris","ruby-throated hummingbird","Animalia",46642,458,"Individuals at a feeding station",2016,5,20,141,2457529,NA,2016,8,22,235,2457623,NA
11532,45.305565,-93.355827,273,"MN",352,"Archilochus","colubris","ruby-throated hummingbird","Animalia",48158,292,"Live individuals",2016,6,2,154,2457542,NA,2016,6,2,154,2457542,NA
11532,45.305565,-93.355827,273,"MN",352,"Archilochus","colubris","ruby-throated hummingbird","Animalia",48158,312,"Flower visitation",2016,6,2,154,2457542,NA,2016,6,2,154,2457542,NA
11532,45.305565,-93.355827,273,"MN",352,"Archilochus","colubris","ruby-throated hummingbird","Animalia",48158,446,"Feeding",2016,6,2,154,2457542,NA,2016,6,2,154,2457542,NA
11617,45.194656,-93.374901,265,"MN",352,"Archilochus","colubris","ruby-throated hummingbird","Animalia",48446,292,"Live individuals",2016,9,1,245,2457633,58,2016,9,16,260,2457648,9
11617,45.194656,-93.374901,265,"MN",352,"Archilochus","colubris","ruby-throated hummingbird","Animalia",48446,312,"Flower visitation",2016,9,1,245,2457633,58,2016,9,16,260,2457648,9
11617,45.194656,-93.374901,265,"MN",352,"Archilochus","colubris","ruby-throated hummingbird","Animalia",48446,446,"Feeding",2016,9,1,245,2457633,58,2016,9,7,251,2457639,9
11605,44.881065,-93.290176,261,"MN",352,"Archilochus","colubris","ruby-throated hummingbird","Animalia",52990,292,"Live individuals",2016,8,17,230,2457618,NA,2016,8,17,230,2457618,NA
11605,44.881065,-93.290176,261,"MN",352,"Archilochus","colubris","ruby-throated hummingbird","Animalia",52990,446,"Feeding",2016,8,17,230,2457618,NA,2016,8,17,230,2457618,NA
16356,45.317341,-93.821838,289,"MN",352,"Archilochus","colubris","ruby-throated hummingbird","Animalia",61114,292,"Live individuals",2016,5,24,145,2457533,6,2016,6,1,153,2457541,1
16356,45.317341,-93.821838,289,"MN",352,"Archilochus","colubris","ruby-throated hummingbird","Animalia",61114,292,"Live individuals",2016,6,4,156,2457544,2,2016,6,5,157,2457545,1
16356,45.317341,-93.821838,289,"MN",352,"Archilochus","colubris","ruby-throated hummingbird","Animalia",61114,292,"Live individuals",2016,6,7,159,2457547,1,2016,6,7,159,2457547,1
16356,45.317341,-93.821838,289,"MN",352,"Archilochus","colubris","ruby-throated hummingbird","Animalia",61114,292,"Live individuals",2016,6,9,161,2457549,1,2016,6,9,161,2457549,1
16356,45.317341,-93.821838,289,"MN",352,"Archilochus","colubris","ruby-throated hummingbird","Animalia",61114,292,"Live individuals",2016,6,14,166,2457554,1,2016,6,23,175,2457563,2
16356,45.317341,-93.821838,289,"MN",352,"Archilochus","colubris","ruby-throated hummingbird","Animalia",61114,292,"Live individuals",2016,6,27,179,2457567,2,2016,7,1,183,2457571,9
16356,45.317341,-93.821838,289,"MN",352,"Archilochus","colubris","ruby-throated hummingbird","Animalia",61114,292,"Live individuals",2016,7,16,198,2457586,6,2016,8,16,229,2457617,6
16356,45.317341,-93.821838,289,"MN",352,"Archilochus","colubris","ruby-throated hummingbird","Animalia",61114,292,"Live individuals",2016,8,23,236,2457624,1,2016,9,12,256,2457644,7
16356,45.317341,-93.821838,289,"MN",352,"Archilochus","colubris","ruby-throated hummingbird","Animalia",61114,293,"Calls or song (birds)",2016,6,4,156,2457544,2,2016,6,4,156,2457544,1
16356,45.317341,-93.821838,289,"MN",352,"Archilochus","colubris","ruby-throated hummingbird","Animalia",61114,293,"Calls or song (birds)",2016,6,9,161,2457549,1,2016,6,9,161,2457549,1
16356,45.317341,-93.821838,289,"MN",352,"Archilochus","colubris","ruby-throated hummingbird","Animalia",61114,293,"Calls or song (birds)",2016,6,27,179,2457567,2,2016,7,1,183,2457571,9
16356,45.317341,-93.821838,289,"MN",352,"Archilochus","colubris","ruby-throated hummingbird","Animalia",61114,293,"Calls or song (birds)",2016,7,16,198,2457586,6,2016,7,24,206,2457594,1
16356,45.317341,-93.821838,289,"MN",352,"Archilochus","colubris","ruby-throated hummingbird","Animalia",61114,293,"Calls or song (birds)",2016,8,16,229,2457617,22,2016,8,16,229,2457617,6
16356,45.317341,-93.821838,289,"MN",352,"Archilochus","colubris","ruby-throated hummingbird","Animalia",61114,293,"Calls or song (birds)",2016,8,23,236,2457624,1,2016,8,31,244,2457632,2
16356,45.317341,-93.821838,289,"MN",352,"Archilochus","colubris","ruby-throated hummingbird","Animalia",61114,446,"Feeding",2016,5,24,145,2457533,6,2016,6,1,153,2457541,1
16356,45.317341,-93.821838,289,"MN",352,"Archilochus","colubris","ruby-throated hummingbird","Animalia",61114,446,"Feeding",2016,6,4,156,2457544,2,2016,6,5,157,2457545,1
16356,45.317341,-93.821838,289,"MN",352,"Archilochus","colubris","ruby-throated hummingbird","Animalia",61114,446,"Feeding",2016,6,7,159,2457547,1,2016,6,7,159,2457547,1
16356,45.317341,-93.821838,289,"MN",352,"Archilochus","colubris","ruby-throated hummingbird","Animalia",61114,446,"Feeding",2016,6,9,161,2457549,1,2016,6,9,161,2457549,1
16356,45.317341,-93.821838,289,"MN",352,"Archilochus","colubris","ruby-throated hummingbird","Animalia",61114,446,"Feeding",2016,6,14,166,2457554,1,2016,6,23,175,2457563,2
16356,45.317341,-93.821838,289,"MN",352,"Archilochus","colubris","ruby-throated hummingbird","Animalia",61114,446,"Feeding",2016,6,27,179,2457567,2,2016,7,1,183,2457571,9
16356,45.317341,-93.821838,289,"MN",352,"Archilochus","colubris","ruby-throated hummingbird","Animalia",61114,446,"Feeding",2016,7,16,198,2457586,6,2016,8,16,229,2457617,6
16356,45.317341,-93.821838,289,"MN",352,"Archilochus","colubris","ruby-throated hummingbird","Animalia",61114,446,"Feeding",2016,8,23,236,2457624,1,2016,9,12,256,2457644,7
16356,45.317341,-93.821838,289,"MN",352,"Archilochus","colubris","ruby-throated hummingbird","Animalia",61114,457,"Insect consumption",2016,7,1,183,2457571,1,2016,7,1,183,2457571,9
16356,45.317341,-93.821838,289,"MN",352,"Archilochus","colubris","ruby-throated hummingbird","Animalia",61114,458,"Individuals at a feeding station",2016,5,24,145,2457533,6,2016,6,1,153,2457541,1
16356,45.317341,-93.821838,289,"MN",352,"Archilochus","colubris","ruby-throated hummingbird","Animalia",61114,458,"Individuals at a feeding station",2016,6,4,156,2457544,2,2016,6,5,157,2457545,1
16356,45.317341,-93.821838,289,"MN",352,"Archilochus","colubris","ruby-throated hummingbird","Animalia",61114,458,"Individuals at a feeding station",2016,6,7,159,2457547,1,2016,6,7,159,2457547,1
16356,45.317341,-93.821838,289,"MN",352,"Archilochus","colubris","ruby-throated hummingbird","Animalia",61114,458,"Individuals at a feeding station",2016,6,9,161,2457549,1,2016,6,9,161,2457549,1
16356,45.317341,-93.821838,289,"MN",352,"Archilochus","colubris","ruby-throated hummingbird","Animalia",61114,458,"Individuals at a feeding station",2016,6,14,166,2457554,1,2016,6,23,175,2457563,2
16356,45.317341,-93.821838,289,"MN",352,"Archilochus","colubris","ruby-throated hummingbird","Animalia",61114,458,"Individuals at a feeding station",2016,6,27,179,2457567,2,2016,7,1,183,2457571,9
16356,45.317341,-93.821838,289,"MN",352,"Archilochus","colubris","ruby-throated hummingbird","Animalia",61114,458,"Individuals at a feeding station",2016,7,16,198,2457586,6,2016,8,16,229,2457617,6
16356,45.317341,-93.821838,289,"MN",352,"Archilochus","colubris","ruby-throated hummingbird","Animalia",61114,458,"Individuals at a feeding station",2016,8,23,236,2457624,1,2016,9,12,256,2457644,7
18347,43.346775,-70.557152,9,"ME",352,"Archilochus","colubris","ruby-throated hummingbird","Animalia",72387,292,"Live individuals",2016,5,10,131,2457519,5,2016,5,30,151,2457539,3
18347,43.346775,-70.557152,9,"ME",352,"Archilochus","colubris","ruby-throated hummingbird","Animalia",72387,292,"Live individuals",2016,6,6,158,2457546,4,2016,7,7,189,2457577,5
18347,43.346775,-70.557152,9,"ME",352,"Archilochus","colubris","ruby-throated hummingbird","Animalia",72387,292,"Live individuals",2016,7,19,201,2457589,4,2016,8,25,238,2457626,4
18347,43.346775,-70.557152,9,"ME",352,"Archilochus","colubris","ruby-throated hummingbird","Animalia",72387,293,"Calls or song (birds)",2016,5,19,140,2457528,3,2016,5,19,140,2457528,4
18347,43.346775,-70.557152,9,"ME",352,"Archilochus","colubris","ruby-throated hummingbird","Animalia",72387,293,"Calls or song (birds)",2016,5,27,148,2457536,4,2016,5,30,151,2457539,3
18347,43.346775,-70.557152,9,"ME",352,"Archilochus","colubris","ruby-throated hummingbird","Animalia",72387,293,"Calls or song (birds)",2016,6,27,179,2457567,4,2016,7,4,186,2457574,3
18347,43.346775,-70.557152,9,"ME",352,"Archilochus","colubris","ruby-throated hummingbird","Animalia",72387,294,"Singing individuals (birds)",2016,5,19,140,2457528,3,2016,5,19,140,2457528,4
18347,43.346775,-70.557152,9,"ME",352,"Archilochus","colubris","ruby-throated hummingbird","Animalia",72387,294,"Singing individuals (birds)",2016,5,27,148,2457536,4,2016,5,30,151,2457539,3
18347,43.346775,-70.557152,9,"ME",352,"Archilochus","colubris","ruby-throated hummingbird","Animalia",72387,294,"Singing individuals (birds)",2016,6,27,179,2457567,4,2016,6,27,179,2457567,7
18347,43.346775,-70.557152,9,"ME",352,"Archilochus","colubris","ruby-throated hummingbird","Animalia",72387,312,"Flower visitation",2016,5,19,140,2457528,3,2016,5,19,140,2457528,4
18347,43.346775,-70.557152,9,"ME",352,"Archilochus","colubris","ruby-throated hummingbird","Animalia",72387,312,"Flower visitation",2016,5,27,148,2457536,4,2016,5,30,151,2457539,3
18347,43.346775,-70.557152,9,"ME",352,"Archilochus","colubris","ruby-throated hummingbird","Animalia",72387,312,"Flower visitation",2016,6,30,182,2457570,3,2016,7,7,189,2457577,5
18347,43.346775,-70.557152,9,"ME",352,"Archilochus","colubris","ruby-throated hummingbird","Animalia",72387,312,"Flower visitation",2016,8,4,217,2457605,3,2016,8,8,221,2457609,3
18347,43.346775,-70.557152,9,"ME",352,"Archilochus","colubris","ruby-throated hummingbird","Animalia",72387,312,"Flower visitation",2016,8,18,231,2457619,2,2016,8,18,231,2457619,4
18347,43.346775,-70.557152,9,"ME",352,"Archilochus","colubris","ruby-throated hummingbird","Animalia",72387,446,"Feeding",2016,5,10,131,2457519,5,2016,5,30,151,2457539,3
18347,43.346775,-70.557152,9,"ME",352,"Archilochus","colubris","ruby-throated hummingbird","Animalia",72387,446,"Feeding",2016,6,6,158,2457546,4,2016,7,7,189,2457577,5
18347,43.346775,-70.557152,9,"ME",352,"Archilochus","colubris","ruby-throated hummingbird","Animalia",72387,446,"Feeding",2016,7,19,201,2457589,4,2016,8,25,238,2457626,4
18347,43.346775,-70.557152,9,"ME",352,"Archilochus","colubris","ruby-throated hummingbird","Animalia",72387,458,"Individuals at a feeding station",2016,5,10,131,2457519,5,2016,5,30,151,2457539,3
18347,43.346775,-70.557152,9,"ME",352,"Archilochus","colubris","ruby-throated hummingbird","Animalia",72387,458,"Individuals at a feeding station",2016,6,6,158,2457546,4,2016,7,7,189,2457577,5
18347,43.346775,-70.557152,9,"ME",352,"Archilochus","colubris","ruby-throated hummingbird","Animalia",72387,458,"Individuals at a feeding station",2016,7,19,201,2457589,4,2016,8,25,238,2457626,4
19949,42.096577,-71.394127,89,"MA",352,"Archilochus","colubris","ruby-throated hummingbird","Animalia",81472,292,"Live individuals",2016,5,14,135,2457523,27,2016,9,12,256,2457644,96
19949,42.096577,-71.394127,89,"MA",352,"Archilochus","colubris","ruby-throated hummingbird","Animalia",81472,312,"Flower visitation",2016,8,16,229,2457617,44,2016,8,16,229,2457617,1
19949,42.096577,-71.394127,89,"MA",352,"Archilochus","colubris","ruby-throated hummingbird","Animalia",81472,312,"Flower visitation",2016,8,23,236,2457624,6,2016,9,12,256,2457644,96
19949,42.096577,-71.394127,89,"MA",352,"Archilochus","colubris","ruby-throated hummingbird","Animalia",81472,315,"Dead individuals",2016,8,17,230,2457618,1,2016,8,17,230,2457618,6
19949,42.096577,-71.394127,89,"MA",352,"Archilochus","colubris","ruby-throated hummingbird","Animalia",81472,446,"Feeding",2016,5,14,135,2457523,27,2016,8,16,229,2457617,1
19949,42.096577,-71.394127,89,"MA",352,"Archilochus","colubris","ruby-throated hummingbird","Animalia",81472,446,"Feeding",2016,8,23,236,2457624,6,2016,9,12,256,2457644,96
19949,42.096577,-71.394127,89,"MA",352,"Archilochus","colubris","ruby-throated hummingbird","Animalia",81472,458,"Individuals at a feeding station",2016,5,14,135,2457523,27,2016,8,16,229,2457617,1
19949,42.096577,-71.394127,89,"MA",352,"Archilochus","colubris","ruby-throated hummingbird","Animalia",81472,458,"Individuals at a feeding station",2016,8,21,234,2457622,4,2016,9,12,256,2457644,96
16696,44.65258,-93.632935,263,"MN",352,"Archilochus","colubris","ruby-throated hummingbird","Animalia",82671,292,"Live individuals",2016,5,19,140,2457528,24,2016,6,21,173,2457561,NA
16696,44.65258,-93.632935,263,"MN",352,"Archilochus","colubris","ruby-throated hummingbird","Animalia",82671,293,"Calls or song (birds)",2016,5,19,140,2457528,24,2016,5,19,140,2457528,6
16696,44.65258,-93.632935,263,"MN",352,"Archilochus","colubris","ruby-throated hummingbird","Animalia",82671,312,"Flower visitation",2016,5,25,146,2457534,30,2016,6,21,173,2457561,NA
16696,44.65258,-93.632935,263,"MN",352,"Archilochus","colubris","ruby-throated hummingbird","Animalia",82671,446,"Feeding",2016,5,19,140,2457528,24,2016,6,21,173,2457561,NA
16696,44.65258,-93.632935,263,"MN",352,"Archilochus","colubris","ruby-throated hummingbird","Animalia",82671,458,"Individuals at a feeding station",2016,5,19,140,2457528,24,2016,6,21,173,2457561,NA
11155,38.786587,-94.68634,315,"KS",352,"Archilochus","colubris","ruby-throated hummingbird","Animalia",83835,292,"Live individuals",2016,9,3,247,2457635,8,2016,9,14,258,2457646,8
11155,38.786587,-94.68634,315,"KS",352,"Archilochus","colubris","ruby-throated hummingbird","Animalia",83835,312,"Flower visitation",2016,9,3,247,2457635,8,2016,9,3,247,2457635,6
11155,38.786587,-94.68634,315,"KS",352,"Archilochus","colubris","ruby-throated hummingbird","Animalia",83835,312,"Flower visitation",2016,9,14,258,2457646,5,2016,9,14,258,2457646,8
11155,38.786587,-94.68634,315,"KS",352,"Archilochus","colubris","ruby-throated hummingbird","Animalia",83835,446,"Feeding",2016,9,3,247,2457635,8,2016,9,3,247,2457635,6
11155,38.786587,-94.68634,315,"KS",352,"Archilochus","colubris","ruby-throated hummingbird","Animalia",83835,446,"Feeding",2016,9,14,258,2457646,5,2016,9,14,258,2457646,8
11155,38.786587,-94.68634,315,"KS",352,"Archilochus","colubris","ruby-throated hummingbird","Animalia",83835,458,"Individuals at a feeding station",2016,9,14,258,2457646,5,2016,9,14,258,2457646,8
11154,38.799816,-94.690666,311,"KS",352,"Archilochus","colubris","ruby-throated hummingbird","Animalia",83842,292,"Live individuals",2016,6,15,167,2457555,21,2016,6,15,167,2457555,23
11154,38.799816,-94.690666,311,"KS",352,"Archilochus","colubris","ruby-throated hummingbird","Animalia",83842,292,"Live individuals",2016,9,9,253,2457641,23,2016,9,9,253,2457641,20
11154,38.799816,-94.690666,311,"KS",352,"Archilochus","colubris","ruby-throated hummingbird","Animalia",83842,446,"Feeding",2016,6,15,167,2457555,21,2016,6,15,167,2457555,23
11154,38.799816,-94.690666,311,"KS",352,"Archilochus","colubris","ruby-throated hummingbird","Animalia",83842,458,"Individuals at a feeding station",2016,6,15,167,2457555,21,2016,6,15,167,2457555,23
20080,38.799042,-94.6894,311,"KS",352,"Archilochus","colubris","ruby-throated hummingbird","Animalia",83844,292,"Live individuals",2016,8,26,239,2457627,13,2016,8,26,239,2457627,8
20080,38.799042,-94.6894,311,"KS",352,"Archilochus","colubris","ruby-throated hummingbird","Animalia",83844,292,"Live individuals",2016,9,14,258,2457646,5,2016,9,14,258,2457646,8
20080,38.799042,-94.6894,311,"KS",352,"Archilochus","colubris","ruby-throated hummingbird","Animalia",83844,312,"Flower visitation",2016,9,14,258,2457646,5,2016,9,14,258,2457646,8
20080,38.799042,-94.6894,311,"KS",352,"Archilochus","colubris","ruby-throated hummingbird","Animalia",83844,446,"Feeding",2016,8,26,239,2457627,13,2016,8,26,239,2457627,8
20080,38.799042,-94.6894,311,"KS",352,"Archilochus","colubris","ruby-throated hummingbird","Animalia",83844,446,"Feeding",2016,9,14,258,2457646,5,2016,9,14,258,2457646,8
20080,38.799042,-94.6894,311,"KS",352,"Archilochus","colubris","ruby-throated hummingbird","Animalia",83844,458,"Individuals at a feeding station",2016,8,26,239,2457627,13,2016,8,26,239,2457627,8
20080,38.799042,-94.6894,311,"KS",352,"Archilochus","colubris","ruby-throated hummingbird","Animalia",83844,458,"Individuals at a feeding station",2016,9,14,258,2457646,5,2016,9,14,258,2457646,8
20868,43.834942,-70.468422,92,"ME",352,"Archilochus","colubris","ruby-throated hummingbird","Animalia",89264,292,"Live individuals",2016,5,14,135,2457523,NA,2016,5,14,135,2457523,20
20868,43.834942,-70.468422,92,"ME",352,"Archilochus","colubris","ruby-throated hummingbird","Animalia",89264,312,"Flower visitation",2016,5,14,135,2457523,NA,2016,5,14,135,2457523,20
20853,43.671261,-70.36834,24,"ME",352,"Archilochus","colubris","ruby-throated hummingbird","Animalia",89288,292,"Live individuals",2016,7,16,198,2457586,2,2016,8,8,221,2457609,NA
20853,43.671261,-70.36834,24,"ME",352,"Archilochus","colubris","ruby-throated hummingbird","Animalia",89288,312,"Flower visitation",2016,7,16,198,2457586,2,2016,8,8,221,2457609,NA
20853,43.671261,-70.36834,24,"ME",352,"Archilochus","colubris","ruby-throated hummingbird","Animalia",89288,446,"Feeding",2016,7,16,198,2457586,2,2016,8,8,221,2457609,NA
20590,37.284962,-78.404274,128,"VA",352,"Archilochus","colubris","ruby-throated hummingbird","Animalia",90489,292,"Live individuals",2016,4,16,107,2457495,9,2016,4,16,107,2457495,NA
6579,43.078892,-85.627914,224,"MI",352,"Archilochus","colubris","ruby-throated hummingbird","Animalia",94262,292,"Live individuals",2016,5,5,126,2457514,6,2016,9,16,260,2457648,22
6579,43.078892,-85.627914,224,"MI",352,"Archilochus","colubris","ruby-throated hummingbird","Animalia",94262,293,"Calls or song (birds)",2016,5,5,126,2457514,6,2016,6,23,175,2457563,38
6579,43.078892,-85.627914,224,"MI",352,"Archilochus","colubris","ruby-throated hummingbird","Animalia",94262,312,"Flower visitation",2016,8,7,220,2457608,7,2016,9,16,260,2457648,22
6579,43.078892,-85.627914,224,"MI",352,"Archilochus","colubris","ruby-throated hummingbird","Animalia",94262,446,"Feeding",2016,5,5,126,2457514,6,2016,9,16,260,2457648,22
6579,43.078892,-85.627914,224,"MI",352,"Archilochus","colubris","ruby-throated hummingbird","Animalia",94262,458,"Individuals at a feeding station",2016,5,5,126,2457514,6,2016,9,16,260,2457648,22
17414,42.936153,-73.433449,147,"NY",352,"Archilochus","colubris","ruby-throated hummingbird","Animalia",103211,292,"Live individuals",2016,5,8,129,2457517,1,2016,9,17,261,2457649,8
17414,42.936153,-73.433449,147,"NY",352,"Archilochus","colubris","ruby-throated hummingbird","Animalia",103211,293,"Calls or song (birds)",2016,5,14,135,2457523,2,2016,5,21,142,2457530,4
17414,42.936153,-73.433449,147,"NY",352,"Archilochus","colubris","ruby-throated hummingbird","Animalia",103211,296,"Mating (male on top)",2016,5,14,135,2457523,2,2016,5,21,142,2457530,4
17414,42.936153,-73.433449,147,"NY",352,"Archilochus","colubris","ruby-throated hummingbird","Animalia",103211,446,"Feeding",2016,5,8,129,2457517,1,2016,9,17,261,2457649,8
17414,42.936153,-73.433449,147,"NY",352,"Archilochus","colubris","ruby-throated hummingbird","Animalia",103211,458,"Individuals at a feeding station",2016,5,12,133,2457521,4,2016,9,17,261,2457649,8
22994,43.581566,-70.211563,8,"ME",352,"Archilochus","colubris","ruby-throated hummingbird","Animalia",104189,292,"Live individuals",2016,7,21,203,2457591,15,2016,7,21,203,2457591,26
22994,43.581566,-70.211563,8,"ME",352,"Archilochus","colubris","ruby-throated hummingbird","Animalia",104189,312,"Flower visitation",2016,7,21,203,2457591,15,2016,7,21,203,2457591,26
22994,43.581566,-70.211563,8,"ME",352,"Archilochus","colubris","ruby-throated hummingbird","Animalia",104189,446,"Feeding",2016,7,21,203,2457591,15,2016,7,21,203,2457591,26
23269,44.064526,-69.538147,39,"ME",352,"Archilochus","colubris","ruby-throated hummingbird","Animalia",106503,292,"Live individuals",2016,7,6,188,2457576,12,2016,7,6,188,2457576,6
23269,44.064526,-69.538147,39,"ME",352,"Archilochus","colubris","ruby-throated hummingbird","Animalia",106503,292,"Live individuals",2016,8,6,219,2457607,8,2016,8,19,232,2457620,25
23269,44.064526,-69.538147,39,"ME",352,"Archilochus","colubris","ruby-throated hummingbird","Animalia",106503,312,"Flower visitation",2016,7,6,188,2457576,12,2016,7,6,188,2457576,6
23269,44.064526,-69.538147,39,"ME",352,"Archilochus","colubris","ruby-throated hummingbird","Animalia",106503,446,"Feeding",2016,8,6,219,2457607,8,2016,8,19,232,2457620,25
21062,46.995705,-92.273186,419,"MN",352,"Archilochus","colubris","ruby-throated hummingbird","Animalia",107316,292,"Live individuals",2016,5,14,135,2457523,6,2016,5,29,150,2457538,NA
21062,46.995705,-92.273186,419,"MN",352,"Archilochus","colubris","ruby-throated hummingbird","Animalia",107316,446,"Feeding",2016,5,19,140,2457528,5,2016,5,21,142,2457530,8
21062,46.995705,-92.273186,419,"MN",352,"Archilochus","colubris","ruby-throated hummingbird","Animalia",107316,458,"Individuals at a feeding station",2016,5,14,135,2457523,6,2016,5,21,142,2457530,8
23405,39.226494,-82.039848,260,"OH",352,"Archilochus","colubris","ruby-throated hummingbird","Animalia",107800,292,"Live individuals",2016,4,26,117,2457505,NA,2016,5,13,134,2457522,NA
23405,39.226494,-82.039848,260,"OH",352,"Archilochus","colubris","ruby-throated hummingbird","Animalia",107800,446,"Feeding",2016,4,26,117,2457505,NA,2016,5,13,134,2457522,NA
23405,39.226494,-82.039848,260,"OH",352,"Archilochus","colubris","ruby-throated hummingbird","Animalia",107800,458,"Individuals at a feeding station",2016,5,13,134,2457522,NA,2016,5,13,134,2457522,NA
20245,44.922821,-92.795654,247,"MN",352,"Archilochus","colubris","ruby-throated hummingbird","Animalia",110271,292,"Live individuals",2016,5,13,134,2457522,NA,2016,5,13,134,2457522,NA
20245,44.922821,-92.795654,247,"MN",352,"Archilochus","colubris","ruby-throated hummingbird","Animalia",110271,446,"Feeding",2016,5,13,134,2457522,NA,2016,5,13,134,2457522,NA
20245,44.922821,-92.795654,247,"MN",352,"Archilochus","colubris","ruby-throated hummingbird","Animalia",110271,458,"Individuals at a feeding station",2016,5,13,134,2457522,NA,2016,5,13,134,2457522,NA
17103,47.033489,-94.447609,420,"MN",352,"Archilochus","colubris","ruby-throated hummingbird","Animalia",110300,292,"Live individuals",2016,5,13,134,2457522,NA,2016,6,2,154,2457542,NA
17103,47.033489,-94.447609,420,"MN",352,"Archilochus","colubris","ruby-throated hummingbird","Animalia",110300,293,"Calls or song (birds)",2016,5,27,148,2457536,14,2016,5,27,148,2457536,6
17103,47.033489,-94.447609,420,"MN",352,"Archilochus","colubris","ruby-throated hummingbird","Animalia",110300,446,"Feeding",2016,5,13,134,2457522,NA,2016,6,2,154,2457542,NA
17103,47.033489,-94.447609,420,"MN",352,"Archilochus","colubris","ruby-throated hummingbird","Animalia",110300,458,"Individuals at a feeding station",2016,5,13,134,2457522,NA,2016,6,2,154,2457542,NA
23638,40.121601,-80.804253,355,"OH",352,"Archilochus","colubris","ruby-throated hummingbird","Animalia",111132,292,"Live individuals",2016,5,22,143,2457531,NA,2016,5,22,143,2457531,NA
23638,40.121601,-80.804253,355,"OH",352,"Archilochus","colubris","ruby-throated hummingbird","Animalia",111132,446,"Feeding",2016,5,22,143,2457531,NA,2016,5,22,143,2457531,NA
23638,40.121601,-80.804253,355,"OH",352,"Archilochus","colubris","ruby-throated hummingbird","Animalia",111132,458,"Individuals at a feeding station",2016,5,22,143,2457531,NA,2016,5,22,143,2457531,NA
23605,46.207329,-94.384193,360,"MN",352,"Archilochus","colubris","ruby-throated hummingbird","Animalia",111734,292,"Live individuals",2016,5,15,136,2457524,NA,2016,5,15,136,2457524,NA
23605,46.207329,-94.384193,360,"MN",352,"Archilochus","colubris","ruby-throated hummingbird","Animalia",111734,446,"Feeding",2016,5,15,136,2457524,NA,2016,5,15,136,2457524,NA
23605,46.207329,-94.384193,360,"MN",352,"Archilochus","colubris","ruby-throated hummingbird","Animalia",111734,458,"Individuals at a feeding station",2016,5,15,136,2457524,NA,2016,5,15,136,2457524,NA
23716,44.159771,-70.93782,137,"ME",352,"Archilochus","colubris","ruby-throated hummingbird","Animalia",111826,292,"Live individuals",2016,6,9,161,2457549,NA,2016,7,3,185,2457573,NA
23716,44.159771,-70.93782,137,"ME",352,"Archilochus","colubris","ruby-throated hummingbird","Animalia",111826,293,"Calls or song (birds)",2016,6,9,161,2457549,NA,2016,7,3,185,2457573,NA
23716,44.159771,-70.93782,137,"ME",352,"Archilochus","colubris","ruby-throated hummingbird","Animalia",111826,312,"Flower visitation",2016,6,9,161,2457549,NA,2016,7,3,185,2457573,NA
23716,44.159771,-70.93782,137,"ME",352,"Archilochus","colubris","ruby-throated hummingbird","Animalia",111826,446,"Feeding",2016,6,9,161,2457549,NA,2016,7,3,185,2457573,NA
23716,44.159771,-70.93782,137,"ME",352,"Archilochus","colubris","ruby-throated hummingbird","Animalia",111826,458,"Individuals at a feeding station",2016,6,9,161,2457549,NA,2016,7,3,185,2457573,NA
23714,44.158642,-70.939087,136,"ME",352,"Archilochus","colubris","ruby-throated hummingbird","Animalia",111827,292,"Live individuals",2016,6,3,155,2457543,NA,2016,9,2,246,2457634,NA
23714,44.158642,-70.939087,136,"ME",352,"Archilochus","colubris","ruby-throated hummingbird","Animalia",111827,293,"Calls or song (birds)",2016,6,3,155,2457543,NA,2016,9,2,246,2457634,NA
23714,44.158642,-70.939087,136,"ME",352,"Archilochus","colubris","ruby-throated hummingbird","Animalia",111827,312,"Flower visitation",2016,6,26,178,2457566,23,2016,9,2,246,2457634,NA
23714,44.158642,-70.939087,136,"ME",352,"Archilochus","colubris","ruby-throated hummingbird","Animalia",111827,446,"Feeding",2016,6,3,155,2457543,NA,2016,9,2,246,2457634,NA
23714,44.158642,-70.939087,136,"ME",352,"Archilochus","colubris","ruby-throated hummingbird","Animalia",111827,458,"Individuals at a feeding station",2016,6,3,155,2457543,NA,2016,9,2,246,2457634,NA
23719,44.159801,-70.937897,137,"ME",352,"Archilochus","colubris","ruby-throated hummingbird","Animalia",111829,293,"Calls or song (birds)",2016,7,30,212,2457600,NA,2016,8,10,223,2457611,29
23719,44.159801,-70.937897,137,"ME",352,"Archilochus","colubris","ruby-throated hummingbird","Animalia",111829,294,"Singing individuals (birds)",2016,8,10,223,2457611,11,2016,8,10,223,2457611,29
23719,44.159801,-70.937897,137,"ME",352,"Archilochus","colubris","ruby-throated hummingbird","Animalia",111829,312,"Flower visitation",2016,7,30,212,2457600,NA,2016,8,10,223,2457611,29
23719,44.159801,-70.937897,137,"ME",352,"Archilochus","colubris","ruby-throated hummingbird","Animalia",111829,457,"Insect consumption",2016,8,10,223,2457611,NA,2016,8,10,223,2457611,28
23719,44.159801,-70.937897,137,"ME",352,"Archilochus","colubris","ruby-throated hummingbird","Animalia",111829,458,"Individuals at a feeding station",2016,7,30,212,2457600,NA,2016,8,10,223,2457611,29
23728,39.062557,-92.281158,249,"MO",352,"Archilochus","colubris","ruby-throated hummingbird","Animalia",111924,458,"Individuals at a feeding station",2016,6,4,156,2457544,NA,2016,6,4,156,2457544,NA
741,33.910358,-84.611221,310,"GA",352,"Archilochus","colubris","ruby-throated hummingbird","Animalia",112150,292,"Live individuals",2016,4,18,109,2457497,NA,2016,4,18,109,2457497,NA
741,33.910358,-84.611221,310,"GA",352,"Archilochus","colubris","ruby-throated hummingbird","Animalia",112150,293,"Calls or song (birds)",2016,4,18,109,2457497,NA,2016,4,18,109,2457497,NA
741,33.910358,-84.611221,310,"GA",352,"Archilochus","colubris","ruby-throated hummingbird","Animalia",112150,458,"Individuals at a feeding station",2016,4,18,109,2457497,NA,2016,4,18,109,2457497,NA
23753,42.758427,-75.663376,484,"NY",352,"Archilochus","colubris","ruby-throated hummingbird","Animalia",112854,292,"Live individuals",2016,7,2,184,2457572,NA,2016,9,1,245,2457633,NA
23753,42.758427,-75.663376,484,"NY",352,"Archilochus","colubris","ruby-throated hummingbird","Animalia",112854,312,"Flower visitation",2016,7,3,185,2457573,NA,2016,7,3,185,2457573,NA
23753,42.758427,-75.663376,484,"NY",352,"Archilochus","colubris","ruby-throated hummingbird","Animalia",112854,446,"Feeding",2016,7,3,185,2457573,NA,2016,7,20,202,2457590,NA
23753,42.758427,-75.663376,484,"NY",352,"Archilochus","colubris","ruby-throated hummingbird","Animalia",112854,458,"Individuals at a feeding station",2016,7,1,183,2457571,NA,2016,9,1,245,2457633,NA
24049,39.899471,-82.818909,238,"OH",352,"Archilochus","colubris","ruby-throated hummingbird","Animalia",113803,292,"Live individuals",2016,7,28,210,2457598,NA,2016,7,28,210,2457598,NA
24049,39.899471,-82.818909,238,"OH",352,"Archilochus","colubris","ruby-throated hummingbird","Animalia",113803,293,"Calls or song (birds)",2016,7,28,210,2457598,NA,2016,7,28,210,2457598,NA
24049,39.899471,-82.818909,238,"OH",352,"Archilochus","colubris","ruby-throated hummingbird","Animalia",113803,446,"Feeding",2016,7,28,210,2457598,NA,2016,7,28,210,2457598,NA
24049,39.899471,-82.818909,238,"OH",352,"Archilochus","colubris","ruby-throated hummingbird","Animalia",113803,458,"Individuals at a feeding station",2016,7,28,210,2457598,NA,2016,7,28,210,2457598,NA
24202,32.604485,-92.051353,25,"LA",352,"Archilochus","colubris","ruby-throated hummingbird","Animalia",114822,292,"Live individuals",2016,9,7,251,2457639,NA,2016,9,7,251,2457639,NA
24202,32.604485,-92.051353,25,"LA",352,"Archilochus","colubris","ruby-throated hummingbird","Animalia",114822,294,"Singing individuals (birds)",2016,9,7,251,2457639,NA,2016,9,7,251,2457639,NA
24202,32.604485,-92.051353,25,"LA",352,"Archilochus","colubris","ruby-throated hummingbird","Animalia",114822,446,"Feeding",2016,9,7,251,2457639,NA,2016,9,7,251,2457639,NA
24202,32.604485,-92.051353,25,"LA",352,"Archilochus","colubris","ruby-throated hummingbird","Animalia",114822,458,"Individuals at a feeding station",2016,9,7,251,2457639,NA,2016,9,7,251,2457639,NA
24285,36.002525,-79.061302,155,"NC",352,"Archilochus","colubris","ruby-throated hummingbird","Animalia",115090,292,"Live individuals",2016,9,11,255,2457643,NA,2016,9,24,268,2457656,NA
24285,36.002525,-79.061302,155,"NC",352,"Archilochus","colubris","ruby-throated hummingbird","Animalia",115090,293,"Calls or song (birds)",2016,9,11,255,2457643,NA,2016,9,24,268,2457656,NA
24285,36.002525,-79.061302,155,"NC",352,"Archilochus","colubris","ruby-throated hummingbird","Animalia",115090,446,"Feeding",2016,9,11,255,2457643,NA,2016,9,24,268,2457656,NA
24285,36.002525,-79.061302,155,"NC",352,"Archilochus","colubris","ruby-throated hummingbird","Animalia",115090,458,"Individuals at a feeding station",2016,9,11,255,2457643,NA,2016,9,24,268,2457656,NA
24378,34.981602,-85.346863,400,"GA",352,"Archilochus","colubris","ruby-throated hummingbird","Animalia",115390,292,"Live individuals",2016,9,16,260,2457648,NA,2016,9,16,260,2457648,NA
24378,34.981602,-85.346863,400,"GA",352,"Archilochus","colubris","ruby-throated hummingbird","Animalia",115390,446,"Feeding",2016,9,16,260,2457648,NA,2016,9,16,260,2457648,NA
5583,45.196041,-70.459015,368,"ME",352,"Archilochus","colubris","ruby-throated hummingbird","Animalia",12474,292,"Live individuals",2017,6,19,170,2457924,11,2017,6,19,170,2457924,19
5674,44.910587,-70.266861,261,"ME",352,"Archilochus","colubris","ruby-throated hummingbird","Animalia",12712,292,"Live individuals",2017,5,7,127,2457881,7,2017,8,13,225,2457979,7
5674,44.910587,-70.266861,261,"ME",352,"Archilochus","colubris","ruby-throated hummingbird","Animalia",12712,295,"Territorial individuals (birds)",2017,5,7,127,2457881,7,2017,8,13,225,2457979,7
5674,44.910587,-70.266861,261,"ME",352,"Archilochus","colubris","ruby-throated hummingbird","Animalia",12712,312,"Flower visitation",2017,5,28,148,2457902,7,2017,8,13,225,2457979,7
5674,44.910587,-70.266861,261,"ME",352,"Archilochus","colubris","ruby-throated hummingbird","Animalia",12712,340,"Courtship ",2017,6,4,155,2457909,7,2017,6,4,155,2457909,7
5674,44.910587,-70.266861,261,"ME",352,"Archilochus","colubris","ruby-throated hummingbird","Animalia",12712,458,"Individuals at a feeding station",2017,5,14,134,2457888,7,2017,8,13,225,2457979,7
5674,44.910587,-70.266861,261,"ME",352,"Archilochus","colubris","ruby-throated hummingbird","Animalia",12712,542,"Feeding (or foraging)",2017,5,7,127,2457881,7,2017,8,13,225,2457979,7
8496,46.328629,-96.061256,393,"MN",352,"Archilochus","colubris","ruby-throated hummingbird","Animalia",25784,292,"Live individuals",2017,5,22,142,2457896,5,2017,9,21,264,2458018,9
8496,46.328629,-96.061256,393,"MN",352,"Archilochus","colubris","ruby-throated hummingbird","Animalia",25784,458,"Individuals at a feeding station",2017,5,22,142,2457896,5,2017,7,2,183,2457937,4
8496,46.328629,-96.061256,393,"MN",352,"Archilochus","colubris","ruby-throated hummingbird","Animalia",25784,458,"Individuals at a feeding station",2017,7,15,196,2457950,9,2017,9,21,264,2458018,9
8496,46.328629,-96.061256,393,"MN",352,"Archilochus","colubris","ruby-throated hummingbird","Animalia",25784,542,"Feeding (or foraging)",2017,5,22,142,2457896,5,2017,7,2,183,2457937,4
8496,46.328629,-96.061256,393,"MN",352,"Archilochus","colubris","ruby-throated hummingbird","Animalia",25784,542,"Feeding (or foraging)",2017,7,15,196,2457950,9,2017,9,21,264,2458018,9
8715,43.522804,-70.802277,215,"ME",352,"Archilochus","colubris","ruby-throated hummingbird","Animalia",28193,292,"Live individuals",2017,5,3,123,2457877,6,2017,8,4,216,2457970,NA
8715,43.522804,-70.802277,215,"ME",352,"Archilochus","colubris","ruby-throated hummingbird","Animalia",28193,312,"Flower visitation",2017,7,4,185,2457939,5,2017,7,4,185,2457939,10
8715,43.522804,-70.802277,215,"ME",352,"Archilochus","colubris","ruby-throated hummingbird","Animalia",28193,312,"Flower visitation",2017,8,4,216,2457970,21,2017,8,4,216,2457970,NA
8715,43.522804,-70.802277,215,"ME",352,"Archilochus","colubris","ruby-throated hummingbird","Animalia",28193,458,"Individuals at a feeding station",2017,5,10,130,2457884,7,2017,6,2,153,2457907,6
8715,43.522804,-70.802277,215,"ME",352,"Archilochus","colubris","ruby-throated hummingbird","Animalia",28193,458,"Individuals at a feeding station",2017,7,4,185,2457939,5,2017,7,14,195,2457949,21
8715,43.522804,-70.802277,215,"ME",352,"Archilochus","colubris","ruby-throated hummingbird","Animalia",28193,542,"Feeding (or foraging)",2017,5,10,130,2457884,7,2017,6,2,153,2457907,6
8715,43.522804,-70.802277,215,"ME",352,"Archilochus","colubris","ruby-throated hummingbird","Animalia",28193,542,"Feeding (or foraging)",2017,6,29,180,2457934,8,2017,7,4,185,2457939,10
8715,43.522804,-70.802277,215,"ME",352,"Archilochus","colubris","ruby-throated hummingbird","Animalia",28193,542,"Feeding (or foraging)",2017,8,4,216,2457970,21,2017,8,4,216,2457970,NA
8718,42.32473,-89.120316,246,"IL",352,"Archilochus","colubris","ruby-throated hummingbird","Animalia",28261,292,"Live individuals",2017,5,11,131,2457885,NA,2017,5,11,131,2457885,NA
8718,42.32473,-89.120316,246,"IL",352,"Archilochus","colubris","ruby-throated hummingbird","Animalia",28261,542,"Feeding (or foraging)",2017,5,11,131,2457885,NA,2017,5,11,131,2457885,NA
8736,44.903229,-93.217445,248,"MN",352,"Archilochus","colubris","ruby-throated hummingbird","Animalia",28356,292,"Live individuals",2017,7,27,208,2457962,1,2017,7,27,208,2457962,1
8736,44.903229,-93.217445,248,"MN",352,"Archilochus","colubris","ruby-throated hummingbird","Animalia",28356,292,"Live individuals",2017,8,8,220,2457974,1,2017,8,9,221,2457975,1
8736,44.903229,-93.217445,248,"MN",352,"Archilochus","colubris","ruby-throated hummingbird","Animalia",28356,292,"Live individuals",2017,8,24,236,2457990,1,2017,8,24,236,2457990,5
8736,44.903229,-93.217445,248,"MN",352,"Archilochus","colubris","ruby-throated hummingbird","Animalia",28356,458,"Individuals at a feeding station",2017,7,27,208,2457962,1,2017,7,27,208,2457962,1
8736,44.903229,-93.217445,248,"MN",352,"Archilochus","colubris","ruby-throated hummingbird","Animalia",28356,458,"Individuals at a feeding station",2017,8,24,236,2457990,1,2017,8,24,236,2457990,5
8736,44.903229,-93.217445,248,"MN",352,"Archilochus","colubris","ruby-throated hummingbird","Animalia",28356,542,"Feeding (or foraging)",2017,8,24,236,2457990,1,2017,8,24,236,2457990,5
8947,37.521179,-77.52739,63,"VA",352,"Archilochus","colubris","ruby-throated hummingbird","Animalia",30413,293,"Calls or song (birds)",2017,6,1,152,2457906,6,2017,6,1,152,2457906,14
8418,32.363758,-94.873947,115,"TX",352,"Archilochus","colubris","ruby-throated hummingbird","Animalia",30980,292,"Live individuals",2017,4,5,95,2457849,3,2017,4,5,95,2457849,4
8418,32.363758,-94.873947,115,"TX",352,"Archilochus","colubris","ruby-throated hummingbird","Animalia",30980,292,"Live individuals",2017,4,30,120,2457874,4,2017,5,21,141,2457895,4
8418,32.363758,-94.873947,115,"TX",352,"Archilochus","colubris","ruby-throated hummingbird","Animalia",30980,292,"Live individuals",2017,6,4,155,2457909,4,2017,6,18,169,2457923,3
8418,32.363758,-94.873947,115,"TX",352,"Archilochus","colubris","ruby-throated hummingbird","Animalia",30980,292,"Live individuals",2017,7,2,183,2457937,7,2017,8,13,225,2457979,7
8418,32.363758,-94.873947,115,"TX",352,"Archilochus","colubris","ruby-throated hummingbird","Animalia",30980,292,"Live individuals",2017,8,23,235,2457989,3,2017,8,30,242,2457996,4
8418,32.363758,-94.873947,115,"TX",352,"Archilochus","colubris","ruby-throated hummingbird","Animalia",30980,292,"Live individuals",2017,9,10,253,2458007,4,2017,9,17,260,2458014,3
8418,32.363758,-94.873947,115,"TX",352,"Archilochus","colubris","ruby-throated hummingbird","Animalia",30980,292,"Live individuals",2017,9,24,267,2458021,4,2017,9,24,267,2458021,3
8418,32.363758,-94.873947,115,"TX",352,"Archilochus","colubris","ruby-throated hummingbird","Animalia",30980,292,"Live individuals",2017,10,1,274,2458028,4,2017,10,8,281,2458035,3
8418,32.363758,-94.873947,115,"TX",352,"Archilochus","colubris","ruby-throated hummingbird","Animalia",30980,292,"Live individuals",2017,10,15,288,2458042,4,2017,10,15,288,2458042,3
8418,32.363758,-94.873947,115,"TX",352,"Archilochus","colubris","ruby-throated hummingbird","Animalia",30980,293,"Calls or song (birds)",2017,4,30,120,2457874,4,2017,5,14,134,2457888,3
8418,32.363758,-94.873947,115,"TX",352,"Archilochus","colubris","ruby-throated hummingbird","Animalia",30980,293,"Calls or song (birds)",2017,6,14,165,2457919,3,2017,6,18,169,2457923,3
8418,32.363758,-94.873947,115,"TX",352,"Archilochus","colubris","ruby-throated hummingbird","Animalia",30980,293,"Calls or song (birds)",2017,8,13,225,2457979,4,2017,8,13,225,2457979,7
8418,32.363758,-94.873947,115,"TX",352,"Archilochus","colubris","ruby-throated hummingbird","Animalia",30980,293,"Calls or song (birds)",2017,8,23,235,2457989,3,2017,8,27,239,2457993,3
8418,32.363758,-94.873947,115,"TX",352,"Archilochus","colubris","ruby-throated hummingbird","Animalia",30980,293,"Calls or song (birds)",2017,9,10,253,2458007,4,2017,9,10,253,2458007,3
8418,32.363758,-94.873947,115,"TX",352,"Archilochus","colubris","ruby-throated hummingbird","Animalia",30980,293,"Calls or song (birds)",2017,9,17,260,2458014,4,2017,9,17,260,2458014,3
8418,32.363758,-94.873947,115,"TX",352,"Archilochus","colubris","ruby-throated hummingbird","Animalia",30980,293,"Calls or song (birds)",2017,9,24,267,2458021,4,2017,9,24,267,2458021,3
8418,32.363758,-94.873947,115,"TX",352,"Archilochus","colubris","ruby-throated hummingbird","Animalia",30980,293,"Calls or song (birds)",2017,10,1,274,2458028,4,2017,10,1,274,2458028,3
8418,32.363758,-94.873947,115,"TX",352,"Archilochus","colubris","ruby-throated hummingbird","Animalia",30980,293,"Calls or song (birds)",2017,10,8,281,2458035,4,2017,10,8,281,2458035,3
8418,32.363758,-94.873947,115,"TX",352,"Archilochus","colubris","ruby-throated hummingbird","Animalia",30980,295,"Territorial individuals (birds)",2017,4,30,120,2457874,4,2017,4,30,120,2457874,3
8418,32.363758,-94.873947,115,"TX",352,"Archilochus","colubris","ruby-throated hummingbird","Animalia",30980,295,"Territorial individuals (birds)",2017,5,7,127,2457881,4,2017,5,10,130,2457884,4
8418,32.363758,-94.873947,115,"TX",352,"Archilochus","colubris","ruby-throated hummingbird","Animalia",30980,295,"Territorial individuals (birds)",2017,5,17,137,2457891,3,2017,5,17,137,2457891,4
8418,32.363758,-94.873947,115,"TX",352,"Archilochus","colubris","ruby-throated hummingbird","Animalia",30980,295,"Territorial individuals (birds)",2017,6,18,169,2457923,4,2017,6,18,169,2457923,3
8418,32.363758,-94.873947,115,"TX",352,"Archilochus","colubris","ruby-throated hummingbird","Animalia",30980,295,"Territorial individuals (birds)",2017,7,9,190,2457944,4,2017,7,9,190,2457944,3
8418,32.363758,-94.873947,115,"TX",352,"Archilochus","colubris","ruby-throated hummingbird","Animalia",30980,295,"Territorial individuals (birds)",2017,8,6,218,2457972,25,2017,8,6,218,2457972,3
8418,32.363758,-94.873947,115,"TX",352,"Archilochus","colubris","ruby-throated hummingbird","Animalia",30980,295,"Territorial individuals (birds)",2017,8,13,225,2457979,4,2017,8,13,225,2457979,7
8418,32.363758,-94.873947,115,"TX",352,"Archilochus","colubris","ruby-throated hummingbird","Animalia",30980,295,"Territorial individuals (birds)",2017,8,23,235,2457989,3,2017,8,27,239,2457993,3
8418,32.363758,-94.873947,115,"TX",352,"Archilochus","colubris","ruby-throated hummingbird","Animalia",30980,295,"Territorial individuals (birds)",2017,9,10,253,2458007,4,2017,9,10,253,2458007,3
8418,32.363758,-94.873947,115,"TX",352,"Archilochus","colubris","ruby-throated hummingbird","Animalia",30980,295,"Territorial individuals (birds)",2017,9,17,260,2458014,4,2017,9,17,260,2458014,3
8418,32.363758,-94.873947,115,"TX",352,"Archilochus","colubris","ruby-throated hummingbird","Animalia",30980,295,"Territorial individuals (birds)",2017,9,24,267,2458021,4,2017,9,24,267,2458021,3
8418,32.363758,-94.873947,115,"TX",352,"Archilochus","colubris","ruby-throated hummingbird","Animalia",30980,295,"Territorial individuals (birds)",2017,10,1,274,2458028,4,2017,10,1,274,2458028,3
8418,32.363758,-94.873947,115,"TX",352,"Archilochus","colubris","ruby-throated hummingbird","Animalia",30980,295,"Territorial individuals (birds)",2017,10,8,281,2458035,4,2017,10,8,281,2458035,3
8418,32.363758,-94.873947,115,"TX",352,"Archilochus","colubris","ruby-throated hummingbird","Animalia",30980,312,"Flower visitation",2017,5,3,123,2457877,3,2017,5,7,127,2457881,3
8418,32.363758,-94.873947,115,"TX",352,"Archilochus","colubris","ruby-throated hummingbird","Animalia",30980,312,"Flower visitation",2017,5,14,134,2457888,4,2017,5,17,137,2457891,4
8418,32.363758,-94.873947,115,"TX",352,"Archilochus","colubris","ruby-throated hummingbird","Animalia",30980,312,"Flower visitation",2017,6,11,162,2457916,7,2017,6,11,162,2457916,3
8418,32.363758,-94.873947,115,"TX",352,"Archilochus","colubris","ruby-throated hummingbird","Animalia",30980,312,"Flower visitation",2017,6,18,169,2457923,4,2017,6,18,169,2457923,3
8418,32.363758,-94.873947,115,"TX",352,"Archilochus","colubris","ruby-throated hummingbird","Animalia",30980,312,"Flower visitation",2017,7,2,183,2457937,7,2017,7,9,190,2457944,3
8418,32.363758,-94.873947,115,"TX",352,"Archilochus","colubris","ruby-throated hummingbird","Animalia",30980,312,"Flower visitation",2017,8,13,225,2457979,4,2017,8,13,225,2457979,7
8418,32.363758,-94.873947,115,"TX",352,"Archilochus","colubris","ruby-throated hummingbird","Animalia",30980,312,"Flower visitation",2017,8,27,239,2457993,4,2017,8,27,239,2457993,3
8418,32.363758,-94.873947,115,"TX",352,"Archilochus","colubris","ruby-throated hummingbird","Animalia",30980,312,"Flower visitation",2017,9,10,253,2458007,4,2017,9,17,260,2458014,3
8418,32.363758,-94.873947,115,"TX",352,"Archilochus","colubris","ruby-throated hummingbird","Animalia",30980,312,"Flower visitation",2017,9,24,267,2458021,4,2017,9,24,267,2458021,3
8418,32.363758,-94.873947,115,"TX",352,"Archilochus","colubris","ruby-throated hummingbird","Animalia",30980,312,"Flower visitation",2017,10,1,274,2458028,4,2017,10,1,274,2458028,3
8418,32.363758,-94.873947,115,"TX",352,"Archilochus","colubris","ruby-throated hummingbird","Animalia",30980,315,"Dead individuals",2017,9,27,270,2458024,3,2017,9,27,270,2458024,4
8418,32.363758,-94.873947,115,"TX",352,"Archilochus","colubris","ruby-throated hummingbird","Animalia",30980,457,"Insect consumption",2017,8,27,239,2457993,4,2017,8,27,239,2457993,3
8418,32.363758,-94.873947,115,"TX",352,"Archilochus","colubris","ruby-throated hummingbird","Animalia",30980,458,"Individuals at a feeding station",2017,4,30,120,2457874,4,2017,5,21,141,2457895,4
8418,32.363758,-94.873947,115,"TX",352,"Archilochus","colubris","ruby-throated hummingbird","Animalia",30980,458,"Individuals at a feeding station",2017,6,4,155,2457909,4,2017,6,4,155,2457909,7
8418,32.363758,-94.873947,115,"TX",352,"Archilochus","colubris","ruby-throated hummingbird","Animalia",30980,458,"Individuals at a feeding station",2017,6,14,165,2457919,3,2017,6,18,169,2457923,3
8418,32.363758,-94.873947,115,"TX",352,"Archilochus","colubris","ruby-throated hummingbird","Animalia",30980,458,"Individuals at a feeding station",2017,7,2,183,2457937,7,2017,7,2,183,2457937,3
8418,32.363758,-94.873947,115,"TX",352,"Archilochus","colubris","ruby-throated hummingbird","Animalia",30980,458,"Individuals at a feeding station",2017,7,9,190,2457944,4,2017,7,9,190,2457944,3
8418,32.363758,-94.873947,115,"TX",352,"Archilochus","colubris","ruby-throated hummingbird","Animalia",30980,458,"Individuals at a feeding station",2017,8,6,218,2457972,25,2017,8,13,225,2457979,7
8418,32.363758,-94.873947,115,"TX",352,"Archilochus","colubris","ruby-throated hummingbird","Animalia",30980,458,"Individuals at a feeding station",2017,8,27,239,2457993,4,2017,8,30,242,2457996,4
8418,32.363758,-94.873947,115,"TX",352,"Archilochus","colubris","ruby-throated hummingbird","Animalia",30980,458,"Individuals at a feeding station",2017,9,10,253,2458007,4,2017,9,10,253,2458007,3
8418,32.363758,-94.873947,115,"TX",352,"Archilochus","colubris","ruby-throated hummingbird","Animalia",30980,458,"Individuals at a feeding station",2017,9,17,260,2458014,4,2017,9,17,260,2458014,3
8418,32.363758,-94.873947,115,"TX",352,"Archilochus","colubris","ruby-throated hummingbird","Animalia",30980,458,"Individuals at a feeding station",2017,9,24,267,2458021,4,2017,9,24,267,2458021,3
8418,32.363758,-94.873947,115,"TX",352,"Archilochus","colubris","ruby-throated hummingbird","Animalia",30980,458,"Individuals at a feeding station",2017,10,1,274,2458028,4,2017,10,8,281,2458035,3
8418,32.363758,-94.873947,115,"TX",352,"Archilochus","colubris","ruby-throated hummingbird","Animalia",30980,458,"Individuals at a feeding station",2017,10,15,288,2458042,4,2017,10,15,288,2458042,3
8418,32.363758,-94.873947,115,"TX",352,"Archilochus","colubris","ruby-throated hummingbird","Animalia",30980,542,"Feeding (or foraging)",2017,4,30,120,2457874,4,2017,5,21,141,2457895,4
8418,32.363758,-94.873947,115,"TX",352,"Archilochus","colubris","ruby-throated hummingbird","Animalia",30980,542,"Feeding (or foraging)",2017,6,4,155,2457909,4,2017,6,18,169,2457923,3
8418,32.363758,-94.873947,115,"TX",352,"Archilochus","colubris","ruby-throated hummingbird","Animalia",30980,542,"Feeding (or foraging)",2017,7,2,183,2457937,7,2017,7,9,190,2457944,3
8418,32.363758,-94.873947,115,"TX",352,"Archilochus","colubris","ruby-throated hummingbird","Animalia",30980,542,"Feeding (or foraging)",2017,8,6,218,2457972,25,2017,8,13,225,2457979,7
8418,32.363758,-94.873947,115,"TX",352,"Archilochus","colubris","ruby-throated hummingbird","Animalia",30980,542,"Feeding (or foraging)",2017,8,27,239,2457993,4,2017,8,30,242,2457996,4
8418,32.363758,-94.873947,115,"TX",352,"Archilochus","colubris","ruby-throated hummingbird","Animalia",30980,542,"Feeding (or foraging)",2017,9,10,253,2458007,4,2017,9,17,260,2458014,3
8418,32.363758,-94.873947,115,"TX",352,"Archilochus","colubris","ruby-throated hummingbird","Animalia",30980,542,"Feeding (or foraging)",2017,9,24,267,2458021,4,2017,9,24,267,2458021,3
8418,32.363758,-94.873947,115,"TX",352,"Archilochus","colubris","ruby-throated hummingbird","Animalia",30980,542,"Feeding (or foraging)",2017,10,1,274,2458028,4,2017,10,8,281,2458035,3
8418,32.363758,-94.873947,115,"TX",352,"Archilochus","colubris","ruby-throated hummingbird","Animalia",30980,542,"Feeding (or foraging)",2017,10,15,288,2458042,4,2017,10,15,288,2458042,3
9993,43.999718,-69.55117,22,"ME",352,"Archilochus","colubris","ruby-throated hummingbird","Animalia",38327,292,"Live individuals",2017,6,5,156,2457910,19,2017,7,3,184,2457938,NA
9993,43.999718,-69.55117,22,"ME",352,"Archilochus","colubris","ruby-throated hummingbird","Animalia",38327,312,"Flower visitation",2017,6,5,156,2457910,19,2017,7,3,184,2457938,NA
9993,43.999718,-69.55117,22,"ME",352,"Archilochus","colubris","ruby-throated hummingbird","Animalia",38327,542,"Feeding (or foraging)",2017,6,5,156,2457910,19,2017,7,3,184,2457938,NA
10145,42.602543,-83.250992,277,"MI",352,"Archilochus","colubris","ruby-throated hummingbird","Animalia",38951,292,"Live individuals",2017,5,19,139,2457893,3,2017,5,19,139,2457893,4
10145,42.602543,-83.250992,277,"MI",352,"Archilochus","colubris","ruby-throated hummingbird","Animalia",38951,292,"Live individuals",2017,6,14,165,2457919,1,2017,6,14,165,2457919,3
10145,42.602543,-83.250992,277,"MI",352,"Archilochus","colubris","ruby-throated hummingbird","Animalia",38951,292,"Live individuals",2017,6,24,175,2457929,1,2017,6,24,175,2457929,1
10145,42.602543,-83.250992,277,"MI",352,"Archilochus","colubris","ruby-throated hummingbird","Animalia",38951,292,"Live individuals",2017,8,8,220,2457974,1,2017,8,8,220,2457974,1
10145,42.602543,-83.250992,277,"MI",352,"Archilochus","colubris","ruby-throated hummingbird","Animalia",38951,292,"Live individuals",2017,8,15,227,2457981,1,2017,8,15,227,2457981,1
10145,42.602543,-83.250992,277,"MI",352,"Archilochus","colubris","ruby-throated hummingbird","Animalia",38951,292,"Live individuals",2017,8,25,237,2457991,2,2017,8,25,237,2457991,2
10145,42.602543,-83.250992,277,"MI",352,"Archilochus","colubris","ruby-throated hummingbird","Animalia",38951,292,"Live individuals",2017,8,28,240,2457994,1,2017,8,29,241,2457995,1
10145,42.602543,-83.250992,277,"MI",352,"Archilochus","colubris","ruby-throated hummingbird","Animalia",38951,292,"Live individuals",2017,9,4,247,2458001,1,2017,9,4,247,2458001,1
10145,42.602543,-83.250992,277,"MI",352,"Archilochus","colubris","ruby-throated hummingbird","Animalia",38951,458,"Individuals at a feeding station",2017,5,19,139,2457893,3,2017,5,23,143,2457897,7
10145,42.602543,-83.250992,277,"MI",352,"Archilochus","colubris","ruby-throated hummingbird","Animalia",38951,458,"Individuals at a feeding station",2017,6,1,152,2457906,1,2017,6,1,152,2457906,1
10145,42.602543,-83.250992,277,"MI",352,"Archilochus","colubris","ruby-throated hummingbird","Animalia",38951,458,"Individuals at a feeding station",2017,6,3,154,2457908,1,2017,6,4,155,2457909,1
10145,42.602543,-83.250992,277,"MI",352,"Archilochus","colubris","ruby-throated hummingbird","Animalia",38951,458,"Individuals at a feeding station",2017,6,7,158,2457912,2,2017,6,9,160,2457914,1
10145,42.602543,-83.250992,277,"MI",352,"Archilochus","colubris","ruby-throated hummingbird","Animalia",38951,458,"Individuals at a feeding station",2017,6,13,164,2457918,1,2017,6,13,164,2457918,1
10145,42.602543,-83.250992,277,"MI",352,"Archilochus","colubris","ruby-throated hummingbird","Animalia",38951,458,"Individuals at a feeding station",2017,6,17,168,2457922,3,2017,6,17,168,2457922,2
10145,42.602543,-83.250992,277,"MI",352,"Archilochus","colubris","ruby-throated hummingbird","Animalia",38951,458,"Individuals at a feeding station",2017,6,21,172,2457926,1,2017,6,23,174,2457928,1
10145,42.602543,-83.250992,277,"MI",352,"Archilochus","colubris","ruby-throated hummingbird","Animalia",38951,458,"Individuals at a feeding station",2017,6,25,176,2457930,1,2017,6,28,179,2457933,1
10145,42.602543,-83.250992,277,"MI",352,"Archilochus","colubris","ruby-throated hummingbird","Animalia",38951,458,"Individuals at a feeding station",2017,6,30,181,2457935,1,2017,6,30,181,2457935,1
10145,42.602543,-83.250992,277,"MI",352,"Archilochus","colubris","ruby-throated hummingbird","Animalia",38951,458,"Individuals at a feeding station",2017,7,4,185,2457939,2,2017,7,9,190,2457944,1
10145,42.602543,-83.250992,277,"MI",352,"Archilochus","colubris","ruby-throated hummingbird","Animalia",38951,458,"Individuals at a feeding station",2017,7,11,192,2457946,1,2017,7,11,192,2457946,1
10145,42.602543,-83.250992,277,"MI",352,"Archilochus","colubris","ruby-throated hummingbird","Animalia",38951,458,"Individuals at a feeding station",2017,7,13,194,2457948,1,2017,7,18,199,2457953,1
10145,42.602543,-83.250992,277,"MI",352,"Archilochus","colubris","ruby-throated hummingbird","Animalia",38951,458,"Individuals at a feeding station",2017,7,29,210,2457964,1,2017,7,29,210,2457964,1
10145,42.602543,-83.250992,277,"MI",352,"Archilochus","colubris","ruby-throated hummingbird","Animalia",38951,458,"Individuals at a feeding station",2017,7,31,212,2457966,1,2017,8,1,213,2457967,1
10145,42.602543,-83.250992,277,"MI",352,"Archilochus","colubris","ruby-throated hummingbird","Animalia",38951,458,"Individuals at a feeding station",2017,8,9,221,2457975,1,2017,8,12,224,2457978,1
10145,42.602543,-83.250992,277,"MI",352,"Archilochus","colubris","ruby-throated hummingbird","Animalia",38951,458,"Individuals at a feeding station",2017,8,14,226,2457980,1,2017,8,14,226,2457980,1
10145,42.602543,-83.250992,277,"MI",352,"Archilochus","colubris","ruby-throated hummingbird","Animalia",38951,458,"Individuals at a feeding station",2017,8,19,231,2457985,1,2017,8,20,232,2457986,1
10145,42.602543,-83.250992,277,"MI",352,"Archilochus","colubris","ruby-throated hummingbird","Animalia",38951,458,"Individuals at a feeding station",2017,8,22,234,2457988,1,2017,8,22,234,2457988,1
11308,43.94474,-69.706696,11,"ME",352,"Archilochus","colubris","ruby-throated hummingbird","Animalia",46642,292,"Live individuals",2017,8,9,221,2457975,NA,2017,9,3,246,2458000,13
11308,43.94474,-69.706696,11,"ME",352,"Archilochus","colubris","ruby-throated hummingbird","Animalia",46642,293,"Calls or song (birds)",2017,8,9,221,2457975,NA,2017,9,3,246,2458000,13
11308,43.94474,-69.706696,11,"ME",352,"Archilochus","colubris","ruby-throated hummingbird","Animalia",46642,294,"Singing individuals (birds)",2017,8,9,221,2457975,NA,2017,8,9,221,2457975,25
11308,43.94474,-69.706696,11,"ME",352,"Archilochus","colubris","ruby-throated hummingbird","Animalia",46642,295,"Territorial individuals (birds)",2017,8,9,221,2457975,NA,2017,9,3,246,2458000,13
11308,43.94474,-69.706696,11,"ME",352,"Archilochus","colubris","ruby-throated hummingbird","Animalia",46642,312,"Flower visitation",2017,9,3,246,2458000,25,2017,9,3,246,2458000,13
11308,43.94474,-69.706696,11,"ME",352,"Archilochus","colubris","ruby-throated hummingbird","Animalia",46642,458,"Individuals at a feeding station",2017,8,9,221,2457975,NA,2017,9,3,246,2458000,13
11308,43.94474,-69.706696,11,"ME",352,"Archilochus","colubris","ruby-throated hummingbird","Animalia",46642,542,"Feeding (or foraging)",2017,8,9,221,2457975,NA,2017,9,3,246,2458000,13
16356,45.317341,-93.821838,289,"MN",352,"Archilochus","colubris","ruby-throated hummingbird","Animalia",61114,292,"Live individuals",2017,5,8,128,2457882,4,2017,5,9,129,2457883,2
16356,45.317341,-93.821838,289,"MN",352,"Archilochus","colubris","ruby-throated hummingbird","Animalia",61114,292,"Live individuals",2017,5,14,134,2457888,1,2017,5,14,134,2457888,1
16356,45.317341,-93.821838,289,"MN",352,"Archilochus","colubris","ruby-throated hummingbird","Animalia",61114,292,"Live individuals",2017,5,16,136,2457890,1,2017,5,16,136,2457890,1
16356,45.317341,-93.821838,289,"MN",352,"Archilochus","colubris","ruby-throated hummingbird","Animalia",61114,292,"Live individuals",2017,5,21,141,2457895,4,2017,5,31,151,2457905,2
16356,45.317341,-93.821838,289,"MN",352,"Archilochus","colubris","ruby-throated hummingbird","Animalia",61114,292,"Live individuals",2017,6,28,179,2457933,10,2017,7,1,182,2457936,4
16356,45.317341,-93.821838,289,"MN",352,"Archilochus","colubris","ruby-throated hummingbird","Animalia",61114,292,"Live individuals",2017,7,19,200,2457954,1,2017,8,2,214,2457968,16
16356,45.317341,-93.821838,289,"MN",352,"Archilochus","colubris","ruby-throated hummingbird","Animalia",61114,292,"Live individuals",2017,8,19,231,2457985,1,2017,8,25,237,2457991,2
16356,45.317341,-93.821838,289,"MN",352,"Archilochus","colubris","ruby-throated hummingbird","Animalia",61114,292,"Live individuals",2017,8,28,240,2457994,1,2017,9,17,260,2458014,4
16356,45.317341,-93.821838,289,"MN",352,"Archilochus","colubris","ruby-throated hummingbird","Animalia",61114,292,"Live individuals",2017,9,23,266,2458020,2,2017,9,23,266,2458020,NA
16356,45.317341,-93.821838,289,"MN",352,"Archilochus","colubris","ruby-throated hummingbird","Animalia",61114,293,"Calls or song (birds)",2017,5,21,141,2457895,4,2017,5,21,141,2457895,8
16356,45.317341,-93.821838,289,"MN",352,"Archilochus","colubris","ruby-throated hummingbird","Animalia",61114,293,"Calls or song (birds)",2017,8,21,233,2457987,1,2017,8,25,237,2457991,2
16356,45.317341,-93.821838,289,"MN",352,"Archilochus","colubris","ruby-throated hummingbird","Animalia",61114,293,"Calls or song (birds)",2017,9,12,255,2458009,2,2017,9,16,259,2458013,1
16356,45.317341,-93.821838,289,"MN",352,"Archilochus","colubris","ruby-throated hummingbird","Animalia",61114,295,"Territorial individuals (birds)",2017,8,19,231,2457985,1,2017,8,20,232,2457986,1
16356,45.317341,-93.821838,289,"MN",352,"Archilochus","colubris","ruby-throated hummingbird","Animalia",61114,295,"Territorial individuals (birds)",2017,8,22,234,2457988,1,2017,8,22,234,2457988,1
16356,45.317341,-93.821838,289,"MN",352,"Archilochus","colubris","ruby-throated hummingbird","Animalia",61114,295,"Territorial individuals (birds)",2017,9,4,247,2458001,3,2017,9,4,247,2458001,1
16356,45.317341,-93.821838,289,"MN",352,"Archilochus","colubris","ruby-throated hummingbird","Animalia",61114,295,"Territorial individuals (birds)",2017,9,17,260,2458014,1,2017,9,17,260,2458014,4
16356,45.317341,-93.821838,289,"MN",352,"Archilochus","colubris","ruby-throated hummingbird","Animalia",61114,312,"Flower visitation",2017,7,31,212,2457966,1,2017,7,31,212,2457966,2
16356,45.317341,-93.821838,289,"MN",352,"Archilochus","colubris","ruby-throated hummingbird","Animalia",61114,312,"Flower visitation",2017,8,22,234,2457988,1,2017,8,22,234,2457988,1
16356,45.317341,-93.821838,289,"MN",352,"Archilochus","colubris","ruby-throated hummingbird","Animalia",61114,312,"Flower visitation",2017,8,28,240,2457994,1,2017,8,28,240,2457994,4
16356,45.317341,-93.821838,289,"MN",352,"Archilochus","colubris","ruby-throated hummingbird","Animalia",61114,458,"Individuals at a feeding station",2017,5,8,128,2457882,4,2017,5,9,129,2457883,2
16356,45.317341,-93.821838,289,"MN",352,"Archilochus","colubris","ruby-throated hummingbird","Animalia",61114,458,"Individuals at a feeding station",2017,5,14,134,2457888,1,2017,5,14,134,2457888,1
16356,45.317341,-93.821838,289,"MN",352,"Archilochus","colubris","ruby-throated hummingbird","Animalia",61114,458,"Individuals at a feeding station",2017,5,16,136,2457890,1,2017,5,16,136,2457890,1
16356,45.317341,-93.821838,289,"MN",352,"Archilochus","colubris","ruby-throated hummingbird","Animalia",61114,458,"Individuals at a feeding station",2017,5,21,141,2457895,4,2017,5,31,151,2457905,2
16356,45.317341,-93.821838,289,"MN",352,"Archilochus","colubris","ruby-throated hummingbird","Animalia",61114,458,"Individuals at a feeding station",2017,6,28,179,2457933,10,2017,7,1,182,2457936,4
16356,45.317341,-93.821838,289,"MN",352,"Archilochus","colubris","ruby-throated hummingbird","Animalia",61114,458,"Individuals at a feeding station",2017,7,19,200,2457954,1,2017,8,2,214,2457968,16
16356,45.317341,-93.821838,289,"MN",352,"Archilochus","colubris","ruby-throated hummingbird","Animalia",61114,458,"Individuals at a feeding station",2017,8,19,231,2457985,1,2017,8,19,231,2457985,1
16356,45.317341,-93.821838,289,"MN",352,"Archilochus","colubris","ruby-throated hummingbird","Animalia",61114,458,"Individuals at a feeding station",2017,8,21,233,2457987,1,2017,8,25,237,2457991,2
16356,45.317341,-93.821838,289,"MN",352,"Archilochus","colubris","ruby-throated hummingbird","Animalia",61114,458,"Individuals at a feeding station",2017,8,28,240,2457994,1,2017,9,10,253,2458007,2
16356,45.317341,-93.821838,289,"MN",352,"Archilochus","colubris","ruby-throated hummingbird","Animalia",61114,458,"Individuals at a feeding station",2017,9,16,259,2458013,1,2017,9,17,260,2458014,4
16356,45.317341,-93.821838,289,"MN",352,"Archilochus","colubris","ruby-throated hummingbird","Animalia",61114,542,"Feeding (or foraging)",2017,5,8,128,2457882,4,2017,5,9,129,2457883,2
16356,45.317341,-93.821838,289,"MN",352,"Archilochus","colubris","ruby-throated hummingbird","Animalia",61114,542,"Feeding (or foraging)",2017,5,14,134,2457888,1,2017,5,14,134,2457888,1
16356,45.317341,-93.821838,289,"MN",352,"Archilochus","colubris","ruby-throated hummingbird","Animalia",61114,542,"Feeding (or foraging)",2017,5,16,136,2457890,1,2017,5,16,136,2457890,1
16356,45.317341,-93.821838,289,"MN",352,"Archilochus","colubris","ruby-throated hummingbird","Animalia",61114,542,"Feeding (or foraging)",2017,5,21,141,2457895,4,2017,5,31,151,2457905,2
16356,45.317341,-93.821838,289,"MN",352,"Archilochus","colubris","ruby-throated hummingbird","Animalia",61114,542,"Feeding (or foraging)",2017,6,28,179,2457933,10,2017,7,1,182,2457936,4
16356,45.317341,-93.821838,289,"MN",352,"Archilochus","colubris","ruby-throated hummingbird","Animalia",61114,542,"Feeding (or foraging)",2017,7,19,200,2457954,1,2017,8,2,214,2457968,16
16356,45.317341,-93.821838,289,"MN",352,"Archilochus","colubris","ruby-throated hummingbird","Animalia",61114,542,"Feeding (or foraging)",2017,8,19,231,2457985,1,2017,8,19,231,2457985,1
16356,45.317341,-93.821838,289,"MN",352,"Archilochus","colubris","ruby-throated hummingbird","Animalia",61114,542,"Feeding (or foraging)",2017,8,21,233,2457987,1,2017,8,25,237,2457991,2
16356,45.317341,-93.821838,289,"MN",352,"Archilochus","colubris","ruby-throated hummingbird","Animalia",61114,542,"Feeding (or foraging)",2017,8,28,240,2457994,1,2017,9,10,253,2458007,2
16356,45.317341,-93.821838,289,"MN",352,"Archilochus","colubris","ruby-throated hummingbird","Animalia",61114,542,"Feeding (or foraging)",2017,9,16,259,2458013,1,2017,9,17,260,2458014,4
18347,43.346775,-70.557152,9,"ME",352,"Archilochus","colubris","ruby-throated hummingbird","Animalia",72387,292,"Live individuals",2017,5,8,128,2457882,4,2017,5,8,128,2457882,3
18347,43.346775,-70.557152,9,"ME",352,"Archilochus","colubris","ruby-throated hummingbird","Animalia",72387,292,"Live individuals",2017,5,18,138,2457892,3,2017,5,22,142,2457896,3
18347,43.346775,-70.557152,9,"ME",352,"Archilochus","colubris","ruby-throated hummingbird","Animalia",72387,292,"Live individuals",2017,5,29,149,2457903,4,2017,9,4,247,2458001,3
18347,43.346775,-70.557152,9,"ME",352,"Archilochus","colubris","ruby-throated hummingbird","Animalia",72387,293,"Calls or song (birds)",2017,5,22,142,2457896,4,2017,5,22,142,2457896,3
18347,43.346775,-70.557152,9,"ME",352,"Archilochus","colubris","ruby-throated hummingbird","Animalia",72387,293,"Calls or song (birds)",2017,6,22,173,2457927,3,2017,6,22,173,2457927,4
18347,43.346775,-70.557152,9,"ME",352,"Archilochus","colubris","ruby-throated hummingbird","Animalia",72387,293,"Calls or song (birds)",2017,6,29,180,2457934,3,2017,7,6,187,2457941,4
18347,43.346775,-70.557152,9,"ME",352,"Archilochus","colubris","ruby-throated hummingbird","Animalia",72387,293,"Calls or song (birds)",2017,8,17,229,2457983,3,2017,8,24,236,2457990,4
18347,43.346775,-70.557152,9,"ME",352,"Archilochus","colubris","ruby-throated hummingbird","Animalia",72387,294,"Singing individuals (birds)",2017,7,3,184,2457938,4,2017,7,3,184,2457938,3
18347,43.346775,-70.557152,9,"ME",352,"Archilochus","colubris","ruby-throated hummingbird","Animalia",72387,308,"Fledged young (altricial birds)",2017,6,26,177,2457931,4,2017,6,29,180,2457934,4
18347,43.346775,-70.557152,9,"ME",352,"Archilochus","colubris","ruby-throated hummingbird","Animalia",72387,312,"Flower visitation",2017,5,18,138,2457892,3,2017,5,18,138,2457892,4
18347,43.346775,-70.557152,9,"ME",352,"Archilochus","colubris","ruby-throated hummingbird","Animalia",72387,312,"Flower visitation",2017,6,1,152,2457906,3,2017,6,5,156,2457910,3
18347,43.346775,-70.557152,9,"ME",352,"Archilochus","colubris","ruby-throated hummingbird","Animalia",72387,312,"Flower visitation",2017,6,15,166,2457920,3,2017,6,15,166,2457920,4
18347,43.346775,-70.557152,9,"ME",352,"Archilochus","colubris","ruby-throated hummingbird","Animalia",72387,312,"Flower visitation",2017,6,26,177,2457931,4,2017,6,29,180,2457934,4
18347,43.346775,-70.557152,9,"ME",352,"Archilochus","colubris","ruby-throated hummingbird","Animalia",72387,312,"Flower visitation",2017,7,13,194,2457948,3,2017,7,31,212,2457966,3
18347,43.346775,-70.557152,9,"ME",352,"Archilochus","colubris","ruby-throated hummingbird","Animalia",72387,312,"Flower visitation",2017,8,7,219,2457973,4,2017,8,21,233,2457987,3
18347,43.346775,-70.557152,9,"ME",352,"Archilochus","colubris","ruby-throated hummingbird","Animalia",72387,312,"Flower visitation",2017,8,28,240,2457994,4,2017,9,4,247,2458001,3
18347,43.346775,-70.557152,9,"ME",352,"Archilochus","colubris","ruby-throated hummingbird","Animalia",72387,458,"Individuals at a feeding station",2017,5,8,128,2457882,4,2017,5,8,128,2457882,3
18347,43.346775,-70.557152,9,"ME",352,"Archilochus","colubris","ruby-throated hummingbird","Animalia",72387,458,"Individuals at a feeding station",2017,5,18,138,2457892,3,2017,5,22,142,2457896,3
18347,43.346775,-70.557152,9,"ME",352,"Archilochus","colubris","ruby-throated hummingbird","Animalia",72387,458,"Individuals at a feeding station",2017,5,29,149,2457903,4,2017,9,4,247,2458001,3
18347,43.346775,-70.557152,9,"ME",352,"Archilochus","colubris","ruby-throated hummingbird","Animalia",72387,542,"Feeding (or foraging)",2017,5,8,128,2457882,4,2017,5,8,128,2457882,3
18347,43.346775,-70.557152,9,"ME",352,"Archilochus","colubris","ruby-throated hummingbird","Animalia",72387,542,"Feeding (or foraging)",2017,5,18,138,2457892,3,2017,5,22,142,2457896,3
18347,43.346775,-70.557152,9,"ME",352,"Archilochus","colubris","ruby-throated hummingbird","Animalia",72387,542,"Feeding (or foraging)",2017,5,29,149,2457903,4,2017,6,15,166,2457920,4
18347,43.346775,-70.557152,9,"ME",352,"Archilochus","colubris","ruby-throated hummingbird","Animalia",72387,542,"Feeding (or foraging)",2017,6,22,173,2457927,3,2017,9,4,247,2458001,3
16696,44.65258,-93.632935,263,"MN",352,"Archilochus","colubris","ruby-throated hummingbird","Animalia",82671,292,"Live individuals",2017,5,7,127,2457881,19,2017,6,10,161,2457915,NA
16696,44.65258,-93.632935,263,"MN",352,"Archilochus","colubris","ruby-throated hummingbird","Animalia",82671,458,"Individuals at a feeding station",2017,5,7,127,2457881,19,2017,6,10,161,2457915,NA
16696,44.65258,-93.632935,263,"MN",352,"Archilochus","colubris","ruby-throated hummingbird","Animalia",82671,542,"Feeding (or foraging)",2017,5,7,127,2457881,19,2017,6,10,161,2457915,NA
20787,43.899509,-69.957726,22,"ME",352,"Archilochus","colubris","ruby-throated hummingbird","Animalia",88624,292,"Live individuals",2017,5,22,142,2457896,1,2017,5,22,142,2457896,1
20787,43.899509,-69.957726,22,"ME",352,"Archilochus","colubris","ruby-throated hummingbird","Animalia",88624,312,"Flower visitation",2017,5,22,142,2457896,1,2017,5,22,142,2457896,1
20787,43.899509,-69.957726,22,"ME",352,"Archilochus","colubris","ruby-throated hummingbird","Animalia",88624,542,"Feeding (or foraging)",2017,5,22,142,2457896,1,2017,5,22,142,2457896,1
6579,43.078892,-85.627914,224,"MI",352,"Archilochus","colubris","ruby-throated hummingbird","Animalia",94262,292,"Live individuals",2017,5,14,134,2457888,17,2017,9,15,258,2458012,NA
6579,43.078892,-85.627914,224,"MI",352,"Archilochus","colubris","ruby-throated hummingbird","Animalia",94262,295,"Territorial individuals (birds)",2017,8,29,241,2457995,25,2017,9,3,246,2458000,12
6579,43.078892,-85.627914,224,"MI",352,"Archilochus","colubris","ruby-throated hummingbird","Animalia",94262,312,"Flower visitation",2017,5,14,134,2457888,17,2017,9,15,258,2458012,NA
6579,43.078892,-85.627914,224,"MI",352,"Archilochus","colubris","ruby-throated hummingbird","Animalia",94262,458,"Individuals at a feeding station",2017,5,14,134,2457888,17,2017,9,15,258,2458012,NA
6579,43.078892,-85.627914,224,"MI",352,"Archilochus","colubris","ruby-throated hummingbird","Animalia",94262,542,"Feeding (or foraging)",2017,5,14,134,2457888,17,2017,9,15,258,2458012,NA
17414,42.936153,-73.433449,147,"NY",352,"Archilochus","colubris","ruby-throated hummingbird","Animalia",103211,292,"Live individuals",2017,4,29,119,2457873,1,2017,4,29,119,2457873,4
17414,42.936153,-73.433449,147,"NY",352,"Archilochus","colubris","ruby-throated hummingbird","Animalia",103211,292,"Live individuals",2017,5,4,124,2457878,1,2017,10,1,274,2458028,7
17414,42.936153,-73.433449,147,"NY",352,"Archilochus","colubris","ruby-throated hummingbird","Animalia",103211,295,"Territorial individuals (birds)",2017,5,12,132,2457886,4,2017,5,28,148,2457902,6
17414,42.936153,-73.433449,147,"NY",352,"Archilochus","colubris","ruby-throated hummingbird","Animalia",103211,295,"Territorial individuals (birds)",2017,6,13,164,2457918,5,2017,6,18,169,2457923,6
17414,42.936153,-73.433449,147,"NY",352,"Archilochus","colubris","ruby-throated hummingbird","Animalia",103211,295,"Territorial individuals (birds)",2017,7,2,183,2457937,8,2017,7,22,203,2457957,6
17414,42.936153,-73.433449,147,"NY",352,"Archilochus","colubris","ruby-throated hummingbird","Animalia",103211,295,"Territorial individuals (birds)",2017,8,27,239,2457993,6,2017,8,27,239,2457993,6
17414,42.936153,-73.433449,147,"NY",352,"Archilochus","colubris","ruby-throated hummingbird","Animalia",103211,312,"Flower visitation",2017,6,13,164,2457918,5,2017,6,13,164,2457918,5
17414,42.936153,-73.433449,147,"NY",352,"Archilochus","colubris","ruby-throated hummingbird","Animalia",103211,312,"Flower visitation",2017,8,21,233,2457987,8,2017,8,21,233,2457987,6
17414,42.936153,-73.433449,147,"NY",352,"Archilochus","colubris","ruby-throated hummingbird","Animalia",103211,458,"Individuals at a feeding station",2017,5,12,132,2457886,4,2017,10,1,274,2458028,7
17414,42.936153,-73.433449,147,"NY",352,"Archilochus","colubris","ruby-throated hummingbird","Animalia",103211,542,"Feeding (or foraging)",2017,4,29,119,2457873,1,2017,4,29,119,2457873,4
17414,42.936153,-73.433449,147,"NY",352,"Archilochus","colubris","ruby-throated hummingbird","Animalia",103211,542,"Feeding (or foraging)",2017,5,4,124,2457878,1,2017,10,1,274,2458028,7
21062,46.995705,-92.273186,419,"MN",352,"Archilochus","colubris","ruby-throated hummingbird","Animalia",107316,292,"Live individuals",2017,5,21,141,2457895,NA,2017,6,4,155,2457909,NA
21062,46.995705,-92.273186,419,"MN",352,"Archilochus","colubris","ruby-throated hummingbird","Animalia",107316,340,"Courtship ",2017,5,29,149,2457903,8,2017,5,29,149,2457903,6
21062,46.995705,-92.273186,419,"MN",352,"Archilochus","colubris","ruby-throated hummingbird","Animalia",107316,458,"Individuals at a feeding station",2017,5,21,141,2457895,NA,2017,6,4,155,2457909,NA
21062,46.995705,-92.273186,419,"MN",352,"Archilochus","colubris","ruby-throated hummingbird","Animalia",107316,542,"Feeding (or foraging)",2017,5,21,141,2457895,NA,2017,6,4,155,2457909,NA
23753,42.758427,-75.663376,484,"NY",352,"Archilochus","colubris","ruby-throated hummingbird","Animalia",112854,292,"Live individuals",2017,5,15,135,2457889,NA,2017,9,2,245,2457999,NA
23753,42.758427,-75.663376,484,"NY",352,"Archilochus","colubris","ruby-throated hummingbird","Animalia",112854,293,"Calls or song (birds)",2017,8,11,223,2457977,14,2017,8,11,223,2457977,17
23753,42.758427,-75.663376,484,"NY",352,"Archilochus","colubris","ruby-throated hummingbird","Animalia",112854,295,"Territorial individuals (birds)",2017,7,28,209,2457963,1,2017,8,11,223,2457977,17
23753,42.758427,-75.663376,484,"NY",352,"Archilochus","colubris","ruby-throated hummingbird","Animalia",112854,458,"Individuals at a feeding station",2017,5,15,135,2457889,NA,2017,9,2,245,2457999,NA
23753,42.758427,-75.663376,484,"NY",352,"Archilochus","colubris","ruby-throated hummingbird","Animalia",112854,542,"Feeding (or foraging)",2017,5,16,136,2457890,1,2017,9,2,245,2457999,NA
24186,46.998295,-94.693855,425,"MN",352,"Archilochus","colubris","ruby-throated hummingbird","Animalia",114693,292,"Live individuals",2017,5,9,129,2457883,NA,2017,9,7,250,2458004,NA
24186,46.998295,-94.693855,425,"MN",352,"Archilochus","colubris","ruby-throated hummingbird","Animalia",114693,293,"Calls or song (birds)",2017,5,16,136,2457890,NA,2017,6,1,152,2457906,NA
24186,46.998295,-94.693855,425,"MN",352,"Archilochus","colubris","ruby-throated hummingbird","Animalia",114693,295,"Territorial individuals (birds)",2017,5,18,138,2457892,NA,2017,5,24,144,2457898,NA
24186,46.998295,-94.693855,425,"MN",352,"Archilochus","colubris","ruby-throated hummingbird","Animalia",114693,312,"Flower visitation",2017,5,25,145,2457899,NA,2017,9,6,249,2458003,NA
24186,46.998295,-94.693855,425,"MN",352,"Archilochus","colubris","ruby-throated hummingbird","Animalia",114693,340,"Courtship ",2017,5,29,149,2457903,NA,2017,6,2,153,2457907,NA
24186,46.998295,-94.693855,425,"MN",352,"Archilochus","colubris","ruby-throated hummingbird","Animalia",114693,458,"Individuals at a feeding station",2017,5,9,129,2457883,NA,2017,9,7,250,2458004,NA
24186,46.998295,-94.693855,425,"MN",352,"Archilochus","colubris","ruby-throated hummingbird","Animalia",114693,542,"Feeding (or foraging)",2017,5,9,129,2457883,NA,2017,9,7,250,2458004,NA
24260,43.83765,-70.424225,89,"ME",352,"Archilochus","colubris","ruby-throated hummingbird","Animalia",115039,458,"Individuals at a feeding station",2017,7,11,192,2457946,NA,2017,9,12,255,2458009,8
24566,44.859833,-93.216568,234,"MN",352,"Archilochus","colubris","ruby-throated hummingbird","Animalia",116324,292,"Live individuals",2017,7,8,189,2457943,9,2017,7,27,208,2457962,9
24566,44.859833,-93.216568,234,"MN",352,"Archilochus","colubris","ruby-throated hummingbird","Animalia",116324,542,"Feeding (or foraging)",2017,7,8,189,2457943,9,2017,7,8,189,2457943,19
25066,33.667664,-79.830627,17,"SC",352,"Archilochus","colubris","ruby-throated hummingbird","Animalia",119153,292,"Live individuals",2017,4,4,94,2457848,10,2017,4,8,98,2457852,12
25066,33.667664,-79.830627,17,"SC",352,"Archilochus","colubris","ruby-throated hummingbird","Animalia",119153,292,"Live individuals",2017,5,13,133,2457887,23,2017,5,13,133,2457887,NA
25066,33.667664,-79.830627,17,"SC",352,"Archilochus","colubris","ruby-throated hummingbird","Animalia",119153,295,"Territorial individuals (birds)",2017,5,13,133,2457887,23,2017,5,13,133,2457887,NA
25066,33.667664,-79.830627,17,"SC",352,"Archilochus","colubris","ruby-throated hummingbird","Animalia",119153,312,"Flower visitation",2017,4,4,94,2457848,10,2017,4,4,94,2457848,4
25066,33.667664,-79.830627,17,"SC",352,"Archilochus","colubris","ruby-throated hummingbird","Animalia",119153,458,"Individuals at a feeding station",2017,4,8,98,2457852,4,2017,4,20,110,2457864,23
25066,33.667664,-79.830627,17,"SC",352,"Archilochus","colubris","ruby-throated hummingbird","Animalia",119153,542,"Feeding (or foraging)",2017,4,4,94,2457848,10,2017,4,4,94,2457848,4
25361,36.44083,-84.323593,554,"TN",352,"Archilochus","colubris","ruby-throated hummingbird","Animalia",122201,292,"Live individuals",2017,4,18,108,2457862,1,2017,4,18,108,2457862,1
25361,36.44083,-84.323593,554,"TN",352,"Archilochus","colubris","ruby-throated hummingbird","Animalia",122201,292,"Live individuals",2017,4,21,111,2457865,1,2017,4,22,112,2457866,1
25361,36.44083,-84.323593,554,"TN",352,"Archilochus","colubris","ruby-throated hummingbird","Animalia",122201,292,"Live individuals",2017,5,5,125,2457879,1,2017,5,5,125,2457879,1
25361,36.44083,-84.323593,554,"TN",352,"Archilochus","colubris","ruby-throated hummingbird","Animalia",122201,292,"Live individuals",2017,6,9,160,2457914,1,2017,6,9,160,2457914,1
25361,36.44083,-84.323593,554,"TN",352,"Archilochus","colubris","ruby-throated hummingbird","Animalia",122201,292,"Live individuals",2017,6,15,166,2457920,1,2017,6,15,166,2457920,1
25361,36.44083,-84.323593,554,"TN",352,"Archilochus","colubris","ruby-throated hummingbird","Animalia",122201,292,"Live individuals",2017,7,5,186,2457940,2,2017,7,6,187,2457941,1
25361,36.44083,-84.323593,554,"TN",352,"Archilochus","colubris","ruby-throated hummingbird","Animalia",122201,292,"Live individuals",2017,7,8,189,2457943,1,2017,7,8,189,2457943,1
25361,36.44083,-84.323593,554,"TN",352,"Archilochus","colubris","ruby-throated hummingbird","Animalia",122201,292,"Live individuals",2017,8,18,230,2457984,1,2017,8,18,230,2457984,1
25361,36.44083,-84.323593,554,"TN",352,"Archilochus","colubris","ruby-throated hummingbird","Animalia",122201,292,"Live individuals",2017,8,21,233,2457987,1,2017,8,21,233,2457987,1
25361,36.44083,-84.323593,554,"TN",352,"Archilochus","colubris","ruby-throated hummingbird","Animalia",122201,292,"Live individuals",2017,8,29,241,2457995,1,2017,8,29,241,2457995,1
25361,36.44083,-84.323593,554,"TN",352,"Archilochus","colubris","ruby-throated hummingbird","Animalia",122201,292,"Live individuals",2017,9,9,252,2458006,1,2017,9,11,254,2458008,4
25361,36.44083,-84.323593,554,"TN",352,"Archilochus","colubris","ruby-throated hummingbird","Animalia",122201,292,"Live individuals",2017,9,19,262,2458016,1,2017,9,19,262,2458016,2
25361,36.44083,-84.323593,554,"TN",352,"Archilochus","colubris","ruby-throated hummingbird","Animalia",122201,293,"Calls or song (birds)",2017,8,29,241,2457995,1,2017,8,29,241,2457995,1
25361,36.44083,-84.323593,554,"TN",352,"Archilochus","colubris","ruby-throated hummingbird","Animalia",122201,312,"Flower visitation",2017,5,5,125,2457879,1,2017,5,5,125,2457879,1
25361,36.44083,-84.323593,554,"TN",352,"Archilochus","colubris","ruby-throated hummingbird","Animalia",122201,312,"Flower visitation",2017,6,15,166,2457920,1,2017,6,15,166,2457920,1
25361,36.44083,-84.323593,554,"TN",352,"Archilochus","colubris","ruby-throated hummingbird","Animalia",122201,312,"Flower visitation",2017,7,5,186,2457940,2,2017,7,6,187,2457941,1
25361,36.44083,-84.323593,554,"TN",352,"Archilochus","colubris","ruby-throated hummingbird","Animalia",122201,312,"Flower visitation",2017,7,8,189,2457943,1,2017,7,8,189,2457943,1
25361,36.44083,-84.323593,554,"TN",352,"Archilochus","colubris","ruby-throated hummingbird","Animalia",122201,312,"Flower visitation",2017,8,18,230,2457984,1,2017,8,18,230,2457984,1
25361,36.44083,-84.323593,554,"TN",352,"Archilochus","colubris","ruby-throated hummingbird","Animalia",122201,312,"Flower visitation",2017,8,21,233,2457987,1,2017,8,21,233,2457987,1
25361,36.44083,-84.323593,554,"TN",352,"Archilochus","colubris","ruby-throated hummingbird","Animalia",122201,312,"Flower visitation",2017,8,29,241,2457995,1,2017,8,29,241,2457995,1
25361,36.44083,-84.323593,554,"TN",352,"Archilochus","colubris","ruby-throated hummingbird","Animalia",122201,312,"Flower visitation",2017,9,9,252,2458006,1,2017,9,11,254,2458008,4
25361,36.44083,-84.323593,554,"TN",352,"Archilochus","colubris","ruby-throated hummingbird","Animalia",122201,312,"Flower visitation",2017,9,19,262,2458016,1,2017,9,19,262,2458016,2
25361,36.44083,-84.323593,554,"TN",352,"Archilochus","colubris","ruby-throated hummingbird","Animalia",122201,542,"Feeding (or foraging)",2017,5,5,125,2457879,1,2017,5,5,125,2457879,1
25361,36.44083,-84.323593,554,"TN",352,"Archilochus","colubris","ruby-throated hummingbird","Animalia",122201,542,"Feeding (or foraging)",2017,6,9,160,2457914,1,2017,6,9,160,2457914,1
25361,36.44083,-84.323593,554,"TN",352,"Archilochus","colubris","ruby-throated hummingbird","Animalia",122201,542,"Feeding (or foraging)",2017,6,15,166,2457920,1,2017,6,15,166,2457920,1
25361,36.44083,-84.323593,554,"TN",352,"Archilochus","colubris","ruby-throated hummingbird","Animalia",122201,542,"Feeding (or foraging)",2017,7,5,186,2457940,2,2017,7,6,187,2457941,1
25361,36.44083,-84.323593,554,"TN",352,"Archilochus","colubris","ruby-throated hummingbird","Animalia",122201,542,"Feeding (or foraging)",2017,7,8,189,2457943,1,2017,7,8,189,2457943,1
25361,36.44083,-84.323593,554,"TN",352,"Archilochus","colubris","ruby-throated hummingbird","Animalia",122201,542,"Feeding (or foraging)",2017,8,18,230,2457984,1,2017,8,18,230,2457984,1
25361,36.44083,-84.323593,554,"TN",352,"Archilochus","colubris","ruby-throated hummingbird","Animalia",122201,542,"Feeding (or foraging)",2017,8,21,233,2457987,1,2017,8,21,233,2457987,1
25361,36.44083,-84.323593,554,"TN",352,"Archilochus","colubris","ruby-throated hummingbird","Animalia",122201,542,"Feeding (or foraging)",2017,8,29,241,2457995,1,2017,8,29,241,2457995,1
25361,36.44083,-84.323593,554,"TN",352,"Archilochus","colubris","ruby-throated hummingbird","Animalia",122201,542,"Feeding (or foraging)",2017,9,9,252,2458006,1,2017,9,11,254,2458008,4
25361,36.44083,-84.323593,554,"TN",352,"Archilochus","colubris","ruby-throated hummingbird","Animalia",122201,542,"Feeding (or foraging)",2017,9,19,262,2458016,1,2017,9,19,262,2458016,2
25375,42.081978,-73.413994,449,"MA",352,"Archilochus","colubris","ruby-throated hummingbird","Animalia",123129,292,"Live individuals",2017,4,28,118,2457872,NA,2017,4,28,118,2457872,NA
25375,42.081978,-73.413994,449,"MA",352,"Archilochus","colubris","ruby-throated hummingbird","Animalia",123129,293,"Calls or song (birds)",2017,4,28,118,2457872,NA,2017,4,28,118,2457872,NA
25375,42.081978,-73.413994,449,"MA",352,"Archilochus","colubris","ruby-throated hummingbird","Animalia",123129,294,"Singing individuals (birds)",2017,4,28,118,2457872,NA,2017,4,28,118,2457872,NA
25375,42.081978,-73.413994,449,"MA",352,"Archilochus","colubris","ruby-throated hummingbird","Animalia",123129,295,"Territorial individuals (birds)",2017,4,28,118,2457872,NA,2017,4,28,118,2457872,NA
25375,42.081978,-73.413994,449,"MA",352,"Archilochus","colubris","ruby-throated hummingbird","Animalia",123129,458,"Individuals at a feeding station",2017,4,28,118,2457872,NA,2017,4,28,118,2457872,NA
25375,42.081978,-73.413994,449,"MA",352,"Archilochus","colubris","ruby-throated hummingbird","Animalia",123129,542,"Feeding (or foraging)",2017,4,28,118,2457872,NA,2017,4,28,118,2457872,NA
25565,43.34066,-83.164528,256,"MI",352,"Archilochus","colubris","ruby-throated hummingbird","Animalia",123936,292,"Live individuals",2017,5,17,137,2457891,6,2017,9,13,256,2458010,16
25565,43.34066,-83.164528,256,"MI",352,"Archilochus","colubris","ruby-throated hummingbird","Animalia",123936,293,"Calls or song (birds)",2017,7,13,194,2457948,15,2017,7,13,194,2457948,9
25565,43.34066,-83.164528,256,"MI",352,"Archilochus","colubris","ruby-throated hummingbird","Animalia",123936,293,"Calls or song (birds)",2017,8,6,218,2457972,15,2017,8,30,242,2457996,14
25565,43.34066,-83.164528,256,"MI",352,"Archilochus","colubris","ruby-throated hummingbird","Animalia",123936,295,"Territorial individuals (birds)",2017,6,15,166,2457920,6,2017,7,13,194,2457948,9
25565,43.34066,-83.164528,256,"MI",352,"Archilochus","colubris","ruby-throated hummingbird","Animalia",123936,295,"Territorial individuals (birds)",2017,8,6,218,2457972,15,2017,9,13,256,2458010,16
25565,43.34066,-83.164528,256,"MI",352,"Archilochus","colubris","ruby-throated hummingbird","Animalia",123936,308,"Fledged young (altricial birds)",2017,6,28,179,2457933,13,2017,7,13,194,2457948,9
25565,43.34066,-83.164528,256,"MI",352,"Archilochus","colubris","ruby-throated hummingbird","Animalia",123936,308,"Fledged young (altricial birds)",2017,8,17,229,2457983,11,2017,8,17,229,2457983,13
25565,43.34066,-83.164528,256,"MI",352,"Archilochus","colubris","ruby-throated hummingbird","Animalia",123936,312,"Flower visitation",2017,5,17,137,2457891,6,2017,9,13,256,2458010,16
25565,43.34066,-83.164528,256,"MI",352,"Archilochus","colubris","ruby-throated hummingbird","Animalia",123936,458,"Individuals at a feeding station",2017,5,17,137,2457891,6,2017,9,13,256,2458010,16
25565,43.34066,-83.164528,256,"MI",352,"Archilochus","colubris","ruby-throated hummingbird","Animalia",123936,542,"Feeding (or foraging)",2017,5,17,137,2457891,6,2017,9,13,256,2458010,16
25972,39.974331,-86.093376,240,"IN",352,"Archilochus","colubris","ruby-throated hummingbird","Animalia",128520,292,"Live individuals",2017,8,19,231,2457985,24,2017,8,19,231,2457985,NA
25972,39.974331,-86.093376,240,"IN",352,"Archilochus","colubris","ruby-throated hummingbird","Animalia",128520,312,"Flower visitation",2017,8,19,231,2457985,24,2017,8,19,231,2457985,NA
25972,39.974331,-86.093376,240,"IN",352,"Archilochus","colubris","ruby-throated hummingbird","Animalia",128520,542,"Feeding (or foraging)",2017,8,19,231,2457985,24,2017,8,19,231,2457985,NA
26000,44.93681,-93.185974,285,"MN",352,"Archilochus","colubris","ruby-throated hummingbird","Animalia",129341,292,"Live individuals",2017,5,16,136,2457890,5,2017,5,27,147,2457901,5
26000,44.93681,-93.185974,285,"MN",352,"Archilochus","colubris","ruby-throated hummingbird","Animalia",129341,292,"Live individuals",2017,6,15,166,2457920,9,2017,7,8,189,2457943,12
26000,44.93681,-93.185974,285,"MN",352,"Archilochus","colubris","ruby-throated hummingbird","Animalia",129341,292,"Live individuals",2017,7,26,207,2457961,6,2017,8,15,227,2457981,7
26000,44.93681,-93.185974,285,"MN",352,"Archilochus","colubris","ruby-throated hummingbird","Animalia",129341,312,"Flower visitation",2017,5,27,147,2457901,11,2017,5,27,147,2457901,5
26000,44.93681,-93.185974,285,"MN",352,"Archilochus","colubris","ruby-throated hummingbird","Animalia",129341,458,"Individuals at a feeding station",2017,5,27,147,2457901,11,2017,5,27,147,2457901,5
26000,44.93681,-93.185974,285,"MN",352,"Archilochus","colubris","ruby-throated hummingbird","Animalia",129341,458,"Individuals at a feeding station",2017,6,15,166,2457920,9,2017,7,8,189,2457943,12
26000,44.93681,-93.185974,285,"MN",352,"Archilochus","colubris","ruby-throated hummingbird","Animalia",129341,458,"Individuals at a feeding station",2017,7,26,207,2457961,6,2017,8,15,227,2457981,7
26000,44.93681,-93.185974,285,"MN",352,"Archilochus","colubris","ruby-throated hummingbird","Animalia",129341,542,"Feeding (or foraging)",2017,5,16,136,2457890,5,2017,5,27,147,2457901,5
26000,44.93681,-93.185974,285,"MN",352,"Archilochus","colubris","ruby-throated hummingbird","Animalia",129341,542,"Feeding (or foraging)",2017,6,15,166,2457920,9,2017,7,8,189,2457943,12
26000,44.93681,-93.185974,285,"MN",352,"Archilochus","colubris","ruby-throated hummingbird","Animalia",129341,542,"Feeding (or foraging)",2017,7,26,207,2457961,6,2017,8,15,227,2457981,7
26129,43.609482,-70.223885,23,"ME",352,"Archilochus","colubris","ruby-throated hummingbird","Animalia",130196,292,"Live individuals",2017,5,6,126,2457880,19,2017,5,6,126,2457880,114
26129,43.609482,-70.223885,23,"ME",352,"Archilochus","colubris","ruby-throated hummingbird","Animalia",130196,312,"Flower visitation",2017,8,2,214,2457968,88,2017,8,2,214,2457968,26
26048,44.825459,-93.176857,263,"MN",352,"Archilochus","colubris","ruby-throated hummingbird","Animalia",131607,292,"Live individuals",2017,5,23,143,2457897,29,2017,5,23,143,2457897,12
26048,44.825459,-93.176857,263,"MN",352,"Archilochus","colubris","ruby-throated hummingbird","Animalia",131607,292,"Live individuals",2017,6,16,167,2457921,12,2017,6,16,167,2457921,18
26048,44.825459,-93.176857,263,"MN",352,"Archilochus","colubris","ruby-throated hummingbird","Animalia",131607,292,"Live individuals",2017,8,11,223,2457977,26,2017,9,1,244,2457998,16
26048,44.825459,-93.176857,263,"MN",352,"Archilochus","colubris","ruby-throated hummingbird","Animalia",131607,292,"Live individuals",2017,9,23,266,2458020,6,2017,9,23,266,2458020,8
26048,44.825459,-93.176857,263,"MN",352,"Archilochus","colubris","ruby-throated hummingbird","Animalia",131607,458,"Individuals at a feeding station",2017,5,23,143,2457897,29,2017,5,23,143,2457897,12
26048,44.825459,-93.176857,263,"MN",352,"Archilochus","colubris","ruby-throated hummingbird","Animalia",131607,458,"Individuals at a feeding station",2017,8,11,223,2457977,26,2017,9,1,244,2457998,16
26048,44.825459,-93.176857,263,"MN",352,"Archilochus","colubris","ruby-throated hummingbird","Animalia",131607,458,"Individuals at a feeding station",2017,9,23,266,2458020,6,2017,9,23,266,2458020,8
26048,44.825459,-93.176857,263,"MN",352,"Archilochus","colubris","ruby-throated hummingbird","Animalia",131607,542,"Feeding (or foraging)",2017,5,23,143,2457897,29,2017,5,23,143,2457897,12
26048,44.825459,-93.176857,263,"MN",352,"Archilochus","colubris","ruby-throated hummingbird","Animalia",131607,542,"Feeding (or foraging)",2017,9,1,244,2457998,21,2017,9,1,244,2457998,16
26048,44.825459,-93.176857,263,"MN",352,"Archilochus","colubris","ruby-throated hummingbird","Animalia",131607,542,"Feeding (or foraging)",2017,9,23,266,2458020,6,2017,9,23,266,2458020,8
24961,46.498959,-87.845139,471,"MI",352,"Archilochus","colubris","ruby-throated hummingbird","Animalia",133748,292,"Live individuals",2017,4,25,115,2457869,NA,2017,7,18,199,2457953,NA
24961,46.498959,-87.845139,471,"MI",352,"Archilochus","colubris","ruby-throated hummingbird","Animalia",133748,295,"Territorial individuals (birds)",2017,7,18,199,2457953,25,2017,7,18,199,2457953,NA
24961,46.498959,-87.845139,471,"MI",352,"Archilochus","colubris","ruby-throated hummingbird","Animalia",133748,312,"Flower visitation",2017,6,5,156,2457910,1,2017,6,13,164,2457918,10
24961,46.498959,-87.845139,471,"MI",352,"Archilochus","colubris","ruby-throated hummingbird","Animalia",133748,340,"Courtship ",2017,6,5,156,2457910,1,2017,6,5,156,2457910,8
24961,46.498959,-87.845139,471,"MI",352,"Archilochus","colubris","ruby-throated hummingbird","Animalia",133748,458,"Individuals at a feeding station",2017,4,25,115,2457869,NA,2017,7,18,199,2457953,NA
24961,46.498959,-87.845139,471,"MI",352,"Archilochus","colubris","ruby-throated hummingbird","Animalia",133748,542,"Feeding (or foraging)",2017,5,10,130,2457884,15,2017,7,18,199,2457953,NA
26608,43.365868,-70.487099,-4,"ME",352,"Archilochus","colubris","ruby-throated hummingbird","Animalia",134667,292,"Live individuals",2017,5,17,137,2457891,9,2017,5,17,137,2457891,1
26608,43.365868,-70.487099,-4,"ME",352,"Archilochus","colubris","ruby-throated hummingbird","Animalia",134667,292,"Live individuals",2017,8,18,230,2457984,17,2017,8,18,230,2457984,9
26608,43.365868,-70.487099,-4,"ME",352,"Archilochus","colubris","ruby-throated hummingbird","Animalia",134667,312,"Flower visitation",2017,5,17,137,2457891,9,2017,5,17,137,2457891,1
26608,43.365868,-70.487099,-4,"ME",352,"Archilochus","colubris","ruby-throated hummingbird","Animalia",134667,542,"Feeding (or foraging)",2017,5,17,137,2457891,9,2017,5,17,137,2457891,1
26872,35.094887,-106.361023,2080,"NM",352,"Archilochus","colubris","ruby-throated hummingbird","Animalia",136646,292,"Live individuals",2017,4,28,118,2457872,NA,2017,4,29,119,2457873,NA
26872,35.094887,-106.361023,2080,"NM",352,"Archilochus","colubris","ruby-throated hummingbird","Animalia",136646,295,"Territorial individuals (birds)",2017,4,29,119,2457873,1,2017,4,29,119,2457873,NA
26872,35.094887,-106.361023,2080,"NM",352,"Archilochus","colubris","ruby-throated hummingbird","Animalia",136646,458,"Individuals at a feeding station",2017,4,28,118,2457872,NA,2017,4,29,119,2457873,NA
26872,35.094887,-106.361023,2080,"NM",352,"Archilochus","colubris","ruby-throated hummingbird","Animalia",136646,542,"Feeding (or foraging)",2017,4,28,118,2457872,NA,2017,4,29,119,2457873,NA
25989,43.774437,-74.256599,553,"NY",352,"Archilochus","colubris","ruby-throated hummingbird","Animalia",136927,292,"Live individuals",2017,5,2,122,2457876,4,2017,5,26,146,2457900,NA
25989,43.774437,-74.256599,553,"NY",352,"Archilochus","colubris","ruby-throated hummingbird","Animalia",136927,295,"Territorial individuals (birds)",2017,5,26,146,2457900,24,2017,5,26,146,2457900,NA
25989,43.774437,-74.256599,553,"NY",352,"Archilochus","colubris","ruby-throated hummingbird","Animalia",136927,312,"Flower visitation",2017,5,26,146,2457900,24,2017,5,26,146,2457900,NA
25989,43.774437,-74.256599,553,"NY",352,"Archilochus","colubris","ruby-throated hummingbird","Animalia",136927,542,"Feeding (or foraging)",2017,5,26,146,2457900,24,2017,5,26,146,2457900,NA
26651,44.392841,-69.020027,57,"ME",352,"Archilochus","colubris","ruby-throated hummingbird","Animalia",136961,292,"Live individuals",2017,5,14,134,2457888,NA,2017,5,14,134,2457888,NA
26651,44.392841,-69.020027,57,"ME",352,"Archilochus","colubris","ruby-throated hummingbird","Animalia",136961,295,"Territorial individuals (birds)",2017,5,14,134,2457888,NA,2017,5,14,134,2457888,NA
26651,44.392841,-69.020027,57,"ME",352,"Archilochus","colubris","ruby-throated hummingbird","Animalia",136961,457,"Insect consumption",2017,5,14,134,2457888,NA,2017,5,14,134,2457888,NA
26651,44.392841,-69.020027,57,"ME",352,"Archilochus","colubris","ruby-throated hummingbird","Animalia",136961,458,"Individuals at a feeding station",2017,5,14,134,2457888,NA,2017,5,14,134,2457888,NA
26651,44.392841,-69.020027,57,"ME",352,"Archilochus","colubris","ruby-throated hummingbird","Animalia",136961,542,"Feeding (or foraging)",2017,5,14,134,2457888,NA,2017,5,14,134,2457888,NA
25052,39.139889,-86.498711,242,"IN",352,"Archilochus","colubris","ruby-throated hummingbird","Animalia",137003,292,"Live individuals",2017,5,4,124,2457878,NA,2017,5,4,124,2457878,NA
25052,39.139889,-86.498711,242,"IN",352,"Archilochus","colubris","ruby-throated hummingbird","Animalia",137003,295,"Territorial individuals (birds)",2017,5,4,124,2457878,NA,2017,5,4,124,2457878,NA
25052,39.139889,-86.498711,242,"IN",352,"Archilochus","colubris","ruby-throated hummingbird","Animalia",137003,458,"Individuals at a feeding station",2017,5,4,124,2457878,NA,2017,5,4,124,2457878,NA
25052,39.139889,-86.498711,242,"IN",352,"Archilochus","colubris","ruby-throated hummingbird","Animalia",137003,542,"Feeding (or foraging)",2017,5,4,124,2457878,NA,2017,5,4,124,2457878,NA
26861,36.103424,-78.885757,110,"NC",352,"Archilochus","colubris","ruby-throated hummingbird","Animalia",137022,292,"Live individuals",2017,5,5,125,2457879,NA,2017,5,5,125,2457879,NA
26861,36.103424,-78.885757,110,"NC",352,"Archilochus","colubris","ruby-throated hummingbird","Animalia",137022,458,"Individuals at a feeding station",2017,5,5,125,2457879,NA,2017,5,5,125,2457879,NA
25030,43.743401,-92.306519,371,"MN",352,"Archilochus","colubris","ruby-throated hummingbird","Animalia",137115,292,"Live individuals",2017,5,9,129,2457883,NA,2017,5,9,129,2457883,NA
25030,43.743401,-92.306519,371,"MN",352,"Archilochus","colubris","ruby-throated hummingbird","Animalia",137115,312,"Flower visitation",2017,5,9,129,2457883,NA,2017,5,9,129,2457883,NA
25030,43.743401,-92.306519,371,"MN",352,"Archilochus","colubris","ruby-throated hummingbird","Animalia",137115,542,"Feeding (or foraging)",2017,5,9,129,2457883,NA,2017,5,9,129,2457883,NA
26934,44.825565,-93.074173,267,"MN",352,"Archilochus","colubris","ruby-throated hummingbird","Animalia",137138,292,"Live individuals",2017,5,10,130,2457884,NA,2017,5,10,130,2457884,NA
26934,44.825565,-93.074173,267,"MN",352,"Archilochus","colubris","ruby-throated hummingbird","Animalia",137138,458,"Individuals at a feeding station",2017,5,10,130,2457884,NA,2017,5,10,130,2457884,NA
26934,44.825565,-93.074173,267,"MN",352,"Archilochus","colubris","ruby-throated hummingbird","Animalia",137138,542,"Feeding (or foraging)",2017,5,10,130,2457884,NA,2017,5,10,130,2457884,NA
27026,43.413593,-70.810211,157,"ME",352,"Archilochus","colubris","ruby-throated hummingbird","Animalia",137519,292,"Live individuals",2017,5,25,145,2457899,NA,2017,9,24,267,2458021,NA
27026,43.413593,-70.810211,157,"ME",352,"Archilochus","colubris","ruby-throated hummingbird","Animalia",137519,293,"Calls or song (birds)",2017,5,25,145,2457899,NA,2017,8,24,236,2457990,31
27026,43.413593,-70.810211,157,"ME",352,"Archilochus","colubris","ruby-throated hummingbird","Animalia",137519,294,"Singing individuals (birds)",2017,6,2,153,2457907,NA,2017,8,24,236,2457990,31
27026,43.413593,-70.810211,157,"ME",352,"Archilochus","colubris","ruby-throated hummingbird","Animalia",137519,295,"Territorial individuals (birds)",2017,9,24,267,2458021,31,2017,9,24,267,2458021,NA
27026,43.413593,-70.810211,157,"ME",352,"Archilochus","colubris","ruby-throated hummingbird","Animalia",137519,308,"Fledged young (altricial birds)",2017,7,14,195,2457949,3,2017,9,24,267,2458021,NA
27026,43.413593,-70.810211,157,"ME",352,"Archilochus","colubris","ruby-throated hummingbird","Animalia",137519,312,"Flower visitation",2017,7,14,195,2457949,3,2017,9,24,267,2458021,NA
27026,43.413593,-70.810211,157,"ME",352,"Archilochus","colubris","ruby-throated hummingbird","Animalia",137519,457,"Insect consumption",2017,7,11,192,2457946,6,2017,7,11,192,2457946,3
27026,43.413593,-70.810211,157,"ME",352,"Archilochus","colubris","ruby-throated hummingbird","Animalia",137519,458,"Individuals at a feeding station",2017,5,31,151,2457905,6,2017,7,11,192,2457946,3
27026,43.413593,-70.810211,157,"ME",352,"Archilochus","colubris","ruby-throated hummingbird","Animalia",137519,458,"Individuals at a feeding station",2017,7,19,200,2457954,5,2017,9,24,267,2458021,NA
27026,43.413593,-70.810211,157,"ME",352,"Archilochus","colubris","ruby-throated hummingbird","Animalia",137519,542,"Feeding (or foraging)",2017,5,25,145,2457899,NA,2017,9,24,267,2458021,NA
26757,41.892994,-70.910774,26,"MA",352,"Archilochus","colubris","ruby-throated hummingbird","Animalia",138590,292,"Live individuals",2017,5,23,143,2457897,3,2017,5,27,147,2457901,NA
26757,41.892994,-70.910774,26,"MA",352,"Archilochus","colubris","ruby-throated hummingbird","Animalia",138590,312,"Flower visitation",2017,5,23,143,2457897,3,2017,5,23,143,2457897,4
26757,41.892994,-70.910774,26,"MA",352,"Archilochus","colubris","ruby-throated hummingbird","Animalia",138590,542,"Feeding (or foraging)",2017,5,23,143,2457897,3,2017,5,23,143,2457897,4
27113,38.119305,-80.267723,750,"WV",352,"Archilochus","colubris","ruby-throated hummingbird","Animalia",138679,292,"Live individuals",2017,5,30,150,2457904,5,2017,5,30,150,2457904,3
27113,38.119305,-80.267723,750,"WV",352,"Archilochus","colubris","ruby-throated hummingbird","Animalia",138679,292,"Live individuals",2017,6,12,163,2457917,3,2017,6,12,163,2457917,5
27113,38.119305,-80.267723,750,"WV",352,"Archilochus","colubris","ruby-throated hummingbird","Animalia",138679,293,"Calls or song (birds)",2017,6,12,163,2457917,3,2017,6,12,163,2457917,5
27113,38.119305,-80.267723,750,"WV",352,"Archilochus","colubris","ruby-throated hummingbird","Animalia",138679,294,"Singing individuals (birds)",2017,6,12,163,2457917,3,2017,6,12,163,2457917,5
27113,38.119305,-80.267723,750,"WV",352,"Archilochus","colubris","ruby-throated hummingbird","Animalia",138679,295,"Territorial individuals (birds)",2017,6,12,163,2457917,3,2017,6,12,163,2457917,5
27113,38.119305,-80.267723,750,"WV",352,"Archilochus","colubris","ruby-throated hummingbird","Animalia",138679,458,"Individuals at a feeding station",2017,5,30,150,2457904,5,2017,5,30,150,2457904,3
27113,38.119305,-80.267723,750,"WV",352,"Archilochus","colubris","ruby-throated hummingbird","Animalia",138679,458,"Individuals at a feeding station",2017,6,12,163,2457917,3,2017,6,12,163,2457917,5
27113,38.119305,-80.267723,750,"WV",352,"Archilochus","colubris","ruby-throated hummingbird","Animalia",138679,542,"Feeding (or foraging)",2017,5,30,150,2457904,5,2017,5,30,150,2457904,3
27113,38.119305,-80.267723,750,"WV",352,"Archilochus","colubris","ruby-throated hummingbird","Animalia",138679,542,"Feeding (or foraging)",2017,6,12,163,2457917,3,2017,6,12,163,2457917,5
27256,48.044903,-90.482559,552,"MN",352,"Archilochus","colubris","ruby-throated hummingbird","Animalia",139854,292,"Live individuals",2017,6,14,165,2457919,NA,2017,6,14,165,2457919,6
27256,48.044903,-90.482559,552,"MN",352,"Archilochus","colubris","ruby-throated hummingbird","Animalia",139854,542,"Feeding (or foraging)",2017,6,14,165,2457919,NA,2017,6,14,165,2457919,6
27333,43.347179,-75.0019,433,"NY",352,"Archilochus","colubris","ruby-throated hummingbird","Animalia",140274,292,"Live individuals",2017,6,29,180,2457934,NA,2017,7,22,203,2457957,NA
27333,43.347179,-75.0019,433,"NY",352,"Archilochus","colubris","ruby-throated hummingbird","Animalia",140274,295,"Territorial individuals (birds)",2017,6,29,180,2457934,NA,2017,6,30,181,2457935,6
27333,43.347179,-75.0019,433,"NY",352,"Archilochus","colubris","ruby-throated hummingbird","Animalia",140274,312,"Flower visitation",2017,7,15,196,2457950,NA,2017,7,15,196,2457950,NA
27333,43.347179,-75.0019,433,"NY",352,"Archilochus","colubris","ruby-throated hummingbird","Animalia",140274,458,"Individuals at a feeding station",2017,6,29,180,2457934,NA,2017,7,22,203,2457957,NA
27333,43.347179,-75.0019,433,"NY",352,"Archilochus","colubris","ruby-throated hummingbird","Animalia",140274,542,"Feeding (or foraging)",2017,6,29,180,2457934,NA,2017,7,22,203,2457957,NA
27450,45.392422,-92.930786,271,"MN",352,"Archilochus","colubris","ruby-throated hummingbird","Animalia",141672,292,"Live individuals",2017,8,11,223,2457977,NA,2017,8,21,233,2457987,NA
27450,45.392422,-92.930786,271,"MN",352,"Archilochus","colubris","ruby-throated hummingbird","Animalia",141672,295,"Territorial individuals (birds)",2017,8,11,223,2457977,NA,2017,8,15,227,2457981,1
27450,45.392422,-92.930786,271,"MN",352,"Archilochus","colubris","ruby-throated hummingbird","Animalia",141672,295,"Territorial individuals (birds)",2017,8,17,229,2457983,1,2017,8,17,229,2457983,1
27450,45.392422,-92.930786,271,"MN",352,"Archilochus","colubris","ruby-throated hummingbird","Animalia",141672,295,"Territorial individuals (birds)",2017,8,21,233,2457987,1,2017,8,21,233,2457987,NA
27450,45.392422,-92.930786,271,"MN",352,"Archilochus","colubris","ruby-throated hummingbird","Animalia",141672,458,"Individuals at a feeding station",2017,8,11,223,2457977,NA,2017,8,15,227,2457981,1
27450,45.392422,-92.930786,271,"MN",352,"Archilochus","colubris","ruby-throated hummingbird","Animalia",141672,458,"Individuals at a feeding station",2017,8,17,229,2457983,1,2017,8,21,233,2457987,NA
27450,45.392422,-92.930786,271,"MN",352,"Archilochus","colubris","ruby-throated hummingbird","Animalia",141672,542,"Feeding (or foraging)",2017,8,11,223,2457977,NA,2017,8,18,230,2457984,1
25442,38.856335,-77.234962,105,"VA",352,"Archilochus","colubris","ruby-throated hummingbird","Animalia",142067,292,"Live individuals",2017,8,6,218,2457972,NA,2017,8,6,218,2457972,NA
25442,38.856335,-77.234962,105,"VA",352,"Archilochus","colubris","ruby-throated hummingbird","Animalia",142067,312,"Flower visitation",2017,8,6,218,2457972,NA,2017,8,6,218,2457972,NA
25442,38.856335,-77.234962,105,"VA",352,"Archilochus","colubris","ruby-throated hummingbird","Animalia",142067,542,"Feeding (or foraging)",2017,8,6,218,2457972,NA,2017,8,6,218,2457972,NA
27612,41.028362,-95.918716,316,"NE",352,"Archilochus","colubris","ruby-throated hummingbird","Animalia",143035,292,"Live individuals",2017,8,23,235,2457989,NA,2017,8,23,235,2457989,NA
27612,41.028362,-95.918716,316,"NE",352,"Archilochus","colubris","ruby-throated hummingbird","Animalia",143035,293,"Calls or song (birds)",2017,8,23,235,2457989,NA,2017,8,23,235,2457989,NA
27612,41.028362,-95.918716,316,"NE",352,"Archilochus","colubris","ruby-throated hummingbird","Animalia",143035,295,"Territorial individuals (birds)",2017,8,23,235,2457989,NA,2017,8,23,235,2457989,NA
27612,41.028362,-95.918716,316,"NE",352,"Archilochus","colubris","ruby-throated hummingbird","Animalia",143035,312,"Flower visitation",2017,8,23,235,2457989,NA,2017,8,23,235,2457989,NA
27612,41.028362,-95.918716,316,"NE",352,"Archilochus","colubris","ruby-throated hummingbird","Animalia",143035,542,"Feeding (or foraging)",2017,8,23,235,2457989,NA,2017,8,23,235,2457989,NA
22864,42.361534,-83.256363,184,"MI",352,"Archilochus","colubris","ruby-throated hummingbird","Animalia",143129,292,"Live individuals",2017,8,25,237,2457991,NA,2017,8,25,237,2457991,7
22864,42.361534,-83.256363,184,"MI",352,"Archilochus","colubris","ruby-throated hummingbird","Animalia",143129,312,"Flower visitation",2017,8,25,237,2457991,NA,2017,8,25,237,2457991,7
22864,42.361534,-83.256363,184,"MI",352,"Archilochus","colubris","ruby-throated hummingbird","Animalia",143129,542,"Feeding (or foraging)",2017,8,25,237,2457991,NA,2017,8,25,237,2457991,7
28073,37.924835,-91.840584,288,"MO",352,"Archilochus","colubris","ruby-throated hummingbird","Animalia",145294,292,"Live individuals",2017,10,1,274,2458028,NA,2017,10,14,287,2458041,NA
28073,37.924835,-91.840584,288,"MO",352,"Archilochus","colubris","ruby-throated hummingbird","Animalia",145294,312,"Flower visitation",2017,10,1,274,2458028,NA,2017,10,1,274,2458028,13
28073,37.924835,-91.840584,288,"MO",352,"Archilochus","colubris","ruby-throated hummingbird","Animalia",145294,458,"Individuals at a feeding station",2017,10,1,274,2458028,NA,2017,10,14,287,2458041,NA
28073,37.924835,-91.840584,288,"MO",352,"Archilochus","colubris","ruby-throated hummingbird","Animalia",145294,542,"Feeding (or foraging)",2017,10,1,274,2458028,NA,2017,10,14,287,2458041,NA
28168,30.689114,-89.711594,40,"MS",352,"Archilochus","colubris","ruby-throated hummingbird","Animalia",146002,292,"Live individuals",2017,10,11,284,2458038,NA,2017,10,11,284,2458038,NA
28168,30.689114,-89.711594,40,"MS",352,"Archilochus","colubris","ruby-throated hummingbird","Animalia",146002,295,"Territorial individuals (birds)",2017,10,11,284,2458038,NA,2017,10,11,284,2458038,NA
28168,30.689114,-89.711594,40,"MS",352,"Archilochus","colubris","ruby-throated hummingbird","Animalia",146002,340,"Courtship ",2017,10,11,284,2458038,NA,2017,10,11,284,2458038,NA
28168,30.689114,-89.711594,40,"MS",352,"Archilochus","colubris","ruby-throated hummingbird","Animalia",146002,458,"Individuals at a feeding station",2017,10,11,284,2458038,NA,2017,10,11,284,2458038,NA
28168,30.689114,-89.711594,40,"MS",352,"Archilochus","colubris","ruby-throated hummingbird","Animalia",146002,542,"Feeding (or foraging)",2017,10,11,284,2458038,NA,2017,10,11,284,2458038,NA
28328,30.731646,-88.584518,25,"MS",352,"Archilochus","colubris","ruby-throated hummingbird","Animalia",148364,292,"Live individuals",2017,12,3,337,2458091,NA,2017,12,3,337,2458091,NA
5582,45.195858,-70.45369,366,"ME",352,"Archilochus","colubris","ruby-throated hummingbird","Animalia",12468,292,"Live individuals",2018,7,4,185,2458304,7,2018,7,11,192,2458311,7
5582,45.195858,-70.45369,366,"ME",352,"Archilochus","colubris","ruby-throated hummingbird","Animalia",12468,292,"Live individuals",2018,8,8,220,2458339,7,2018,8,29,241,2458360,7
5582,45.195858,-70.45369,366,"ME",352,"Archilochus","colubris","ruby-throated hummingbird","Animalia",12468,292,"Live individuals",2018,9,19,262,2458381,7,2018,9,19,262,2458381,7
5582,45.195858,-70.45369,366,"ME",352,"Archilochus","colubris","ruby-throated hummingbird","Animalia",12468,312,"Flower visitation",2018,8,8,220,2458339,7,2018,8,29,241,2458360,7
5582,45.195858,-70.45369,366,"ME",352,"Archilochus","colubris","ruby-throated hummingbird","Animalia",12468,312,"Flower visitation",2018,9,19,262,2458381,7,2018,9,19,262,2458381,7
5582,45.195858,-70.45369,366,"ME",352,"Archilochus","colubris","ruby-throated hummingbird","Animalia",12468,542,"Feeding (or foraging)",2018,7,11,192,2458311,7,2018,7,11,192,2458311,7
5582,45.195858,-70.45369,366,"ME",352,"Archilochus","colubris","ruby-throated hummingbird","Animalia",12468,542,"Feeding (or foraging)",2018,8,8,220,2458339,7,2018,8,29,241,2458360,7
5582,45.195858,-70.45369,366,"ME",352,"Archilochus","colubris","ruby-throated hummingbird","Animalia",12468,542,"Feeding (or foraging)",2018,9,19,262,2458381,7,2018,9,19,262,2458381,7
5583,45.196041,-70.459015,368,"ME",352,"Archilochus","colubris","ruby-throated hummingbird","Animalia",12474,292,"Live individuals",2018,8,22,234,2458353,7,2018,8,22,234,2458353,7
5674,44.910587,-70.266861,261,"ME",352,"Archilochus","colubris","ruby-throated hummingbird","Animalia",12712,292,"Live individuals",2018,5,13,133,2458252,7,2018,9,16,259,2458378,7
5674,44.910587,-70.266861,261,"ME",352,"Archilochus","colubris","ruby-throated hummingbird","Animalia",12712,293,"Calls or song (birds)",2018,8,5,217,2458336,14,2018,8,12,224,2458343,7
5674,44.910587,-70.266861,261,"ME",352,"Archilochus","colubris","ruby-throated hummingbird","Animalia",12712,293,"Calls or song (birds)",2018,9,9,252,2458371,7,2018,9,9,252,2458371,7
5674,44.910587,-70.266861,261,"ME",352,"Archilochus","colubris","ruby-throated hummingbird","Animalia",12712,294,"Singing individuals (birds)",2018,8,5,217,2458336,14,2018,8,12,224,2458343,7
5674,44.910587,-70.266861,261,"ME",352,"Archilochus","colubris","ruby-throated hummingbird","Animalia",12712,294,"Singing individuals (birds)",2018,9,9,252,2458371,7,2018,9,9,252,2458371,7
5674,44.910587,-70.266861,261,"ME",352,"Archilochus","colubris","ruby-throated hummingbird","Animalia",12712,295,"Territorial individuals (birds)",2018,5,13,133,2458252,7,2018,9,2,245,2458364,7
5674,44.910587,-70.266861,261,"ME",352,"Archilochus","colubris","ruby-throated hummingbird","Animalia",12712,312,"Flower visitation",2018,5,13,133,2458252,7,2018,9,16,259,2458378,7
5674,44.910587,-70.266861,261,"ME",352,"Archilochus","colubris","ruby-throated hummingbird","Animalia",12712,458,"Individuals at a feeding station",2018,5,13,133,2458252,7,2018,9,16,259,2458378,7
5674,44.910587,-70.266861,261,"ME",352,"Archilochus","colubris","ruby-throated hummingbird","Animalia",12712,542,"Feeding (or foraging)",2018,5,13,133,2458252,7,2018,9,16,259,2458378,7
6481,42.456135,-72.344215,265,"MA",352,"Archilochus","colubris","ruby-throated hummingbird","Animalia",19040,292,"Live individuals",2018,8,6,218,2458337,NA,2018,8,24,236,2458355,NA
6481,42.456135,-72.344215,265,"MA",352,"Archilochus","colubris","ruby-throated hummingbird","Animalia",19040,295,"Territorial individuals (birds)",2018,8,6,218,2458337,NA,2018,8,6,218,2458337,10
6481,42.456135,-72.344215,265,"MA",352,"Archilochus","colubris","ruby-throated hummingbird","Animalia",19040,295,"Territorial individuals (birds)",2018,8,19,231,2458350,3,2018,8,24,236,2458355,NA
6481,42.456135,-72.344215,265,"MA",352,"Archilochus","colubris","ruby-throated hummingbird","Animalia",19040,312,"Flower visitation",2018,8,6,218,2458337,NA,2018,8,24,236,2458355,NA
6481,42.456135,-72.344215,265,"MA",352,"Archilochus","colubris","ruby-throated hummingbird","Animalia",19040,542,"Feeding (or foraging)",2018,8,6,218,2458337,NA,2018,8,24,236,2458355,NA
8496,46.328629,-96.061256,393,"MN",352,"Archilochus","colubris","ruby-throated hummingbird","Animalia",25784,292,"Live individuals",2018,5,10,130,2458249,4,2018,9,21,264,2458383,33
8496,46.328629,-96.061256,393,"MN",352,"Archilochus","colubris","ruby-throated hummingbird","Animalia",25784,312,"Flower visitation",2018,5,20,140,2458259,6,2018,5,20,140,2458259,3
8496,46.328629,-96.061256,393,"MN",352,"Archilochus","colubris","ruby-throated hummingbird","Animalia",25784,312,"Flower visitation",2018,8,12,224,2458343,11,2018,9,4,247,2458366,7
8496,46.328629,-96.061256,393,"MN",352,"Archilochus","colubris","ruby-throated hummingbird","Animalia",25784,458,"Individuals at a feeding station",2018,5,10,130,2458249,4,2018,5,20,140,2458259,3
8496,46.328629,-96.061256,393,"MN",352,"Archilochus","colubris","ruby-throated hummingbird","Animalia",25784,458,"Individuals at a feeding station",2018,5,31,151,2458270,8,2018,9,21,264,2458383,33
8496,46.328629,-96.061256,393,"MN",352,"Archilochus","colubris","ruby-throated hummingbird","Animalia",25784,542,"Feeding (or foraging)",2018,5,10,130,2458249,4,2018,5,20,140,2458259,3
8496,46.328629,-96.061256,393,"MN",352,"Archilochus","colubris","ruby-throated hummingbird","Animalia",25784,542,"Feeding (or foraging)",2018,5,31,151,2458270,8,2018,9,21,264,2458383,33
8715,43.522804,-70.802277,215,"ME",352,"Archilochus","colubris","ruby-throated hummingbird","Animalia",28193,292,"Live individuals",2018,5,14,134,2458253,7,2018,5,14,134,2458253,7
8715,43.522804,-70.802277,215,"ME",352,"Archilochus","colubris","ruby-throated hummingbird","Animalia",28193,292,"Live individuals",2018,6,13,164,2458283,8,2018,8,6,218,2458337,35
8715,43.522804,-70.802277,215,"ME",352,"Archilochus","colubris","ruby-throated hummingbird","Animalia",28193,458,"Individuals at a feeding station",2018,6,13,164,2458283,8,2018,8,6,218,2458337,35
8715,43.522804,-70.802277,215,"ME",352,"Archilochus","colubris","ruby-throated hummingbird","Animalia",28193,542,"Feeding (or foraging)",2018,6,13,164,2458283,8,2018,8,6,218,2458337,35
8736,44.903229,-93.217445,248,"MN",352,"Archilochus","colubris","ruby-throated hummingbird","Animalia",28356,292,"Live individuals",2018,8,6,218,2458337,1,2018,8,6,218,2458337,1
8736,44.903229,-93.217445,248,"MN",352,"Archilochus","colubris","ruby-throated hummingbird","Animalia",28356,292,"Live individuals",2018,8,18,230,2458349,2,2018,8,21,233,2458352,1
8736,44.903229,-93.217445,248,"MN",352,"Archilochus","colubris","ruby-throated hummingbird","Animalia",28356,292,"Live individuals",2018,8,30,242,2458361,1,2018,8,30,242,2458361,1
8736,44.903229,-93.217445,248,"MN",352,"Archilochus","colubris","ruby-throated hummingbird","Animalia",28356,292,"Live individuals",2018,9,3,246,2458365,1,2018,9,5,248,2458367,7
8736,44.903229,-93.217445,248,"MN",352,"Archilochus","colubris","ruby-throated hummingbird","Animalia",28356,292,"Live individuals",2018,9,14,257,2458376,1,2018,9,15,258,2458377,1
8736,44.903229,-93.217445,248,"MN",352,"Archilochus","colubris","ruby-throated hummingbird","Animalia",28356,292,"Live individuals",2018,9,19,262,2458381,3,2018,9,19,262,2458381,6
8736,44.903229,-93.217445,248,"MN",352,"Archilochus","colubris","ruby-throated hummingbird","Animalia",28356,312,"Flower visitation",2018,8,20,232,2458351,2,2018,8,20,232,2458351,1
8736,44.903229,-93.217445,248,"MN",352,"Archilochus","colubris","ruby-throated hummingbird","Animalia",28356,458,"Individuals at a feeding station",2018,8,6,218,2458337,1,2018,8,6,218,2458337,1
8736,44.903229,-93.217445,248,"MN",352,"Archilochus","colubris","ruby-throated hummingbird","Animalia",28356,458,"Individuals at a feeding station",2018,8,18,230,2458349,2,2018,8,20,232,2458351,1
8736,44.903229,-93.217445,248,"MN",352,"Archilochus","colubris","ruby-throated hummingbird","Animalia",28356,458,"Individuals at a feeding station",2018,9,3,246,2458365,1,2018,9,5,248,2458367,7
8736,44.903229,-93.217445,248,"MN",352,"Archilochus","colubris","ruby-throated hummingbird","Animalia",28356,458,"Individuals at a feeding station",2018,9,14,257,2458376,1,2018,9,14,257,2458376,1
8736,44.903229,-93.217445,248,"MN",352,"Archilochus","colubris","ruby-throated hummingbird","Animalia",28356,458,"Individuals at a feeding station",2018,9,19,262,2458381,3,2018,9,19,262,2458381,6
8736,44.903229,-93.217445,248,"MN",352,"Archilochus","colubris","ruby-throated hummingbird","Animalia",28356,542,"Feeding (or foraging)",2018,8,20,232,2458351,2,2018,8,20,232,2458351,1
8736,44.903229,-93.217445,248,"MN",352,"Archilochus","colubris","ruby-throated hummingbird","Animalia",28356,542,"Feeding (or foraging)",2018,9,3,246,2458365,1,2018,9,5,248,2458367,7
8736,44.903229,-93.217445,248,"MN",352,"Archilochus","colubris","ruby-throated hummingbird","Animalia",28356,542,"Feeding (or foraging)",2018,9,14,257,2458376,1,2018,9,14,257,2458376,1
8736,44.903229,-93.217445,248,"MN",352,"Archilochus","colubris","ruby-throated hummingbird","Animalia",28356,542,"Feeding (or foraging)",2018,9,19,262,2458381,3,2018,9,19,262,2458381,6
8418,32.363758,-94.873947,115,"TX",352,"Archilochus","colubris","ruby-throated hummingbird","Animalia",30980,292,"Live individuals",2018,4,1,91,2458210,4,2018,4,1,91,2458210,3
8418,32.363758,-94.873947,115,"TX",352,"Archilochus","colubris","ruby-throated hummingbird","Animalia",30980,292,"Live individuals",2018,4,8,98,2458217,4,2018,4,8,98,2458217,3
8418,32.363758,-94.873947,115,"TX",352,"Archilochus","colubris","ruby-throated hummingbird","Animalia",30980,292,"Live individuals",2018,5,9,129,2458248,3,2018,5,20,140,2458259,3
8418,32.363758,-94.873947,115,"TX",352,"Archilochus","colubris","ruby-throated hummingbird","Animalia",30980,292,"Live individuals",2018,7,22,203,2458322,7,2018,7,22,203,2458322,3
8418,32.363758,-94.873947,115,"TX",352,"Archilochus","colubris","ruby-throated hummingbird","Animalia",30980,292,"Live individuals",2018,7,29,210,2458329,4,2018,7,29,210,2458329,3
8418,32.363758,-94.873947,115,"TX",352,"Archilochus","colubris","ruby-throated hummingbird","Animalia",30980,292,"Live individuals",2018,8,26,238,2458357,4,2018,10,9,282,2458401,16
8418,32.363758,-94.873947,115,"TX",352,"Archilochus","colubris","ruby-throated hummingbird","Animalia",30980,293,"Calls or song (birds)",2018,5,13,133,2458252,4,2018,5,16,136,2458255,4
8418,32.363758,-94.873947,115,"TX",352,"Archilochus","colubris","ruby-throated hummingbird","Animalia",30980,293,"Calls or song (birds)",2018,7,29,210,2458329,4,2018,7,29,210,2458329,3
8418,32.363758,-94.873947,115,"TX",352,"Archilochus","colubris","ruby-throated hummingbird","Animalia",30980,293,"Calls or song (birds)",2018,8,26,238,2458357,4,2018,8,26,238,2458357,18
8418,32.363758,-94.873947,115,"TX",352,"Archilochus","colubris","ruby-throated hummingbird","Animalia",30980,293,"Calls or song (birds)",2018,9,25,268,2458387,2,2018,9,30,273,2458392,3
8418,32.363758,-94.873947,115,"TX",352,"Archilochus","colubris","ruby-throated hummingbird","Animalia",30980,293,"Calls or song (birds)",2018,10,9,282,2458401,6,2018,10,9,282,2458401,16
8418,32.363758,-94.873947,115,"TX",352,"Archilochus","colubris","ruby-throated hummingbird","Animalia",30980,295,"Territorial individuals (birds)",2018,5,9,129,2458248,3,2018,5,13,133,2458252,3
8418,32.363758,-94.873947,115,"TX",352,"Archilochus","colubris","ruby-throated hummingbird","Animalia",30980,295,"Territorial individuals (birds)",2018,8,26,238,2458357,4,2018,8,26,238,2458357,18
8418,32.363758,-94.873947,115,"TX",352,"Archilochus","colubris","ruby-throated hummingbird","Animalia",30980,295,"Territorial individuals (birds)",2018,9,25,268,2458387,2,2018,9,30,273,2458392,3
8418,32.363758,-94.873947,115,"TX",352,"Archilochus","colubris","ruby-throated hummingbird","Animalia",30980,312,"Flower visitation",2018,4,8,98,2458217,4,2018,4,8,98,2458217,3
8418,32.363758,-94.873947,115,"TX",352,"Archilochus","colubris","ruby-throated hummingbird","Animalia",30980,312,"Flower visitation",2018,5,13,133,2458252,4,2018,5,16,136,2458255,4
8418,32.363758,-94.873947,115,"TX",352,"Archilochus","colubris","ruby-throated hummingbird","Animalia",30980,312,"Flower visitation",2018,7,29,210,2458329,4,2018,7,29,210,2458329,3
8418,32.363758,-94.873947,115,"TX",352,"Archilochus","colubris","ruby-throated hummingbird","Animalia",30980,312,"Flower visitation",2018,8,26,238,2458357,4,2018,8,26,238,2458357,18
8418,32.363758,-94.873947,115,"TX",352,"Archilochus","colubris","ruby-throated hummingbird","Animalia",30980,312,"Flower visitation",2018,9,25,268,2458387,2,2018,10,9,282,2458401,16
8418,32.363758,-94.873947,115,"TX",352,"Archilochus","colubris","ruby-throated hummingbird","Animalia",30980,458,"Individuals at a feeding station",2018,4,1,91,2458210,4,2018,4,1,91,2458210,3
8418,32.363758,-94.873947,115,"TX",352,"Archilochus","colubris","ruby-throated hummingbird","Animalia",30980,458,"Individuals at a feeding station",2018,4,8,98,2458217,4,2018,4,8,98,2458217,3
8418,32.363758,-94.873947,115,"TX",352,"Archilochus","colubris","ruby-throated hummingbird","Animalia",30980,458,"Individuals at a feeding station",2018,5,9,129,2458248,3,2018,5,20,140,2458259,3
8418,32.363758,-94.873947,115,"TX",352,"Archilochus","colubris","ruby-throated hummingbird","Animalia",30980,458,"Individuals at a feeding station",2018,7,22,203,2458322,7,2018,7,22,203,2458322,3
8418,32.363758,-94.873947,115,"TX",352,"Archilochus","colubris","ruby-throated hummingbird","Animalia",30980,458,"Individuals at a feeding station",2018,8,26,238,2458357,4,2018,8,26,238,2458357,18
8418,32.363758,-94.873947,115,"TX",352,"Archilochus","colubris","ruby-throated hummingbird","Animalia",30980,458,"Individuals at a feeding station",2018,9,23,266,2458385,10,2018,9,30,273,2458392,3
8418,32.363758,-94.873947,115,"TX",352,"Archilochus","colubris","ruby-throated hummingbird","Animalia",30980,458,"Individuals at a feeding station",2018,10,9,282,2458401,6,2018,10,9,282,2458401,16
8418,32.363758,-94.873947,115,"TX",352,"Archilochus","colubris","ruby-throated hummingbird","Animalia",30980,542,"Feeding (or foraging)",2018,4,1,91,2458210,4,2018,4,1,91,2458210,3
8418,32.363758,-94.873947,115,"TX",352,"Archilochus","colubris","ruby-throated hummingbird","Animalia",30980,542,"Feeding (or foraging)",2018,4,8,98,2458217,4,2018,4,8,98,2458217,3
8418,32.363758,-94.873947,115,"TX",352,"Archilochus","colubris","ruby-throated hummingbird","Animalia",30980,542,"Feeding (or foraging)",2018,5,9,129,2458248,3,2018,5,20,140,2458259,3
8418,32.363758,-94.873947,115,"TX",352,"Archilochus","colubris","ruby-throated hummingbird","Animalia",30980,542,"Feeding (or foraging)",2018,7,22,203,2458322,7,2018,7,22,203,2458322,3
8418,32.363758,-94.873947,115,"TX",352,"Archilochus","colubris","ruby-throated hummingbird","Animalia",30980,542,"Feeding (or foraging)",2018,7,29,210,2458329,4,2018,7,29,210,2458329,3
8418,32.363758,-94.873947,115,"TX",352,"Archilochus","colubris","ruby-throated hummingbird","Animalia",30980,542,"Feeding (or foraging)",2018,8,26,238,2458357,4,2018,8,26,238,2458357,18
8418,32.363758,-94.873947,115,"TX",352,"Archilochus","colubris","ruby-throated hummingbird","Animalia",30980,542,"Feeding (or foraging)",2018,9,23,266,2458385,10,2018,10,9,282,2458401,16
9993,43.999718,-69.55117,22,"ME",352,"Archilochus","colubris","ruby-throated hummingbird","Animalia",38327,292,"Live individuals",2018,5,17,137,2458256,4,2018,8,10,222,2458341,NA
9993,43.999718,-69.55117,22,"ME",352,"Archilochus","colubris","ruby-throated hummingbird","Animalia",38327,542,"Feeding (or foraging)",2018,8,10,222,2458341,85,2018,8,10,222,2458341,NA
10145,42.602543,-83.250992,277,"MI",352,"Archilochus","colubris","ruby-throated hummingbird","Animalia",38951,292,"Live individuals",2018,5,13,133,2458252,3,2018,5,13,133,2458252,1
10145,42.602543,-83.250992,277,"MI",352,"Archilochus","colubris","ruby-throated hummingbird","Animalia",38951,292,"Live individuals",2018,7,5,186,2458305,1,2018,7,5,186,2458305,1
10145,42.602543,-83.250992,277,"MI",352,"Archilochus","colubris","ruby-throated hummingbird","Animalia",38951,292,"Live individuals",2018,8,26,238,2458357,17,2018,8,26,238,2458357,1
10145,42.602543,-83.250992,277,"MI",352,"Archilochus","colubris","ruby-throated hummingbird","Animalia",38951,458,"Individuals at a feeding station",2018,5,16,136,2458255,1,2018,5,17,137,2458256,1
10145,42.602543,-83.250992,277,"MI",352,"Archilochus","colubris","ruby-throated hummingbird","Animalia",38951,458,"Individuals at a feeding station",2018,5,20,140,2458259,1,2018,5,23,143,2458262,1
10145,42.602543,-83.250992,277,"MI",352,"Archilochus","colubris","ruby-throated hummingbird","Animalia",38951,458,"Individuals at a feeding station",2018,5,30,150,2458269,1,2018,5,31,151,2458270,1
10145,42.602543,-83.250992,277,"MI",352,"Archilochus","colubris","ruby-throated hummingbird","Animalia",38951,458,"Individuals at a feeding station",2018,6,4,155,2458274,1,2018,6,8,159,2458278,1
10145,42.602543,-83.250992,277,"MI",352,"Archilochus","colubris","ruby-throated hummingbird","Animalia",38951,458,"Individuals at a feeding station",2018,6,10,161,2458280,1,2018,6,10,161,2458280,1
10145,42.602543,-83.250992,277,"MI",352,"Archilochus","colubris","ruby-throated hummingbird","Animalia",38951,458,"Individuals at a feeding station",2018,6,12,163,2458282,1,2018,6,12,163,2458282,1
10145,42.602543,-83.250992,277,"MI",352,"Archilochus","colubris","ruby-throated hummingbird","Animalia",38951,458,"Individuals at a feeding station",2018,6,14,165,2458284,1,2018,6,27,178,2458297,1
10145,42.602543,-83.250992,277,"MI",352,"Archilochus","colubris","ruby-throated hummingbird","Animalia",38951,458,"Individuals at a feeding station",2018,7,3,184,2458303,1,2018,7,4,185,2458304,1
10145,42.602543,-83.250992,277,"MI",352,"Archilochus","colubris","ruby-throated hummingbird","Animalia",38951,458,"Individuals at a feeding station",2018,7,18,199,2458318,2,2018,7,23,204,2458323,1
10145,42.602543,-83.250992,277,"MI",352,"Archilochus","colubris","ruby-throated hummingbird","Animalia",38951,458,"Individuals at a feeding station",2018,7,25,206,2458325,1,2018,7,25,206,2458325,1
10145,42.602543,-83.250992,277,"MI",352,"Archilochus","colubris","ruby-throated hummingbird","Animalia",38951,458,"Individuals at a feeding station",2018,7,27,208,2458327,1,2018,8,2,214,2458333,1
10145,42.602543,-83.250992,277,"MI",352,"Archilochus","colubris","ruby-throated hummingbird","Animalia",38951,458,"Individuals at a feeding station",2018,8,4,216,2458335,1,2018,8,6,218,2458337,1
10145,42.602543,-83.250992,277,"MI",352,"Archilochus","colubris","ruby-throated hummingbird","Animalia",38951,458,"Individuals at a feeding station",2018,8,8,220,2458339,1,2018,8,9,221,2458340,17
10145,42.602543,-83.250992,277,"MI",352,"Archilochus","colubris","ruby-throated hummingbird","Animalia",38951,458,"Individuals at a feeding station",2018,8,27,239,2458358,1,2018,9,1,244,2458363,1
10145,42.602543,-83.250992,277,"MI",352,"Archilochus","colubris","ruby-throated hummingbird","Animalia",38951,458,"Individuals at a feeding station",2018,9,6,249,2458368,2,2018,9,14,257,2458376,2
10145,42.602543,-83.250992,277,"MI",352,"Archilochus","colubris","ruby-throated hummingbird","Animalia",38951,458,"Individuals at a feeding station",2018,9,17,260,2458379,1,2018,9,18,261,2458380,1
11308,43.94474,-69.706696,11,"ME",352,"Archilochus","colubris","ruby-throated hummingbird","Animalia",46642,292,"Live individuals",2018,5,13,133,2458252,7,2018,6,10,161,2458280,NA
11308,43.94474,-69.706696,11,"ME",352,"Archilochus","colubris","ruby-throated hummingbird","Animalia",46642,293,"Calls or song (birds)",2018,6,10,161,2458280,28,2018,6,10,161,2458280,NA
11308,43.94474,-69.706696,11,"ME",352,"Archilochus","colubris","ruby-throated hummingbird","Animalia",46642,458,"Individuals at a feeding station",2018,5,13,133,2458252,7,2018,6,10,161,2458280,NA
11308,43.94474,-69.706696,11,"ME",352,"Archilochus","colubris","ruby-throated hummingbird","Animalia",46642,542,"Feeding (or foraging)",2018,5,13,133,2458252,7,2018,6,10,161,2458280,NA
11617,45.194656,-93.374901,265,"MN",352,"Archilochus","colubris","ruby-throated hummingbird","Animalia",48446,292,"Live individuals",2018,5,20,140,2458259,5,2018,5,20,140,2458259,4
11617,45.194656,-93.374901,265,"MN",352,"Archilochus","colubris","ruby-throated hummingbird","Animalia",48446,292,"Live individuals",2018,8,28,240,2458359,21,2018,8,28,240,2458359,9
11617,45.194656,-93.374901,265,"MN",352,"Archilochus","colubris","ruby-throated hummingbird","Animalia",48446,292,"Live individuals",2018,9,7,250,2458369,1,2018,9,15,258,2458377,2
11617,45.194656,-93.374901,265,"MN",352,"Archilochus","colubris","ruby-throated hummingbird","Animalia",48446,312,"Flower visitation",2018,8,28,240,2458359,21,2018,8,28,240,2458359,9
11617,45.194656,-93.374901,265,"MN",352,"Archilochus","colubris","ruby-throated hummingbird","Animalia",48446,312,"Flower visitation",2018,9,7,250,2458369,1,2018,9,15,258,2458377,2
11617,45.194656,-93.374901,265,"MN",352,"Archilochus","colubris","ruby-throated hummingbird","Animalia",48446,458,"Individuals at a feeding station",2018,5,20,140,2458259,5,2018,5,20,140,2458259,4
11617,45.194656,-93.374901,265,"MN",352,"Archilochus","colubris","ruby-throated hummingbird","Animalia",48446,542,"Feeding (or foraging)",2018,5,20,140,2458259,5,2018,5,20,140,2458259,4
11617,45.194656,-93.374901,265,"MN",352,"Archilochus","colubris","ruby-throated hummingbird","Animalia",48446,542,"Feeding (or foraging)",2018,8,28,240,2458359,21,2018,8,28,240,2458359,9
11617,45.194656,-93.374901,265,"MN",352,"Archilochus","colubris","ruby-throated hummingbird","Animalia",48446,542,"Feeding (or foraging)",2018,9,7,250,2458369,1,2018,9,7,250,2458369,8
16356,45.317341,-93.821838,289,"MN",352,"Archilochus","colubris","ruby-throated hummingbird","Animalia",61114,292,"Live individuals",2018,5,4,124,2458243,1,2018,9,10,253,2458372,NA
16356,45.317341,-93.821838,289,"MN",352,"Archilochus","colubris","ruby-throated hummingbird","Animalia",61114,293,"Calls or song (birds)",2018,6,4,155,2458274,4,2018,6,4,155,2458274,6
16356,45.317341,-93.821838,289,"MN",352,"Archilochus","colubris","ruby-throated hummingbird","Animalia",61114,293,"Calls or song (birds)",2018,8,21,233,2458352,2,2018,8,21,233,2458352,2
16356,45.317341,-93.821838,289,"MN",352,"Archilochus","colubris","ruby-throated hummingbird","Animalia",61114,295,"Territorial individuals (birds)",2018,6,4,155,2458274,4,2018,6,4,155,2458274,6
16356,45.317341,-93.821838,289,"MN",352,"Archilochus","colubris","ruby-throated hummingbird","Animalia",61114,340,"Courtship ",2018,6,4,155,2458274,4,2018,6,4,155,2458274,6
16356,45.317341,-93.821838,289,"MN",352,"Archilochus","colubris","ruby-throated hummingbird","Animalia",61114,458,"Individuals at a feeding station",2018,5,5,125,2458244,1,2018,5,28,148,2458267,3
16356,45.317341,-93.821838,289,"MN",352,"Archilochus","colubris","ruby-throated hummingbird","Animalia",61114,458,"Individuals at a feeding station",2018,6,4,155,2458274,4,2018,6,4,155,2458274,6
16356,45.317341,-93.821838,289,"MN",352,"Archilochus","colubris","ruby-throated hummingbird","Animalia",61114,458,"Individuals at a feeding station",2018,6,14,165,2458284,4,2018,9,10,253,2458372,NA
16356,45.317341,-93.821838,289,"MN",352,"Archilochus","colubris","ruby-throated hummingbird","Animalia",61114,542,"Feeding (or foraging)",2018,5,5,125,2458244,1,2018,5,28,148,2458267,3
16356,45.317341,-93.821838,289,"MN",352,"Archilochus","colubris","ruby-throated hummingbird","Animalia",61114,542,"Feeding (or foraging)",2018,6,4,155,2458274,4,2018,6,4,155,2458274,6
16356,45.317341,-93.821838,289,"MN",352,"Archilochus","colubris","ruby-throated hummingbird","Animalia",61114,542,"Feeding (or foraging)",2018,6,14,165,2458284,4,2018,9,10,253,2458372,NA
18347,43.346775,-70.557152,9,"ME",352,"Archilochus","colubris","ruby-throated hummingbird","Animalia",72387,292,"Live individuals",2018,5,7,127,2458246,6,2018,6,11,162,2458281,NA
18347,43.346775,-70.557152,9,"ME",352,"Archilochus","colubris","ruby-throated hummingbird","Animalia",72387,293,"Calls or song (birds)",2018,5,19,139,2458258,12,2018,5,19,139,2458258,9
18347,43.346775,-70.557152,9,"ME",352,"Archilochus","colubris","ruby-throated hummingbird","Animalia",72387,294,"Singing individuals (birds)",2018,5,19,139,2458258,12,2018,5,19,139,2458258,9
18347,43.346775,-70.557152,9,"ME",352,"Archilochus","colubris","ruby-throated hummingbird","Animalia",72387,308,"Fledged young (altricial birds)",2018,6,11,162,2458281,14,2018,6,11,162,2458281,NA
18347,43.346775,-70.557152,9,"ME",352,"Archilochus","colubris","ruby-throated hummingbird","Animalia",72387,312,"Flower visitation",2018,5,19,139,2458258,12,2018,5,19,139,2458258,9
18347,43.346775,-70.557152,9,"ME",352,"Archilochus","colubris","ruby-throated hummingbird","Animalia",72387,312,"Flower visitation",2018,6,11,162,2458281,14,2018,6,11,162,2458281,NA
18347,43.346775,-70.557152,9,"ME",352,"Archilochus","colubris","ruby-throated hummingbird","Animalia",72387,458,"Individuals at a feeding station",2018,5,7,127,2458246,6,2018,6,11,162,2458281,NA
18347,43.346775,-70.557152,9,"ME",352,"Archilochus","colubris","ruby-throated hummingbird","Animalia",72387,542,"Feeding (or foraging)",2018,5,7,127,2458246,6,2018,6,11,162,2458281,NA
11155,38.786587,-94.68634,315,"KS",352,"Archilochus","colubris","ruby-throated hummingbird","Animalia",83835,292,"Live individuals",2018,9,18,261,2458380,21,2018,9,18,261,2458380,84
11155,38.786587,-94.68634,315,"KS",352,"Archilochus","colubris","ruby-throated hummingbird","Animalia",83835,458,"Individuals at a feeding station",2018,9,18,261,2458380,21,2018,9,18,261,2458380,84
11155,38.786587,-94.68634,315,"KS",352,"Archilochus","colubris","ruby-throated hummingbird","Animalia",83835,542,"Feeding (or foraging)",2018,9,18,261,2458380,21,2018,9,18,261,2458380,84
11154,38.799816,-94.690666,311,"KS",352,"Archilochus","colubris","ruby-throated hummingbird","Animalia",83842,292,"Live individuals",2018,8,22,234,2458353,210,2018,9,13,256,2458375,NA
11154,38.799816,-94.690666,311,"KS",352,"Archilochus","colubris","ruby-throated hummingbird","Animalia",83842,458,"Individuals at a feeding station",2018,8,22,234,2458353,210,2018,8,22,234,2458353,22
20080,38.799042,-94.6894,311,"KS",352,"Archilochus","colubris","ruby-throated hummingbird","Animalia",83844,292,"Live individuals",2018,5,9,129,2458248,15,2018,5,9,129,2458248,6
20080,38.799042,-94.6894,311,"KS",352,"Archilochus","colubris","ruby-throated hummingbird","Animalia",83844,458,"Individuals at a feeding station",2018,5,9,129,2458248,15,2018,5,9,129,2458248,6
20080,38.799042,-94.6894,311,"KS",352,"Archilochus","colubris","ruby-throated hummingbird","Animalia",83844,542,"Feeding (or foraging)",2018,5,9,129,2458248,15,2018,5,9,129,2458248,6
20787,43.899509,-69.957726,22,"ME",352,"Archilochus","colubris","ruby-throated hummingbird","Animalia",88624,312,"Flower visitation",2018,5,20,140,2458259,7,2018,5,20,140,2458259,36
20788,43.899719,-69.957878,22,"ME",352,"Archilochus","colubris","ruby-throated hummingbird","Animalia",88636,292,"Live individuals",2018,6,29,180,2458299,4,2018,6,29,180,2458299,NA
20788,43.899719,-69.957878,22,"ME",352,"Archilochus","colubris","ruby-throated hummingbird","Animalia",88636,312,"Flower visitation",2018,6,29,180,2458299,4,2018,6,29,180,2458299,NA
20788,43.899719,-69.957878,22,"ME",352,"Archilochus","colubris","ruby-throated hummingbird","Animalia",88636,542,"Feeding (or foraging)",2018,6,29,180,2458299,4,2018,6,29,180,2458299,NA
20617,43.128082,-89.376808,267,"WI",352,"Archilochus","colubris","ruby-throated hummingbird","Animalia",93830,292,"Live individuals",2018,5,2,122,2458241,NA,2018,5,9,129,2458248,NA
20617,43.128082,-89.376808,267,"WI",352,"Archilochus","colubris","ruby-throated hummingbird","Animalia",93830,458,"Individuals at a feeding station",2018,5,2,122,2458241,NA,2018,5,9,129,2458248,NA
20617,43.128082,-89.376808,267,"WI",352,"Archilochus","colubris","ruby-throated hummingbird","Animalia",93830,542,"Feeding (or foraging)",2018,5,2,122,2458241,NA,2018,5,9,129,2458248,NA
17414,42.936153,-73.433449,147,"NY",352,"Archilochus","colubris","ruby-throated hummingbird","Animalia",103211,292,"Live individuals",2018,5,3,123,2458242,2,2018,7,27,208,2458327,2
17414,42.936153,-73.433449,147,"NY",352,"Archilochus","colubris","ruby-throated hummingbird","Animalia",103211,292,"Live individuals",2018,8,3,215,2458334,5,2018,9,14,257,2458376,2
17414,42.936153,-73.433449,147,"NY",352,"Archilochus","colubris","ruby-throated hummingbird","Animalia",103211,295,"Territorial individuals (birds)",2018,5,13,133,2458252,3,2018,5,13,133,2458252,5
17414,42.936153,-73.433449,147,"NY",352,"Archilochus","colubris","ruby-throated hummingbird","Animalia",103211,295,"Territorial individuals (birds)",2018,5,24,144,2458263,6,2018,5,27,147,2458266,5
17414,42.936153,-73.433449,147,"NY",352,"Archilochus","colubris","ruby-throated hummingbird","Animalia",103211,295,"Territorial individuals (birds)",2018,6,3,154,2458273,2,2018,6,20,171,2458290,11
17414,42.936153,-73.433449,147,"NY",352,"Archilochus","colubris","ruby-throated hummingbird","Animalia",103211,295,"Territorial individuals (birds)",2018,7,12,193,2458312,5,2018,7,12,193,2458312,9
17414,42.936153,-73.433449,147,"NY",352,"Archilochus","colubris","ruby-throated hummingbird","Animalia",103211,295,"Territorial individuals (birds)",2018,8,12,224,2458343,2,2018,8,12,224,2458343,4
17414,42.936153,-73.433449,147,"NY",352,"Archilochus","colubris","ruby-throated hummingbird","Animalia",103211,312,"Flower visitation",2018,8,3,215,2458334,5,2018,8,5,217,2458336,5
17414,42.936153,-73.433449,147,"NY",352,"Archilochus","colubris","ruby-throated hummingbird","Animalia",103211,312,"Flower visitation",2018,9,6,249,2458368,3,2018,9,6,249,2458368,4
17414,42.936153,-73.433449,147,"NY",352,"Archilochus","colubris","ruby-throated hummingbird","Animalia",103211,315,"Dead individuals",2018,5,13,133,2458252,3,2018,5,13,133,2458252,5
17414,42.936153,-73.433449,147,"NY",352,"Archilochus","colubris","ruby-throated hummingbird","Animalia",103211,458,"Individuals at a feeding station",2018,5,3,123,2458242,2,2018,7,27,208,2458327,2
17414,42.936153,-73.433449,147,"NY",352,"Archilochus","colubris","ruby-throated hummingbird","Animalia",103211,458,"Individuals at a feeding station",2018,8,3,215,2458334,5,2018,9,14,257,2458376,2
17414,42.936153,-73.433449,147,"NY",352,"Archilochus","colubris","ruby-throated hummingbird","Animalia",103211,542,"Feeding (or foraging)",2018,5,3,123,2458242,2,2018,7,27,208,2458327,2
17414,42.936153,-73.433449,147,"NY",352,"Archilochus","colubris","ruby-throated hummingbird","Animalia",103211,542,"Feeding (or foraging)",2018,8,3,215,2458334,5,2018,9,6,249,2458368,4
21062,46.995705,-92.273186,419,"MN",352,"Archilochus","colubris","ruby-throated hummingbird","Animalia",107316,292,"Live individuals",2018,5,10,130,2458249,NA,2018,5,10,130,2458249,NA
21062,46.995705,-92.273186,419,"MN",352,"Archilochus","colubris","ruby-throated hummingbird","Animalia",107316,458,"Individuals at a feeding station",2018,5,10,130,2458249,NA,2018,5,10,130,2458249,NA
21062,46.995705,-92.273186,419,"MN",352,"Archilochus","colubris","ruby-throated hummingbird","Animalia",107316,542,"Feeding (or foraging)",2018,5,10,130,2458249,NA,2018,5,10,130,2458249,NA
23753,42.758427,-75.663376,484,"NY",352,"Archilochus","colubris","ruby-throated hummingbird","Animalia",112854,292,"Live individuals",2018,5,10,130,2458249,NA,2018,8,27,239,2458358,NA
23753,42.758427,-75.663376,484,"NY",352,"Archilochus","colubris","ruby-throated hummingbird","Animalia",112854,293,"Calls or song (birds)",2018,6,15,166,2458285,3,2018,6,15,166,2458285,16
23753,42.758427,-75.663376,484,"NY",352,"Archilochus","colubris","ruby-throated hummingbird","Animalia",112854,293,"Calls or song (birds)",2018,7,30,211,2458330,5,2018,7,31,212,2458331,21
23753,42.758427,-75.663376,484,"NY",352,"Archilochus","colubris","ruby-throated hummingbird","Animalia",112854,293,"Calls or song (birds)",2018,8,27,239,2458358,6,2018,8,27,239,2458358,NA
23753,42.758427,-75.663376,484,"NY",352,"Archilochus","colubris","ruby-throated hummingbird","Animalia",112854,294,"Singing individuals (birds)",2018,7,30,211,2458330,5,2018,7,31,212,2458331,21
23753,42.758427,-75.663376,484,"NY",352,"Archilochus","colubris","ruby-throated hummingbird","Animalia",112854,294,"Singing individuals (birds)",2018,8,27,239,2458358,6,2018,8,27,239,2458358,NA
23753,42.758427,-75.663376,484,"NY",352,"Archilochus","colubris","ruby-throated hummingbird","Animalia",112854,295,"Territorial individuals (birds)",2018,5,17,137,2458256,3,2018,5,17,137,2458256,2
23753,42.758427,-75.663376,484,"NY",352,"Archilochus","colubris","ruby-throated hummingbird","Animalia",112854,295,"Territorial individuals (birds)",2018,7,31,212,2458331,1,2018,7,31,212,2458331,21
23753,42.758427,-75.663376,484,"NY",352,"Archilochus","colubris","ruby-throated hummingbird","Animalia",112854,295,"Territorial individuals (birds)",2018,8,27,239,2458358,6,2018,8,27,239,2458358,NA
23753,42.758427,-75.663376,484,"NY",352,"Archilochus","colubris","ruby-throated hummingbird","Animalia",112854,458,"Individuals at a feeding station",2018,5,11,131,2458250,1,2018,8,27,239,2458358,NA
23753,42.758427,-75.663376,484,"NY",352,"Archilochus","colubris","ruby-throated hummingbird","Animalia",112854,542,"Feeding (or foraging)",2018,5,11,131,2458250,1,2018,8,27,239,2458358,NA
24186,46.998295,-94.693855,425,"MN",352,"Archilochus","colubris","ruby-throated hummingbird","Animalia",114693,292,"Live individuals",2018,5,5,125,2458244,1,2018,9,14,257,2458376,1
24186,46.998295,-94.693855,425,"MN",352,"Archilochus","colubris","ruby-throated hummingbird","Animalia",114693,293,"Calls or song (birds)",2018,5,15,135,2458254,NA,2018,5,16,136,2458255,140
24186,46.998295,-94.693855,425,"MN",352,"Archilochus","colubris","ruby-throated hummingbird","Animalia",114693,294,"Singing individuals (birds)",2018,5,17,137,2458256,NA,2018,5,17,137,2458256,139
24186,46.998295,-94.693855,425,"MN",352,"Archilochus","colubris","ruby-throated hummingbird","Animalia",114693,295,"Territorial individuals (birds)",2018,5,15,135,2458254,NA,2018,5,17,137,2458256,139
24186,46.998295,-94.693855,425,"MN",352,"Archilochus","colubris","ruby-throated hummingbird","Animalia",114693,340,"Courtship ",2018,5,17,137,2458256,NA,2018,5,17,137,2458256,139
24186,46.998295,-94.693855,425,"MN",352,"Archilochus","colubris","ruby-throated hummingbird","Animalia",114693,458,"Individuals at a feeding station",2018,5,5,125,2458244,NA,2018,9,14,257,2458376,19
24186,46.998295,-94.693855,425,"MN",352,"Archilochus","colubris","ruby-throated hummingbird","Animalia",114693,542,"Feeding (or foraging)",2018,5,5,125,2458244,NA,2018,9,14,257,2458376,19
24566,44.859833,-93.216568,234,"MN",352,"Archilochus","colubris","ruby-throated hummingbird","Animalia",116324,292,"Live individuals",2018,5,18,138,2458257,1,2018,5,18,138,2458257,2
24566,44.859833,-93.216568,234,"MN",352,"Archilochus","colubris","ruby-throated hummingbird","Animalia",116324,292,"Live individuals",2018,6,6,157,2458276,1,2018,6,6,157,2458276,16
24566,44.859833,-93.216568,234,"MN",352,"Archilochus","colubris","ruby-throated hummingbird","Animalia",116324,458,"Individuals at a feeding station",2018,5,18,138,2458257,1,2018,5,18,138,2458257,2
25361,36.44083,-84.323593,554,"TN",352,"Archilochus","colubris","ruby-throated hummingbird","Animalia",122201,292,"Live individuals",2018,5,10,130,2458249,1,2018,5,10,130,2458249,1
25361,36.44083,-84.323593,554,"TN",352,"Archilochus","colubris","ruby-throated hummingbird","Animalia",122201,292,"Live individuals",2018,5,15,135,2458254,2,2018,5,16,136,2458255,1
25361,36.44083,-84.323593,554,"TN",352,"Archilochus","colubris","ruby-throated hummingbird","Animalia",122201,292,"Live individuals",2018,6,20,171,2458290,1,2018,6,20,171,2458290,1
25361,36.44083,-84.323593,554,"TN",352,"Archilochus","colubris","ruby-throated hummingbird","Animalia",122201,292,"Live individuals",2018,7,10,191,2458310,1,2018,7,11,192,2458311,1
25361,36.44083,-84.323593,554,"TN",352,"Archilochus","colubris","ruby-throated hummingbird","Animalia",122201,292,"Live individuals",2018,7,23,204,2458323,2,2018,7,23,204,2458323,1
25361,36.44083,-84.323593,554,"TN",352,"Archilochus","colubris","ruby-throated hummingbird","Animalia",122201,292,"Live individuals",2018,7,26,207,2458326,1,2018,7,26,207,2458326,1
25361,36.44083,-84.323593,554,"TN",352,"Archilochus","colubris","ruby-throated hummingbird","Animalia",122201,292,"Live individuals",2018,7,29,210,2458329,1,2018,7,30,211,2458330,2
25361,36.44083,-84.323593,554,"TN",352,"Archilochus","colubris","ruby-throated hummingbird","Animalia",122201,292,"Live individuals",2018,8,26,238,2458357,1,2018,8,26,238,2458357,5
25361,36.44083,-84.323593,554,"TN",352,"Archilochus","colubris","ruby-throated hummingbird","Animalia",122201,292,"Live individuals",2018,9,9,252,2458371,2,2018,9,9,252,2458371,3
25361,36.44083,-84.323593,554,"TN",352,"Archilochus","colubris","ruby-throated hummingbird","Animalia",122201,292,"Live individuals",2018,9,18,261,2458380,4,2018,9,18,261,2458380,3
25361,36.44083,-84.323593,554,"TN",352,"Archilochus","colubris","ruby-throated hummingbird","Animalia",122201,312,"Flower visitation",2018,5,10,130,2458249,1,2018,5,10,130,2458249,1
25361,36.44083,-84.323593,554,"TN",352,"Archilochus","colubris","ruby-throated hummingbird","Animalia",122201,312,"Flower visitation",2018,5,15,135,2458254,2,2018,5,16,136,2458255,1
25361,36.44083,-84.323593,554,"TN",352,"Archilochus","colubris","ruby-throated hummingbird","Animalia",122201,312,"Flower visitation",2018,6,20,171,2458290,1,2018,6,20,171,2458290,1
25361,36.44083,-84.323593,554,"TN",352,"Archilochus","colubris","ruby-throated hummingbird","Animalia",122201,312,"Flower visitation",2018,7,10,191,2458310,1,2018,7,11,192,2458311,1
25361,36.44083,-84.323593,554,"TN",352,"Archilochus","colubris","ruby-throated hummingbird","Animalia",122201,312,"Flower visitation",2018,7,23,204,2458323,2,2018,7,23,204,2458323,1
25361,36.44083,-84.323593,554,"TN",352,"Archilochus","colubris","ruby-throated hummingbird","Animalia",122201,312,"Flower visitation",2018,7,26,207,2458326,1,2018,7,26,207,2458326,1
25361,36.44083,-84.323593,554,"TN",352,"Archilochus","colubris","ruby-throated hummingbird","Animalia",122201,312,"Flower visitation",2018,7,29,210,2458329,1,2018,7,30,211,2458330,2
25361,36.44083,-84.323593,554,"TN",352,"Archilochus","colubris","ruby-throated hummingbird","Animalia",122201,312,"Flower visitation",2018,8,26,238,2458357,1,2018,8,26,238,2458357,5
25361,36.44083,-84.323593,554,"TN",352,"Archilochus","colubris","ruby-throated hummingbird","Animalia",122201,312,"Flower visitation",2018,9,9,252,2458371,2,2018,9,9,252,2458371,3
25361,36.44083,-84.323593,554,"TN",352,"Archilochus","colubris","ruby-throated hummingbird","Animalia",122201,312,"Flower visitation",2018,9,18,261,2458380,4,2018,9,18,261,2458380,3
25361,36.44083,-84.323593,554,"TN",352,"Archilochus","colubris","ruby-throated hummingbird","Animalia",122201,542,"Feeding (or foraging)",2018,5,15,135,2458254,2,2018,5,16,136,2458255,1
25361,36.44083,-84.323593,554,"TN",352,"Archilochus","colubris","ruby-throated hummingbird","Animalia",122201,542,"Feeding (or foraging)",2018,6,20,171,2458290,1,2018,6,20,171,2458290,1
25361,36.44083,-84.323593,554,"TN",352,"Archilochus","colubris","ruby-throated hummingbird","Animalia",122201,542,"Feeding (or foraging)",2018,7,10,191,2458310,1,2018,7,11,192,2458311,1
25361,36.44083,-84.323593,554,"TN",352,"Archilochus","colubris","ruby-throated hummingbird","Animalia",122201,542,"Feeding (or foraging)",2018,7,23,204,2458323,2,2018,7,23,204,2458323,1
25361,36.44083,-84.323593,554,"TN",352,"Archilochus","colubris","ruby-throated hummingbird","Animalia",122201,542,"Feeding (or foraging)",2018,7,26,207,2458326,1,2018,7,26,207,2458326,1
25361,36.44083,-84.323593,554,"TN",352,"Archilochus","colubris","ruby-throated hummingbird","Animalia",122201,542,"Feeding (or foraging)",2018,7,29,210,2458329,1,2018,7,30,211,2458330,2
25361,36.44083,-84.323593,554,"TN",352,"Archilochus","colubris","ruby-throated hummingbird","Animalia",122201,542,"Feeding (or foraging)",2018,8,26,238,2458357,1,2018,8,26,238,2458357,5
25361,36.44083,-84.323593,554,"TN",352,"Archilochus","colubris","ruby-throated hummingbird","Animalia",122201,542,"Feeding (or foraging)",2018,9,9,252,2458371,2,2018,9,9,252,2458371,3
19187,35.84726,-83.453552,328,"TN",352,"Archilochus","colubris","ruby-throated hummingbird","Animalia",123337,292,"Live individuals",2018,4,21,111,2458230,NA,2018,4,21,111,2458230,NA
19187,35.84726,-83.453552,328,"TN",352,"Archilochus","colubris","ruby-throated hummingbird","Animalia",123337,293,"Calls or song (birds)",2018,4,21,111,2458230,NA,2018,4,21,111,2458230,NA
19187,35.84726,-83.453552,328,"TN",352,"Archilochus","colubris","ruby-throated hummingbird","Animalia",123337,294,"Singing individuals (birds)",2018,4,21,111,2458230,NA,2018,4,21,111,2458230,NA
19187,35.84726,-83.453552,328,"TN",352,"Archilochus","colubris","ruby-throated hummingbird","Animalia",123337,295,"Territorial individuals (birds)",2018,4,21,111,2458230,NA,2018,4,21,111,2458230,NA
19187,35.84726,-83.453552,328,"TN",352,"Archilochus","colubris","ruby-throated hummingbird","Animalia",123337,542,"Feeding (or foraging)",2018,4,21,111,2458230,NA,2018,4,21,111,2458230,NA
25565,43.34066,-83.164528,256,"MI",352,"Archilochus","colubris","ruby-throated hummingbird","Animalia",123936,292,"Live individuals",2018,5,7,127,2458246,9,2018,9,17,260,2458379,16
25565,43.34066,-83.164528,256,"MI",352,"Archilochus","colubris","ruby-throated hummingbird","Animalia",123936,293,"Calls or song (birds)",2018,5,17,137,2458256,10,2018,5,17,137,2458256,6
25565,43.34066,-83.164528,256,"MI",352,"Archilochus","colubris","ruby-throated hummingbird","Animalia",123936,293,"Calls or song (birds)",2018,6,14,165,2458284,8,2018,6,14,165,2458284,9
25565,43.34066,-83.164528,256,"MI",352,"Archilochus","colubris","ruby-throated hummingbird","Animalia",123936,293,"Calls or song (birds)",2018,7,29,210,2458329,15,2018,8,30,242,2458361,18
25565,43.34066,-83.164528,256,"MI",352,"Archilochus","colubris","ruby-throated hummingbird","Animalia",123936,295,"Territorial individuals (birds)",2018,5,17,137,2458256,10,2018,5,23,143,2458262,1
25565,43.34066,-83.164528,256,"MI",352,"Archilochus","colubris","ruby-throated hummingbird","Animalia",123936,295,"Territorial individuals (birds)",2018,6,6,157,2458276,13,2018,6,6,157,2458276,8
25565,43.34066,-83.164528,256,"MI",352,"Archilochus","colubris","ruby-throated hummingbird","Animalia",123936,295,"Territorial individuals (birds)",2018,7,14,195,2458314,11,2018,8,15,227,2458346,15
25565,43.34066,-83.164528,256,"MI",352,"Archilochus","colubris","ruby-throated hummingbird","Animalia",123936,312,"Flower visitation",2018,5,7,127,2458246,9,2018,5,17,137,2458256,6
25565,43.34066,-83.164528,256,"MI",352,"Archilochus","colubris","ruby-throated hummingbird","Animalia",123936,312,"Flower visitation",2018,5,24,144,2458263,1,2018,7,14,195,2458314,15
25565,43.34066,-83.164528,256,"MI",352,"Archilochus","colubris","ruby-throated hummingbird","Animalia",123936,312,"Flower visitation",2018,8,15,227,2458346,17,2018,8,30,242,2458361,18
25565,43.34066,-83.164528,256,"MI",352,"Archilochus","colubris","ruby-throated hummingbird","Animalia",123936,457,"Insect consumption",2018,7,29,210,2458329,15,2018,7,29,210,2458329,17
25565,43.34066,-83.164528,256,"MI",352,"Archilochus","colubris","ruby-throated hummingbird","Animalia",123936,458,"Individuals at a feeding station",2018,5,7,127,2458246,9,2018,9,17,260,2458379,16
25565,43.34066,-83.164528,256,"MI",352,"Archilochus","colubris","ruby-throated hummingbird","Animalia",123936,542,"Feeding (or foraging)",2018,5,7,127,2458246,9,2018,9,17,260,2458379,16
26000,44.93681,-93.185974,285,"MN",352,"Archilochus","colubris","ruby-throated hummingbird","Animalia",129341,292,"Live individuals",2018,6,6,157,2458276,19,2018,9,14,257,2458376,NA
26000,44.93681,-93.185974,285,"MN",352,"Archilochus","colubris","ruby-throated hummingbird","Animalia",129341,295,"Territorial individuals (birds)",2018,8,18,230,2458349,12,2018,9,14,257,2458376,NA
26000,44.93681,-93.185974,285,"MN",352,"Archilochus","colubris","ruby-throated hummingbird","Animalia",129341,312,"Flower visitation",2018,8,18,230,2458349,12,2018,9,14,257,2458376,NA
26000,44.93681,-93.185974,285,"MN",352,"Archilochus","colubris","ruby-throated hummingbird","Animalia",129341,458,"Individuals at a feeding station",2018,6,6,157,2458276,19,2018,9,14,257,2458376,NA
26000,44.93681,-93.185974,285,"MN",352,"Archilochus","colubris","ruby-throated hummingbird","Animalia",129341,542,"Feeding (or foraging)",2018,6,6,157,2458276,19,2018,9,14,257,2458376,NA
26048,44.825459,-93.176857,263,"MN",352,"Archilochus","colubris","ruby-throated hummingbird","Animalia",131607,292,"Live individuals",2018,6,2,153,2458272,18,2018,6,2,153,2458272,32
26048,44.825459,-93.176857,263,"MN",352,"Archilochus","colubris","ruby-throated hummingbird","Animalia",131607,292,"Live individuals",2018,7,10,191,2458310,6,2018,9,19,262,2458381,15
26048,44.825459,-93.176857,263,"MN",352,"Archilochus","colubris","ruby-throated hummingbird","Animalia",131607,458,"Individuals at a feeding station",2018,6,2,153,2458272,18,2018,6,2,153,2458272,32
26048,44.825459,-93.176857,263,"MN",352,"Archilochus","colubris","ruby-throated hummingbird","Animalia",131607,458,"Individuals at a feeding station",2018,7,10,191,2458310,6,2018,7,10,191,2458310,46
26048,44.825459,-93.176857,263,"MN",352,"Archilochus","colubris","ruby-throated hummingbird","Animalia",131607,458,"Individuals at a feeding station",2018,9,19,262,2458381,25,2018,9,19,262,2458381,15
26048,44.825459,-93.176857,263,"MN",352,"Archilochus","colubris","ruby-throated hummingbird","Animalia",131607,542,"Feeding (or foraging)",2018,6,2,153,2458272,18,2018,6,2,153,2458272,32
26048,44.825459,-93.176857,263,"MN",352,"Archilochus","colubris","ruby-throated hummingbird","Animalia",131607,542,"Feeding (or foraging)",2018,7,10,191,2458310,6,2018,9,19,262,2458381,15
26608,43.365868,-70.487099,-4,"ME",352,"Archilochus","colubris","ruby-throated hummingbird","Animalia",134667,292,"Live individuals",2018,6,7,158,2458277,47,2018,8,13,225,2458344,NA
26608,43.365868,-70.487099,-4,"ME",352,"Archilochus","colubris","ruby-throated hummingbird","Animalia",134667,312,"Flower visitation",2018,6,7,158,2458277,47,2018,8,13,225,2458344,NA
26608,43.365868,-70.487099,-4,"ME",352,"Archilochus","colubris","ruby-throated hummingbird","Animalia",134667,542,"Feeding (or foraging)",2018,6,7,158,2458277,47,2018,8,13,225,2458344,NA
27026,43.413593,-70.810211,157,"ME",352,"Archilochus","colubris","ruby-throated hummingbird","Animalia",137519,292,"Live individuals",2018,5,12,132,2458251,26,2018,7,29,210,2458329,NA
27026,43.413593,-70.810211,157,"ME",352,"Archilochus","colubris","ruby-throated hummingbird","Animalia",137519,293,"Calls or song (birds)",2018,5,22,142,2458261,7,2018,7,29,210,2458329,NA
27026,43.413593,-70.810211,157,"ME",352,"Archilochus","colubris","ruby-throated hummingbird","Animalia",137519,294,"Singing individuals (birds)",2018,5,12,132,2458251,26,2018,5,12,132,2458251,3
27026,43.413593,-70.810211,157,"ME",352,"Archilochus","colubris","ruby-throated hummingbird","Animalia",137519,294,"Singing individuals (birds)",2018,5,22,142,2458261,7,2018,7,29,210,2458329,NA
27026,43.413593,-70.810211,157,"ME",352,"Archilochus","colubris","ruby-throated hummingbird","Animalia",137519,295,"Territorial individuals (birds)",2018,5,22,142,2458261,7,2018,7,29,210,2458329,NA
27026,43.413593,-70.810211,157,"ME",352,"Archilochus","colubris","ruby-throated hummingbird","Animalia",137519,308,"Fledged young (altricial birds)",2018,7,9,190,2458309,30,2018,7,29,210,2458329,NA
27026,43.413593,-70.810211,157,"ME",352,"Archilochus","colubris","ruby-throated hummingbird","Animalia",137519,312,"Flower visitation",2018,5,22,142,2458261,7,2018,7,29,210,2458329,NA
27026,43.413593,-70.810211,157,"ME",352,"Archilochus","colubris","ruby-throated hummingbird","Animalia",137519,458,"Individuals at a feeding station",2018,5,22,142,2458261,7,2018,7,29,210,2458329,NA
27026,43.413593,-70.810211,157,"ME",352,"Archilochus","colubris","ruby-throated hummingbird","Animalia",137519,542,"Feeding (or foraging)",2018,5,12,132,2458251,26,2018,7,29,210,2458329,NA
22864,42.361534,-83.256363,184,"MI",352,"Archilochus","colubris","ruby-throated hummingbird","Animalia",143129,292,"Live individuals",2018,8,29,241,2458360,208,2018,8,29,241,2458360,62
28073,37.924835,-91.840584,288,"MO",352,"Archilochus","colubris","ruby-throated hummingbird","Animalia",145294,292,"Live individuals",2018,4,14,104,2458223,NA,2018,9,30,273,2458392,NA
28073,37.924835,-91.840584,288,"MO",352,"Archilochus","colubris","ruby-throated hummingbird","Animalia",145294,293,"Calls or song (birds)",2018,4,29,119,2458238,NA,2018,8,5,217,2458336,NA
28073,37.924835,-91.840584,288,"MO",352,"Archilochus","colubris","ruby-throated hummingbird","Animalia",145294,312,"Flower visitation",2018,4,14,104,2458223,NA,2018,9,30,273,2458392,NA
28073,37.924835,-91.840584,288,"MO",352,"Archilochus","colubris","ruby-throated hummingbird","Animalia",145294,340,"Courtship ",2018,4,29,119,2458238,NA,2018,5,6,126,2458245,NA
28073,37.924835,-91.840584,288,"MO",352,"Archilochus","colubris","ruby-throated hummingbird","Animalia",145294,457,"Insect consumption",2018,8,5,217,2458336,NA,2018,8,5,217,2458336,NA
28073,37.924835,-91.840584,288,"MO",352,"Archilochus","colubris","ruby-throated hummingbird","Animalia",145294,458,"Individuals at a feeding station",2018,4,21,111,2458230,NA,2018,9,12,255,2458374,NA
28073,37.924835,-91.840584,288,"MO",352,"Archilochus","colubris","ruby-throated hummingbird","Animalia",145294,542,"Feeding (or foraging)",2018,4,14,104,2458223,NA,2018,9,30,273,2458392,NA
28353,30.414766,-88.542511,4,"MS",352,"Archilochus","colubris","ruby-throated hummingbird","Animalia",147498,292,"Live individuals",2018,8,29,241,2458360,48,2018,9,12,255,2458374,86
28353,30.414766,-88.542511,4,"MS",352,"Archilochus","colubris","ruby-throated hummingbird","Animalia",147498,293,"Calls or song (birds)",2018,8,29,241,2458360,48,2018,9,5,248,2458367,93
28353,30.414766,-88.542511,4,"MS",352,"Archilochus","colubris","ruby-throated hummingbird","Animalia",147498,294,"Singing individuals (birds)",2018,9,12,255,2458374,7,2018,9,12,255,2458374,86
28353,30.414766,-88.542511,4,"MS",352,"Archilochus","colubris","ruby-throated hummingbird","Animalia",147498,458,"Individuals at a feeding station",2018,8,29,241,2458360,48,2018,9,12,255,2458374,86
28353,30.414766,-88.542511,4,"MS",352,"Archilochus","colubris","ruby-throated hummingbird","Animalia",147498,542,"Feeding (or foraging)",2018,8,29,241,2458360,48,2018,9,12,255,2458374,86
29151,41.202984,-85.041672,243,"IN",352,"Archilochus","colubris","ruby-throated hummingbird","Animalia",153464,292,"Live individuals",2018,6,11,162,2458281,22,2018,6,25,176,2458295,NA
29151,41.202984,-85.041672,243,"IN",352,"Archilochus","colubris","ruby-throated hummingbird","Animalia",153464,293,"Calls or song (birds)",2018,6,11,162,2458281,22,2018,6,25,176,2458295,NA
29151,41.202984,-85.041672,243,"IN",352,"Archilochus","colubris","ruby-throated hummingbird","Animalia",153464,294,"Singing individuals (birds)",2018,6,11,162,2458281,22,2018,6,11,162,2458281,14
29151,41.202984,-85.041672,243,"IN",352,"Archilochus","colubris","ruby-throated hummingbird","Animalia",153464,295,"Territorial individuals (birds)",2018,6,25,176,2458295,14,2018,6,25,176,2458295,NA
29151,41.202984,-85.041672,243,"IN",352,"Archilochus","colubris","ruby-throated hummingbird","Animalia",153464,312,"Flower visitation",2018,6,25,176,2458295,14,2018,6,25,176,2458295,NA
29151,41.202984,-85.041672,243,"IN",352,"Archilochus","colubris","ruby-throated hummingbird","Animalia",153464,458,"Individuals at a feeding station",2018,6,11,162,2458281,22,2018,6,11,162,2458281,14
29151,41.202984,-85.041672,243,"IN",352,"Archilochus","colubris","ruby-throated hummingbird","Animalia",153464,542,"Feeding (or foraging)",2018,6,11,162,2458281,22,2018,6,25,176,2458295,NA
29413,46.837029,-92.078026,362,"MN",352,"Archilochus","colubris","ruby-throated hummingbird","Animalia",155549,292,"Live individuals",2018,5,11,131,2458250,1,2018,5,21,141,2458260,2
29413,46.837029,-92.078026,362,"MN",352,"Archilochus","colubris","ruby-throated hummingbird","Animalia",155549,292,"Live individuals",2018,5,26,146,2458265,3,2018,5,26,146,2458265,2
29413,46.837029,-92.078026,362,"MN",352,"Archilochus","colubris","ruby-throated hummingbird","Animalia",155549,292,"Live individuals",2018,5,30,150,2458269,2,2018,5,30,150,2458269,NA
29413,46.837029,-92.078026,362,"MN",352,"Archilochus","colubris","ruby-throated hummingbird","Animalia",155549,458,"Individuals at a feeding station",2018,5,11,131,2458250,1,2018,5,21,141,2458260,2
29413,46.837029,-92.078026,362,"MN",352,"Archilochus","colubris","ruby-throated hummingbird","Animalia",155549,458,"Individuals at a feeding station",2018,5,26,146,2458265,3,2018,5,26,146,2458265,2
29413,46.837029,-92.078026,362,"MN",352,"Archilochus","colubris","ruby-throated hummingbird","Animalia",155549,458,"Individuals at a feeding station",2018,5,30,150,2458269,2,2018,5,30,150,2458269,NA
29413,46.837029,-92.078026,362,"MN",352,"Archilochus","colubris","ruby-throated hummingbird","Animalia",155549,542,"Feeding (or foraging)",2018,5,11,131,2458250,1,2018,5,21,141,2458260,2
29413,46.837029,-92.078026,362,"MN",352,"Archilochus","colubris","ruby-throated hummingbird","Animalia",155549,542,"Feeding (or foraging)",2018,5,26,146,2458265,3,2018,5,26,146,2458265,2
29413,46.837029,-92.078026,362,"MN",352,"Archilochus","colubris","ruby-throated hummingbird","Animalia",155549,542,"Feeding (or foraging)",2018,5,30,150,2458269,2,2018,5,30,150,2458269,NA
29578,44.277115,-69.055077,134,"ME",352,"Archilochus","colubris","ruby-throated hummingbird","Animalia",156824,292,"Live individuals",2018,7,4,185,2458304,NA,2018,7,4,185,2458304,NA
29578,44.277115,-69.055077,134,"ME",352,"Archilochus","colubris","ruby-throated hummingbird","Animalia",156824,293,"Calls or song (birds)",2018,7,4,185,2458304,NA,2018,7,4,185,2458304,NA
29578,44.277115,-69.055077,134,"ME",352,"Archilochus","colubris","ruby-throated hummingbird","Animalia",156824,295,"Territorial individuals (birds)",2018,7,4,185,2458304,NA,2018,7,4,185,2458304,NA
29578,44.277115,-69.055077,134,"ME",352,"Archilochus","colubris","ruby-throated hummingbird","Animalia",156824,458,"Individuals at a feeding station",2018,7,4,185,2458304,NA,2018,7,4,185,2458304,NA
29578,44.277115,-69.055077,134,"ME",352,"Archilochus","colubris","ruby-throated hummingbird","Animalia",156824,542,"Feeding (or foraging)",2018,7,4,185,2458304,NA,2018,7,4,185,2458304,NA
30001,43.682541,-70.313461,26,"ME",352,"Archilochus","colubris","ruby-throated hummingbird","Animalia",159838,292,"Live individuals",2018,9,12,255,2458374,6,2018,9,12,255,2458374,7
30001,43.682541,-70.313461,26,"ME",352,"Archilochus","colubris","ruby-throated hummingbird","Animalia",159838,312,"Flower visitation",2018,9,12,255,2458374,6,2018,9,12,255,2458374,7
30001,43.682541,-70.313461,26,"ME",352,"Archilochus","colubris","ruby-throated hummingbird","Animalia",159838,542,"Feeding (or foraging)",2018,9,12,255,2458374,6,2018,9,12,255,2458374,7
30002,43.682541,-70.313461,26,"ME",352,"Archilochus","colubris","ruby-throated hummingbird","Animalia",159845,292,"Live individuals",2018,5,29,149,2458268,2,2018,5,29,149,2458268,2
30002,43.682541,-70.313461,26,"ME",352,"Archilochus","colubris","ruby-throated hummingbird","Animalia",159845,292,"Live individuals",2018,6,19,170,2458289,5,2018,6,19,170,2458289,7
30002,43.682541,-70.313461,26,"ME",352,"Archilochus","colubris","ruby-throated hummingbird","Animalia",159845,292,"Live individuals",2018,7,17,198,2458317,7,2018,7,17,198,2458317,7
30002,43.682541,-70.313461,26,"ME",352,"Archilochus","colubris","ruby-throated hummingbird","Animalia",159845,292,"Live individuals",2018,8,15,227,2458346,22,2018,8,15,227,2458346,8
30002,43.682541,-70.313461,26,"ME",352,"Archilochus","colubris","ruby-throated hummingbird","Animalia",159845,292,"Live individuals",2018,9,12,255,2458374,6,2018,9,12,255,2458374,7
30002,43.682541,-70.313461,26,"ME",352,"Archilochus","colubris","ruby-throated hummingbird","Animalia",159845,458,"Individuals at a feeding station",2018,5,24,144,2458263,2,2018,5,24,144,2458263,3
30002,43.682541,-70.313461,26,"ME",352,"Archilochus","colubris","ruby-throated hummingbird","Animalia",159845,458,"Individuals at a feeding station",2018,6,19,170,2458289,5,2018,6,19,170,2458289,7
30002,43.682541,-70.313461,26,"ME",352,"Archilochus","colubris","ruby-throated hummingbird","Animalia",159845,458,"Individuals at a feeding station",2018,7,17,198,2458317,7,2018,7,17,198,2458317,7
30002,43.682541,-70.313461,26,"ME",352,"Archilochus","colubris","ruby-throated hummingbird","Animalia",159845,458,"Individuals at a feeding station",2018,8,15,227,2458346,22,2018,8,15,227,2458346,8
30002,43.682541,-70.313461,26,"ME",352,"Archilochus","colubris","ruby-throated hummingbird","Animalia",159845,458,"Individuals at a feeding station",2018,9,12,255,2458374,6,2018,9,12,255,2458374,7
30002,43.682541,-70.313461,26,"ME",352,"Archilochus","colubris","ruby-throated hummingbird","Animalia",159845,542,"Feeding (or foraging)",2018,6,19,170,2458289,5,2018,6,19,170,2458289,7
30002,43.682541,-70.313461,26,"ME",352,"Archilochus","colubris","ruby-throated hummingbird","Animalia",159845,542,"Feeding (or foraging)",2018,7,17,198,2458317,7,2018,7,17,198,2458317,7
30002,43.682541,-70.313461,26,"ME",352,"Archilochus","colubris","ruby-throated hummingbird","Animalia",159845,542,"Feeding (or foraging)",2018,8,15,227,2458346,22,2018,8,15,227,2458346,8
29352,40.586346,-75.520576,106,"PA",352,"Archilochus","colubris","ruby-throated hummingbird","Animalia",160894,292,"Live individuals",2018,3,20,79,2458198,5,2018,3,20,79,2458198,2
30376,45.55415,-94.553085,364,"MN",352,"Archilochus","colubris","ruby-throated hummingbird","Animalia",162633,292,"Live individuals",2018,5,3,123,2458242,NA,2018,5,3,123,2458242,NA
30376,45.55415,-94.553085,364,"MN",352,"Archilochus","colubris","ruby-throated hummingbird","Animalia",162633,458,"Individuals at a feeding station",2018,5,3,123,2458242,NA,2018,5,3,123,2458242,NA
30376,45.55415,-94.553085,364,"MN",352,"Archilochus","colubris","ruby-throated hummingbird","Animalia",162633,542,"Feeding (or foraging)",2018,5,3,123,2458242,NA,2018,5,3,123,2458242,NA
30450,43.821171,-70.121696,22,"ME",352,"Archilochus","colubris","ruby-throated hummingbird","Animalia",163730,292,"Live individuals",2018,5,6,126,2458245,7,2018,5,19,139,2458258,NA
30450,43.821171,-70.121696,22,"ME",352,"Archilochus","colubris","ruby-throated hummingbird","Animalia",163730,312,"Flower visitation",2018,5,6,126,2458245,7,2018,5,19,139,2458258,NA
30450,43.821171,-70.121696,22,"ME",352,"Archilochus","colubris","ruby-throated hummingbird","Animalia",163730,458,"Individuals at a feeding station",2018,5,12,132,2458251,6,2018,5,19,139,2458258,NA
30450,43.821171,-70.121696,22,"ME",352,"Archilochus","colubris","ruby-throated hummingbird","Animalia",163730,542,"Feeding (or foraging)",2018,5,6,126,2458245,7,2018,5,19,139,2458258,NA
17721,43.609531,-70.266426,36,"ME",352,"Archilochus","colubris","ruby-throated hummingbird","Animalia",165497,292,"Live individuals",2018,5,10,130,2458249,NA,2018,5,10,130,2458249,NA
17721,43.609531,-70.266426,36,"ME",352,"Archilochus","colubris","ruby-throated hummingbird","Animalia",165497,542,"Feeding (or foraging)",2018,5,10,130,2458249,NA,2018,5,10,130,2458249,NA
31065,34.933678,-82.322105,287,"SC",352,"Archilochus","colubris","ruby-throated hummingbird","Animalia",171063,292,"Live individuals",2018,7,12,193,2458312,NA,2018,7,12,193,2458312,NA
31065,34.933678,-82.322105,287,"SC",352,"Archilochus","colubris","ruby-throated hummingbird","Animalia",171063,293,"Calls or song (birds)",2018,7,12,193,2458312,NA,2018,7,12,193,2458312,NA
31065,34.933678,-82.322105,287,"SC",352,"Archilochus","colubris","ruby-throated hummingbird","Animalia",171063,294,"Singing individuals (birds)",2018,7,12,193,2458312,NA,2018,7,12,193,2458312,NA
31065,34.933678,-82.322105,287,"SC",352,"Archilochus","colubris","ruby-throated hummingbird","Animalia",171063,295,"Territorial individuals (birds)",2018,7,12,193,2458312,NA,2018,7,12,193,2458312,NA
31065,34.933678,-82.322105,287,"SC",352,"Archilochus","colubris","ruby-throated hummingbird","Animalia",171063,312,"Flower visitation",2018,7,12,193,2458312,NA,2018,7,12,193,2458312,NA
31153,46.933388,-95.552048,464,"MN",352,"Archilochus","colubris","ruby-throated hummingbird","Animalia",171313,292,"Live individuals",2018,7,21,202,2458321,NA,2018,7,22,203,2458322,NA
31153,46.933388,-95.552048,464,"MN",352,"Archilochus","colubris","ruby-throated hummingbird","Animalia",171313,295,"Territorial individuals (birds)",2018,7,22,203,2458322,1,2018,7,22,203,2458322,NA
31153,46.933388,-95.552048,464,"MN",352,"Archilochus","colubris","ruby-throated hummingbird","Animalia",171313,458,"Individuals at a feeding station",2018,7,21,202,2458321,NA,2018,7,22,203,2458322,NA
31153,46.933388,-95.552048,464,"MN",352,"Archilochus","colubris","ruby-throated hummingbird","Animalia",171313,542,"Feeding (or foraging)",2018,7,21,202,2458321,NA,2018,7,22,203,2458322,NA
31161,44.54929,-68.422653,54,"ME",352,"Archilochus","colubris","ruby-throated hummingbird","Animalia",171353,292,"Live individuals",2018,7,22,203,2458322,NA,2018,7,22,203,2458322,NA
31161,44.54929,-68.422653,54,"ME",352,"Archilochus","colubris","ruby-throated hummingbird","Animalia",171353,458,"Individuals at a feeding station",2018,7,22,203,2458322,NA,2018,7,22,203,2458322,NA
31161,44.54929,-68.422653,54,"ME",352,"Archilochus","colubris","ruby-throated hummingbird","Animalia",171353,542,"Feeding (or foraging)",2018,7,22,203,2458322,NA,2018,7,22,203,2458322,NA
31180,46.896786,-95.708672,443,"MN",352,"Archilochus","colubris","ruby-throated hummingbird","Animalia",171639,292,"Live individuals",2018,7,27,208,2458327,NA,2018,8,21,233,2458352,11
31180,46.896786,-95.708672,443,"MN",352,"Archilochus","colubris","ruby-throated hummingbird","Animalia",171639,295,"Territorial individuals (birds)",2018,7,27,208,2458327,NA,2018,8,16,228,2458347,5
31180,46.896786,-95.708672,443,"MN",352,"Archilochus","colubris","ruby-throated hummingbird","Animalia",171639,312,"Flower visitation",2018,7,27,208,2458327,NA,2018,8,21,233,2458352,11
31180,46.896786,-95.708672,443,"MN",352,"Archilochus","colubris","ruby-throated hummingbird","Animalia",171639,458,"Individuals at a feeding station",2018,7,27,208,2458327,NA,2018,8,21,233,2458352,11
31180,46.896786,-95.708672,443,"MN",352,"Archilochus","colubris","ruby-throated hummingbird","Animalia",171639,542,"Feeding (or foraging)",2018,7,27,208,2458327,NA,2018,8,21,233,2458352,11
28430,47.118698,-88.505844,213,"MI",352,"Archilochus","colubris","ruby-throated hummingbird","Animalia",172001,295,"Territorial individuals (birds)",2018,8,12,224,2458343,NA,2018,8,12,224,2458343,NA
28430,47.118698,-88.505844,213,"MI",352,"Archilochus","colubris","ruby-throated hummingbird","Animalia",172001,458,"Individuals at a feeding station",2018,8,12,224,2458343,NA,2018,8,12,224,2458343,NA
28430,47.118698,-88.505844,213,"MI",352,"Archilochus","colubris","ruby-throated hummingbird","Animalia",172001,542,"Feeding (or foraging)",2018,8,12,224,2458343,NA,2018,8,12,224,2458343,NA
28944,37.459633,-90.687019,274,"MO",352,"Archilochus","colubris","ruby-throated hummingbird","Animalia",172576,292,"Live individuals",2018,9,4,247,2458366,NA,2018,9,4,247,2458366,NA
28944,37.459633,-90.687019,274,"MO",352,"Archilochus","colubris","ruby-throated hummingbird","Animalia",172576,458,"Individuals at a feeding station",2018,9,4,247,2458366,NA,2018,9,4,247,2458366,NA
28944,37.459633,-90.687019,274,"MO",352,"Archilochus","colubris","ruby-throated hummingbird","Animalia",172576,542,"Feeding (or foraging)",2018,9,4,247,2458366,NA,2018,9,4,247,2458366,NA
28943,38.789921,-90.313004,170,"MO",352,"Archilochus","colubris","ruby-throated hummingbird","Animalia",172577,292,"Live individuals",2018,9,4,247,2458366,NA,2018,9,4,247,2458366,NA
28943,38.789921,-90.313004,170,"MO",352,"Archilochus","colubris","ruby-throated hummingbird","Animalia",172577,458,"Individuals at a feeding station",2018,9,4,247,2458366,NA,2018,9,4,247,2458366,NA
28943,38.789921,-90.313004,170,"MO",352,"Archilochus","colubris","ruby-throated hummingbird","Animalia",172577,542,"Feeding (or foraging)",2018,9,4,247,2458366,NA,2018,9,4,247,2458366,NA
5674,44.910587,-70.266861,261,"ME",352,"Archilochus","colubris","ruby-throated hummingbird","Animalia",12712,292,"Live individuals",2019,5,12,132,2458616,7,2019,9,1,244,2458728,7
5674,44.910587,-70.266861,261,"ME",352,"Archilochus","colubris","ruby-throated hummingbird","Animalia",12712,295,"Territorial individuals (birds)",2019,5,12,132,2458616,7,2019,8,18,230,2458714,7
5674,44.910587,-70.266861,261,"ME",352,"Archilochus","colubris","ruby-throated hummingbird","Animalia",12712,312,"Flower visitation",2019,5,26,146,2458630,7,2019,8,4,216,2458700,7
5674,44.910587,-70.266861,261,"ME",352,"Archilochus","colubris","ruby-throated hummingbird","Animalia",12712,312,"Flower visitation",2019,8,18,230,2458714,7,2019,8,18,230,2458714,7
5674,44.910587,-70.266861,261,"ME",352,"Archilochus","colubris","ruby-throated hummingbird","Animalia",12712,340,"Courtship ",2019,5,19,139,2458623,7,2019,5,19,139,2458623,7
5674,44.910587,-70.266861,261,"ME",352,"Archilochus","colubris","ruby-throated hummingbird","Animalia",12712,458,"Individuals at a feeding station",2019,5,12,132,2458616,7,2019,9,1,244,2458728,7
5674,44.910587,-70.266861,261,"ME",352,"Archilochus","colubris","ruby-throated hummingbird","Animalia",12712,542,"Feeding (or foraging)",2019,5,12,132,2458616,7,2019,9,1,244,2458728,7
6481,42.456135,-72.344215,265,"MA",352,"Archilochus","colubris","ruby-throated hummingbird","Animalia",19040,292,"Live individuals",2019,5,22,142,2458626,NA,2019,8,15,227,2458711,NA
6481,42.456135,-72.344215,265,"MA",352,"Archilochus","colubris","ruby-throated hummingbird","Animalia",19040,312,"Flower visitation",2019,5,22,142,2458626,NA,2019,8,15,227,2458711,NA
6481,42.456135,-72.344215,265,"MA",352,"Archilochus","colubris","ruby-throated hummingbird","Animalia",19040,542,"Feeding (or foraging)",2019,5,22,142,2458626,NA,2019,8,15,227,2458711,NA
8496,46.328629,-96.061256,393,"MN",352,"Archilochus","colubris","ruby-throated hummingbird","Animalia",25784,292,"Live individuals",2019,5,10,130,2458614,NA,2019,9,6,249,2458733,22
8496,46.328629,-96.061256,393,"MN",352,"Archilochus","colubris","ruby-throated hummingbird","Animalia",25784,295,"Territorial individuals (birds)",2019,5,18,138,2458622,8,2019,5,18,138,2458622,8
8496,46.328629,-96.061256,393,"MN",352,"Archilochus","colubris","ruby-throated hummingbird","Animalia",25784,312,"Flower visitation",2019,6,26,177,2458661,7,2019,6,26,177,2458661,14
8496,46.328629,-96.061256,393,"MN",352,"Archilochus","colubris","ruby-throated hummingbird","Animalia",25784,312,"Flower visitation",2019,7,13,194,2458678,3,2019,7,13,194,2458678,13
8496,46.328629,-96.061256,393,"MN",352,"Archilochus","colubris","ruby-throated hummingbird","Animalia",25784,312,"Flower visitation",2019,8,18,230,2458714,13,2019,9,6,249,2458733,22
8496,46.328629,-96.061256,393,"MN",352,"Archilochus","colubris","ruby-throated hummingbird","Animalia",25784,458,"Individuals at a feeding station",2019,5,10,130,2458614,NA,2019,9,6,249,2458733,22
8496,46.328629,-96.061256,393,"MN",352,"Archilochus","colubris","ruby-throated hummingbird","Animalia",25784,542,"Feeding (or foraging)",2019,5,10,130,2458614,NA,2019,9,6,249,2458733,22
8715,43.522804,-70.802277,215,"ME",352,"Archilochus","colubris","ruby-throated hummingbird","Animalia",28193,292,"Live individuals",2019,5,13,133,2458617,8,2019,8,26,238,2458722,15
8715,43.522804,-70.802277,215,"ME",352,"Archilochus","colubris","ruby-throated hummingbird","Animalia",28193,295,"Territorial individuals (birds)",2019,6,9,160,2458644,6,2019,6,9,160,2458644,9
8715,43.522804,-70.802277,215,"ME",352,"Archilochus","colubris","ruby-throated hummingbird","Animalia",28193,458,"Individuals at a feeding station",2019,5,19,139,2458623,6,2019,8,26,238,2458722,15
8715,43.522804,-70.802277,215,"ME",352,"Archilochus","colubris","ruby-throated hummingbird","Animalia",28193,542,"Feeding (or foraging)",2019,5,19,139,2458623,6,2019,8,26,238,2458722,15
8736,44.903229,-93.217445,248,"MN",352,"Archilochus","colubris","ruby-throated hummingbird","Animalia",28356,292,"Live individuals",2019,6,17,168,2458652,59,2019,6,17,168,2458652,3
8736,44.903229,-93.217445,248,"MN",352,"Archilochus","colubris","ruby-throated hummingbird","Animalia",28356,292,"Live individuals",2019,8,4,216,2458700,1,2019,8,4,216,2458700,2
8736,44.903229,-93.217445,248,"MN",352,"Archilochus","colubris","ruby-throated hummingbird","Animalia",28356,292,"Live individuals",2019,8,15,227,2458711,1,2019,8,15,227,2458711,1
8736,44.903229,-93.217445,248,"MN",352,"Archilochus","colubris","ruby-throated hummingbird","Animalia",28356,292,"Live individuals",2019,9,5,248,2458732,1,2019,9,5,248,2458732,2
8736,44.903229,-93.217445,248,"MN",352,"Archilochus","colubris","ruby-throated hummingbird","Animalia",28356,312,"Flower visitation",2019,8,4,216,2458700,1,2019,8,4,216,2458700,2
8736,44.903229,-93.217445,248,"MN",352,"Archilochus","colubris","ruby-throated hummingbird","Animalia",28356,312,"Flower visitation",2019,8,15,227,2458711,1,2019,8,15,227,2458711,1
8736,44.903229,-93.217445,248,"MN",352,"Archilochus","colubris","ruby-throated hummingbird","Animalia",28356,542,"Feeding (or foraging)",2019,8,4,216,2458700,1,2019,8,4,216,2458700,2
8736,44.903229,-93.217445,248,"MN",352,"Archilochus","colubris","ruby-throated hummingbird","Animalia",28356,542,"Feeding (or foraging)",2019,8,15,227,2458711,1,2019,8,15,227,2458711,1
8418,32.363758,-94.873947,115,"TX",352,"Archilochus","colubris","ruby-throated hummingbird","Animalia",30980,292,"Live individuals",2019,3,27,86,2458570,4,2019,4,21,111,2458595,3
8418,32.363758,-94.873947,115,"TX",352,"Archilochus","colubris","ruby-throated hummingbird","Animalia",30980,292,"Live individuals",2019,4,28,118,2458602,4,2019,4,28,118,2458602,3
8418,32.363758,-94.873947,115,"TX",352,"Archilochus","colubris","ruby-throated hummingbird","Animalia",30980,292,"Live individuals",2019,5,12,132,2458616,4,2019,5,22,142,2458626,3
8418,32.363758,-94.873947,115,"TX",352,"Archilochus","colubris","ruby-throated hummingbird","Animalia",30980,293,"Calls or song (birds)",2019,3,27,86,2458570,4,2019,3,27,86,2458570,4
8418,32.363758,-94.873947,115,"TX",352,"Archilochus","colubris","ruby-throated hummingbird","Animalia",30980,293,"Calls or song (birds)",2019,4,7,97,2458581,4,2019,4,7,97,2458581,3
8418,32.363758,-94.873947,115,"TX",352,"Archilochus","colubris","ruby-throated hummingbird","Animalia",30980,293,"Calls or song (birds)",2019,4,28,118,2458602,4,2019,4,28,118,2458602,3
8418,32.363758,-94.873947,115,"TX",352,"Archilochus","colubris","ruby-throated hummingbird","Animalia",30980,293,"Calls or song (birds)",2019,5,12,132,2458616,4,2019,5,22,142,2458626,3
8418,32.363758,-94.873947,115,"TX",352,"Archilochus","colubris","ruby-throated hummingbird","Animalia",30980,295,"Territorial individuals (birds)",2019,4,3,93,2458577,3,2019,4,7,97,2458581,3
8418,32.363758,-94.873947,115,"TX",352,"Archilochus","colubris","ruby-throated hummingbird","Animalia",30980,295,"Territorial individuals (birds)",2019,5,22,142,2458626,7,2019,5,22,142,2458626,3
8418,32.363758,-94.873947,115,"TX",352,"Archilochus","colubris","ruby-throated hummingbird","Animalia",30980,312,"Flower visitation",2019,3,27,86,2458570,4,2019,3,27,86,2458570,4
8418,32.363758,-94.873947,115,"TX",352,"Archilochus","colubris","ruby-throated hummingbird","Animalia",30980,312,"Flower visitation",2019,4,3,93,2458577,3,2019,4,3,93,2458577,4
8418,32.363758,-94.873947,115,"TX",352,"Archilochus","colubris","ruby-throated hummingbird","Animalia",30980,312,"Flower visitation",2019,4,10,100,2458584,3,2019,4,10,100,2458584,7
8418,32.363758,-94.873947,115,"TX",352,"Archilochus","colubris","ruby-throated hummingbird","Animalia",30980,312,"Flower visitation",2019,4,21,111,2458595,4,2019,4,21,111,2458595,3
8418,32.363758,-94.873947,115,"TX",352,"Archilochus","colubris","ruby-throated hummingbird","Animalia",30980,312,"Flower visitation",2019,5,15,135,2458619,3,2019,5,22,142,2458626,3
8418,32.363758,-94.873947,115,"TX",352,"Archilochus","colubris","ruby-throated hummingbird","Animalia",30980,458,"Individuals at a feeding station",2019,3,27,86,2458570,4,2019,3,27,86,2458570,4
8418,32.363758,-94.873947,115,"TX",352,"Archilochus","colubris","ruby-throated hummingbird","Animalia",30980,458,"Individuals at a feeding station",2019,4,3,93,2458577,3,2019,4,7,97,2458581,3
8418,32.363758,-94.873947,115,"TX",352,"Archilochus","colubris","ruby-throated hummingbird","Animalia",30980,458,"Individuals at a feeding station",2019,4,17,107,2458591,7,2019,4,17,107,2458591,4
8418,32.363758,-94.873947,115,"TX",352,"Archilochus","colubris","ruby-throated hummingbird","Animalia",30980,458,"Individuals at a feeding station",2019,4,28,118,2458602,4,2019,4,28,118,2458602,3
8418,32.363758,-94.873947,115,"TX",352,"Archilochus","colubris","ruby-throated hummingbird","Animalia",30980,458,"Individuals at a feeding station",2019,5,12,132,2458616,4,2019,5,22,142,2458626,3
8418,32.363758,-94.873947,115,"TX",352,"Archilochus","colubris","ruby-throated hummingbird","Animalia",30980,542,"Feeding (or foraging)",2019,3,27,86,2458570,4,2019,3,27,86,2458570,4
8418,32.363758,-94.873947,115,"TX",352,"Archilochus","colubris","ruby-throated hummingbird","Animalia",30980,542,"Feeding (or foraging)",2019,4,3,93,2458577,3,2019,4,21,111,2458595,3
8418,32.363758,-94.873947,115,"TX",352,"Archilochus","colubris","ruby-throated hummingbird","Animalia",30980,542,"Feeding (or foraging)",2019,4,28,118,2458602,4,2019,4,28,118,2458602,3
8418,32.363758,-94.873947,115,"TX",352,"Archilochus","colubris","ruby-throated hummingbird","Animalia",30980,542,"Feeding (or foraging)",2019,5,12,132,2458616,4,2019,5,22,142,2458626,3
10145,42.602543,-83.250992,277,"MI",352,"Archilochus","colubris","ruby-throated hummingbird","Animalia",38951,292,"Live individuals",2019,5,13,133,2458617,NA,2019,5,13,133,2458617,1
10145,42.602543,-83.250992,277,"MI",352,"Archilochus","colubris","ruby-throated hummingbird","Animalia",38951,292,"Live individuals",2019,5,23,143,2458627,1,2019,5,24,144,2458628,1
10145,42.602543,-83.250992,277,"MI",352,"Archilochus","colubris","ruby-throated hummingbird","Animalia",38951,292,"Live individuals",2019,5,26,146,2458630,1,2019,5,26,146,2458630,1
10145,42.602543,-83.250992,277,"MI",352,"Archilochus","colubris","ruby-throated hummingbird","Animalia",38951,292,"Live individuals",2019,7,1,182,2458666,1,2019,7,1,182,2458666,1
10145,42.602543,-83.250992,277,"MI",352,"Archilochus","colubris","ruby-throated hummingbird","Animalia",38951,292,"Live individuals",2019,7,17,198,2458682,1,2019,7,17,198,2458682,1
10145,42.602543,-83.250992,277,"MI",352,"Archilochus","colubris","ruby-throated hummingbird","Animalia",38951,292,"Live individuals",2019,7,19,200,2458684,1,2019,7,19,200,2458684,1
10145,42.602543,-83.250992,277,"MI",352,"Archilochus","colubris","ruby-throated hummingbird","Animalia",38951,292,"Live individuals",2019,8,1,213,2458697,1,2019,8,1,213,2458697,1
10145,42.602543,-83.250992,277,"MI",352,"Archilochus","colubris","ruby-throated hummingbird","Animalia",38951,292,"Live individuals",2019,8,3,215,2458699,1,2019,8,3,215,2458699,1
10145,42.602543,-83.250992,277,"MI",352,"Archilochus","colubris","ruby-throated hummingbird","Animalia",38951,292,"Live individuals",2019,9,5,248,2458732,1,2019,9,5,248,2458732,1
10145,42.602543,-83.250992,277,"MI",352,"Archilochus","colubris","ruby-throated hummingbird","Animalia",38951,312,"Flower visitation",2019,7,17,198,2458682,1,2019,7,17,198,2458682,1
10145,42.602543,-83.250992,277,"MI",352,"Archilochus","colubris","ruby-throated hummingbird","Animalia",38951,312,"Flower visitation",2019,7,19,200,2458684,1,2019,7,19,200,2458684,1
10145,42.602543,-83.250992,277,"MI",352,"Archilochus","colubris","ruby-throated hummingbird","Animalia",38951,458,"Individuals at a feeding station",2019,5,27,147,2458631,1,2019,5,29,149,2458633,2
10145,42.602543,-83.250992,277,"MI",352,"Archilochus","colubris","ruby-throated hummingbird","Animalia",38951,458,"Individuals at a feeding station",2019,6,1,152,2458636,1,2019,6,2,153,2458637,1
10145,42.602543,-83.250992,277,"MI",352,"Archilochus","colubris","ruby-throated hummingbird","Animalia",38951,458,"Individuals at a feeding station",2019,8,3,215,2458699,1,2019,8,5,217,2458701,1
10145,42.602543,-83.250992,277,"MI",352,"Archilochus","colubris","ruby-throated hummingbird","Animalia",38951,458,"Individuals at a feeding station",2019,8,7,219,2458703,1,2019,9,4,247,2458731,1
10145,42.602543,-83.250992,277,"MI",352,"Archilochus","colubris","ruby-throated hummingbird","Animalia",38951,458,"Individuals at a feeding station",2019,9,6,249,2458733,1,2019,9,9,252,2458736,5
10145,42.602543,-83.250992,277,"MI",352,"Archilochus","colubris","ruby-throated hummingbird","Animalia",38951,458,"Individuals at a feeding station",2019,9,16,259,2458743,1,2019,9,19,262,2458746,1
10934,43.899727,-69.957466,21,"ME",352,"Archilochus","colubris","ruby-throated hummingbird","Animalia",45216,292,"Live individuals",2019,5,18,138,2458622,2,2019,5,18,138,2458622,23
10934,43.899727,-69.957466,21,"ME",352,"Archilochus","colubris","ruby-throated hummingbird","Animalia",45216,292,"Live individuals",2019,8,30,242,2458726,13,2019,8,30,242,2458726,29
10934,43.899727,-69.957466,21,"ME",352,"Archilochus","colubris","ruby-throated hummingbird","Animalia",45216,312,"Flower visitation",2019,5,18,138,2458622,2,2019,5,18,138,2458622,23
10934,43.899727,-69.957466,21,"ME",352,"Archilochus","colubris","ruby-throated hummingbird","Animalia",45216,312,"Flower visitation",2019,8,30,242,2458726,13,2019,8,30,242,2458726,29
10934,43.899727,-69.957466,21,"ME",352,"Archilochus","colubris","ruby-throated hummingbird","Animalia",45216,542,"Feeding (or foraging)",2019,5,18,138,2458622,2,2019,5,18,138,2458622,23
10934,43.899727,-69.957466,21,"ME",352,"Archilochus","colubris","ruby-throated hummingbird","Animalia",45216,542,"Feeding (or foraging)",2019,8,30,242,2458726,13,2019,8,30,242,2458726,29
11617,45.194656,-93.374901,265,"MN",352,"Archilochus","colubris","ruby-throated hummingbird","Animalia",48446,292,"Live individuals",2019,5,15,135,2458619,3,2019,5,20,140,2458624,4
11617,45.194656,-93.374901,265,"MN",352,"Archilochus","colubris","ruby-throated hummingbird","Animalia",48446,312,"Flower visitation",2019,5,15,135,2458619,3,2019,5,20,140,2458624,4
11617,45.194656,-93.374901,265,"MN",352,"Archilochus","colubris","ruby-throated hummingbird","Animalia",48446,542,"Feeding (or foraging)",2019,5,20,140,2458624,5,2019,5,20,140,2458624,4
16356,45.317341,-93.821838,289,"MN",352,"Archilochus","colubris","ruby-throated hummingbird","Animalia",61114,292,"Live individuals",2019,5,15,135,2458619,NA,2019,9,24,267,2458751,NA
16356,45.317341,-93.821838,289,"MN",352,"Archilochus","colubris","ruby-throated hummingbird","Animalia",61114,293,"Calls or song (birds)",2019,8,23,235,2458719,27,2019,8,23,235,2458719,13
16356,45.317341,-93.821838,289,"MN",352,"Archilochus","colubris","ruby-throated hummingbird","Animalia",61114,293,"Calls or song (birds)",2019,9,19,262,2458746,1,2019,9,19,262,2458746,5
16356,45.317341,-93.821838,289,"MN",352,"Archilochus","colubris","ruby-throated hummingbird","Animalia",61114,312,"Flower visitation",2019,6,15,166,2458650,20,2019,6,15,166,2458650,12
16356,45.317341,-93.821838,289,"MN",352,"Archilochus","colubris","ruby-throated hummingbird","Animalia",61114,458,"Individuals at a feeding station",2019,5,15,135,2458619,NA,2019,5,26,146,2458630,20
16356,45.317341,-93.821838,289,"MN",352,"Archilochus","colubris","ruby-throated hummingbird","Animalia",61114,458,"Individuals at a feeding station",2019,6,27,178,2458662,12,2019,6,28,179,2458663,29
16356,45.317341,-93.821838,289,"MN",352,"Archilochus","colubris","ruby-throated hummingbird","Animalia",61114,458,"Individuals at a feeding station",2019,8,23,235,2458719,27,2019,9,24,267,2458751,NA
16356,45.317341,-93.821838,289,"MN",352,"Archilochus","colubris","ruby-throated hummingbird","Animalia",61114,542,"Feeding (or foraging)",2019,5,15,135,2458619,NA,2019,6,28,179,2458663,29
16356,45.317341,-93.821838,289,"MN",352,"Archilochus","colubris","ruby-throated hummingbird","Animalia",61114,542,"Feeding (or foraging)",2019,8,23,235,2458719,27,2019,9,24,267,2458751,NA
1904,47.143215,-93.431,399,"MN",352,"Archilochus","colubris","ruby-throated hummingbird","Animalia",66669,292,"Live individuals",2019,6,21,172,2458656,NA,2019,9,1,244,2458728,NA
1904,47.143215,-93.431,399,"MN",352,"Archilochus","colubris","ruby-throated hummingbird","Animalia",66669,458,"Individuals at a feeding station",2019,6,21,172,2458656,NA,2019,9,1,244,2458728,NA
1904,47.143215,-93.431,399,"MN",352,"Archilochus","colubris","ruby-throated hummingbird","Animalia",66669,542,"Feeding (or foraging)",2019,9,1,244,2458728,72,2019,9,1,244,2458728,NA
17562,41.78577,-73.731003,136,"NY",352,"Archilochus","colubris","ruby-throated hummingbird","Animalia",72781,292,"Live individuals",2019,5,14,134,2458618,NA,2019,5,14,134,2458618,NA
17562,41.78577,-73.731003,136,"NY",352,"Archilochus","colubris","ruby-throated hummingbird","Animalia",72781,312,"Flower visitation",2019,5,14,134,2458618,NA,2019,5,14,134,2458618,NA
17562,41.78577,-73.731003,136,"NY",352,"Archilochus","colubris","ruby-throated hummingbird","Animalia",72781,542,"Feeding (or foraging)",2019,5,14,134,2458618,NA,2019,5,14,134,2458618,NA
11155,38.786587,-94.68634,315,"KS",352,"Archilochus","colubris","ruby-throated hummingbird","Animalia",83835,292,"Live individuals",2019,9,13,256,2458740,34,2019,9,13,256,2458740,10
11155,38.786587,-94.68634,315,"KS",352,"Archilochus","colubris","ruby-throated hummingbird","Animalia",83835,312,"Flower visitation",2019,9,13,256,2458740,34,2019,9,13,256,2458740,10
11155,38.786587,-94.68634,315,"KS",352,"Archilochus","colubris","ruby-throated hummingbird","Animalia",83835,542,"Feeding (or foraging)",2019,9,13,256,2458740,34,2019,9,13,256,2458740,10
20080,38.799042,-94.6894,311,"KS",352,"Archilochus","colubris","ruby-throated hummingbird","Animalia",83844,292,"Live individuals",2019,8,10,222,2458706,26,2019,8,10,222,2458706,34
20080,38.799042,-94.6894,311,"KS",352,"Archilochus","colubris","ruby-throated hummingbird","Animalia",83844,312,"Flower visitation",2019,8,10,222,2458706,26,2019,8,10,222,2458706,34
20080,38.799042,-94.6894,311,"KS",352,"Archilochus","colubris","ruby-throated hummingbird","Animalia",83844,542,"Feeding (or foraging)",2019,8,10,222,2458706,26,2019,8,10,222,2458706,34
20787,43.899509,-69.957726,22,"ME",352,"Archilochus","colubris","ruby-throated hummingbird","Animalia",88624,292,"Live individuals",2019,8,17,229,2458713,40,2019,8,30,242,2458726,29
20787,43.899509,-69.957726,22,"ME",352,"Archilochus","colubris","ruby-throated hummingbird","Animalia",88624,312,"Flower visitation",2019,8,17,229,2458713,40,2019,8,30,242,2458726,29
20787,43.899509,-69.957726,22,"ME",352,"Archilochus","colubris","ruby-throated hummingbird","Animalia",88624,542,"Feeding (or foraging)",2019,8,17,229,2458713,40,2019,8,30,242,2458726,29
20788,43.899719,-69.957878,22,"ME",352,"Archilochus","colubris","ruby-throated hummingbird","Animalia",88636,292,"Live individuals",2019,5,18,138,2458622,2,2019,5,18,138,2458622,23
20788,43.899719,-69.957878,22,"ME",352,"Archilochus","colubris","ruby-throated hummingbird","Animalia",88636,292,"Live individuals",2019,8,30,242,2458726,13,2019,8,30,242,2458726,29
20788,43.899719,-69.957878,22,"ME",352,"Archilochus","colubris","ruby-throated hummingbird","Animalia",88636,295,"Territorial individuals (birds)",2019,5,18,138,2458622,2,2019,5,18,138,2458622,23
20788,43.899719,-69.957878,22,"ME",352,"Archilochus","colubris","ruby-throated hummingbird","Animalia",88636,312,"Flower visitation",2019,5,18,138,2458622,2,2019,5,18,138,2458622,23
20788,43.899719,-69.957878,22,"ME",352,"Archilochus","colubris","ruby-throated hummingbird","Animalia",88636,312,"Flower visitation",2019,8,30,242,2458726,13,2019,8,30,242,2458726,29
20788,43.899719,-69.957878,22,"ME",352,"Archilochus","colubris","ruby-throated hummingbird","Animalia",88636,542,"Feeding (or foraging)",2019,5,18,138,2458622,2,2019,5,18,138,2458622,23
20788,43.899719,-69.957878,22,"ME",352,"Archilochus","colubris","ruby-throated hummingbird","Animalia",88636,542,"Feeding (or foraging)",2019,8,30,242,2458726,13,2019,8,30,242,2458726,29
6579,43.078892,-85.627914,224,"MI",352,"Archilochus","colubris","ruby-throated hummingbird","Animalia",94262,292,"Live individuals",2019,5,12,132,2458616,NA,2019,5,12,132,2458616,NA
6579,43.078892,-85.627914,224,"MI",352,"Archilochus","colubris","ruby-throated hummingbird","Animalia",94262,458,"Individuals at a feeding station",2019,5,12,132,2458616,NA,2019,5,12,132,2458616,NA
6579,43.078892,-85.627914,224,"MI",352,"Archilochus","colubris","ruby-throated hummingbird","Animalia",94262,542,"Feeding (or foraging)",2019,5,12,132,2458616,NA,2019,5,12,132,2458616,NA
17414,42.936153,-73.433449,147,"NY",352,"Archilochus","colubris","ruby-throated hummingbird","Animalia",103211,292,"Live individuals",2019,4,30,120,2458604,3,2019,9,15,258,2458742,7
17414,42.936153,-73.433449,147,"NY",352,"Archilochus","colubris","ruby-throated hummingbird","Animalia",103211,293,"Calls or song (birds)",2019,5,19,139,2458623,4,2019,6,27,178,2458662,2
17414,42.936153,-73.433449,147,"NY",352,"Archilochus","colubris","ruby-throated hummingbird","Animalia",103211,295,"Territorial individuals (birds)",2019,5,7,127,2458611,4,2019,6,27,178,2458662,2
17414,42.936153,-73.433449,147,"NY",352,"Archilochus","colubris","ruby-throated hummingbird","Animalia",103211,312,"Flower visitation",2019,6,12,163,2458647,3,2019,6,12,163,2458647,3
17414,42.936153,-73.433449,147,"NY",352,"Archilochus","colubris","ruby-throated hummingbird","Animalia",103211,312,"Flower visitation",2019,7,19,200,2458684,5,2019,7,19,200,2458684,9
17414,42.936153,-73.433449,147,"NY",352,"Archilochus","colubris","ruby-throated hummingbird","Animalia",103211,312,"Flower visitation",2019,9,9,252,2458736,8,2019,9,15,258,2458742,7
17414,42.936153,-73.433449,147,"NY",352,"Archilochus","colubris","ruby-throated hummingbird","Animalia",103211,458,"Individuals at a feeding station",2019,4,30,120,2458604,3,2019,4,30,120,2458604,3
17414,42.936153,-73.433449,147,"NY",352,"Archilochus","colubris","ruby-throated hummingbird","Animalia",103211,458,"Individuals at a feeding station",2019,5,7,127,2458611,4,2019,8,26,238,2458722,6
17414,42.936153,-73.433449,147,"NY",352,"Archilochus","colubris","ruby-throated hummingbird","Animalia",103211,458,"Individuals at a feeding station",2019,9,9,252,2458736,8,2019,9,15,258,2458742,7
17414,42.936153,-73.433449,147,"NY",352,"Archilochus","colubris","ruby-throated hummingbird","Animalia",103211,542,"Feeding (or foraging)",2019,4,30,120,2458604,3,2019,4,30,120,2458604,3
17414,42.936153,-73.433449,147,"NY",352,"Archilochus","colubris","ruby-throated hummingbird","Animalia",103211,542,"Feeding (or foraging)",2019,5,19,139,2458623,4,2019,8,26,238,2458722,6
17414,42.936153,-73.433449,147,"NY",352,"Archilochus","colubris","ruby-throated hummingbird","Animalia",103211,542,"Feeding (or foraging)",2019,9,9,252,2458736,8,2019,9,15,258,2458742,7
23641,44.718273,-93.628853,236,"MN",352,"Archilochus","colubris","ruby-throated hummingbird","Animalia",111130,292,"Live individuals",2019,5,11,131,2458615,7,2019,5,11,131,2458615,7
23641,44.718273,-93.628853,236,"MN",352,"Archilochus","colubris","ruby-throated hummingbird","Animalia",111130,292,"Live individuals",2019,8,9,221,2458705,5,2019,8,9,221,2458705,9
23641,44.718273,-93.628853,236,"MN",352,"Archilochus","colubris","ruby-throated hummingbird","Animalia",111130,292,"Live individuals",2019,9,28,271,2458755,13,2019,9,28,271,2458755,12
23641,44.718273,-93.628853,236,"MN",352,"Archilochus","colubris","ruby-throated hummingbird","Animalia",111130,312,"Flower visitation",2019,5,11,131,2458615,7,2019,5,11,131,2458615,7
23641,44.718273,-93.628853,236,"MN",352,"Archilochus","colubris","ruby-throated hummingbird","Animalia",111130,312,"Flower visitation",2019,8,9,221,2458705,5,2019,8,9,221,2458705,9
23641,44.718273,-93.628853,236,"MN",352,"Archilochus","colubris","ruby-throated hummingbird","Animalia",111130,312,"Flower visitation",2019,9,28,271,2458755,13,2019,9,28,271,2458755,12
23641,44.718273,-93.628853,236,"MN",352,"Archilochus","colubris","ruby-throated hummingbird","Animalia",111130,542,"Feeding (or foraging)",2019,8,9,221,2458705,5,2019,8,9,221,2458705,9
23641,44.718273,-93.628853,236,"MN",352,"Archilochus","colubris","ruby-throated hummingbird","Animalia",111130,542,"Feeding (or foraging)",2019,9,28,271,2458755,13,2019,9,28,271,2458755,12
23753,42.758427,-75.663376,484,"NY",352,"Archilochus","colubris","ruby-throated hummingbird","Animalia",112854,292,"Live individuals",2019,5,2,122,2458606,NA,2019,9,10,253,2458737,NA
23753,42.758427,-75.663376,484,"NY",352,"Archilochus","colubris","ruby-throated hummingbird","Animalia",112854,312,"Flower visitation",2019,8,29,241,2458725,105,2019,9,10,253,2458737,NA
23753,42.758427,-75.663376,484,"NY",352,"Archilochus","colubris","ruby-throated hummingbird","Animalia",112854,458,"Individuals at a feeding station",2019,5,2,122,2458606,NA,2019,5,16,136,2458620,105
23753,42.758427,-75.663376,484,"NY",352,"Archilochus","colubris","ruby-throated hummingbird","Animalia",112854,458,"Individuals at a feeding station",2019,9,10,253,2458737,12,2019,9,10,253,2458737,NA
23753,42.758427,-75.663376,484,"NY",352,"Archilochus","colubris","ruby-throated hummingbird","Animalia",112854,542,"Feeding (or foraging)",2019,5,5,125,2458609,3,2019,9,10,253,2458737,NA
24186,46.998295,-94.693855,425,"MN",352,"Archilochus","colubris","ruby-throated hummingbird","Animalia",114693,292,"Live individuals",2019,5,11,131,2458615,1,2019,5,11,131,2458615,1
24186,46.998295,-94.693855,425,"MN",352,"Archilochus","colubris","ruby-throated hummingbird","Animalia",114693,292,"Live individuals",2019,5,15,135,2458619,2,2019,5,15,135,2458619,1
24186,46.998295,-94.693855,425,"MN",352,"Archilochus","colubris","ruby-throated hummingbird","Animalia",114693,292,"Live individuals",2019,5,17,137,2458621,1,2019,5,21,141,2458625,2
24186,46.998295,-94.693855,425,"MN",352,"Archilochus","colubris","ruby-throated hummingbird","Animalia",114693,292,"Live individuals",2019,5,28,148,2458632,5,2019,6,26,177,2458661,4
24186,46.998295,-94.693855,425,"MN",352,"Archilochus","colubris","ruby-throated hummingbird","Animalia",114693,292,"Live individuals",2019,7,1,182,2458666,1,2019,9,1,244,2458728,1
24186,46.998295,-94.693855,425,"MN",352,"Archilochus","colubris","ruby-throated hummingbird","Animalia",114693,292,"Live individuals",2019,9,4,247,2458731,2,2019,9,10,253,2458737,1
24186,46.998295,-94.693855,425,"MN",352,"Archilochus","colubris","ruby-throated hummingbird","Animalia",114693,295,"Territorial individuals (birds)",2019,5,30,150,2458634,7,2019,5,30,150,2458634,31
24186,46.998295,-94.693855,425,"MN",352,"Archilochus","colubris","ruby-throated hummingbird","Animalia",114693,312,"Flower visitation",2019,8,1,213,2458697,32,2019,8,31,243,2458727,2
24186,46.998295,-94.693855,425,"MN",352,"Archilochus","colubris","ruby-throated hummingbird","Animalia",114693,340,"Courtship ",2019,5,30,150,2458634,7,2019,5,30,150,2458634,31
24186,46.998295,-94.693855,425,"MN",352,"Archilochus","colubris","ruby-throated hummingbird","Animalia",114693,458,"Individuals at a feeding station",2019,5,15,135,2458619,2,2019,5,15,135,2458619,1
24186,46.998295,-94.693855,425,"MN",352,"Archilochus","colubris","ruby-throated hummingbird","Animalia",114693,458,"Individuals at a feeding station",2019,5,17,137,2458621,1,2019,5,21,141,2458625,2
24186,46.998295,-94.693855,425,"MN",352,"Archilochus","colubris","ruby-throated hummingbird","Animalia",114693,458,"Individuals at a feeding station",2019,5,28,148,2458632,5,2019,6,26,177,2458661,4
24186,46.998295,-94.693855,425,"MN",352,"Archilochus","colubris","ruby-throated hummingbird","Animalia",114693,458,"Individuals at a feeding station",2019,7,1,182,2458666,1,2019,9,1,244,2458728,1
24186,46.998295,-94.693855,425,"MN",352,"Archilochus","colubris","ruby-throated hummingbird","Animalia",114693,458,"Individuals at a feeding station",2019,9,5,248,2458732,3,2019,9,5,248,2458732,1
24186,46.998295,-94.693855,425,"MN",352,"Archilochus","colubris","ruby-throated hummingbird","Animalia",114693,542,"Feeding (or foraging)",2019,5,15,135,2458619,2,2019,5,15,135,2458619,1
24186,46.998295,-94.693855,425,"MN",352,"Archilochus","colubris","ruby-throated hummingbird","Animalia",114693,542,"Feeding (or foraging)",2019,5,17,137,2458621,1,2019,5,21,141,2458625,2
24186,46.998295,-94.693855,425,"MN",352,"Archilochus","colubris","ruby-throated hummingbird","Animalia",114693,542,"Feeding (or foraging)",2019,5,28,148,2458632,5,2019,6,26,177,2458661,4
24186,46.998295,-94.693855,425,"MN",352,"Archilochus","colubris","ruby-throated hummingbird","Animalia",114693,542,"Feeding (or foraging)",2019,7,1,182,2458666,1,2019,9,1,244,2458728,1
24566,44.859833,-93.216568,234,"MN",352,"Archilochus","colubris","ruby-throated hummingbird","Animalia",116324,292,"Live individuals",2019,6,2,153,2458637,4,2019,6,2,153,2458637,4
24566,44.859833,-93.216568,234,"MN",352,"Archilochus","colubris","ruby-throated hummingbird","Animalia",116324,292,"Live individuals",2019,6,13,164,2458648,7,2019,6,18,169,2458653,2
24566,44.859833,-93.216568,234,"MN",352,"Archilochus","colubris","ruby-throated hummingbird","Animalia",116324,292,"Live individuals",2019,8,1,213,2458697,3,2019,8,1,213,2458697,4
24566,44.859833,-93.216568,234,"MN",352,"Archilochus","colubris","ruby-throated hummingbird","Animalia",116324,292,"Live individuals",2019,8,15,227,2458711,7,2019,8,29,241,2458725,19
24566,44.859833,-93.216568,234,"MN",352,"Archilochus","colubris","ruby-throated hummingbird","Animalia",116324,458,"Individuals at a feeding station",2019,6,13,164,2458648,7,2019,6,18,169,2458653,2
24566,44.859833,-93.216568,234,"MN",352,"Archilochus","colubris","ruby-throated hummingbird","Animalia",116324,458,"Individuals at a feeding station",2019,8,1,213,2458697,3,2019,8,1,213,2458697,4
24566,44.859833,-93.216568,234,"MN",352,"Archilochus","colubris","ruby-throated hummingbird","Animalia",116324,458,"Individuals at a feeding station",2019,8,15,227,2458711,7,2019,9,5,248,2458732,12
24566,44.859833,-93.216568,234,"MN",352,"Archilochus","colubris","ruby-throated hummingbird","Animalia",116324,542,"Feeding (or foraging)",2019,6,13,164,2458648,7,2019,6,18,169,2458653,2
24566,44.859833,-93.216568,234,"MN",352,"Archilochus","colubris","ruby-throated hummingbird","Animalia",116324,542,"Feeding (or foraging)",2019,8,15,227,2458711,7,2019,9,5,248,2458732,12
25361,36.44083,-84.323593,554,"TN",352,"Archilochus","colubris","ruby-throated hummingbird","Animalia",122201,292,"Live individuals",2019,5,14,134,2458618,1,2019,5,14,134,2458618,1
25361,36.44083,-84.323593,554,"TN",352,"Archilochus","colubris","ruby-throated hummingbird","Animalia",122201,292,"Live individuals",2019,6,17,168,2458652,1,2019,6,20,171,2458655,5
25361,36.44083,-84.323593,554,"TN",352,"Archilochus","colubris","ruby-throated hummingbird","Animalia",122201,292,"Live individuals",2019,7,8,189,2458673,1,2019,7,12,193,2458677,4
25361,36.44083,-84.323593,554,"TN",352,"Archilochus","colubris","ruby-throated hummingbird","Animalia",122201,292,"Live individuals",2019,8,5,217,2458701,3,2019,8,6,218,2458702,3
25361,36.44083,-84.323593,554,"TN",352,"Archilochus","colubris","ruby-throated hummingbird","Animalia",122201,292,"Live individuals",2019,8,11,223,2458707,2,2019,8,29,241,2458725,1
25361,36.44083,-84.323593,554,"TN",352,"Archilochus","colubris","ruby-throated hummingbird","Animalia",122201,292,"Live individuals",2019,9,1,244,2458728,1,2019,9,6,249,2458733,1
25361,36.44083,-84.323593,554,"TN",352,"Archilochus","colubris","ruby-throated hummingbird","Animalia",122201,312,"Flower visitation",2019,7,8,189,2458673,1,2019,7,12,193,2458677,4
25361,36.44083,-84.323593,554,"TN",352,"Archilochus","colubris","ruby-throated hummingbird","Animalia",122201,312,"Flower visitation",2019,8,5,217,2458701,3,2019,8,6,218,2458702,3
25361,36.44083,-84.323593,554,"TN",352,"Archilochus","colubris","ruby-throated hummingbird","Animalia",122201,312,"Flower visitation",2019,8,11,223,2458707,2,2019,8,29,241,2458725,1
25361,36.44083,-84.323593,554,"TN",352,"Archilochus","colubris","ruby-throated hummingbird","Animalia",122201,312,"Flower visitation",2019,9,1,244,2458728,1,2019,9,6,249,2458733,1
25361,36.44083,-84.323593,554,"TN",352,"Archilochus","colubris","ruby-throated hummingbird","Animalia",122201,542,"Feeding (or foraging)",2019,5,14,134,2458618,1,2019,5,14,134,2458618,1
25361,36.44083,-84.323593,554,"TN",352,"Archilochus","colubris","ruby-throated hummingbird","Animalia",122201,542,"Feeding (or foraging)",2019,7,8,189,2458673,1,2019,7,12,193,2458677,4
25361,36.44083,-84.323593,554,"TN",352,"Archilochus","colubris","ruby-throated hummingbird","Animalia",122201,542,"Feeding (or foraging)",2019,8,5,217,2458701,3,2019,8,6,218,2458702,3
25361,36.44083,-84.323593,554,"TN",352,"Archilochus","colubris","ruby-throated hummingbird","Animalia",122201,542,"Feeding (or foraging)",2019,8,11,223,2458707,2,2019,8,29,241,2458725,1
25361,36.44083,-84.323593,554,"TN",352,"Archilochus","colubris","ruby-throated hummingbird","Animalia",122201,542,"Feeding (or foraging)",2019,9,1,244,2458728,1,2019,9,6,249,2458733,1
25565,43.34066,-83.164528,256,"MI",352,"Archilochus","colubris","ruby-throated hummingbird","Animalia",123936,292,"Live individuals",2019,5,6,126,2458610,7,2019,9,7,250,2458734,15
25565,43.34066,-83.164528,256,"MI",352,"Archilochus","colubris","ruby-throated hummingbird","Animalia",123936,293,"Calls or song (birds)",2019,5,6,126,2458610,7,2019,5,16,136,2458620,7
25565,43.34066,-83.164528,256,"MI",352,"Archilochus","colubris","ruby-throated hummingbird","Animalia",123936,293,"Calls or song (birds)",2019,6,5,156,2458640,13,2019,6,26,177,2458661,15
25565,43.34066,-83.164528,256,"MI",352,"Archilochus","colubris","ruby-throated hummingbird","Animalia",123936,293,"Calls or song (birds)",2019,7,20,201,2458685,9,2019,7,20,201,2458685,14
25565,43.34066,-83.164528,256,"MI",352,"Archilochus","colubris","ruby-throated hummingbird","Animalia",123936,293,"Calls or song (birds)",2019,8,19,231,2458715,16,2019,8,19,231,2458715,19
25565,43.34066,-83.164528,256,"MI",352,"Archilochus","colubris","ruby-throated hummingbird","Animalia",123936,294,"Singing individuals (birds)",2019,5,6,126,2458610,7,2019,5,6,126,2458610,10
25565,43.34066,-83.164528,256,"MI",352,"Archilochus","colubris","ruby-throated hummingbird","Animalia",123936,295,"Territorial individuals (birds)",2019,5,6,126,2458610,7,2019,5,16,136,2458620,7
25565,43.34066,-83.164528,256,"MI",352,"Archilochus","colubris","ruby-throated hummingbird","Animalia",123936,295,"Territorial individuals (birds)",2019,6,5,156,2458640,13,2019,6,5,156,2458640,21
25565,43.34066,-83.164528,256,"MI",352,"Archilochus","colubris","ruby-throated hummingbird","Animalia",123936,295,"Territorial individuals (birds)",2019,7,11,192,2458676,15,2019,8,19,231,2458715,19
25565,43.34066,-83.164528,256,"MI",352,"Archilochus","colubris","ruby-throated hummingbird","Animalia",123936,308,"Fledged young (altricial birds)",2019,8,3,215,2458699,14,2019,8,3,215,2458699,16
25565,43.34066,-83.164528,256,"MI",352,"Archilochus","colubris","ruby-throated hummingbird","Animalia",123936,312,"Flower visitation",2019,5,6,126,2458610,7,2019,5,16,136,2458620,7
25565,43.34066,-83.164528,256,"MI",352,"Archilochus","colubris","ruby-throated hummingbird","Animalia",123936,312,"Flower visitation",2019,6,5,156,2458640,13,2019,7,20,201,2458685,14
25565,43.34066,-83.164528,256,"MI",352,"Archilochus","colubris","ruby-throated hummingbird","Animalia",123936,312,"Flower visitation",2019,8,19,231,2458715,16,2019,9,7,250,2458734,15
25565,43.34066,-83.164528,256,"MI",352,"Archilochus","colubris","ruby-throated hummingbird","Animalia",123936,458,"Individuals at a feeding station",2019,5,6,126,2458610,7,2019,6,5,156,2458640,21
25565,43.34066,-83.164528,256,"MI",352,"Archilochus","colubris","ruby-throated hummingbird","Animalia",123936,458,"Individuals at a feeding station",2019,7,11,192,2458676,15,2019,9,7,250,2458734,15
25565,43.34066,-83.164528,256,"MI",352,"Archilochus","colubris","ruby-throated hummingbird","Animalia",123936,542,"Feeding (or foraging)",2019,5,6,126,2458610,7,2019,9,7,250,2458734,15
25972,39.974331,-86.093376,240,"IN",352,"Archilochus","colubris","ruby-throated hummingbird","Animalia",128520,292,"Live individuals",2019,5,8,128,2458612,16,2019,5,8,128,2458612,NA
26000,44.93681,-93.185974,285,"MN",352,"Archilochus","colubris","ruby-throated hummingbird","Animalia",129341,292,"Live individuals",2019,5,24,144,2458628,10,2019,6,8,159,2458643,14
26000,44.93681,-93.185974,285,"MN",352,"Archilochus","colubris","ruby-throated hummingbird","Animalia",129341,292,"Live individuals",2019,7,6,187,2458671,14,2019,8,1,213,2458697,NA
26000,44.93681,-93.185974,285,"MN",352,"Archilochus","colubris","ruby-throated hummingbird","Animalia",129341,458,"Individuals at a feeding station",2019,5,24,144,2458628,10,2019,6,8,159,2458643,14
26000,44.93681,-93.185974,285,"MN",352,"Archilochus","colubris","ruby-throated hummingbird","Animalia",129341,458,"Individuals at a feeding station",2019,7,6,187,2458671,14,2019,8,1,213,2458697,NA
26000,44.93681,-93.185974,285,"MN",352,"Archilochus","colubris","ruby-throated hummingbird","Animalia",129341,542,"Feeding (or foraging)",2019,5,24,144,2458628,10,2019,6,8,159,2458643,14
26000,44.93681,-93.185974,285,"MN",352,"Archilochus","colubris","ruby-throated hummingbird","Animalia",129341,542,"Feeding (or foraging)",2019,7,6,187,2458671,14,2019,8,1,213,2458697,NA
26048,44.825459,-93.176857,263,"MN",352,"Archilochus","colubris","ruby-throated hummingbird","Animalia",131607,292,"Live individuals",2019,6,5,156,2458640,4,2019,6,5,156,2458640,8
26048,44.825459,-93.176857,263,"MN",352,"Archilochus","colubris","ruby-throated hummingbird","Animalia",131607,292,"Live individuals",2019,7,4,185,2458669,7,2019,7,4,185,2458669,20
26048,44.825459,-93.176857,263,"MN",352,"Archilochus","colubris","ruby-throated hummingbird","Animalia",131607,292,"Live individuals",2019,8,1,213,2458697,8,2019,9,17,260,2458744,20
26048,44.825459,-93.176857,263,"MN",352,"Archilochus","colubris","ruby-throated hummingbird","Animalia",131607,458,"Individuals at a feeding station",2019,6,5,156,2458640,4,2019,6,5,156,2458640,8
26048,44.825459,-93.176857,263,"MN",352,"Archilochus","colubris","ruby-throated hummingbird","Animalia",131607,458,"Individuals at a feeding station",2019,7,4,185,2458669,7,2019,7,4,185,2458669,20
26048,44.825459,-93.176857,263,"MN",352,"Archilochus","colubris","ruby-throated hummingbird","Animalia",131607,458,"Individuals at a feeding station",2019,8,1,213,2458697,8,2019,9,17,260,2458744,20
26048,44.825459,-93.176857,263,"MN",352,"Archilochus","colubris","ruby-throated hummingbird","Animalia",131607,542,"Feeding (or foraging)",2019,8,12,224,2458708,11,2019,8,12,224,2458708,15
26608,43.365868,-70.487099,-4,"ME",352,"Archilochus","colubris","ruby-throated hummingbird","Animalia",134667,292,"Live individuals",2019,5,18,138,2458622,NA,2019,7,24,205,2458689,NA
26608,43.365868,-70.487099,-4,"ME",352,"Archilochus","colubris","ruby-throated hummingbird","Animalia",134667,312,"Flower visitation",2019,5,18,138,2458622,NA,2019,7,24,205,2458689,NA
26608,43.365868,-70.487099,-4,"ME",352,"Archilochus","colubris","ruby-throated hummingbird","Animalia",134667,542,"Feeding (or foraging)",2019,5,18,138,2458622,NA,2019,5,22,142,2458626,24
26608,43.365868,-70.487099,-4,"ME",352,"Archilochus","colubris","ruby-throated hummingbird","Animalia",134667,542,"Feeding (or foraging)",2019,7,23,204,2458688,27,2019,7,24,205,2458689,NA
27026,43.413593,-70.810211,157,"ME",352,"Archilochus","colubris","ruby-throated hummingbird","Animalia",137519,292,"Live individuals",2019,5,11,131,2458615,NA,2019,8,10,222,2458706,NA
27026,43.413593,-70.810211,157,"ME",352,"Archilochus","colubris","ruby-throated hummingbird","Animalia",137519,293,"Calls or song (birds)",2019,5,23,143,2458627,12,2019,8,10,222,2458706,NA
27026,43.413593,-70.810211,157,"ME",352,"Archilochus","colubris","ruby-throated hummingbird","Animalia",137519,294,"Singing individuals (birds)",2019,5,23,143,2458627,12,2019,8,10,222,2458706,NA
27026,43.413593,-70.810211,157,"ME",352,"Archilochus","colubris","ruby-throated hummingbird","Animalia",137519,295,"Territorial individuals (birds)",2019,6,19,170,2458654,18,2019,7,5,186,2458670,13
27026,43.413593,-70.810211,157,"ME",352,"Archilochus","colubris","ruby-throated hummingbird","Animalia",137519,295,"Territorial individuals (birds)",2019,8,10,222,2458706,23,2019,8,10,222,2458706,NA
27026,43.413593,-70.810211,157,"ME",352,"Archilochus","colubris","ruby-throated hummingbird","Animalia",137519,304,"Nestlings (altricial birds)",2019,7,5,186,2458670,7,2019,7,5,186,2458670,13
27026,43.413593,-70.810211,157,"ME",352,"Archilochus","colubris","ruby-throated hummingbird","Animalia",137519,308,"Fledged young (altricial birds)",2019,6,28,179,2458663,9,2019,8,10,222,2458706,NA
27026,43.413593,-70.810211,157,"ME",352,"Archilochus","colubris","ruby-throated hummingbird","Animalia",137519,312,"Flower visitation",2019,6,1,152,2458636,9,2019,6,1,152,2458636,18
27026,43.413593,-70.810211,157,"ME",352,"Archilochus","colubris","ruby-throated hummingbird","Animalia",137519,312,"Flower visitation",2019,6,28,179,2458663,9,2019,8,10,222,2458706,NA
27026,43.413593,-70.810211,157,"ME",352,"Archilochus","colubris","ruby-throated hummingbird","Animalia",137519,458,"Individuals at a feeding station",2019,5,11,131,2458615,NA,2019,8,10,222,2458706,NA
27026,43.413593,-70.810211,157,"ME",352,"Archilochus","colubris","ruby-throated hummingbird","Animalia",137519,542,"Feeding (or foraging)",2019,5,11,131,2458615,NA,2019,8,10,222,2458706,NA
22864,42.361534,-83.256363,184,"MI",352,"Archilochus","colubris","ruby-throated hummingbird","Animalia",143129,292,"Live individuals",2019,7,1,182,2458666,NA,2019,7,1,182,2458666,NA
28353,30.414766,-88.542511,4,"MS",352,"Archilochus","colubris","ruby-throated hummingbird","Animalia",147498,292,"Live individuals",2019,8,29,241,2458725,28,2019,10,10,283,2458767,13
28353,30.414766,-88.542511,4,"MS",352,"Archilochus","colubris","ruby-throated hummingbird","Animalia",147498,293,"Calls or song (birds)",2019,8,29,241,2458725,28,2019,8,29,241,2458725,42
28353,30.414766,-88.542511,4,"MS",352,"Archilochus","colubris","ruby-throated hummingbird","Animalia",147498,295,"Territorial individuals (birds)",2019,8,29,241,2458725,28,2019,9,25,268,2458752,15
28353,30.414766,-88.542511,4,"MS",352,"Archilochus","colubris","ruby-throated hummingbird","Animalia",147498,458,"Individuals at a feeding station",2019,8,29,241,2458725,28,2019,9,25,268,2458752,15
28353,30.414766,-88.542511,4,"MS",352,"Archilochus","colubris","ruby-throated hummingbird","Animalia",147498,542,"Feeding (or foraging)",2019,8,29,241,2458725,28,2019,9,25,268,2458752,15
28549,38.730068,-75.365211,13,"DE",352,"Archilochus","colubris","ruby-throated hummingbird","Animalia",156664,292,"Live individuals",2019,6,11,162,2458646,54,2019,6,11,162,2458646,NA
28549,38.730068,-75.365211,13,"DE",352,"Archilochus","colubris","ruby-throated hummingbird","Animalia",156664,542,"Feeding (or foraging)",2019,6,11,162,2458646,54,2019,6,11,162,2458646,NA
30003,43.680336,-70.308777,26,"ME",352,"Archilochus","colubris","ruby-throated hummingbird","Animalia",159830,292,"Live individuals",2019,5,15,135,2458619,4,2019,5,15,135,2458619,4
30002,43.682541,-70.313461,26,"ME",352,"Archilochus","colubris","ruby-throated hummingbird","Animalia",159845,292,"Live individuals",2019,5,15,135,2458619,4,2019,5,25,145,2458629,4
30002,43.682541,-70.313461,26,"ME",352,"Archilochus","colubris","ruby-throated hummingbird","Animalia",159845,292,"Live individuals",2019,6,1,152,2458636,3,2019,6,10,161,2458645,4
30002,43.682541,-70.313461,26,"ME",352,"Archilochus","colubris","ruby-throated hummingbird","Animalia",159845,292,"Live individuals",2019,6,15,166,2458650,1,2019,6,15,166,2458650,9
30002,43.682541,-70.313461,26,"ME",352,"Archilochus","colubris","ruby-throated hummingbird","Animalia",159845,292,"Live individuals",2019,6,29,180,2458664,5,2019,7,2,183,2458667,6
30002,43.682541,-70.313461,26,"ME",352,"Archilochus","colubris","ruby-throated hummingbird","Animalia",159845,292,"Live individuals",2019,8,16,228,2458712,8,2019,8,21,233,2458717,8
30002,43.682541,-70.313461,26,"ME",352,"Archilochus","colubris","ruby-throated hummingbird","Animalia",159845,293,"Calls or song (birds)",2019,5,18,138,2458622,3,2019,5,18,138,2458622,5
30002,43.682541,-70.313461,26,"ME",352,"Archilochus","colubris","ruby-throated hummingbird","Animalia",159845,294,"Singing individuals (birds)",2019,5,18,138,2458622,3,2019,5,18,138,2458622,5
30002,43.682541,-70.313461,26,"ME",352,"Archilochus","colubris","ruby-throated hummingbird","Animalia",159845,294,"Singing individuals (birds)",2019,6,10,161,2458645,4,2019,6,10,161,2458645,4
30002,43.682541,-70.313461,26,"ME",352,"Archilochus","colubris","ruby-throated hummingbird","Animalia",159845,295,"Territorial individuals (birds)",2019,5,18,138,2458622,3,2019,5,18,138,2458622,5
30002,43.682541,-70.313461,26,"ME",352,"Archilochus","colubris","ruby-throated hummingbird","Animalia",159845,308,"Fledged young (altricial birds)",2019,8,21,233,2458717,13,2019,8,21,233,2458717,8
30002,43.682541,-70.313461,26,"ME",352,"Archilochus","colubris","ruby-throated hummingbird","Animalia",159845,312,"Flower visitation",2019,6,4,155,2458639,3,2019,6,4,155,2458639,2
30002,43.682541,-70.313461,26,"ME",352,"Archilochus","colubris","ruby-throated hummingbird","Animalia",159845,340,"Courtship ",2019,5,15,135,2458619,4,2019,5,18,138,2458622,5
30002,43.682541,-70.313461,26,"ME",352,"Archilochus","colubris","ruby-throated hummingbird","Animalia",159845,458,"Individuals at a feeding station",2019,5,18,138,2458622,3,2019,5,25,145,2458629,4
30002,43.682541,-70.313461,26,"ME",352,"Archilochus","colubris","ruby-throated hummingbird","Animalia",159845,458,"Individuals at a feeding station",2019,6,1,152,2458636,3,2019,6,10,161,2458645,4
30002,43.682541,-70.313461,26,"ME",352,"Archilochus","colubris","ruby-throated hummingbird","Animalia",159845,458,"Individuals at a feeding station",2019,6,15,166,2458650,1,2019,6,15,166,2458650,9
30002,43.682541,-70.313461,26,"ME",352,"Archilochus","colubris","ruby-throated hummingbird","Animalia",159845,458,"Individuals at a feeding station",2019,6,29,180,2458664,5,2019,7,2,183,2458667,6
30002,43.682541,-70.313461,26,"ME",352,"Archilochus","colubris","ruby-throated hummingbird","Animalia",159845,458,"Individuals at a feeding station",2019,8,16,228,2458712,8,2019,8,21,233,2458717,8
30002,43.682541,-70.313461,26,"ME",352,"Archilochus","colubris","ruby-throated hummingbird","Animalia",159845,542,"Feeding (or foraging)",2019,5,15,135,2458619,4,2019,5,25,145,2458629,4
30002,43.682541,-70.313461,26,"ME",352,"Archilochus","colubris","ruby-throated hummingbird","Animalia",159845,542,"Feeding (or foraging)",2019,6,1,152,2458636,3,2019,6,10,161,2458645,4
30002,43.682541,-70.313461,26,"ME",352,"Archilochus","colubris","ruby-throated hummingbird","Animalia",159845,542,"Feeding (or foraging)",2019,6,15,166,2458650,1,2019,6,15,166,2458650,9
30002,43.682541,-70.313461,26,"ME",352,"Archilochus","colubris","ruby-throated hummingbird","Animalia",159845,542,"Feeding (or foraging)",2019,6,29,180,2458664,5,2019,7,2,183,2458667,6
30002,43.682541,-70.313461,26,"ME",352,"Archilochus","colubris","ruby-throated hummingbird","Animalia",159845,542,"Feeding (or foraging)",2019,8,16,228,2458712,8,2019,8,16,228,2458712,5
31180,46.896786,-95.708672,443,"MN",352,"Archilochus","colubris","ruby-throated hummingbird","Animalia",171639,458,"Individuals at a feeding station",2019,5,13,133,2458617,5,2019,6,15,166,2458650,NA
28943,38.789921,-90.313004,170,"MO",352,"Archilochus","colubris","ruby-throated hummingbird","Animalia",172577,292,"Live individuals",2019,5,30,150,2458634,NA,2019,7,13,194,2458678,NA
28943,38.789921,-90.313004,170,"MO",352,"Archilochus","colubris","ruby-throated hummingbird","Animalia",172577,295,"Territorial individuals (birds)",2019,7,3,184,2458668,24,2019,7,3,184,2458668,2
28943,38.789921,-90.313004,170,"MO",352,"Archilochus","colubris","ruby-throated hummingbird","Animalia",172577,295,"Territorial individuals (birds)",2019,7,12,193,2458677,3,2019,7,12,193,2458677,1
28943,38.789921,-90.313004,170,"MO",352,"Archilochus","colubris","ruby-throated hummingbird","Animalia",172577,458,"Individuals at a feeding station",2019,5,30,150,2458634,NA,2019,7,13,194,2458678,NA
28943,38.789921,-90.313004,170,"MO",352,"Archilochus","colubris","ruby-throated hummingbird","Animalia",172577,542,"Feeding (or foraging)",2019,5,30,150,2458634,NA,2019,7,13,194,2458678,NA
31512,38.166512,-87.496674,154,"IN",352,"Archilochus","colubris","ruby-throated hummingbird","Animalia",172705,292,"Live individuals",2019,4,26,116,2458600,NA,2019,4,26,116,2458600,NA
31512,38.166512,-87.496674,154,"IN",352,"Archilochus","colubris","ruby-throated hummingbird","Animalia",172705,312,"Flower visitation",2019,4,26,116,2458600,NA,2019,4,26,116,2458600,NA
28093,44.727703,-93.624031,240,"MN",352,"Archilochus","colubris","ruby-throated hummingbird","Animalia",181864,292,"Live individuals",2019,5,26,146,2458630,NA,2019,8,29,241,2458725,NA
28093,44.727703,-93.624031,240,"MN",352,"Archilochus","colubris","ruby-throated hummingbird","Animalia",181864,312,"Flower visitation",2019,5,26,146,2458630,NA,2019,5,26,146,2458630,6
28093,44.727703,-93.624031,240,"MN",352,"Archilochus","colubris","ruby-throated hummingbird","Animalia",181864,312,"Flower visitation",2019,8,29,241,2458725,12,2019,8,29,241,2458725,NA
28093,44.727703,-93.624031,240,"MN",352,"Archilochus","colubris","ruby-throated hummingbird","Animalia",181864,542,"Feeding (or foraging)",2019,5,26,146,2458630,NA,2019,5,26,146,2458630,6
33123,37.315216,-77.321327,5,"VA",352,"Archilochus","colubris","ruby-throated hummingbird","Animalia",185224,292,"Live individuals",2019,7,12,193,2458677,NA,2019,7,13,194,2458678,NA
33123,37.315216,-77.321327,5,"VA",352,"Archilochus","colubris","ruby-throated hummingbird","Animalia",185224,295,"Territorial individuals (birds)",2019,7,12,193,2458677,NA,2019,7,13,194,2458678,NA
33123,37.315216,-77.321327,5,"VA",352,"Archilochus","colubris","ruby-throated hummingbird","Animalia",185224,458,"Individuals at a feeding station",2019,7,12,193,2458677,NA,2019,7,13,194,2458678,NA
33123,37.315216,-77.321327,5,"VA",352,"Archilochus","colubris","ruby-throated hummingbird","Animalia",185224,542,"Feeding (or foraging)",2019,7,12,193,2458677,NA,2019,7,13,194,2458678,NA
33339,45.068249,-93.130806,289,"MN",352,"Archilochus","colubris","ruby-throated hummingbird","Animalia",188056,292,"Live individuals",2019,5,11,131,2458615,10,2019,5,11,131,2458615,NA
33339,45.068249,-93.130806,289,"MN",352,"Archilochus","colubris","ruby-throated hummingbird","Animalia",188056,458,"Individuals at a feeding station",2019,5,11,131,2458615,10,2019,5,11,131,2458615,NA
33339,45.068249,-93.130806,289,"MN",352,"Archilochus","colubris","ruby-throated hummingbird","Animalia",188056,542,"Feeding (or foraging)",2019,5,11,131,2458615,10,2019,5,11,131,2458615,NA
33514,44.747456,-68.708977,118,"ME",352,"Archilochus","colubris","ruby-throated hummingbird","Animalia",189900,292,"Live individuals",2019,5,27,147,2458631,4,2019,5,28,148,2458632,2
33514,44.747456,-68.708977,118,"ME",352,"Archilochus","colubris","ruby-throated hummingbird","Animalia",189900,292,"Live individuals",2019,6,5,156,2458640,6,2019,6,5,156,2458640,NA
33514,44.747456,-68.708977,118,"ME",352,"Archilochus","colubris","ruby-throated hummingbird","Animalia",189900,312,"Flower visitation",2019,5,27,147,2458631,4,2019,5,28,148,2458632,2
33514,44.747456,-68.708977,118,"ME",352,"Archilochus","colubris","ruby-throated hummingbird","Animalia",189900,542,"Feeding (or foraging)",2019,5,27,147,2458631,4,2019,5,28,148,2458632,2
33550,45.028889,-93.153236,274,"MN",352,"Archilochus","colubris","ruby-throated hummingbird","Animalia",189996,292,"Live individuals",2019,8,21,233,2458717,118,2019,8,21,233,2458717,NA
33550,45.028889,-93.153236,274,"MN",352,"Archilochus","colubris","ruby-throated hummingbird","Animalia",189996,293,"Calls or song (birds)",2019,8,21,233,2458717,118,2019,8,21,233,2458717,NA
33550,45.028889,-93.153236,274,"MN",352,"Archilochus","colubris","ruby-throated hummingbird","Animalia",189996,295,"Territorial individuals (birds)",2019,8,21,233,2458717,118,2019,8,21,233,2458717,NA
33550,45.028889,-93.153236,274,"MN",352,"Archilochus","colubris","ruby-throated hummingbird","Animalia",189996,312,"Flower visitation",2019,8,21,233,2458717,118,2019,8,21,233,2458717,NA
33550,45.028889,-93.153236,274,"MN",352,"Archilochus","colubris","ruby-throated hummingbird","Animalia",189996,458,"Individuals at a feeding station",2019,8,21,233,2458717,118,2019,8,21,233,2458717,NA
33550,45.028889,-93.153236,274,"MN",352,"Archilochus","colubris","ruby-throated hummingbird","Animalia",189996,542,"Feeding (or foraging)",2019,8,21,233,2458717,118,2019,8,21,233,2458717,NA
2792,35.64893,-78.816948,126,"NC",352,"Archilochus","colubris","ruby-throated hummingbird","Animalia",191379,292,"Live individuals",2019,4,14,104,2458588,NA,2019,4,14,104,2458588,NA
2792,35.64893,-78.816948,126,"NC",352,"Archilochus","colubris","ruby-throated hummingbird","Animalia",191379,542,"Feeding (or foraging)",2019,4,14,104,2458588,NA,2019,4,14,104,2458588,NA
8446,39.533051,-75.847443,7,"MD",352,"Archilochus","colubris","ruby-throated hummingbird","Animalia",192266,292,"Live individuals",2019,4,21,111,2458595,NA,2019,8,10,222,2458706,NA
8446,39.533051,-75.847443,7,"MD",352,"Archilochus","colubris","ruby-throated hummingbird","Animalia",192266,293,"Calls or song (birds)",2019,8,10,222,2458706,111,2019,8,10,222,2458706,NA
8446,39.533051,-75.847443,7,"MD",352,"Archilochus","colubris","ruby-throated hummingbird","Animalia",192266,294,"Singing individuals (birds)",2019,8,10,222,2458706,111,2019,8,10,222,2458706,NA
8446,39.533051,-75.847443,7,"MD",352,"Archilochus","colubris","ruby-throated hummingbird","Animalia",192266,295,"Territorial individuals (birds)",2019,8,10,222,2458706,111,2019,8,10,222,2458706,NA
8446,39.533051,-75.847443,7,"MD",352,"Archilochus","colubris","ruby-throated hummingbird","Animalia",192266,458,"Individuals at a feeding station",2019,4,21,111,2458595,NA,2019,8,10,222,2458706,NA
8446,39.533051,-75.847443,7,"MD",352,"Archilochus","colubris","ruby-throated hummingbird","Animalia",192266,542,"Feeding (or foraging)",2019,4,21,111,2458595,NA,2019,8,10,222,2458706,NA
33874,42.071949,-83.587105,203,"MI",352,"Archilochus","colubris","ruby-throated hummingbird","Animalia",193697,292,"Live individuals",2019,5,1,121,2458605,NA,2019,5,1,121,2458605,NA
33874,42.071949,-83.587105,203,"MI",352,"Archilochus","colubris","ruby-throated hummingbird","Animalia",193697,458,"Individuals at a feeding station",2019,5,1,121,2458605,NA,2019,5,1,121,2458605,NA
33874,42.071949,-83.587105,203,"MI",352,"Archilochus","colubris","ruby-throated hummingbird","Animalia",193697,542,"Feeding (or foraging)",2019,5,1,121,2458605,NA,2019,5,1,121,2458605,NA
33937,43.706814,-85.492477,295,"MI",352,"Archilochus","colubris","ruby-throated hummingbird","Animalia",196863,292,"Live individuals",2019,5,6,126,2458610,NA,2019,5,6,126,2458610,NA
33937,43.706814,-85.492477,295,"MI",352,"Archilochus","colubris","ruby-throated hummingbird","Animalia",196863,295,"Territorial individuals (birds)",2019,5,6,126,2458610,NA,2019,5,6,126,2458610,NA
33937,43.706814,-85.492477,295,"MI",352,"Archilochus","colubris","ruby-throated hummingbird","Animalia",196863,296,"Mating (male on top)",2019,5,6,126,2458610,NA,2019,5,6,126,2458610,NA
33937,43.706814,-85.492477,295,"MI",352,"Archilochus","colubris","ruby-throated hummingbird","Animalia",196863,458,"Individuals at a feeding station",2019,5,6,126,2458610,NA,2019,5,6,126,2458610,NA
33937,43.706814,-85.492477,295,"MI",352,"Archilochus","colubris","ruby-throated hummingbird","Animalia",196863,542,"Feeding (or foraging)",2019,5,6,126,2458610,NA,2019,5,6,126,2458610,NA
33969,43.309284,-78.85627,74,"NY",352,"Archilochus","colubris","ruby-throated hummingbird","Animalia",197387,292,"Live individuals",2019,7,6,187,2458671,NA,2019,7,6,187,2458671,NA
33969,43.309284,-78.85627,74,"NY",352,"Archilochus","colubris","ruby-throated hummingbird","Animalia",197387,312,"Flower visitation",2019,7,6,187,2458671,NA,2019,7,6,187,2458671,NA
34052,43.309284,-78.85627,74,"NY",352,"Archilochus","colubris","ruby-throated hummingbird","Animalia",197388,292,"Live individuals",2019,5,9,129,2458613,NA,2019,5,9,129,2458613,6
34052,43.309284,-78.85627,74,"NY",352,"Archilochus","colubris","ruby-throated hummingbird","Animalia",197388,292,"Live individuals",2019,6,1,152,2458636,17,2019,6,1,152,2458636,NA
34052,43.309284,-78.85627,74,"NY",352,"Archilochus","colubris","ruby-throated hummingbird","Animalia",197388,312,"Flower visitation",2019,5,9,129,2458613,NA,2019,5,9,129,2458613,6
34052,43.309284,-78.85627,74,"NY",352,"Archilochus","colubris","ruby-throated hummingbird","Animalia",197388,542,"Feeding (or foraging)",2019,5,9,129,2458613,NA,2019,5,9,129,2458613,6
30956,44.807266,-85.978867,294,"MI",352,"Archilochus","colubris","ruby-throated hummingbird","Animalia",198855,292,"Live individuals",2019,5,11,131,2458615,NA,2019,5,11,131,2458615,NA
30956,44.807266,-85.978867,294,"MI",352,"Archilochus","colubris","ruby-throated hummingbird","Animalia",198855,542,"Feeding (or foraging)",2019,5,11,131,2458615,NA,2019,5,11,131,2458615,NA
33942,41.63583,-93.829773,299,"IA",352,"Archilochus","colubris","ruby-throated hummingbird","Animalia",199223,292,"Live individuals",2019,5,17,137,2458621,NA,2019,5,17,137,2458621,NA
33942,41.63583,-93.829773,299,"IA",352,"Archilochus","colubris","ruby-throated hummingbird","Animalia",199223,458,"Individuals at a feeding station",2019,5,17,137,2458621,NA,2019,5,17,137,2458621,NA
33942,41.63583,-93.829773,299,"IA",352,"Archilochus","colubris","ruby-throated hummingbird","Animalia",199223,542,"Feeding (or foraging)",2019,5,17,137,2458621,NA,2019,5,17,137,2458621,NA
34242,45.193039,-88.4869,313,"WI",352,"Archilochus","colubris","ruby-throated hummingbird","Animalia",199233,292,"Live individuals",2019,5,26,146,2458630,NA,2019,6,8,159,2458643,NA
34242,45.193039,-88.4869,313,"WI",352,"Archilochus","colubris","ruby-throated hummingbird","Animalia",199233,295,"Territorial individuals (birds)",2019,5,26,146,2458630,NA,2019,6,8,159,2458643,NA
34242,45.193039,-88.4869,313,"WI",352,"Archilochus","colubris","ruby-throated hummingbird","Animalia",199233,298,"Occupied nest",2019,5,26,146,2458630,NA,2019,5,26,146,2458630,13
34242,45.193039,-88.4869,313,"WI",352,"Archilochus","colubris","ruby-throated hummingbird","Animalia",199233,312,"Flower visitation",2019,5,26,146,2458630,NA,2019,6,8,159,2458643,NA
34242,45.193039,-88.4869,313,"WI",352,"Archilochus","colubris","ruby-throated hummingbird","Animalia",199233,458,"Individuals at a feeding station",2019,5,26,146,2458630,NA,2019,6,8,159,2458643,NA
34242,45.193039,-88.4869,313,"WI",352,"Archilochus","colubris","ruby-throated hummingbird","Animalia",199233,542,"Feeding (or foraging)",2019,5,26,146,2458630,NA,2019,6,8,159,2458643,NA
34564,40.707912,-111.934204,1292,"UT",352,"Archilochus","colubris","ruby-throated hummingbird","Animalia",201966,292,"Live individuals",2019,6,18,169,2458653,NA,2019,6,19,170,2458654,11
34564,40.707912,-111.934204,1292,"UT",352,"Archilochus","colubris","ruby-throated hummingbird","Animalia",201966,312,"Flower visitation",2019,6,18,169,2458653,NA,2019,6,19,170,2458654,11
34564,40.707912,-111.934204,1292,"UT",352,"Archilochus","colubris","ruby-throated hummingbird","Animalia",201966,542,"Feeding (or foraging)",2019,6,18,169,2458653,NA,2019,6,19,170,2458654,11
34356,42.985825,-88.183769,291,"WI",352,"Archilochus","colubris","ruby-throated hummingbird","Animalia",202298,292,"Live individuals",2019,6,22,173,2458657,NA,2019,6,22,173,2458657,NA
34356,42.985825,-88.183769,291,"WI",352,"Archilochus","colubris","ruby-throated hummingbird","Animalia",202298,312,"Flower visitation",2019,6,22,173,2458657,NA,2019,6,22,173,2458657,NA
34356,42.985825,-88.183769,291,"WI",352,"Archilochus","colubris","ruby-throated hummingbird","Animalia",202298,542,"Feeding (or foraging)",2019,6,22,173,2458657,NA,2019,6,22,173,2458657,NA
32655,30.167885,-93.229988,4,"LA",352,"Archilochus","colubris","ruby-throated hummingbird","Animalia",202641,292,"Live individuals",2019,8,10,222,2458706,35,2019,10,19,292,2458776,13
32655,30.167885,-93.229988,4,"LA",352,"Archilochus","colubris","ruby-throated hummingbird","Animalia",202641,295,"Territorial individuals (birds)",2019,8,25,237,2458721,7,2019,8,25,237,2458721,55
32655,30.167885,-93.229988,4,"LA",352,"Archilochus","colubris","ruby-throated hummingbird","Animalia",202641,458,"Individuals at a feeding station",2019,8,10,222,2458706,35,2019,10,19,292,2458776,13
32655,30.167885,-93.229988,4,"LA",352,"Archilochus","colubris","ruby-throated hummingbird","Animalia",202641,542,"Feeding (or foraging)",2019,8,10,222,2458706,35,2019,10,19,292,2458776,13
34754,47.021179,-94.909332,455,"MN",352,"Archilochus","colubris","ruby-throated hummingbird","Animalia",202654,292,"Live individuals",2019,6,7,158,2458642,NA,2019,6,7,158,2458642,NA
34754,47.021179,-94.909332,455,"MN",352,"Archilochus","colubris","ruby-throated hummingbird","Animalia",202654,542,"Feeding (or foraging)",2019,6,7,158,2458642,NA,2019,6,7,158,2458642,NA
34351,42.201675,-88.119034,253,"IL",352,"Archilochus","colubris","ruby-throated hummingbird","Animalia",202814,292,"Live individuals",2019,7,7,188,2458672,NA,2019,7,7,188,2458672,34
34351,42.201675,-88.119034,253,"IL",352,"Archilochus","colubris","ruby-throated hummingbird","Animalia",202814,293,"Calls or song (birds)",2019,7,7,188,2458672,NA,2019,7,7,188,2458672,34
34351,42.201675,-88.119034,253,"IL",352,"Archilochus","colubris","ruby-throated hummingbird","Animalia",202814,312,"Flower visitation",2019,7,7,188,2458672,NA,2019,7,7,188,2458672,34
34351,42.201675,-88.119034,253,"IL",352,"Archilochus","colubris","ruby-throated hummingbird","Animalia",202814,457,"Insect consumption",2019,7,7,188,2458672,NA,2019,7,7,188,2458672,34
34351,42.201675,-88.119034,253,"IL",352,"Archilochus","colubris","ruby-throated hummingbird","Animalia",202814,458,"Individuals at a feeding station",2019,7,7,188,2458672,NA,2019,7,7,188,2458672,34
34351,42.201675,-88.119034,253,"IL",352,"Archilochus","colubris","ruby-throated hummingbird","Animalia",202814,542,"Feeding (or foraging)",2019,7,7,188,2458672,NA,2019,7,7,188,2458672,34
34744,43.255657,-71.833412,316,"NH",352,"Archilochus","colubris","ruby-throated hummingbird","Animalia",203071,292,"Live individuals",2019,7,15,196,2458680,NA,2019,7,15,196,2458680,NA
34744,43.255657,-71.833412,316,"NH",352,"Archilochus","colubris","ruby-throated hummingbird","Animalia",203071,312,"Flower visitation",2019,7,15,196,2458680,NA,2019,7,15,196,2458680,NA
34744,43.255657,-71.833412,316,"NH",352,"Archilochus","colubris","ruby-throated hummingbird","Animalia",203071,542,"Feeding (or foraging)",2019,7,15,196,2458680,NA,2019,7,15,196,2458680,NA
33118,42.946575,-74.365456,140,"NY",352,"Archilochus","colubris","ruby-throated hummingbird","Animalia",203421,292,"Live individuals",2019,6,3,154,2458638,NA,2019,6,3,154,2458638,33
33118,42.946575,-74.365456,140,"NY",352,"Archilochus","colubris","ruby-throated hummingbird","Animalia",203421,292,"Live individuals",2019,7,15,196,2458680,7,2019,7,15,196,2458680,1
33118,42.946575,-74.365456,140,"NY",352,"Archilochus","colubris","ruby-throated hummingbird","Animalia",203421,292,"Live individuals",2019,7,22,203,2458687,6,2019,7,24,205,2458689,NA
33118,42.946575,-74.365456,140,"NY",352,"Archilochus","colubris","ruby-throated hummingbird","Animalia",203421,458,"Individuals at a feeding station",2019,6,3,154,2458638,NA,2019,6,3,154,2458638,33
33118,42.946575,-74.365456,140,"NY",352,"Archilochus","colubris","ruby-throated hummingbird","Animalia",203421,542,"Feeding (or foraging)",2019,6,3,154,2458638,NA,2019,6,3,154,2458638,33
30069,44.970074,-91.700729,311,"WI",352,"Archilochus","colubris","ruby-throated hummingbird","Animalia",203531,292,"Live individuals",2019,7,29,210,2458694,NA,2019,8,30,242,2458726,NA
30069,44.970074,-91.700729,311,"WI",352,"Archilochus","colubris","ruby-throated hummingbird","Animalia",203531,295,"Territorial individuals (birds)",2019,7,29,210,2458694,NA,2019,7,29,210,2458694,2
30069,44.970074,-91.700729,311,"WI",352,"Archilochus","colubris","ruby-throated hummingbird","Animalia",203531,295,"Territorial individuals (birds)",2019,8,9,221,2458705,2,2019,8,16,228,2458712,6
30069,44.970074,-91.700729,311,"WI",352,"Archilochus","colubris","ruby-throated hummingbird","Animalia",203531,458,"Individuals at a feeding station",2019,7,29,210,2458694,NA,2019,8,30,242,2458726,NA
30069,44.970074,-91.700729,311,"WI",352,"Archilochus","colubris","ruby-throated hummingbird","Animalia",203531,542,"Feeding (or foraging)",2019,7,29,210,2458694,NA,2019,8,30,242,2458726,NA
34968,36.116627,-85.557228,315,"TN",352,"Archilochus","colubris","ruby-throated hummingbird","Animalia",203542,292,"Live individuals",2019,7,29,210,2458694,NA,2019,8,4,216,2458700,10
34968,36.116627,-85.557228,315,"TN",352,"Archilochus","colubris","ruby-throated hummingbird","Animalia",203542,292,"Live individuals",2019,8,24,236,2458720,10,2019,8,24,236,2458720,4
34968,36.116627,-85.557228,315,"TN",352,"Archilochus","colubris","ruby-throated hummingbird","Animalia",203542,292,"Live individuals",2019,9,15,258,2458742,18,2019,9,15,258,2458742,28
34968,36.116627,-85.557228,315,"TN",352,"Archilochus","colubris","ruby-throated hummingbird","Animalia",203542,294,"Singing individuals (birds)",2019,8,24,236,2458720,10,2019,8,24,236,2458720,4
34968,36.116627,-85.557228,315,"TN",352,"Archilochus","colubris","ruby-throated hummingbird","Animalia",203542,295,"Territorial individuals (birds)",2019,8,24,236,2458720,10,2019,8,24,236,2458720,4
34968,36.116627,-85.557228,315,"TN",352,"Archilochus","colubris","ruby-throated hummingbird","Animalia",203542,312,"Flower visitation",2019,7,29,210,2458694,NA,2019,7,29,210,2458694,6
34968,36.116627,-85.557228,315,"TN",352,"Archilochus","colubris","ruby-throated hummingbird","Animalia",203542,458,"Individuals at a feeding station",2019,8,4,216,2458700,6,2019,8,4,216,2458700,10
34968,36.116627,-85.557228,315,"TN",352,"Archilochus","colubris","ruby-throated hummingbird","Animalia",203542,458,"Individuals at a feeding station",2019,9,15,258,2458742,18,2019,9,15,258,2458742,28
34968,36.116627,-85.557228,315,"TN",352,"Archilochus","colubris","ruby-throated hummingbird","Animalia",203542,542,"Feeding (or foraging)",2019,7,29,210,2458694,NA,2019,8,4,216,2458700,10
34968,36.116627,-85.557228,315,"TN",352,"Archilochus","colubris","ruby-throated hummingbird","Animalia",203542,542,"Feeding (or foraging)",2019,8,24,236,2458720,10,2019,8,24,236,2458720,4
34968,36.116627,-85.557228,315,"TN",352,"Archilochus","colubris","ruby-throated hummingbird","Animalia",203542,542,"Feeding (or foraging)",2019,9,15,258,2458742,18,2019,9,15,258,2458742,28
35084,39.188274,-77.616936,143,"VA",352,"Archilochus","colubris","ruby-throated hummingbird","Animalia",204897,292,"Live individuals",2019,9,9,252,2458736,6,2019,9,9,252,2458736,NA
35126,39.585384,-86.182289,226,"IN",352,"Archilochus","colubris","ruby-throated hummingbird","Animalia",205060,292,"Live individuals",2019,8,24,236,2458720,NA,2019,9,9,252,2458736,NA
35126,39.585384,-86.182289,226,"IN",352,"Archilochus","colubris","ruby-throated hummingbird","Animalia",205060,295,"Territorial individuals (birds)",2019,8,24,236,2458720,NA,2019,8,24,236,2458720,10
35126,39.585384,-86.182289,226,"IN",352,"Archilochus","colubris","ruby-throated hummingbird","Animalia",205060,295,"Territorial individuals (birds)",2019,9,4,247,2458731,1,2019,9,5,248,2458732,1
35126,39.585384,-86.182289,226,"IN",352,"Archilochus","colubris","ruby-throated hummingbird","Animalia",205060,295,"Territorial individuals (birds)",2019,9,7,250,2458734,1,2019,9,9,252,2458736,NA
35126,39.585384,-86.182289,226,"IN",352,"Archilochus","colubris","ruby-throated hummingbird","Animalia",205060,312,"Flower visitation",2019,9,9,252,2458736,1,2019,9,9,252,2458736,NA
35126,39.585384,-86.182289,226,"IN",352,"Archilochus","colubris","ruby-throated hummingbird","Animalia",205060,458,"Individuals at a feeding station",2019,8,24,236,2458720,NA,2019,9,9,252,2458736,NA
35126,39.585384,-86.182289,226,"IN",352,"Archilochus","colubris","ruby-throated hummingbird","Animalia",205060,542,"Feeding (or foraging)",2019,8,24,236,2458720,NA,2019,9,9,252,2458736,NA
5572,44.238724,-69.091209,199,"ME",352,"Archilochus","colubris","ruby-throated hummingbird","Animalia",12287,292,"Live individuals",2020,5,28,149,2458998,7,2020,6,27,179,2459028,NA
5572,44.238724,-69.091209,199,"ME",352,"Archilochus","colubris","ruby-throated hummingbird","Animalia",12287,312,"Flower visitation",2020,5,28,149,2458998,7,2020,6,27,179,2459028,NA
5572,44.238724,-69.091209,199,"ME",352,"Archilochus","colubris","ruby-throated hummingbird","Animalia",12287,542,"Feeding (or foraging)",2020,5,28,149,2458998,7,2020,6,27,179,2459028,NA
5674,44.910587,-70.266861,261,"ME",352,"Archilochus","colubris","ruby-throated hummingbird","Animalia",12712,292,"Live individuals",2020,5,17,138,2458987,7,2020,8,30,243,2459092,7
5674,44.910587,-70.266861,261,"ME",352,"Archilochus","colubris","ruby-throated hummingbird","Animalia",12712,295,"Territorial individuals (birds)",2020,5,24,145,2458994,7,2020,7,26,208,2459057,7
5674,44.910587,-70.266861,261,"ME",352,"Archilochus","colubris","ruby-throated hummingbird","Animalia",12712,295,"Territorial individuals (birds)",2020,8,16,229,2459078,7,2020,8,30,243,2459092,7
5674,44.910587,-70.266861,261,"ME",352,"Archilochus","colubris","ruby-throated hummingbird","Animalia",12712,312,"Flower visitation",2020,6,7,159,2459008,7,2020,7,12,194,2459043,7
5674,44.910587,-70.266861,261,"ME",352,"Archilochus","colubris","ruby-throated hummingbird","Animalia",12712,312,"Flower visitation",2020,8,30,243,2459092,7,2020,8,30,243,2459092,7
5674,44.910587,-70.266861,261,"ME",352,"Archilochus","colubris","ruby-throated hummingbird","Animalia",12712,458,"Individuals at a feeding station",2020,5,17,138,2458987,14,2020,8,30,243,2459092,7
5674,44.910587,-70.266861,261,"ME",352,"Archilochus","colubris","ruby-throated hummingbird","Animalia",12712,542,"Feeding (or foraging)",2020,5,17,138,2458987,14,2020,8,30,243,2459092,7
6481,42.456135,-72.344215,265,"MA",352,"Archilochus","colubris","ruby-throated hummingbird","Animalia",19040,292,"Live individuals",2020,8,6,219,2459068,NA,2020,9,1,245,2459094,13
6481,42.456135,-72.344215,265,"MA",352,"Archilochus","colubris","ruby-throated hummingbird","Animalia",19040,295,"Territorial individuals (birds)",2020,8,20,233,2459082,5,2020,8,20,233,2459082,3
6481,42.456135,-72.344215,265,"MA",352,"Archilochus","colubris","ruby-throated hummingbird","Animalia",19040,295,"Territorial individuals (birds)",2020,9,1,245,2459094,9,2020,9,1,245,2459094,13
6481,42.456135,-72.344215,265,"MA",352,"Archilochus","colubris","ruby-throated hummingbird","Animalia",19040,312,"Flower visitation",2020,8,6,219,2459068,NA,2020,9,1,245,2459094,13
6481,42.456135,-72.344215,265,"MA",352,"Archilochus","colubris","ruby-throated hummingbird","Animalia",19040,542,"Feeding (or foraging)",2020,8,6,219,2459068,NA,2020,9,1,245,2459094,13
8496,46.328629,-96.061256,393,"MN",352,"Archilochus","colubris","ruby-throated hummingbird","Animalia",25784,292,"Live individuals",2020,5,8,129,2458978,2,2020,8,27,240,2459089,25
8496,46.328629,-96.061256,393,"MN",352,"Archilochus","colubris","ruby-throated hummingbird","Animalia",25784,312,"Flower visitation",2020,8,6,219,2459068,17,2020,8,6,219,2459068,12
8496,46.328629,-96.061256,393,"MN",352,"Archilochus","colubris","ruby-throated hummingbird","Animalia",25784,312,"Flower visitation",2020,8,27,240,2459089,9,2020,8,27,240,2459089,25
8496,46.328629,-96.061256,393,"MN",352,"Archilochus","colubris","ruby-throated hummingbird","Animalia",25784,458,"Individuals at a feeding station",2020,5,8,129,2458978,2,2020,8,27,240,2459089,25
8496,46.328629,-96.061256,393,"MN",352,"Archilochus","colubris","ruby-throated hummingbird","Animalia",25784,542,"Feeding (or foraging)",2020,5,8,129,2458978,2,2020,8,27,240,2459089,25
8715,43.522804,-70.802277,215,"ME",352,"Archilochus","colubris","ruby-throated hummingbird","Animalia",28193,292,"Live individuals",2020,5,7,128,2458977,6,2020,5,7,128,2458977,7
8715,43.522804,-70.802277,215,"ME",352,"Archilochus","colubris","ruby-throated hummingbird","Animalia",28193,292,"Live individuals",2020,5,27,148,2458997,13,2020,5,27,148,2458997,7
8715,43.522804,-70.802277,215,"ME",352,"Archilochus","colubris","ruby-throated hummingbird","Animalia",28193,292,"Live individuals",2020,6,10,162,2459011,7,2020,7,4,186,2459035,12
8715,43.522804,-70.802277,215,"ME",352,"Archilochus","colubris","ruby-throated hummingbird","Animalia",28193,292,"Live individuals",2020,8,5,218,2459067,20,2020,8,12,225,2459074,NA
8715,43.522804,-70.802277,215,"ME",352,"Archilochus","colubris","ruby-throated hummingbird","Animalia",28193,295,"Territorial individuals (birds)",2020,5,27,148,2458997,13,2020,5,27,148,2458997,7
8715,43.522804,-70.802277,215,"ME",352,"Archilochus","colubris","ruby-throated hummingbird","Animalia",28193,312,"Flower visitation",2020,5,7,128,2458977,6,2020,5,7,128,2458977,7
8715,43.522804,-70.802277,215,"ME",352,"Archilochus","colubris","ruby-throated hummingbird","Animalia",28193,312,"Flower visitation",2020,8,12,225,2459074,7,2020,8,12,225,2459074,NA
8715,43.522804,-70.802277,215,"ME",352,"Archilochus","colubris","ruby-throated hummingbird","Animalia",28193,458,"Individuals at a feeding station",2020,6,10,162,2459011,7,2020,7,4,186,2459035,12
8715,43.522804,-70.802277,215,"ME",352,"Archilochus","colubris","ruby-throated hummingbird","Animalia",28193,458,"Individuals at a feeding station",2020,8,5,218,2459067,20,2020,8,12,225,2459074,NA
8715,43.522804,-70.802277,215,"ME",352,"Archilochus","colubris","ruby-throated hummingbird","Animalia",28193,542,"Feeding (or foraging)",2020,6,10,162,2459011,7,2020,7,4,186,2459035,12
8715,43.522804,-70.802277,215,"ME",352,"Archilochus","colubris","ruby-throated hummingbird","Animalia",28193,542,"Feeding (or foraging)",2020,8,5,218,2459067,20,2020,8,12,225,2459074,NA
8736,44.903229,-93.217445,248,"MN",352,"Archilochus","colubris","ruby-throated hummingbird","Animalia",28356,292,"Live individuals",2020,6,23,175,2459024,2,2020,6,23,175,2459024,2
8736,44.903229,-93.217445,248,"MN",352,"Archilochus","colubris","ruby-throated hummingbird","Animalia",28356,292,"Live individuals",2020,8,19,232,2459081,5,2020,8,19,232,2459081,4
8736,44.903229,-93.217445,248,"MN",352,"Archilochus","colubris","ruby-throated hummingbird","Animalia",28356,292,"Live individuals",2020,8,30,243,2459092,6,2020,9,11,255,2459104,1
8736,44.903229,-93.217445,248,"MN",352,"Archilochus","colubris","ruby-throated hummingbird","Animalia",28356,293,"Calls or song (birds)",2020,9,11,255,2459104,12,2020,9,11,255,2459104,1
8736,44.903229,-93.217445,248,"MN",352,"Archilochus","colubris","ruby-throated hummingbird","Animalia",28356,312,"Flower visitation",2020,6,23,175,2459024,2,2020,6,23,175,2459024,2
8736,44.903229,-93.217445,248,"MN",352,"Archilochus","colubris","ruby-throated hummingbird","Animalia",28356,458,"Individuals at a feeding station",2020,9,11,255,2459104,12,2020,9,11,255,2459104,1
8736,44.903229,-93.217445,248,"MN",352,"Archilochus","colubris","ruby-throated hummingbird","Animalia",28356,542,"Feeding (or foraging)",2020,9,11,255,2459104,12,2020,9,11,255,2459104,1
8418,32.363758,-94.873947,115,"TX",352,"Archilochus","colubris","ruby-throated hummingbird","Animalia",30980,292,"Live individuals",2020,3,29,89,2458938,NA,2020,3,29,89,2458938,NA
8418,32.363758,-94.873947,115,"TX",352,"Archilochus","colubris","ruby-throated hummingbird","Animalia",30980,312,"Flower visitation",2020,3,29,89,2458938,NA,2020,3,29,89,2458938,NA
8418,32.363758,-94.873947,115,"TX",352,"Archilochus","colubris","ruby-throated hummingbird","Animalia",30980,458,"Individuals at a feeding station",2020,3,29,89,2458938,NA,2020,3,29,89,2458938,NA
8418,32.363758,-94.873947,115,"TX",352,"Archilochus","colubris","ruby-throated hummingbird","Animalia",30980,542,"Feeding (or foraging)",2020,3,29,89,2458938,NA,2020,3,29,89,2458938,NA
10145,42.602543,-83.250992,277,"MI",352,"Archilochus","colubris","ruby-throated hummingbird","Animalia",38951,292,"Live individuals",2020,7,20,202,2459051,1,2020,7,20,202,2459051,1
10145,42.602543,-83.250992,277,"MI",352,"Archilochus","colubris","ruby-throated hummingbird","Animalia",38951,292,"Live individuals",2020,7,30,212,2459061,1,2020,7,30,212,2459061,1
10145,42.602543,-83.250992,277,"MI",352,"Archilochus","colubris","ruby-throated hummingbird","Animalia",38951,293,"Calls or song (birds)",2020,6,15,167,2459016,1,2020,6,16,168,2459017,1
10145,42.602543,-83.250992,277,"MI",352,"Archilochus","colubris","ruby-throated hummingbird","Animalia",38951,293,"Calls or song (birds)",2020,6,23,175,2459024,1,2020,6,23,175,2459024,1
10145,42.602543,-83.250992,277,"MI",352,"Archilochus","colubris","ruby-throated hummingbird","Animalia",38951,293,"Calls or song (birds)",2020,6,26,178,2459027,1,2020,6,26,178,2459027,1
10145,42.602543,-83.250992,277,"MI",352,"Archilochus","colubris","ruby-throated hummingbird","Animalia",38951,458,"Individuals at a feeding station",2020,5,13,134,2458983,1,2020,5,13,134,2458983,1
10145,42.602543,-83.250992,277,"MI",352,"Archilochus","colubris","ruby-throated hummingbird","Animalia",38951,458,"Individuals at a feeding station",2020,5,16,137,2458986,1,2020,5,17,138,2458987,1
10145,42.602543,-83.250992,277,"MI",352,"Archilochus","colubris","ruby-throated hummingbird","Animalia",38951,458,"Individuals at a feeding station",2020,5,20,141,2458990,1,2020,5,21,142,2458991,1
10145,42.602543,-83.250992,277,"MI",352,"Archilochus","colubris","ruby-throated hummingbird","Animalia",38951,458,"Individuals at a feeding station",2020,5,26,147,2458996,4,2020,5,27,148,2458997,1
10145,42.602543,-83.250992,277,"MI",352,"Archilochus","colubris","ruby-throated hummingbird","Animalia",38951,458,"Individuals at a feeding station",2020,5,31,152,2459001,1,2020,5,31,152,2459001,1
10145,42.602543,-83.250992,277,"MI",352,"Archilochus","colubris","ruby-throated hummingbird","Animalia",38951,458,"Individuals at a feeding station",2020,6,6,158,2459007,1,2020,6,6,158,2459007,2
10145,42.602543,-83.250992,277,"MI",352,"Archilochus","colubris","ruby-throated hummingbird","Animalia",38951,458,"Individuals at a feeding station",2020,6,9,161,2459010,1,2020,6,9,161,2459010,1
10145,42.602543,-83.250992,277,"MI",352,"Archilochus","colubris","ruby-throated hummingbird","Animalia",38951,458,"Individuals at a feeding station",2020,6,12,164,2459013,1,2020,6,12,164,2459013,1
10145,42.602543,-83.250992,277,"MI",352,"Archilochus","colubris","ruby-throated hummingbird","Animalia",38951,458,"Individuals at a feeding station",2020,6,27,179,2459028,1,2020,7,1,183,2459032,1
10145,42.602543,-83.250992,277,"MI",352,"Archilochus","colubris","ruby-throated hummingbird","Animalia",38951,458,"Individuals at a feeding station",2020,7,6,188,2459037,1,2020,7,12,194,2459043,1
10145,42.602543,-83.250992,277,"MI",352,"Archilochus","colubris","ruby-throated hummingbird","Animalia",38951,458,"Individuals at a feeding station",2020,7,14,196,2459045,1,2020,7,15,197,2459046,1
10145,42.602543,-83.250992,277,"MI",352,"Archilochus","colubris","ruby-throated hummingbird","Animalia",38951,458,"Individuals at a feeding station",2020,7,19,201,2459050,1,2020,7,20,202,2459051,1
10145,42.602543,-83.250992,277,"MI",352,"Archilochus","colubris","ruby-throated hummingbird","Animalia",38951,458,"Individuals at a feeding station",2020,7,22,204,2459053,1,2020,7,26,208,2459057,1
10145,42.602543,-83.250992,277,"MI",352,"Archilochus","colubris","ruby-throated hummingbird","Animalia",38951,458,"Individuals at a feeding station",2020,7,28,210,2459059,1,2020,7,30,212,2459061,1
10145,42.602543,-83.250992,277,"MI",352,"Archilochus","colubris","ruby-throated hummingbird","Animalia",38951,458,"Individuals at a feeding station",2020,8,1,214,2459063,1,2020,9,6,250,2459099,1
11617,45.194656,-93.374901,265,"MN",352,"Archilochus","colubris","ruby-throated hummingbird","Animalia",48446,292,"Live individuals",2020,5,17,138,2458987,6,2020,5,17,138,2458987,2
11617,45.194656,-93.374901,265,"MN",352,"Archilochus","colubris","ruby-throated hummingbird","Animalia",48446,458,"Individuals at a feeding station",2020,5,17,138,2458987,6,2020,5,17,138,2458987,2
11617,45.194656,-93.374901,265,"MN",352,"Archilochus","colubris","ruby-throated hummingbird","Animalia",48446,542,"Feeding (or foraging)",2020,5,17,138,2458987,6,2020,5,17,138,2458987,2
1904,47.143215,-93.431,399,"MN",352,"Archilochus","colubris","ruby-throated hummingbird","Animalia",66669,292,"Live individuals",2020,6,14,166,2459015,162,2020,6,24,176,2459025,NA
1904,47.143215,-93.431,399,"MN",352,"Archilochus","colubris","ruby-throated hummingbird","Animalia",66669,340,"Courtship ",2020,6,14,166,2459015,162,2020,6,14,166,2459015,10
1904,47.143215,-93.431,399,"MN",352,"Archilochus","colubris","ruby-throated hummingbird","Animalia",66669,458,"Individuals at a feeding station",2020,6,14,166,2459015,162,2020,6,24,176,2459025,NA
1904,47.143215,-93.431,399,"MN",352,"Archilochus","colubris","ruby-throated hummingbird","Animalia",66669,542,"Feeding (or foraging)",2020,6,10,162,2459011,158,2020,6,14,166,2459015,10
20788,43.899719,-69.957878,22,"ME",352,"Archilochus","colubris","ruby-throated hummingbird","Animalia",88636,292,"Live individuals",2020,5,17,138,2458987,7,2020,5,17,138,2458987,7
20788,43.899719,-69.957878,22,"ME",352,"Archilochus","colubris","ruby-throated hummingbird","Animalia",88636,312,"Flower visitation",2020,5,17,138,2458987,7,2020,5,17,138,2458987,7
20788,43.899719,-69.957878,22,"ME",352,"Archilochus","colubris","ruby-throated hummingbird","Animalia",88636,542,"Feeding (or foraging)",2020,5,17,138,2458987,7,2020,5,17,138,2458987,7
6579,43.078892,-85.627914,224,"MI",352,"Archilochus","colubris","ruby-throated hummingbird","Animalia",94262,292,"Live individuals",2020,9,27,271,2459120,NA,2020,9,27,271,2459120,NA
6579,43.078892,-85.627914,224,"MI",352,"Archilochus","colubris","ruby-throated hummingbird","Animalia",94262,312,"Flower visitation",2020,9,27,271,2459120,NA,2020,9,27,271,2459120,NA
6579,43.078892,-85.627914,224,"MI",352,"Archilochus","colubris","ruby-throated hummingbird","Animalia",94262,458,"Individuals at a feeding station",2020,9,27,271,2459120,NA,2020,9,27,271,2459120,NA
6579,43.078892,-85.627914,224,"MI",352,"Archilochus","colubris","ruby-throated hummingbird","Animalia",94262,542,"Feeding (or foraging)",2020,9,27,271,2459120,NA,2020,9,27,271,2459120,NA
17414,42.936153,-73.433449,147,"NY",352,"Archilochus","colubris","ruby-throated hummingbird","Animalia",103211,292,"Live individuals",2020,5,14,135,2458984,3,2020,5,18,139,2458988,4
17414,42.936153,-73.433449,147,"NY",352,"Archilochus","colubris","ruby-throated hummingbird","Animalia",103211,292,"Live individuals",2020,5,23,144,2458993,1,2020,5,23,144,2458993,4
17414,42.936153,-73.433449,147,"NY",352,"Archilochus","colubris","ruby-throated hummingbird","Animalia",103211,292,"Live individuals",2020,5,30,151,2459000,3,2020,8,30,243,2459092,4
17414,42.936153,-73.433449,147,"NY",352,"Archilochus","colubris","ruby-throated hummingbird","Animalia",103211,292,"Live individuals",2020,9,5,249,2459098,2,2020,9,5,249,2459098,7
17414,42.936153,-73.433449,147,"NY",352,"Archilochus","colubris","ruby-throated hummingbird","Animalia",103211,312,"Flower visitation",2020,8,30,243,2459092,7,2020,8,30,243,2459092,4
17414,42.936153,-73.433449,147,"NY",352,"Archilochus","colubris","ruby-throated hummingbird","Animalia",103211,312,"Flower visitation",2020,9,5,249,2459098,2,2020,9,5,249,2459098,7
17414,42.936153,-73.433449,147,"NY",352,"Archilochus","colubris","ruby-throated hummingbird","Animalia",103211,458,"Individuals at a feeding station",2020,5,14,135,2458984,3,2020,5,18,139,2458988,4
17414,42.936153,-73.433449,147,"NY",352,"Archilochus","colubris","ruby-throated hummingbird","Animalia",103211,458,"Individuals at a feeding station",2020,5,23,144,2458993,1,2020,5,23,144,2458993,4
17414,42.936153,-73.433449,147,"NY",352,"Archilochus","colubris","ruby-throated hummingbird","Animalia",103211,458,"Individuals at a feeding station",2020,5,30,151,2459000,3,2020,8,30,243,2459092,4
17414,42.936153,-73.433449,147,"NY",352,"Archilochus","colubris","ruby-throated hummingbird","Animalia",103211,458,"Individuals at a feeding station",2020,9,5,249,2459098,2,2020,9,5,249,2459098,7
17414,42.936153,-73.433449,147,"NY",352,"Archilochus","colubris","ruby-throated hummingbird","Animalia",103211,542,"Feeding (or foraging)",2020,5,14,135,2458984,3,2020,5,18,139,2458988,4
17414,42.936153,-73.433449,147,"NY",352,"Archilochus","colubris","ruby-throated hummingbird","Animalia",103211,542,"Feeding (or foraging)",2020,5,23,144,2458993,1,2020,5,23,144,2458993,4
17414,42.936153,-73.433449,147,"NY",352,"Archilochus","colubris","ruby-throated hummingbird","Animalia",103211,542,"Feeding (or foraging)",2020,5,30,151,2459000,3,2020,8,30,243,2459092,4
17414,42.936153,-73.433449,147,"NY",352,"Archilochus","colubris","ruby-throated hummingbird","Animalia",103211,542,"Feeding (or foraging)",2020,9,5,249,2459098,2,2020,9,5,249,2459098,7
21062,46.995705,-92.273186,419,"MN",352,"Archilochus","colubris","ruby-throated hummingbird","Animalia",107316,292,"Live individuals",2020,5,11,132,2458981,NA,2020,5,11,132,2458981,NA
21062,46.995705,-92.273186,419,"MN",352,"Archilochus","colubris","ruby-throated hummingbird","Animalia",107316,458,"Individuals at a feeding station",2020,5,11,132,2458981,NA,2020,5,11,132,2458981,NA
21062,46.995705,-92.273186,419,"MN",352,"Archilochus","colubris","ruby-throated hummingbird","Animalia",107316,542,"Feeding (or foraging)",2020,5,11,132,2458981,NA,2020,5,11,132,2458981,NA
23753,42.758427,-75.663376,484,"NY",352,"Archilochus","colubris","ruby-throated hummingbird","Animalia",112854,292,"Live individuals",2020,5,16,137,2458986,NA,2020,5,16,137,2458986,NA
23753,42.758427,-75.663376,484,"NY",352,"Archilochus","colubris","ruby-throated hummingbird","Animalia",112854,458,"Individuals at a feeding station",2020,5,16,137,2458986,NA,2020,5,16,137,2458986,NA
24566,44.859833,-93.216568,234,"MN",352,"Archilochus","colubris","ruby-throated hummingbird","Animalia",116324,292,"Live individuals",2020,7,20,202,2459051,5,2020,7,20,202,2459051,2
24566,44.859833,-93.216568,234,"MN",352,"Archilochus","colubris","ruby-throated hummingbird","Animalia",116324,312,"Flower visitation",2020,7,20,202,2459051,5,2020,7,20,202,2459051,2
24566,44.859833,-93.216568,234,"MN",352,"Archilochus","colubris","ruby-throated hummingbird","Animalia",116324,542,"Feeding (or foraging)",2020,7,20,202,2459051,5,2020,7,20,202,2459051,2
25361,36.44083,-84.323593,554,"TN",352,"Archilochus","colubris","ruby-throated hummingbird","Animalia",122201,292,"Live individuals",2020,4,30,121,2458970,2,2020,4,30,121,2458970,1
25361,36.44083,-84.323593,554,"TN",352,"Archilochus","colubris","ruby-throated hummingbird","Animalia",122201,292,"Live individuals",2020,5,3,124,2458973,2,2020,5,3,124,2458973,2
25361,36.44083,-84.323593,554,"TN",352,"Archilochus","colubris","ruby-throated hummingbird","Animalia",122201,292,"Live individuals",2020,5,29,150,2458999,1,2020,5,29,150,2458999,2
25361,36.44083,-84.323593,554,"TN",352,"Archilochus","colubris","ruby-throated hummingbird","Animalia",122201,292,"Live individuals",2020,6,10,162,2459011,1,2020,6,10,162,2459011,1
25361,36.44083,-84.323593,554,"TN",352,"Archilochus","colubris","ruby-throated hummingbird","Animalia",122201,292,"Live individuals",2020,7,12,194,2459043,3,2020,7,12,194,2459043,1
25361,36.44083,-84.323593,554,"TN",352,"Archilochus","colubris","ruby-throated hummingbird","Animalia",122201,292,"Live individuals",2020,7,15,197,2459046,2,2020,7,16,198,2459047,4
25361,36.44083,-84.323593,554,"TN",352,"Archilochus","colubris","ruby-throated hummingbird","Animalia",122201,292,"Live individuals",2020,8,2,215,2459064,1,2020,8,2,215,2459064,3
25361,36.44083,-84.323593,554,"TN",352,"Archilochus","colubris","ruby-throated hummingbird","Animalia",122201,292,"Live individuals",2020,8,12,225,2459074,1,2020,8,19,232,2459081,1
25361,36.44083,-84.323593,554,"TN",352,"Archilochus","colubris","ruby-throated hummingbird","Animalia",122201,292,"Live individuals",2020,8,22,235,2459084,2,2020,8,22,235,2459084,2
25361,36.44083,-84.323593,554,"TN",352,"Archilochus","colubris","ruby-throated hummingbird","Animalia",122201,292,"Live individuals",2020,9,9,253,2459102,1,2020,9,9,253,2459102,2
25361,36.44083,-84.323593,554,"TN",352,"Archilochus","colubris","ruby-throated hummingbird","Animalia",122201,312,"Flower visitation",2020,5,3,124,2458973,2,2020,5,3,124,2458973,2
25361,36.44083,-84.323593,554,"TN",352,"Archilochus","colubris","ruby-throated hummingbird","Animalia",122201,312,"Flower visitation",2020,5,29,150,2458999,1,2020,5,29,150,2458999,2
25361,36.44083,-84.323593,554,"TN",352,"Archilochus","colubris","ruby-throated hummingbird","Animalia",122201,312,"Flower visitation",2020,6,10,162,2459011,1,2020,6,10,162,2459011,1
25361,36.44083,-84.323593,554,"TN",352,"Archilochus","colubris","ruby-throated hummingbird","Animalia",122201,312,"Flower visitation",2020,7,12,194,2459043,3,2020,7,12,194,2459043,1
25361,36.44083,-84.323593,554,"TN",352,"Archilochus","colubris","ruby-throated hummingbird","Animalia",122201,312,"Flower visitation",2020,7,15,197,2459046,2,2020,7,16,198,2459047,4
25361,36.44083,-84.323593,554,"TN",352,"Archilochus","colubris","ruby-throated hummingbird","Animalia",122201,312,"Flower visitation",2020,8,2,215,2459064,1,2020,8,2,215,2459064,3
25361,36.44083,-84.323593,554,"TN",352,"Archilochus","colubris","ruby-throated hummingbird","Animalia",122201,312,"Flower visitation",2020,8,12,225,2459074,1,2020,8,19,232,2459081,1
25361,36.44083,-84.323593,554,"TN",352,"Archilochus","colubris","ruby-throated hummingbird","Animalia",122201,312,"Flower visitation",2020,8,22,235,2459084,2,2020,8,22,235,2459084,2
25361,36.44083,-84.323593,554,"TN",352,"Archilochus","colubris","ruby-throated hummingbird","Animalia",122201,312,"Flower visitation",2020,9,9,253,2459102,1,2020,9,9,253,2459102,2
25361,36.44083,-84.323593,554,"TN",352,"Archilochus","colubris","ruby-throated hummingbird","Animalia",122201,542,"Feeding (or foraging)",2020,9,9,253,2459102,1,2020,9,9,253,2459102,2
26048,44.825459,-93.176857,263,"MN",352,"Archilochus","colubris","ruby-throated hummingbird","Animalia",131607,292,"Live individuals",2020,5,31,152,2459001,6,2020,5,31,152,2459001,13
26048,44.825459,-93.176857,263,"MN",352,"Archilochus","colubris","ruby-throated hummingbird","Animalia",131607,292,"Live individuals",2020,6,27,179,2459028,14,2020,6,27,179,2459028,8
26048,44.825459,-93.176857,263,"MN",352,"Archilochus","colubris","ruby-throated hummingbird","Animalia",131607,292,"Live individuals",2020,8,7,220,2459069,21,2020,8,7,220,2459069,8
26048,44.825459,-93.176857,263,"MN",352,"Archilochus","colubris","ruby-throated hummingbird","Animalia",131607,292,"Live individuals",2020,8,19,232,2459081,4,2020,8,19,232,2459081,7
26048,44.825459,-93.176857,263,"MN",352,"Archilochus","colubris","ruby-throated hummingbird","Animalia",131607,292,"Live individuals",2020,9,5,249,2459098,10,2020,9,5,249,2459098,6
26048,44.825459,-93.176857,263,"MN",352,"Archilochus","colubris","ruby-throated hummingbird","Animalia",131607,312,"Flower visitation",2020,9,5,249,2459098,10,2020,9,5,249,2459098,6
26048,44.825459,-93.176857,263,"MN",352,"Archilochus","colubris","ruby-throated hummingbird","Animalia",131607,458,"Individuals at a feeding station",2020,5,31,152,2459001,6,2020,6,7,159,2459008,6
26048,44.825459,-93.176857,263,"MN",352,"Archilochus","colubris","ruby-throated hummingbird","Animalia",131607,458,"Individuals at a feeding station",2020,6,20,172,2459021,7,2020,6,27,179,2459028,8
26048,44.825459,-93.176857,263,"MN",352,"Archilochus","colubris","ruby-throated hummingbird","Animalia",131607,458,"Individuals at a feeding station",2020,7,11,193,2459042,6,2020,7,11,193,2459042,6
26048,44.825459,-93.176857,263,"MN",352,"Archilochus","colubris","ruby-throated hummingbird","Animalia",131607,458,"Individuals at a feeding station",2020,7,29,211,2459060,12,2020,7,29,211,2459060,9
26048,44.825459,-93.176857,263,"MN",352,"Archilochus","colubris","ruby-throated hummingbird","Animalia",131607,458,"Individuals at a feeding station",2020,8,15,228,2459077,8,2020,9,18,262,2459111,7
26048,44.825459,-93.176857,263,"MN",352,"Archilochus","colubris","ruby-throated hummingbird","Animalia",131607,542,"Feeding (or foraging)",2020,5,25,146,2458995,9,2020,5,25,146,2458995,6
26048,44.825459,-93.176857,263,"MN",352,"Archilochus","colubris","ruby-throated hummingbird","Animalia",131607,542,"Feeding (or foraging)",2020,9,5,249,2459098,10,2020,9,5,249,2459098,6
26608,43.365868,-70.487099,-4,"ME",352,"Archilochus","colubris","ruby-throated hummingbird","Animalia",134667,292,"Live individuals",2020,5,10,131,2458980,NA,2020,5,24,145,2458994,NA
26608,43.365868,-70.487099,-4,"ME",352,"Archilochus","colubris","ruby-throated hummingbird","Animalia",134667,312,"Flower visitation",2020,5,10,131,2458980,NA,2020,5,24,145,2458994,NA
26608,43.365868,-70.487099,-4,"ME",352,"Archilochus","colubris","ruby-throated hummingbird","Animalia",134667,542,"Feeding (or foraging)",2020,5,10,131,2458980,NA,2020,5,24,145,2458994,NA
27026,43.413593,-70.810211,157,"ME",352,"Archilochus","colubris","ruby-throated hummingbird","Animalia",137519,292,"Live individuals",2020,5,16,137,2458986,32,2020,8,23,236,2459085,24
27026,43.413593,-70.810211,157,"ME",352,"Archilochus","colubris","ruby-throated hummingbird","Animalia",137519,293,"Calls or song (birds)",2020,8,2,215,2459064,43,2020,8,23,236,2459085,24
27026,43.413593,-70.810211,157,"ME",352,"Archilochus","colubris","ruby-throated hummingbird","Animalia",137519,294,"Singing individuals (birds)",2020,8,2,215,2459064,43,2020,8,23,236,2459085,24
27026,43.413593,-70.810211,157,"ME",352,"Archilochus","colubris","ruby-throated hummingbird","Animalia",137519,295,"Territorial individuals (birds)",2020,8,17,230,2459079,15,2020,8,23,236,2459085,24
27026,43.413593,-70.810211,157,"ME",352,"Archilochus","colubris","ruby-throated hummingbird","Animalia",137519,308,"Fledged young (altricial birds)",2020,8,17,230,2459079,15,2020,8,23,236,2459085,24
27026,43.413593,-70.810211,157,"ME",352,"Archilochus","colubris","ruby-throated hummingbird","Animalia",137519,312,"Flower visitation",2020,6,20,172,2459021,35,2020,8,23,236,2459085,24
27026,43.413593,-70.810211,157,"ME",352,"Archilochus","colubris","ruby-throated hummingbird","Animalia",137519,457,"Insect consumption",2020,8,23,236,2459085,6,2020,8,23,236,2459085,24
27026,43.413593,-70.810211,157,"ME",352,"Archilochus","colubris","ruby-throated hummingbird","Animalia",137519,458,"Individuals at a feeding station",2020,8,2,215,2459064,78,2020,8,17,230,2459079,6
27026,43.413593,-70.810211,157,"ME",352,"Archilochus","colubris","ruby-throated hummingbird","Animalia",137519,542,"Feeding (or foraging)",2020,5,16,137,2458986,32,2020,8,23,236,2459085,24
30002,43.682541,-70.313461,26,"ME",352,"Archilochus","colubris","ruby-throated hummingbird","Animalia",159845,292,"Live individuals",2020,5,23,144,2458993,11,2020,7,14,196,2459045,6
30002,43.682541,-70.313461,26,"ME",352,"Archilochus","colubris","ruby-throated hummingbird","Animalia",159845,292,"Live individuals",2020,8,15,228,2459077,8,2020,8,26,239,2459088,11
30002,43.682541,-70.313461,26,"ME",352,"Archilochus","colubris","ruby-throated hummingbird","Animalia",159845,293,"Calls or song (birds)",2020,5,23,144,2458993,11,2020,5,23,144,2458993,5
30002,43.682541,-70.313461,26,"ME",352,"Archilochus","colubris","ruby-throated hummingbird","Animalia",159845,295,"Territorial individuals (birds)",2020,6,18,170,2459019,5,2020,6,18,170,2459019,9
30002,43.682541,-70.313461,26,"ME",352,"Archilochus","colubris","ruby-throated hummingbird","Animalia",159845,295,"Territorial individuals (birds)",2020,7,14,196,2459045,7,2020,7,14,196,2459045,6
30002,43.682541,-70.313461,26,"ME",352,"Archilochus","colubris","ruby-throated hummingbird","Animalia",159845,295,"Territorial individuals (birds)",2020,8,26,239,2459088,11,2020,8,26,239,2459088,11
30002,43.682541,-70.313461,26,"ME",352,"Archilochus","colubris","ruby-throated hummingbird","Animalia",159845,312,"Flower visitation",2020,6,13,165,2459014,5,2020,6,13,165,2459014,5
30002,43.682541,-70.313461,26,"ME",352,"Archilochus","colubris","ruby-throated hummingbird","Animalia",159845,312,"Flower visitation",2020,7,7,189,2459038,10,2020,7,7,189,2459038,7
30002,43.682541,-70.313461,26,"ME",352,"Archilochus","colubris","ruby-throated hummingbird","Animalia",159845,312,"Flower visitation",2020,8,15,228,2459077,8,2020,8,15,228,2459077,11
30002,43.682541,-70.313461,26,"ME",352,"Archilochus","colubris","ruby-throated hummingbird","Animalia",159845,458,"Individuals at a feeding station",2020,5,23,144,2458993,11,2020,7,14,196,2459045,6
30002,43.682541,-70.313461,26,"ME",352,"Archilochus","colubris","ruby-throated hummingbird","Animalia",159845,458,"Individuals at a feeding station",2020,8,15,228,2459077,8,2020,8,26,239,2459088,11
30002,43.682541,-70.313461,26,"ME",352,"Archilochus","colubris","ruby-throated hummingbird","Animalia",159845,542,"Feeding (or foraging)",2020,5,23,144,2458993,11,2020,5,28,149,2458998,5
30002,43.682541,-70.313461,26,"ME",352,"Archilochus","colubris","ruby-throated hummingbird","Animalia",159845,542,"Feeding (or foraging)",2020,6,13,165,2459014,11,2020,7,14,196,2459045,6
30002,43.682541,-70.313461,26,"ME",352,"Archilochus","colubris","ruby-throated hummingbird","Animalia",159845,542,"Feeding (or foraging)",2020,8,15,228,2459077,8,2020,8,26,239,2459088,11
31180,46.896786,-95.708672,443,"MN",352,"Archilochus","colubris","ruby-throated hummingbird","Animalia",171639,292,"Live individuals",2020,5,8,129,2458978,NA,2020,5,8,129,2458978,NA
31180,46.896786,-95.708672,443,"MN",352,"Archilochus","colubris","ruby-throated hummingbird","Animalia",171639,458,"Individuals at a feeding station",2020,5,8,129,2458978,NA,2020,5,8,129,2458978,NA
31180,46.896786,-95.708672,443,"MN",352,"Archilochus","colubris","ruby-throated hummingbird","Animalia",171639,542,"Feeding (or foraging)",2020,5,8,129,2458978,NA,2020,5,8,129,2458978,NA
28093,44.727703,-93.624031,240,"MN",352,"Archilochus","colubris","ruby-throated hummingbird","Animalia",181864,292,"Live individuals",2020,5,29,150,2458999,NA,2020,8,28,241,2459090,NA
8446,39.533051,-75.847443,7,"MD",352,"Archilochus","colubris","ruby-throated hummingbird","Animalia",192266,292,"Live individuals",2020,5,2,123,2458972,NA,2020,8,29,242,2459091,NA
8446,39.533051,-75.847443,7,"MD",352,"Archilochus","colubris","ruby-throated hummingbird","Animalia",192266,293,"Calls or song (birds)",2020,7,31,213,2459062,90,2020,8,29,242,2459091,NA
8446,39.533051,-75.847443,7,"MD",352,"Archilochus","colubris","ruby-throated hummingbird","Animalia",192266,294,"Singing individuals (birds)",2020,8,29,242,2459091,119,2020,8,29,242,2459091,NA
8446,39.533051,-75.847443,7,"MD",352,"Archilochus","colubris","ruby-throated hummingbird","Animalia",192266,295,"Territorial individuals (birds)",2020,7,31,213,2459062,NA,2020,8,29,242,2459091,NA
8446,39.533051,-75.847443,7,"MD",352,"Archilochus","colubris","ruby-throated hummingbird","Animalia",192266,308,"Fledged young (altricial birds)",2020,7,31,213,2459062,90,2020,7,31,213,2459062,NA
8446,39.533051,-75.847443,7,"MD",352,"Archilochus","colubris","ruby-throated hummingbird","Animalia",192266,458,"Individuals at a feeding station",2020,5,2,123,2458972,NA,2020,8,29,242,2459091,NA
8446,39.533051,-75.847443,7,"MD",352,"Archilochus","colubris","ruby-throated hummingbird","Animalia",192266,542,"Feeding (or foraging)",2020,5,2,123,2458972,NA,2020,8,29,242,2459091,NA
34052,43.309284,-78.85627,74,"NY",352,"Archilochus","colubris","ruby-throated hummingbird","Animalia",197388,292,"Live individuals",2020,5,19,140,2458989,NA,2020,6,17,169,2459018,NA
34052,43.309284,-78.85627,74,"NY",352,"Archilochus","colubris","ruby-throated hummingbird","Animalia",197388,297,"Nest building (birds)",2020,6,17,169,2459018,29,2020,6,17,169,2459018,NA
34052,43.309284,-78.85627,74,"NY",352,"Archilochus","colubris","ruby-throated hummingbird","Animalia",197388,312,"Flower visitation",2020,6,17,169,2459018,29,2020,6,17,169,2459018,NA
34052,43.309284,-78.85627,74,"NY",352,"Archilochus","colubris","ruby-throated hummingbird","Animalia",197388,458,"Individuals at a feeding station",2020,5,19,140,2458989,NA,2020,6,17,169,2459018,NA
34052,43.309284,-78.85627,74,"NY",352,"Archilochus","colubris","ruby-throated hummingbird","Animalia",197388,542,"Feeding (or foraging)",2020,5,19,140,2458989,NA,2020,6,17,169,2459018,NA
34459,31.679283,-97.679939,284,"TX",352,"Archilochus","colubris","ruby-throated hummingbird","Animalia",200933,292,"Live individuals",2020,3,21,81,2458930,NA,2020,3,21,81,2458930,NA
34459,31.679283,-97.679939,284,"TX",352,"Archilochus","colubris","ruby-throated hummingbird","Animalia",200933,458,"Individuals at a feeding station",2020,3,21,81,2458930,NA,2020,3,21,81,2458930,NA
34459,31.679283,-97.679939,284,"TX",352,"Archilochus","colubris","ruby-throated hummingbird","Animalia",200933,542,"Feeding (or foraging)",2020,3,21,81,2458930,NA,2020,3,21,81,2458930,NA
34968,36.116627,-85.557228,315,"TN",352,"Archilochus","colubris","ruby-throated hummingbird","Animalia",203542,292,"Live individuals",2020,8,29,242,2459091,22,2020,8,29,242,2459091,23
34968,36.116627,-85.557228,315,"TN",352,"Archilochus","colubris","ruby-throated hummingbird","Animalia",203542,458,"Individuals at a feeding station",2020,8,29,242,2459091,22,2020,8,29,242,2459091,23
34968,36.116627,-85.557228,315,"TN",352,"Archilochus","colubris","ruby-throated hummingbird","Animalia",203542,542,"Feeding (or foraging)",2020,8,29,242,2459091,22,2020,8,29,242,2459091,23
36119,38.938217,-76.49659,3,"MD",352,"Archilochus","colubris","ruby-throated hummingbird","Animalia",220866,292,"Live individuals",2020,4,24,115,2458964,17,2020,6,27,179,2459028,NA
36119,38.938217,-76.49659,3,"MD",352,"Archilochus","colubris","ruby-throated hummingbird","Animalia",220866,312,"Flower visitation",2020,6,27,179,2459028,81,2020,6,27,179,2459028,NA
36119,38.938217,-76.49659,3,"MD",352,"Archilochus","colubris","ruby-throated hummingbird","Animalia",220866,542,"Feeding (or foraging)",2020,4,24,115,2458964,17,2020,6,27,179,2459028,NA
36747,40.38504,-74.80201,84,"NJ",352,"Archilochus","colubris","ruby-throated hummingbird","Animalia",226694,292,"Live individuals",2020,5,2,123,2458972,6,2020,6,3,155,2459004,18
36747,40.38504,-74.80201,84,"NJ",352,"Archilochus","colubris","ruby-throated hummingbird","Animalia",226694,292,"Live individuals",2020,7,4,186,2459035,13,2020,9,25,269,2459118,14
36747,40.38504,-74.80201,84,"NJ",352,"Archilochus","colubris","ruby-throated hummingbird","Animalia",226694,293,"Calls or song (birds)",2020,9,12,256,2459105,21,2020,9,12,256,2459105,27
36747,40.38504,-74.80201,84,"NJ",352,"Archilochus","colubris","ruby-throated hummingbird","Animalia",226694,295,"Territorial individuals (birds)",2020,5,24,145,2458994,28,2020,6,3,155,2459004,18
36747,40.38504,-74.80201,84,"NJ",352,"Archilochus","colubris","ruby-throated hummingbird","Animalia",226694,295,"Territorial individuals (birds)",2020,7,4,186,2459035,13,2020,9,12,256,2459105,27
36747,40.38504,-74.80201,84,"NJ",352,"Archilochus","colubris","ruby-throated hummingbird","Animalia",226694,312,"Flower visitation",2020,6,3,155,2459004,38,2020,6,3,155,2459004,18
36747,40.38504,-74.80201,84,"NJ",352,"Archilochus","colubris","ruby-throated hummingbird","Animalia",226694,312,"Flower visitation",2020,7,4,186,2459035,13,2020,9,25,269,2459118,14
36747,40.38504,-74.80201,84,"NJ",352,"Archilochus","colubris","ruby-throated hummingbird","Animalia",226694,457,"Insect consumption",2020,9,12,256,2459105,83,2020,9,12,256,2459105,27
36747,40.38504,-74.80201,84,"NJ",352,"Archilochus","colubris","ruby-throated hummingbird","Animalia",226694,458,"Individuals at a feeding station",2020,5,2,123,2458972,6,2020,6,3,155,2459004,18
36747,40.38504,-74.80201,84,"NJ",352,"Archilochus","colubris","ruby-throated hummingbird","Animalia",226694,458,"Individuals at a feeding station",2020,7,4,186,2459035,13,2020,9,12,256,2459105,13
36747,40.38504,-74.80201,84,"NJ",352,"Archilochus","colubris","ruby-throated hummingbird","Animalia",226694,542,"Feeding (or foraging)",2020,5,2,123,2458972,6,2020,6,3,155,2459004,18
36747,40.38504,-74.80201,84,"NJ",352,"Archilochus","colubris","ruby-throated hummingbird","Animalia",226694,542,"Feeding (or foraging)",2020,7,4,186,2459035,13,2020,9,25,269,2459118,14
37562,43.92197,-69.925323,8,"ME",352,"Archilochus","colubris","ruby-throated hummingbird","Animalia",232102,292,"Live individuals",2020,6,8,160,2459009,41,2020,6,8,160,2459009,NA
37562,43.92197,-69.925323,8,"ME",352,"Archilochus","colubris","ruby-throated hummingbird","Animalia",232102,295,"Territorial individuals (birds)",2020,6,8,160,2459009,41,2020,6,8,160,2459009,NA
37562,43.92197,-69.925323,8,"ME",352,"Archilochus","colubris","ruby-throated hummingbird","Animalia",232102,312,"Flower visitation",2020,6,8,160,2459009,41,2020,6,8,160,2459009,NA
37562,43.92197,-69.925323,8,"ME",352,"Archilochus","colubris","ruby-throated hummingbird","Animalia",232102,458,"Individuals at a feeding station",2020,6,8,160,2459009,41,2020,6,8,160,2459009,NA
37562,43.92197,-69.925323,8,"ME",352,"Archilochus","colubris","ruby-throated hummingbird","Animalia",232102,542,"Feeding (or foraging)",2020,6,8,160,2459009,41,2020,6,8,160,2459009,NA
37740,33.515034,-81.747826,146,"SC",352,"Archilochus","colubris","ruby-throated hummingbird","Animalia",233023,292,"Live individuals",2020,6,13,165,2459014,NA,2020,6,18,170,2459019,NA
37740,33.515034,-81.747826,146,"SC",352,"Archilochus","colubris","ruby-throated hummingbird","Animalia",233023,312,"Flower visitation",2020,6,13,165,2459014,NA,2020,6,18,170,2459019,NA
37740,33.515034,-81.747826,146,"SC",352,"Archilochus","colubris","ruby-throated hummingbird","Animalia",233023,542,"Feeding (or foraging)",2020,6,13,165,2459014,NA,2020,6,18,170,2459019,NA
38034,45.577515,-94.23175,320,"MN",352,"Archilochus","colubris","ruby-throated hummingbird","Animalia",234468,292,"Live individuals",2020,5,18,139,2458988,7,2020,5,18,139,2458988,2
38034,45.577515,-94.23175,320,"MN",352,"Archilochus","colubris","ruby-throated hummingbird","Animalia",234468,292,"Live individuals",2020,5,23,144,2458993,3,2020,5,23,144,2458993,5
38034,45.577515,-94.23175,320,"MN",352,"Archilochus","colubris","ruby-throated hummingbird","Animalia",234468,312,"Flower visitation",2020,5,23,144,2458993,3,2020,5,23,144,2458993,5
38034,45.577515,-94.23175,320,"MN",352,"Archilochus","colubris","ruby-throated hummingbird","Animalia",234468,458,"Individuals at a feeding station",2020,5,18,139,2458988,7,2020,5,18,139,2458988,2
38034,45.577515,-94.23175,320,"MN",352,"Archilochus","colubris","ruby-throated hummingbird","Animalia",234468,458,"Individuals at a feeding station",2020,5,23,144,2458993,3,2020,5,23,144,2458993,5
38034,45.577515,-94.23175,320,"MN",352,"Archilochus","colubris","ruby-throated hummingbird","Animalia",234468,542,"Feeding (or foraging)",2020,5,18,139,2458988,7,2020,5,18,139,2458988,2
38034,45.577515,-94.23175,320,"MN",352,"Archilochus","colubris","ruby-throated hummingbird","Animalia",234468,542,"Feeding (or foraging)",2020,5,23,144,2458993,3,2020,5,23,144,2458993,5
38559,41.280399,-81.226799,350,"OH",352,"Archilochus","colubris","ruby-throated hummingbird","Animalia",238066,292,"Live individuals",2020,6,30,182,2459031,NA,2020,6,30,182,2459031,NA
38559,41.280399,-81.226799,350,"OH",352,"Archilochus","colubris","ruby-throated hummingbird","Animalia",238066,312,"Flower visitation",2020,6,30,182,2459031,NA,2020,6,30,182,2459031,NA
38559,41.280399,-81.226799,350,"OH",352,"Archilochus","colubris","ruby-throated hummingbird","Animalia",238066,458,"Individuals at a feeding station",2020,6,30,182,2459031,NA,2020,6,30,182,2459031,NA
38559,41.280399,-81.226799,350,"OH",352,"Archilochus","colubris","ruby-throated hummingbird","Animalia",238066,542,"Feeding (or foraging)",2020,6,30,182,2459031,NA,2020,6,30,182,2459031,NA
38570,40.839504,-86.806252,202,"IN",352,"Archilochus","colubris","ruby-throated hummingbird","Animalia",238115,292,"Live individuals",2020,5,15,136,2458985,12,2020,5,15,136,2458985,NA
38570,40.839504,-86.806252,202,"IN",352,"Archilochus","colubris","ruby-throated hummingbird","Animalia",238115,458,"Individuals at a feeding station",2020,5,15,136,2458985,12,2020,5,15,136,2458985,NA
38570,40.839504,-86.806252,202,"IN",352,"Archilochus","colubris","ruby-throated hummingbird","Animalia",238115,542,"Feeding (or foraging)",2020,5,15,136,2458985,12,2020,5,15,136,2458985,NA
38681,44.691563,-68.591774,97,"ME",352,"Archilochus","colubris","ruby-throated hummingbird","Animalia",240083,292,"Live individuals",2020,5,20,141,2458990,NA,2020,5,20,141,2458990,NA
38681,44.691563,-68.591774,97,"ME",352,"Archilochus","colubris","ruby-throated hummingbird","Animalia",240083,340,"Courtship ",2020,5,24,145,2458994,NA,2020,5,24,145,2458994,NA
38681,44.691563,-68.591774,97,"ME",352,"Archilochus","colubris","ruby-throated hummingbird","Animalia",240083,458,"Individuals at a feeding station",2020,5,20,141,2458990,NA,2020,5,24,145,2458994,NA
38681,44.691563,-68.591774,97,"ME",352,"Archilochus","colubris","ruby-throated hummingbird","Animalia",240083,542,"Feeding (or foraging)",2020,5,20,141,2458990,NA,2020,5,20,141,2458990,NA
21812,40.481583,-86.974304,210,"IN",352,"Archilochus","colubris","ruby-throated hummingbird","Animalia",242457,292,"Live individuals",2020,5,15,136,2458985,NA,2020,7,30,212,2459061,NA
21812,40.481583,-86.974304,210,"IN",352,"Archilochus","colubris","ruby-throated hummingbird","Animalia",242457,312,"Flower visitation",2020,5,15,136,2458985,NA,2020,5,15,136,2458985,NA
21812,40.481583,-86.974304,210,"IN",352,"Archilochus","colubris","ruby-throated hummingbird","Animalia",242457,542,"Feeding (or foraging)",2020,7,30,212,2459061,NA,2020,7,30,212,2459061,NA
39078,44.888889,-92.911766,284,"MN",352,"Archilochus","colubris","ruby-throated hummingbird","Animalia",242952,292,"Live individuals",2020,5,28,149,2458998,NA,2020,5,28,149,2458998,NA
39078,44.888889,-92.911766,284,"MN",352,"Archilochus","colubris","ruby-throated hummingbird","Animalia",242952,294,"Singing individuals (birds)",2020,5,28,149,2458998,NA,2020,5,28,149,2458998,NA
39078,44.888889,-92.911766,284,"MN",352,"Archilochus","colubris","ruby-throated hummingbird","Animalia",242952,298,"Occupied nest",2020,5,28,149,2458998,NA,2020,5,28,149,2458998,NA
39078,44.888889,-92.911766,284,"MN",352,"Archilochus","colubris","ruby-throated hummingbird","Animalia",242952,312,"Flower visitation",2020,5,28,149,2458998,NA,2020,5,28,149,2458998,NA
39114,42.276588,-73.036125,398,"MA",352,"Archilochus","colubris","ruby-throated hummingbird","Animalia",243148,292,"Live individuals",2020,6,1,153,2459002,NA,2020,6,1,153,2459002,NA
39114,42.276588,-73.036125,398,"MA",352,"Archilochus","colubris","ruby-throated hummingbird","Animalia",243148,295,"Territorial individuals (birds)",2020,6,1,153,2459002,NA,2020,6,1,153,2459002,NA
39114,42.276588,-73.036125,398,"MA",352,"Archilochus","colubris","ruby-throated hummingbird","Animalia",243148,312,"Flower visitation",2020,6,1,153,2459002,NA,2020,6,1,153,2459002,NA
39114,42.276588,-73.036125,398,"MA",352,"Archilochus","colubris","ruby-throated hummingbird","Animalia",243148,458,"Individuals at a feeding station",2020,6,1,153,2459002,NA,2020,6,1,153,2459002,NA
39114,42.276588,-73.036125,398,"MA",352,"Archilochus","colubris","ruby-throated hummingbird","Animalia",243148,542,"Feeding (or foraging)",2020,6,1,153,2459002,NA,2020,6,1,153,2459002,NA
26897,40.128613,-75.340515,64,"PA",352,"Archilochus","colubris","ruby-throated hummingbird","Animalia",243256,292,"Live individuals",2020,6,4,156,2459005,NA,2020,9,6,250,2459099,NA
26897,40.128613,-75.340515,64,"PA",352,"Archilochus","colubris","ruby-throated hummingbird","Animalia",243256,312,"Flower visitation",2020,6,4,156,2459005,NA,2020,8,27,240,2459089,2
26897,40.128613,-75.340515,64,"PA",352,"Archilochus","colubris","ruby-throated hummingbird","Animalia",243256,542,"Feeding (or foraging)",2020,6,4,156,2459005,NA,2020,8,27,240,2459089,2
39845,39.608101,-92.6381,221,"MO",352,"Archilochus","colubris","ruby-throated hummingbird","Animalia",245550,292,"Live individuals",2020,7,25,207,2459056,NA,2020,7,25,207,2459056,NA
39028,39.045895,-94.573586,289,"MO",352,"Archilochus","colubris","ruby-throated hummingbird","Animalia",248168,292,"Live individuals",2020,9,14,258,2459107,NA,2020,9,14,258,2459107,NA
39028,39.045895,-94.573586,289,"MO",352,"Archilochus","colubris","ruby-throated hummingbird","Animalia",248168,293,"Calls or song (birds)",2020,9,14,258,2459107,NA,2020,9,14,258,2459107,NA
39028,39.045895,-94.573586,289,"MO",352,"Archilochus","colubris","ruby-throated hummingbird","Animalia",248168,294,"Singing individuals (birds)",2020,9,14,258,2459107,NA,2020,9,14,258,2459107,NA
39028,39.045895,-94.573586,289,"MO",352,"Archilochus","colubris","ruby-throated hummingbird","Animalia",248168,295,"Territorial individuals (birds)",2020,9,14,258,2459107,NA,2020,9,14,258,2459107,NA
39028,39.045895,-94.573586,289,"MO",352,"Archilochus","colubris","ruby-throated hummingbird","Animalia",248168,458,"Individuals at a feeding station",2020,9,14,258,2459107,NA,2020,9,14,258,2459107,NA
39028,39.045895,-94.573586,289,"MO",352,"Archilochus","colubris","ruby-throated hummingbird","Animalia",248168,542,"Feeding (or foraging)",2020,9,14,258,2459107,NA,2020,9,14,258,2459107,NA
40814,36.778259,-119.417931,176,"CA",352,"Archilochus","colubris","ruby-throated hummingbird","Animalia",248981,292,"Live individuals",2020,9,18,262,2459111,NA,2020,9,18,262,2459111,NA
40274,39.814758,-86.251427,232,"IN",352,"Archilochus","colubris","ruby-throated hummingbird","Animalia",249252,292,"Live individuals",2020,9,21,265,2459114,NA,2020,9,21,265,2459114,NA
40274,39.814758,-86.251427,232,"IN",352,"Archilochus","colubris","ruby-throated hummingbird","Animalia",249252,293,"Calls or song (birds)",2020,9,21,265,2459114,NA,2020,9,21,265,2459114,NA
40274,39.814758,-86.251427,232,"IN",352,"Archilochus","colubris","ruby-throated hummingbird","Animalia",249252,312,"Flower visitation",2020,9,21,265,2459114,NA,2020,9,21,265,2459114,NA
40274,39.814758,-86.251427,232,"IN",352,"Archilochus","colubris","ruby-throated hummingbird","Animalia",249252,542,"Feeding (or foraging)",2020,9,21,265,2459114,NA,2020,9,21,265,2459114,NA
33959,40.709675,-73.832298,20,"NY",352,"Archilochus","colubris","ruby-throated hummingbird","Animalia",254157,292,"Live individuals",2020,5,15,136,2458985,NA,2020,5,15,136,2458985,NA
33959,40.709675,-73.832298,20,"NY",352,"Archilochus","colubris","ruby-throated hummingbird","Animalia",254157,294,"Singing individuals (birds)",2020,5,15,136,2458985,NA,2020,5,15,136,2458985,NA
33959,40.709675,-73.832298,20,"NY",352,"Archilochus","colubris","ruby-throated hummingbird","Animalia",254157,312,"Flower visitation",2020,5,15,136,2458985,NA,2020,5,15,136,2458985,NA
33959,40.709675,-73.832298,20,"NY",352,"Archilochus","colubris","ruby-throated hummingbird","Animalia",254157,542,"Feeding (or foraging)",2020,5,15,136,2458985,NA,2020,5,15,136,2458985,NA
5674,44.910587,-70.266861,261,"ME",352,"Archilochus","colubris","ruby-throated hummingbird","Animalia",12712,292,"Live individuals",2021,5,9,129,2459344,7,2021,9,5,248,2459463,7
5674,44.910587,-70.266861,261,"ME",352,"Archilochus","colubris","ruby-throated hummingbird","Animalia",12712,295,"Territorial individuals (birds)",2021,5,16,136,2459351,7,2021,7,18,199,2459414,7
5674,44.910587,-70.266861,261,"ME",352,"Archilochus","colubris","ruby-throated hummingbird","Animalia",12712,295,"Territorial individuals (birds)",2021,8,1,213,2459428,7,2021,9,5,248,2459463,7
5674,44.910587,-70.266861,261,"ME",352,"Archilochus","colubris","ruby-throated hummingbird","Animalia",12712,312,"Flower visitation",2021,5,16,136,2459351,7,2021,5,16,136,2459351,4
5674,44.910587,-70.266861,261,"ME",352,"Archilochus","colubris","ruby-throated hummingbird","Animalia",12712,312,"Flower visitation",2021,5,23,143,2459358,3,2021,6,27,178,2459393,7
5674,44.910587,-70.266861,261,"ME",352,"Archilochus","colubris","ruby-throated hummingbird","Animalia",12712,312,"Flower visitation",2021,7,18,199,2459414,7,2021,7,18,199,2459414,7
5674,44.910587,-70.266861,261,"ME",352,"Archilochus","colubris","ruby-throated hummingbird","Animalia",12712,312,"Flower visitation",2021,8,1,213,2459428,7,2021,8,22,234,2459449,7
5674,44.910587,-70.266861,261,"ME",352,"Archilochus","colubris","ruby-throated hummingbird","Animalia",12712,458,"Individuals at a feeding station",2021,5,16,136,2459351,7,2021,9,5,248,2459463,7
5674,44.910587,-70.266861,261,"ME",352,"Archilochus","colubris","ruby-throated hummingbird","Animalia",12712,542,"Feeding (or foraging)",2021,5,16,136,2459351,7,2021,9,5,248,2459463,7
6481,42.456135,-72.344215,265,"MA",352,"Archilochus","colubris","ruby-throated hummingbird","Animalia",19040,292,"Live individuals",2021,5,5,125,2459340,7,2021,5,5,125,2459340,52
6481,42.456135,-72.344215,265,"MA",352,"Archilochus","colubris","ruby-throated hummingbird","Animalia",19040,292,"Live individuals",2021,7,7,188,2459403,11,2021,7,7,188,2459403,1
6481,42.456135,-72.344215,265,"MA",352,"Archilochus","colubris","ruby-throated hummingbird","Animalia",19040,292,"Live individuals",2021,7,14,195,2459410,6,2021,9,3,246,2459461,25
6481,42.456135,-72.344215,265,"MA",352,"Archilochus","colubris","ruby-throated hummingbird","Animalia",19040,295,"Territorial individuals (birds)",2021,7,24,205,2459420,2,2021,7,24,205,2459420,1
6481,42.456135,-72.344215,265,"MA",352,"Archilochus","colubris","ruby-throated hummingbird","Animalia",19040,312,"Flower visitation",2021,7,7,188,2459403,11,2021,7,7,188,2459403,1
6481,42.456135,-72.344215,265,"MA",352,"Archilochus","colubris","ruby-throated hummingbird","Animalia",19040,312,"Flower visitation",2021,7,14,195,2459410,6,2021,7,22,203,2459418,2
6481,42.456135,-72.344215,265,"MA",352,"Archilochus","colubris","ruby-throated hummingbird","Animalia",19040,312,"Flower visitation",2021,7,25,206,2459421,1,2021,8,4,216,2459431,25
6481,42.456135,-72.344215,265,"MA",352,"Archilochus","colubris","ruby-throated hummingbird","Animalia",19040,312,"Flower visitation",2021,9,3,246,2459461,5,2021,9,3,246,2459461,25
6481,42.456135,-72.344215,265,"MA",352,"Archilochus","colubris","ruby-throated hummingbird","Animalia",19040,542,"Feeding (or foraging)",2021,7,7,188,2459403,11,2021,7,7,188,2459403,1
6481,42.456135,-72.344215,265,"MA",352,"Archilochus","colubris","ruby-throated hummingbird","Animalia",19040,542,"Feeding (or foraging)",2021,7,14,195,2459410,6,2021,7,22,203,2459418,2
6481,42.456135,-72.344215,265,"MA",352,"Archilochus","colubris","ruby-throated hummingbird","Animalia",19040,542,"Feeding (or foraging)",2021,7,25,206,2459421,1,2021,8,4,216,2459431,25
6481,42.456135,-72.344215,265,"MA",352,"Archilochus","colubris","ruby-throated hummingbird","Animalia",19040,542,"Feeding (or foraging)",2021,9,3,246,2459461,5,2021,9,3,246,2459461,25
8496,46.328629,-96.061256,393,"MN",352,"Archilochus","colubris","ruby-throated hummingbird","Animalia",25784,292,"Live individuals",2021,5,17,137,2459352,6,2021,8,17,229,2459444,33
8496,46.328629,-96.061256,393,"MN",352,"Archilochus","colubris","ruby-throated hummingbird","Animalia",25784,312,"Flower visitation",2021,8,17,229,2459444,24,2021,8,17,229,2459444,33
8496,46.328629,-96.061256,393,"MN",352,"Archilochus","colubris","ruby-throated hummingbird","Animalia",25784,458,"Individuals at a feeding station",2021,5,17,137,2459352,6,2021,8,17,229,2459444,33
8496,46.328629,-96.061256,393,"MN",352,"Archilochus","colubris","ruby-throated hummingbird","Animalia",25784,542,"Feeding (or foraging)",2021,5,17,137,2459352,6,2021,8,17,229,2459444,33
8715,43.522804,-70.802277,215,"ME",352,"Archilochus","colubris","ruby-throated hummingbird","Animalia",28193,292,"Live individuals",2021,6,2,153,2459368,11,2021,6,19,170,2459385,NA
8715,43.522804,-70.802277,215,"ME",352,"Archilochus","colubris","ruby-throated hummingbird","Animalia",28193,458,"Individuals at a feeding station",2021,6,2,153,2459368,11,2021,6,19,170,2459385,NA
8715,43.522804,-70.802277,215,"ME",352,"Archilochus","colubris","ruby-throated hummingbird","Animalia",28193,542,"Feeding (or foraging)",2021,6,2,153,2459368,11,2021,6,19,170,2459385,NA
8736,44.903229,-93.217445,248,"MN",352,"Archilochus","colubris","ruby-throated hummingbird","Animalia",28356,292,"Live individuals",2021,8,16,228,2459443,1,2021,8,17,229,2459444,2
8736,44.903229,-93.217445,248,"MN",352,"Archilochus","colubris","ruby-throated hummingbird","Animalia",28356,457,"Insect consumption",2021,8,16,228,2459443,1,2021,8,17,229,2459444,2
8736,44.903229,-93.217445,248,"MN",352,"Archilochus","colubris","ruby-throated hummingbird","Animalia",28356,542,"Feeding (or foraging)",2021,8,16,228,2459443,1,2021,8,17,229,2459444,2
9930,31.580486,-97.324806,171,"TX",352,"Archilochus","colubris","ruby-throated hummingbird","Animalia",37918,292,"Live individuals",2021,9,13,256,2459471,NA,2021,9,13,256,2459471,11
9930,31.580486,-97.324806,171,"TX",352,"Archilochus","colubris","ruby-throated hummingbird","Animalia",37918,458,"Individuals at a feeding station",2021,6,3,154,2459369,NA,2021,6,3,154,2459369,170
9930,31.580486,-97.324806,171,"TX",352,"Archilochus","colubris","ruby-throated hummingbird","Animalia",37918,542,"Feeding (or foraging)",2021,9,13,256,2459471,NA,2021,9,13,256,2459471,68
10145,42.602543,-83.250992,277,"MI",352,"Archilochus","colubris","ruby-throated hummingbird","Animalia",38951,458,"Individuals at a feeding station",2021,5,20,140,2459355,1,2021,5,26,146,2459361,7
10145,42.602543,-83.250992,277,"MI",352,"Archilochus","colubris","ruby-throated hummingbird","Animalia",38951,458,"Individuals at a feeding station",2021,6,4,155,2459370,1,2021,6,6,157,2459372,1
10145,42.602543,-83.250992,277,"MI",352,"Archilochus","colubris","ruby-throated hummingbird","Animalia",38951,458,"Individuals at a feeding station",2021,6,8,159,2459374,1,2021,6,8,159,2459374,1
10145,42.602543,-83.250992,277,"MI",352,"Archilochus","colubris","ruby-throated hummingbird","Animalia",38951,458,"Individuals at a feeding station",2021,6,11,162,2459377,1,2021,6,24,175,2459390,1
10145,42.602543,-83.250992,277,"MI",352,"Archilochus","colubris","ruby-throated hummingbird","Animalia",38951,458,"Individuals at a feeding station",2021,6,26,177,2459392,1,2021,7,23,204,2459419,18
10145,42.602543,-83.250992,277,"MI",352,"Archilochus","colubris","ruby-throated hummingbird","Animalia",38951,458,"Individuals at a feeding station",2021,8,11,223,2459438,1,2021,8,11,223,2459438,1
10145,42.602543,-83.250992,277,"MI",352,"Archilochus","colubris","ruby-throated hummingbird","Animalia",38951,458,"Individuals at a feeding station",2021,8,13,225,2459440,1,2021,8,14,226,2459441,1
10145,42.602543,-83.250992,277,"MI",352,"Archilochus","colubris","ruby-throated hummingbird","Animalia",38951,458,"Individuals at a feeding station",2021,8,17,229,2459444,1,2021,8,20,232,2459447,2
10145,42.602543,-83.250992,277,"MI",352,"Archilochus","colubris","ruby-throated hummingbird","Animalia",38951,458,"Individuals at a feeding station",2021,8,23,235,2459450,1,2021,9,4,247,2459462,1
10145,42.602543,-83.250992,277,"MI",352,"Archilochus","colubris","ruby-throated hummingbird","Animalia",38951,458,"Individuals at a feeding station",2021,9,6,249,2459464,1,2021,9,6,249,2459464,1
10145,42.602543,-83.250992,277,"MI",352,"Archilochus","colubris","ruby-throated hummingbird","Animalia",38951,458,"Individuals at a feeding station",2021,9,8,251,2459466,1,2021,9,8,251,2459466,1
10145,42.602543,-83.250992,277,"MI",352,"Archilochus","colubris","ruby-throated hummingbird","Animalia",38951,458,"Individuals at a feeding station",2021,9,11,254,2459469,1,2021,9,12,255,2459470,1
10145,42.602543,-83.250992,277,"MI",352,"Archilochus","colubris","ruby-throated hummingbird","Animalia",38951,458,"Individuals at a feeding station",2021,9,14,257,2459472,1,2021,9,21,264,2459479,1
17414,42.936153,-73.433449,147,"NY",352,"Archilochus","colubris","ruby-throated hummingbird","Animalia",103211,292,"Live individuals",2021,5,6,126,2459341,6,2021,5,17,137,2459352,1
17414,42.936153,-73.433449,147,"NY",352,"Archilochus","colubris","ruby-throated hummingbird","Animalia",103211,292,"Live individuals",2021,5,22,142,2459357,4,2021,6,5,156,2459371,1
17414,42.936153,-73.433449,147,"NY",352,"Archilochus","colubris","ruby-throated hummingbird","Animalia",103211,292,"Live individuals",2021,7,16,197,2459412,11,2021,8,8,220,2459435,5
17414,42.936153,-73.433449,147,"NY",352,"Archilochus","colubris","ruby-throated hummingbird","Animalia",103211,292,"Live individuals",2021,8,20,232,2459447,7,2021,8,20,232,2459447,2
17414,42.936153,-73.433449,147,"NY",352,"Archilochus","colubris","ruby-throated hummingbird","Animalia",103211,292,"Live individuals",2021,8,31,243,2459458,9,2021,9,17,260,2459475,4
17414,42.936153,-73.433449,147,"NY",352,"Archilochus","colubris","ruby-throated hummingbird","Animalia",103211,458,"Individuals at a feeding station",2021,5,6,126,2459341,6,2021,5,17,137,2459352,1
17414,42.936153,-73.433449,147,"NY",352,"Archilochus","colubris","ruby-throated hummingbird","Animalia",103211,458,"Individuals at a feeding station",2021,5,22,142,2459357,4,2021,6,5,156,2459371,1
17414,42.936153,-73.433449,147,"NY",352,"Archilochus","colubris","ruby-throated hummingbird","Animalia",103211,458,"Individuals at a feeding station",2021,7,16,197,2459412,11,2021,8,8,220,2459435,5
17414,42.936153,-73.433449,147,"NY",352,"Archilochus","colubris","ruby-throated hummingbird","Animalia",103211,458,"Individuals at a feeding station",2021,8,20,232,2459447,7,2021,8,20,232,2459447,2
17414,42.936153,-73.433449,147,"NY",352,"Archilochus","colubris","ruby-throated hummingbird","Animalia",103211,458,"Individuals at a feeding station",2021,8,31,243,2459458,9,2021,9,17,260,2459475,4
17414,42.936153,-73.433449,147,"NY",352,"Archilochus","colubris","ruby-throated hummingbird","Animalia",103211,542,"Feeding (or foraging)",2021,5,6,126,2459341,6,2021,5,13,133,2459348,4
17414,42.936153,-73.433449,147,"NY",352,"Archilochus","colubris","ruby-throated hummingbird","Animalia",103211,542,"Feeding (or foraging)",2021,5,23,143,2459358,1,2021,6,5,156,2459371,1
17414,42.936153,-73.433449,147,"NY",352,"Archilochus","colubris","ruby-throated hummingbird","Animalia",103211,542,"Feeding (or foraging)",2021,8,31,243,2459458,9,2021,9,12,255,2459470,2
23641,44.718273,-93.628853,236,"MN",352,"Archilochus","colubris","ruby-throated hummingbird","Animalia",111130,292,"Live individuals",2021,8,3,215,2459430,8,2021,8,3,215,2459430,13
23641,44.718273,-93.628853,236,"MN",352,"Archilochus","colubris","ruby-throated hummingbird","Animalia",111130,458,"Individuals at a feeding station",2021,8,3,215,2459430,8,2021,8,3,215,2459430,13
23641,44.718273,-93.628853,236,"MN",352,"Archilochus","colubris","ruby-throated hummingbird","Animalia",111130,542,"Feeding (or foraging)",2021,8,3,215,2459430,8,2021,8,3,215,2459430,13
25361,36.44083,-84.323593,554,"TN",352,"Archilochus","colubris","ruby-throated hummingbird","Animalia",122201,292,"Live individuals",2021,4,14,104,2459319,1,2021,4,14,104,2459319,2
25361,36.44083,-84.323593,554,"TN",352,"Archilochus","colubris","ruby-throated hummingbird","Animalia",122201,292,"Live individuals",2021,4,21,111,2459326,2,2021,4,21,111,2459326,3
25361,36.44083,-84.323593,554,"TN",352,"Archilochus","colubris","ruby-throated hummingbird","Animalia",122201,292,"Live individuals",2021,6,17,168,2459383,2,2021,6,17,168,2459383,2
25361,36.44083,-84.323593,554,"TN",352,"Archilochus","colubris","ruby-throated hummingbird","Animalia",122201,292,"Live individuals",2021,6,27,178,2459393,1,2021,6,29,180,2459395,1
25361,36.44083,-84.323593,554,"TN",352,"Archilochus","colubris","ruby-throated hummingbird","Animalia",122201,292,"Live individuals",2021,7,2,183,2459398,2,2021,7,2,183,2459398,3
25361,36.44083,-84.323593,554,"TN",352,"Archilochus","colubris","ruby-throated hummingbird","Animalia",122201,292,"Live individuals",2021,7,6,187,2459402,1,2021,7,6,187,2459402,3
25361,36.44083,-84.323593,554,"TN",352,"Archilochus","colubris","ruby-throated hummingbird","Animalia",122201,292,"Live individuals",2021,7,18,199,2459414,3,2021,7,21,202,2459417,3
25361,36.44083,-84.323593,554,"TN",352,"Archilochus","colubris","ruby-throated hummingbird","Animalia",122201,292,"Live individuals",2021,7,27,208,2459423,3,2021,8,3,215,2459430,2
25361,36.44083,-84.323593,554,"TN",352,"Archilochus","colubris","ruby-throated hummingbird","Animalia",122201,292,"Live individuals",2021,8,7,219,2459434,2,2021,8,7,219,2459434,2
25361,36.44083,-84.323593,554,"TN",352,"Archilochus","colubris","ruby-throated hummingbird","Animalia",122201,292,"Live individuals",2021,8,11,223,2459438,2,2021,8,11,223,2459438,1
25361,36.44083,-84.323593,554,"TN",352,"Archilochus","colubris","ruby-throated hummingbird","Animalia",122201,292,"Live individuals",2021,8,22,234,2459449,4,2021,8,26,238,2459453,3
25361,36.44083,-84.323593,554,"TN",352,"Archilochus","colubris","ruby-throated hummingbird","Animalia",122201,292,"Live individuals",2021,9,9,252,2459467,2,2021,9,9,252,2459467,2
25361,36.44083,-84.323593,554,"TN",352,"Archilochus","colubris","ruby-throated hummingbird","Animalia",122201,292,"Live individuals",2021,9,16,259,2459474,3,2021,9,16,259,2459474,4
25361,36.44083,-84.323593,554,"TN",352,"Archilochus","colubris","ruby-throated hummingbird","Animalia",122201,312,"Flower visitation",2021,4,14,104,2459319,1,2021,4,14,104,2459319,2
25361,36.44083,-84.323593,554,"TN",352,"Archilochus","colubris","ruby-throated hummingbird","Animalia",122201,312,"Flower visitation",2021,6,17,168,2459383,2,2021,6,17,168,2459383,2
25361,36.44083,-84.323593,554,"TN",352,"Archilochus","colubris","ruby-throated hummingbird","Animalia",122201,312,"Flower visitation",2021,6,27,178,2459393,1,2021,6,29,180,2459395,1
25361,36.44083,-84.323593,554,"TN",352,"Archilochus","colubris","ruby-throated hummingbird","Animalia",122201,312,"Flower visitation",2021,7,2,183,2459398,2,2021,7,2,183,2459398,3
25361,36.44083,-84.323593,554,"TN",352,"Archilochus","colubris","ruby-throated hummingbird","Animalia",122201,312,"Flower visitation",2021,7,6,187,2459402,1,2021,7,6,187,2459402,3
25361,36.44083,-84.323593,554,"TN",352,"Archilochus","colubris","ruby-throated hummingbird","Animalia",122201,312,"Flower visitation",2021,7,18,199,2459414,3,2021,7,21,202,2459417,3
25361,36.44083,-84.323593,554,"TN",352,"Archilochus","colubris","ruby-throated hummingbird","Animalia",122201,312,"Flower visitation",2021,7,27,208,2459423,3,2021,8,3,215,2459430,2
25361,36.44083,-84.323593,554,"TN",352,"Archilochus","colubris","ruby-throated hummingbird","Animalia",122201,312,"Flower visitation",2021,8,7,219,2459434,2,2021,8,7,219,2459434,2
25361,36.44083,-84.323593,554,"TN",352,"Archilochus","colubris","ruby-throated hummingbird","Animalia",122201,312,"Flower visitation",2021,8,11,223,2459438,2,2021,8,11,223,2459438,1
25361,36.44083,-84.323593,554,"TN",352,"Archilochus","colubris","ruby-throated hummingbird","Animalia",122201,312,"Flower visitation",2021,8,22,234,2459449,4,2021,8,26,238,2459453,3
25361,36.44083,-84.323593,554,"TN",352,"Archilochus","colubris","ruby-throated hummingbird","Animalia",122201,312,"Flower visitation",2021,9,9,252,2459467,2,2021,9,9,252,2459467,2
25361,36.44083,-84.323593,554,"TN",352,"Archilochus","colubris","ruby-throated hummingbird","Animalia",122201,312,"Flower visitation",2021,9,16,259,2459474,3,2021,9,16,259,2459474,4
25361,36.44083,-84.323593,554,"TN",352,"Archilochus","colubris","ruby-throated hummingbird","Animalia",122201,458,"Individuals at a feeding station",2021,7,6,187,2459402,1,2021,7,6,187,2459402,3
25361,36.44083,-84.323593,554,"TN",352,"Archilochus","colubris","ruby-throated hummingbird","Animalia",122201,542,"Feeding (or foraging)",2021,6,17,168,2459383,2,2021,6,17,168,2459383,2
25361,36.44083,-84.323593,554,"TN",352,"Archilochus","colubris","ruby-throated hummingbird","Animalia",122201,542,"Feeding (or foraging)",2021,6,27,178,2459393,1,2021,6,29,180,2459395,1
25361,36.44083,-84.323593,554,"TN",352,"Archilochus","colubris","ruby-throated hummingbird","Animalia",122201,542,"Feeding (or foraging)",2021,7,2,183,2459398,2,2021,7,2,183,2459398,3
25361,36.44083,-84.323593,554,"TN",352,"Archilochus","colubris","ruby-throated hummingbird","Animalia",122201,542,"Feeding (or foraging)",2021,7,6,187,2459402,1,2021,7,6,187,2459402,3
25361,36.44083,-84.323593,554,"TN",352,"Archilochus","colubris","ruby-throated hummingbird","Animalia",122201,542,"Feeding (or foraging)",2021,7,18,199,2459414,3,2021,7,21,202,2459417,3
25361,36.44083,-84.323593,554,"TN",352,"Archilochus","colubris","ruby-throated hummingbird","Animalia",122201,542,"Feeding (or foraging)",2021,7,27,208,2459423,3,2021,8,3,215,2459430,2
25361,36.44083,-84.323593,554,"TN",352,"Archilochus","colubris","ruby-throated hummingbird","Animalia",122201,542,"Feeding (or foraging)",2021,8,7,219,2459434,2,2021,8,7,219,2459434,2
25361,36.44083,-84.323593,554,"TN",352,"Archilochus","colubris","ruby-throated hummingbird","Animalia",122201,542,"Feeding (or foraging)",2021,8,11,223,2459438,2,2021,8,11,223,2459438,1
25361,36.44083,-84.323593,554,"TN",352,"Archilochus","colubris","ruby-throated hummingbird","Animalia",122201,542,"Feeding (or foraging)",2021,8,22,234,2459449,4,2021,8,26,238,2459453,3
25361,36.44083,-84.323593,554,"TN",352,"Archilochus","colubris","ruby-throated hummingbird","Animalia",122201,542,"Feeding (or foraging)",2021,9,16,259,2459474,3,2021,9,16,259,2459474,4
26000,44.93681,-93.185974,285,"MN",352,"Archilochus","colubris","ruby-throated hummingbird","Animalia",129341,292,"Live individuals",2021,5,22,142,2459357,1,2021,9,5,248,2459463,NA
26000,44.93681,-93.185974,285,"MN",352,"Archilochus","colubris","ruby-throated hummingbird","Animalia",129341,295,"Territorial individuals (birds)",2021,9,5,248,2459463,83,2021,9,5,248,2459463,NA
26000,44.93681,-93.185974,285,"MN",352,"Archilochus","colubris","ruby-throated hummingbird","Animalia",129341,312,"Flower visitation",2021,5,22,142,2459357,1,2021,5,22,142,2459357,23
26000,44.93681,-93.185974,285,"MN",352,"Archilochus","colubris","ruby-throated hummingbird","Animalia",129341,458,"Individuals at a feeding station",2021,5,22,142,2459357,1,2021,8,29,241,2459456,7
26000,44.93681,-93.185974,285,"MN",352,"Archilochus","colubris","ruby-throated hummingbird","Animalia",129341,542,"Feeding (or foraging)",2021,5,22,142,2459357,1,2021,9,5,248,2459463,NA
26048,44.825459,-93.176857,263,"MN",352,"Archilochus","colubris","ruby-throated hummingbird","Animalia",131607,292,"Live individuals",2021,5,13,133,2459348,7,2021,5,13,133,2459348,6
26048,44.825459,-93.176857,263,"MN",352,"Archilochus","colubris","ruby-throated hummingbird","Animalia",131607,292,"Live individuals",2021,6,17,168,2459383,7,2021,6,17,168,2459383,10
26048,44.825459,-93.176857,263,"MN",352,"Archilochus","colubris","ruby-throated hummingbird","Animalia",131607,292,"Live individuals",2021,7,9,190,2459405,6,2021,7,9,190,2459405,8
26048,44.825459,-93.176857,263,"MN",352,"Archilochus","colubris","ruby-throated hummingbird","Animalia",131607,292,"Live individuals",2021,7,23,204,2459419,6,2021,7,23,204,2459419,9
26048,44.825459,-93.176857,263,"MN",352,"Archilochus","colubris","ruby-throated hummingbird","Animalia",131607,292,"Live individuals",2021,8,7,219,2459434,6,2021,8,7,219,2459434,15
26048,44.825459,-93.176857,263,"MN",352,"Archilochus","colubris","ruby-throated hummingbird","Animalia",131607,292,"Live individuals",2021,9,2,245,2459460,11,2021,9,29,272,2459487,8
26048,44.825459,-93.176857,263,"MN",352,"Archilochus","colubris","ruby-throated hummingbird","Animalia",131607,295,"Territorial individuals (birds)",2021,6,17,168,2459383,13,2021,6,17,168,2459383,10
26048,44.825459,-93.176857,263,"MN",352,"Archilochus","colubris","ruby-throated hummingbird","Animalia",131607,458,"Individuals at a feeding station",2021,5,13,133,2459348,7,2021,5,19,139,2459354,7
26048,44.825459,-93.176857,263,"MN",352,"Archilochus","colubris","ruby-throated hummingbird","Animalia",131607,458,"Individuals at a feeding station",2021,6,10,161,2459376,6,2021,6,17,168,2459383,10
26048,44.825459,-93.176857,263,"MN",352,"Archilochus","colubris","ruby-throated hummingbird","Animalia",131607,458,"Individuals at a feeding station",2021,7,9,190,2459405,6,2021,7,23,204,2459419,9
26048,44.825459,-93.176857,263,"MN",352,"Archilochus","colubris","ruby-throated hummingbird","Animalia",131607,458,"Individuals at a feeding station",2021,8,7,219,2459434,6,2021,9,29,272,2459487,8
27026,43.413593,-70.810211,157,"ME",352,"Archilochus","colubris","ruby-throated hummingbird","Animalia",137519,292,"Live individuals",2021,5,8,128,2459343,NA,2021,6,7,158,2459373,NA
27026,43.413593,-70.810211,157,"ME",352,"Archilochus","colubris","ruby-throated hummingbird","Animalia",137519,293,"Calls or song (birds)",2021,5,12,132,2459347,4,2021,6,7,158,2459373,NA
27026,43.413593,-70.810211,157,"ME",352,"Archilochus","colubris","ruby-throated hummingbird","Animalia",137519,294,"Singing individuals (birds)",2021,5,12,132,2459347,4,2021,6,7,158,2459373,NA
27026,43.413593,-70.810211,157,"ME",352,"Archilochus","colubris","ruby-throated hummingbird","Animalia",137519,295,"Territorial individuals (birds)",2021,5,16,136,2459351,4,2021,5,20,140,2459355,7
27026,43.413593,-70.810211,157,"ME",352,"Archilochus","colubris","ruby-throated hummingbird","Animalia",137519,340,"Courtship ",2021,5,16,136,2459351,4,2021,5,16,136,2459351,4
27026,43.413593,-70.810211,157,"ME",352,"Archilochus","colubris","ruby-throated hummingbird","Animalia",137519,542,"Feeding (or foraging)",2021,5,8,128,2459343,NA,2021,6,7,158,2459373,NA
1265,39.359653,-82.08979,275,"OH",352,"Archilochus","colubris","ruby-throated hummingbird","Animalia",139319,292,"Live individuals",2021,7,1,182,2459397,NA,2021,8,19,231,2459446,NA
1265,39.359653,-82.08979,275,"OH",352,"Archilochus","colubris","ruby-throated hummingbird","Animalia",139319,293,"Calls or song (birds)",2021,7,28,209,2459424,NA,2021,8,19,231,2459446,NA
1265,39.359653,-82.08979,275,"OH",352,"Archilochus","colubris","ruby-throated hummingbird","Animalia",139319,295,"Territorial individuals (birds)",2021,7,1,182,2459397,NA,2021,8,19,231,2459446,NA
1265,39.359653,-82.08979,275,"OH",352,"Archilochus","colubris","ruby-throated hummingbird","Animalia",139319,312,"Flower visitation",2021,7,1,182,2459397,NA,2021,8,19,231,2459446,NA
1265,39.359653,-82.08979,275,"OH",352,"Archilochus","colubris","ruby-throated hummingbird","Animalia",139319,458,"Individuals at a feeding station",2021,7,1,182,2459397,NA,2021,8,19,231,2459446,NA
1265,39.359653,-82.08979,275,"OH",352,"Archilochus","colubris","ruby-throated hummingbird","Animalia",139319,542,"Feeding (or foraging)",2021,7,1,182,2459397,NA,2021,8,19,231,2459446,NA
27450,45.392422,-92.930786,271,"MN",352,"Archilochus","colubris","ruby-throated hummingbird","Animalia",141672,292,"Live individuals",2021,5,4,124,2459339,NA,2021,5,4,124,2459339,NA
27450,45.392422,-92.930786,271,"MN",352,"Archilochus","colubris","ruby-throated hummingbird","Animalia",141672,458,"Individuals at a feeding station",2021,5,4,124,2459339,NA,2021,5,4,124,2459339,NA
27450,45.392422,-92.930786,271,"MN",352,"Archilochus","colubris","ruby-throated hummingbird","Animalia",141672,542,"Feeding (or foraging)",2021,5,4,124,2459339,NA,2021,5,4,124,2459339,NA
28353,30.414766,-88.542511,4,"MS",352,"Archilochus","colubris","ruby-throated hummingbird","Animalia",147498,292,"Live individuals",2021,8,7,219,2459434,NA,2021,8,7,219,2459434,NA
28353,30.414766,-88.542511,4,"MS",352,"Archilochus","colubris","ruby-throated hummingbird","Animalia",147498,312,"Flower visitation",2021,8,7,219,2459434,NA,2021,8,7,219,2459434,NA
30002,43.682541,-70.313461,26,"ME",352,"Archilochus","colubris","ruby-throated hummingbird","Animalia",159845,292,"Live individuals",2021,5,9,129,2459344,7,2021,5,9,129,2459344,4
30002,43.682541,-70.313461,26,"ME",352,"Archilochus","colubris","ruby-throated hummingbird","Animalia",159845,292,"Live individuals",2021,5,20,140,2459355,7,2021,6,18,169,2459384,9
30002,43.682541,-70.313461,26,"ME",352,"Archilochus","colubris","ruby-throated hummingbird","Animalia",159845,292,"Live individuals",2021,7,24,205,2459420,14,2021,9,10,253,2459468,28
30002,43.682541,-70.313461,26,"ME",352,"Archilochus","colubris","ruby-throated hummingbird","Animalia",159845,293,"Calls or song (birds)",2021,6,5,156,2459371,11,2021,6,5,156,2459371,13
30002,43.682541,-70.313461,26,"ME",352,"Archilochus","colubris","ruby-throated hummingbird","Animalia",159845,294,"Singing individuals (birds)",2021,6,5,156,2459371,11,2021,6,5,156,2459371,13
30002,43.682541,-70.313461,26,"ME",352,"Archilochus","colubris","ruby-throated hummingbird","Animalia",159845,295,"Territorial individuals (birds)",2021,5,25,145,2459360,5,2021,5,25,145,2459360,11
30002,43.682541,-70.313461,26,"ME",352,"Archilochus","colubris","ruby-throated hummingbird","Animalia",159845,295,"Territorial individuals (birds)",2021,7,24,205,2459420,14,2021,7,24,205,2459420,48
30002,43.682541,-70.313461,26,"ME",352,"Archilochus","colubris","ruby-throated hummingbird","Animalia",159845,312,"Flower visitation",2021,9,10,253,2459468,48,2021,9,10,253,2459468,28
30002,43.682541,-70.313461,26,"ME",352,"Archilochus","colubris","ruby-throated hummingbird","Animalia",159845,458,"Individuals at a feeding station",2021,5,9,129,2459344,7,2021,5,9,129,2459344,4
30002,43.682541,-70.313461,26,"ME",352,"Archilochus","colubris","ruby-throated hummingbird","Animalia",159845,458,"Individuals at a feeding station",2021,5,25,145,2459360,5,2021,6,18,169,2459384,9
30002,43.682541,-70.313461,26,"ME",352,"Archilochus","colubris","ruby-throated hummingbird","Animalia",159845,458,"Individuals at a feeding station",2021,7,24,205,2459420,14,2021,9,10,253,2459468,28
30002,43.682541,-70.313461,26,"ME",352,"Archilochus","colubris","ruby-throated hummingbird","Animalia",159845,542,"Feeding (or foraging)",2021,5,9,129,2459344,7,2021,5,9,129,2459344,4
30002,43.682541,-70.313461,26,"ME",352,"Archilochus","colubris","ruby-throated hummingbird","Animalia",159845,542,"Feeding (or foraging)",2021,5,20,140,2459355,7,2021,6,5,156,2459371,13
30002,43.682541,-70.313461,26,"ME",352,"Archilochus","colubris","ruby-throated hummingbird","Animalia",159845,542,"Feeding (or foraging)",2021,7,24,205,2459420,14,2021,9,10,253,2459468,28
28093,44.727703,-93.624031,240,"MN",352,"Archilochus","colubris","ruby-throated hummingbird","Animalia",181864,292,"Live individuals",2021,5,18,138,2459353,NA,2021,9,2,245,2459460,NA
28093,44.727703,-93.624031,240,"MN",352,"Archilochus","colubris","ruby-throated hummingbird","Animalia",181864,312,"Flower visitation",2021,5,29,149,2459364,NA,2021,7,1,182,2459397,NA
28093,44.727703,-93.624031,240,"MN",352,"Archilochus","colubris","ruby-throated hummingbird","Animalia",181864,542,"Feeding (or foraging)",2021,5,29,149,2459364,NA,2021,5,29,149,2459364,NA
34052,43.309284,-78.85627,74,"NY",352,"Archilochus","colubris","ruby-throated hummingbird","Animalia",197388,292,"Live individuals",2021,5,10,130,2459345,NA,2021,5,10,130,2459345,NA
34968,36.116627,-85.557228,315,"TN",352,"Archilochus","colubris","ruby-throated hummingbird","Animalia",203542,292,"Live individuals",2021,7,14,195,2459410,11,2021,8,22,234,2459449,7
34968,36.116627,-85.557228,315,"TN",352,"Archilochus","colubris","ruby-throated hummingbird","Animalia",203542,292,"Live individuals",2021,9,6,249,2459464,8,2021,9,6,249,2459464,20
34968,36.116627,-85.557228,315,"TN",352,"Archilochus","colubris","ruby-throated hummingbird","Animalia",203542,292,"Live individuals",2021,10,10,283,2459498,14,2021,10,10,283,2459498,48
34968,36.116627,-85.557228,315,"TN",352,"Archilochus","colubris","ruby-throated hummingbird","Animalia",203542,293,"Calls or song (birds)",2021,9,6,249,2459464,8,2021,9,6,249,2459464,20
34968,36.116627,-85.557228,315,"TN",352,"Archilochus","colubris","ruby-throated hummingbird","Animalia",203542,294,"Singing individuals (birds)",2021,9,6,249,2459464,8,2021,9,6,249,2459464,20
34968,36.116627,-85.557228,315,"TN",352,"Archilochus","colubris","ruby-throated hummingbird","Animalia",203542,295,"Territorial individuals (birds)",2021,9,6,249,2459464,8,2021,9,6,249,2459464,20
34968,36.116627,-85.557228,315,"TN",352,"Archilochus","colubris","ruby-throated hummingbird","Animalia",203542,458,"Individuals at a feeding station",2021,8,14,226,2459441,31,2021,8,22,234,2459449,7
34968,36.116627,-85.557228,315,"TN",352,"Archilochus","colubris","ruby-throated hummingbird","Animalia",203542,458,"Individuals at a feeding station",2021,9,6,249,2459464,8,2021,9,6,249,2459464,20
34968,36.116627,-85.557228,315,"TN",352,"Archilochus","colubris","ruby-throated hummingbird","Animalia",203542,458,"Individuals at a feeding station",2021,10,10,283,2459498,14,2021,10,10,283,2459498,48
34968,36.116627,-85.557228,315,"TN",352,"Archilochus","colubris","ruby-throated hummingbird","Animalia",203542,542,"Feeding (or foraging)",2021,8,14,226,2459441,31,2021,8,22,234,2459449,7
34968,36.116627,-85.557228,315,"TN",352,"Archilochus","colubris","ruby-throated hummingbird","Animalia",203542,542,"Feeding (or foraging)",2021,9,6,249,2459464,8,2021,9,6,249,2459464,20
34968,36.116627,-85.557228,315,"TN",352,"Archilochus","colubris","ruby-throated hummingbird","Animalia",203542,542,"Feeding (or foraging)",2021,10,10,283,2459498,14,2021,10,10,283,2459498,48
36119,38.938217,-76.49659,3,"MD",352,"Archilochus","colubris","ruby-throated hummingbird","Animalia",220866,292,"Live individuals",2021,4,28,118,2459333,11,2021,4,28,118,2459333,NA
36119,38.938217,-76.49659,3,"MD",352,"Archilochus","colubris","ruby-throated hummingbird","Animalia",220866,312,"Flower visitation",2021,5,26,146,2459361,39,2021,5,26,146,2459361,NA
36119,38.938217,-76.49659,3,"MD",352,"Archilochus","colubris","ruby-throated hummingbird","Animalia",220866,542,"Feeding (or foraging)",2021,4,28,118,2459333,11,2021,5,26,146,2459361,NA
37562,43.92197,-69.925323,8,"ME",352,"Archilochus","colubris","ruby-throated hummingbird","Animalia",232102,292,"Live individuals",2021,5,13,133,2459348,43,2021,5,13,133,2459348,NA
37562,43.92197,-69.925323,8,"ME",352,"Archilochus","colubris","ruby-throated hummingbird","Animalia",232102,458,"Individuals at a feeding station",2021,5,13,133,2459348,43,2021,5,13,133,2459348,NA
26897,40.128613,-75.340515,64,"PA",352,"Archilochus","colubris","ruby-throated hummingbird","Animalia",243256,292,"Live individuals",2021,7,11,192,2459407,NA,2021,9,25,268,2459483,NA
26897,40.128613,-75.340515,64,"PA",352,"Archilochus","colubris","ruby-throated hummingbird","Animalia",243256,312,"Flower visitation",2021,7,11,192,2459407,NA,2021,9,6,249,2459464,18
26897,40.128613,-75.340515,64,"PA",352,"Archilochus","colubris","ruby-throated hummingbird","Animalia",243256,312,"Flower visitation",2021,9,25,268,2459483,1,2021,9,25,268,2459483,NA
26897,40.128613,-75.340515,64,"PA",352,"Archilochus","colubris","ruby-throated hummingbird","Animalia",243256,542,"Feeding (or foraging)",2021,7,11,192,2459407,NA,2021,9,6,249,2459464,18
26897,40.128613,-75.340515,64,"PA",352,"Archilochus","colubris","ruby-throated hummingbird","Animalia",243256,542,"Feeding (or foraging)",2021,9,25,268,2459483,1,2021,9,25,268,2459483,NA
41426,38.654652,-90.347107,165,"MO",352,"Archilochus","colubris","ruby-throated hummingbird","Animalia",251867,292,"Live individuals",2021,5,11,131,2459346,9,2021,7,3,184,2459399,NA
41426,38.654652,-90.347107,165,"MO",352,"Archilochus","colubris","ruby-throated hummingbird","Animalia",251867,293,"Calls or song (birds)",2021,5,17,137,2459352,6,2021,6,7,158,2459373,14
41426,38.654652,-90.347107,165,"MO",352,"Archilochus","colubris","ruby-throated hummingbird","Animalia",251867,294,"Singing individuals (birds)",2021,5,17,137,2459352,6,2021,5,17,137,2459352,13
41426,38.654652,-90.347107,165,"MO",352,"Archilochus","colubris","ruby-throated hummingbird","Animalia",251867,295,"Territorial individuals (birds)",2021,5,17,137,2459352,6,2021,6,21,172,2459387,12
41426,38.654652,-90.347107,165,"MO",352,"Archilochus","colubris","ruby-throated hummingbird","Animalia",251867,312,"Flower visitation",2021,5,11,131,2459346,9,2021,7,3,184,2459399,NA
41426,38.654652,-90.347107,165,"MO",352,"Archilochus","colubris","ruby-throated hummingbird","Animalia",251867,340,"Courtship ",2021,5,30,150,2459365,13,2021,5,30,150,2459365,8
41426,38.654652,-90.347107,165,"MO",352,"Archilochus","colubris","ruby-throated hummingbird","Animalia",251867,457,"Insect consumption",2021,5,11,131,2459346,9,2021,6,21,172,2459387,12
41426,38.654652,-90.347107,165,"MO",352,"Archilochus","colubris","ruby-throated hummingbird","Animalia",251867,458,"Individuals at a feeding station",2021,5,11,131,2459346,9,2021,7,3,184,2459399,NA
41426,38.654652,-90.347107,165,"MO",352,"Archilochus","colubris","ruby-throated hummingbird","Animalia",251867,542,"Feeding (or foraging)",2021,5,11,131,2459346,9,2021,7,3,184,2459399,NA
42615,30.388891,-89.350388,14,"MS",352,"Archilochus","colubris","ruby-throated hummingbird","Animalia",259680,292,"Live individuals",2021,3,20,79,2459294,NA,2021,5,15,135,2459350,NA
42615,30.388891,-89.350388,14,"MS",352,"Archilochus","colubris","ruby-throated hummingbird","Animalia",259680,312,"Flower visitation",2021,5,11,131,2459346,6,2021,5,11,131,2459346,4
42615,30.388891,-89.350388,14,"MS",352,"Archilochus","colubris","ruby-throated hummingbird","Animalia",259680,458,"Individuals at a feeding station",2021,4,18,108,2459323,29,2021,4,18,108,2459323,17
42615,30.388891,-89.350388,14,"MS",352,"Archilochus","colubris","ruby-throated hummingbird","Animalia",259680,458,"Individuals at a feeding station",2021,5,15,135,2459350,4,2021,5,15,135,2459350,NA
42615,30.388891,-89.350388,14,"MS",352,"Archilochus","colubris","ruby-throated hummingbird","Animalia",259680,542,"Feeding (or foraging)",2021,3,20,79,2459294,NA,2021,5,15,135,2459350,NA
42804,38.709557,-77.404442,74,"VA",352,"Archilochus","colubris","ruby-throated hummingbird","Animalia",260826,292,"Live individuals",2021,4,19,109,2459324,5,2021,4,20,110,2459325,NA
42804,38.709557,-77.404442,74,"VA",352,"Archilochus","colubris","ruby-throated hummingbird","Animalia",260826,458,"Individuals at a feeding station",2021,4,19,109,2459324,5,2021,4,19,109,2459324,1
42804,38.709557,-77.404442,74,"VA",352,"Archilochus","colubris","ruby-throated hummingbird","Animalia",260826,542,"Feeding (or foraging)",2021,4,19,109,2459324,5,2021,4,19,109,2459324,1
43116,39.465031,-87.443466,147,"IN",352,"Archilochus","colubris","ruby-throated hummingbird","Animalia",266169,292,"Live individuals",2021,7,10,191,2459406,16,2021,7,10,191,2459406,12
43116,39.465031,-87.443466,147,"IN",352,"Archilochus","colubris","ruby-throated hummingbird","Animalia",266169,292,"Live individuals",2021,8,14,226,2459441,23,2021,8,14,226,2459441,42
43116,39.465031,-87.443466,147,"IN",352,"Archilochus","colubris","ruby-throated hummingbird","Animalia",266169,292,"Live individuals",2021,10,8,281,2459496,13,2021,10,8,281,2459496,15
43116,39.465031,-87.443466,147,"IN",352,"Archilochus","colubris","ruby-throated hummingbird","Animalia",266169,312,"Flower visitation",2021,8,14,226,2459441,23,2021,8,14,226,2459441,42
43116,39.465031,-87.443466,147,"IN",352,"Archilochus","colubris","ruby-throated hummingbird","Animalia",266169,542,"Feeding (or foraging)",2021,8,14,226,2459441,23,2021,8,14,226,2459441,42
43517,41.978619,-87.669334,183,"IL",352,"Archilochus","colubris","ruby-throated hummingbird","Animalia",268674,292,"Live individuals",2021,8,2,214,2459429,13,2021,8,2,214,2459429,NA
43517,41.978619,-87.669334,183,"IL",352,"Archilochus","colubris","ruby-throated hummingbird","Animalia",268674,312,"Flower visitation",2021,8,2,214,2459429,13,2021,8,2,214,2459429,NA
43517,41.978619,-87.669334,183,"IL",352,"Archilochus","colubris","ruby-throated hummingbird","Animalia",268674,458,"Individuals at a feeding station",2021,8,2,214,2459429,13,2021,8,2,214,2459429,NA
43517,41.978619,-87.669334,183,"IL",352,"Archilochus","colubris","ruby-throated hummingbird","Animalia",268674,542,"Feeding (or foraging)",2021,8,2,214,2459429,13,2021,8,2,214,2459429,NA
42783,35.738888,-82.595299,601,"NC",352,"Archilochus","colubris","ruby-throated hummingbird","Animalia",269831,292,"Live individuals",2021,4,24,114,2459329,NA,2021,4,24,114,2459329,77
42783,35.738888,-82.595299,601,"NC",352,"Archilochus","colubris","ruby-throated hummingbird","Animalia",269831,542,"Feeding (or foraging)",2021,4,24,114,2459329,NA,2021,7,10,191,2459406,101
44116,42.740067,-77.367828,388,"NY",352,"Archilochus","colubris","ruby-throated hummingbird","Animalia",270418,292,"Live individuals",2021,5,3,123,2459338,1,2021,5,3,123,2459338,NA
44116,42.740067,-77.367828,388,"NY",352,"Archilochus","colubris","ruby-throated hummingbird","Animalia",270418,458,"Individuals at a feeding station",2021,5,3,123,2459338,1,2021,5,3,123,2459338,NA
44116,42.740067,-77.367828,388,"NY",352,"Archilochus","colubris","ruby-throated hummingbird","Animalia",270418,542,"Feeding (or foraging)",2021,5,3,123,2459338,1,2021,5,3,123,2459338,NA
43881,38.74696,-77.577141,69,"VA",352,"Archilochus","colubris","ruby-throated hummingbird","Animalia",270847,292,"Live individuals",2021,5,17,137,2459352,NA,2021,9,6,249,2459464,83
43881,38.74696,-77.577141,69,"VA",352,"Archilochus","colubris","ruby-throated hummingbird","Animalia",270847,295,"Territorial individuals (birds)",2021,6,30,181,2459396,25,2021,6,30,181,2459396,10
43881,38.74696,-77.577141,69,"VA",352,"Archilochus","colubris","ruby-throated hummingbird","Animalia",270847,295,"Territorial individuals (birds)",2021,7,24,205,2459420,14,2021,7,24,205,2459420,44
43881,38.74696,-77.577141,69,"VA",352,"Archilochus","colubris","ruby-throated hummingbird","Animalia",270847,308,"Fledged young (altricial birds)",2021,9,6,249,2459464,44,2021,9,6,249,2459464,83
43881,38.74696,-77.577141,69,"VA",352,"Archilochus","colubris","ruby-throated hummingbird","Animalia",270847,312,"Flower visitation",2021,7,10,191,2459406,10,2021,9,6,249,2459464,83
43881,38.74696,-77.577141,69,"VA",352,"Archilochus","colubris","ruby-throated hummingbird","Animalia",270847,458,"Individuals at a feeding station",2021,5,17,137,2459352,NA,2021,9,6,249,2459464,83
43881,38.74696,-77.577141,69,"VA",352,"Archilochus","colubris","ruby-throated hummingbird","Animalia",270847,542,"Feeding (or foraging)",2021,5,17,137,2459352,NA,2021,9,6,249,2459464,83
44777,42.276871,-83.759453,264,"MI",352,"Archilochus","colubris","ruby-throated hummingbird","Animalia",273103,292,"Live individuals",2021,7,10,191,2459406,NA,2021,7,10,191,2459406,4
44777,42.276871,-83.759453,264,"MI",352,"Archilochus","colubris","ruby-throated hummingbird","Animalia",273103,292,"Live individuals",2021,7,29,210,2459425,8,2021,7,29,210,2459425,9
44777,42.276871,-83.759453,264,"MI",352,"Archilochus","colubris","ruby-throated hummingbird","Animalia",273103,312,"Flower visitation",2021,7,10,191,2459406,NA,2021,7,10,191,2459406,4
44777,42.276871,-83.759453,264,"MI",352,"Archilochus","colubris","ruby-throated hummingbird","Animalia",273103,312,"Flower visitation",2021,7,29,210,2459425,8,2021,7,29,210,2459425,9
44777,42.276871,-83.759453,264,"MI",352,"Archilochus","colubris","ruby-throated hummingbird","Animalia",273103,542,"Feeding (or foraging)",2021,7,10,191,2459406,NA,2021,7,10,191,2459406,4
44777,42.276871,-83.759453,264,"MI",352,"Archilochus","colubris","ruby-throated hummingbird","Animalia",273103,542,"Feeding (or foraging)",2021,7,29,210,2459425,8,2021,7,29,210,2459425,9
5582,45.195858,-70.45369,366,"ME",352,"Archilochus","colubris","ruby-throated hummingbird","Animalia",12468,292,"Live individuals",2022,8,17,229,2459809,7,2022,8,17,229,2459809,7
5582,45.195858,-70.45369,366,"ME",352,"Archilochus","colubris","ruby-throated hummingbird","Animalia",12468,312,"Flower visitation",2022,8,17,229,2459809,7,2022,8,17,229,2459809,7
5582,45.195858,-70.45369,366,"ME",352,"Archilochus","colubris","ruby-throated hummingbird","Animalia",12468,542,"Feeding (or foraging)",2022,8,17,229,2459809,7,2022,8,17,229,2459809,7
5674,44.910587,-70.266861,261,"ME",352,"Archilochus","colubris","ruby-throated hummingbird","Animalia",12712,292,"Live individuals",2022,5,15,135,2459715,7,2022,9,11,254,2459834,7
5674,44.910587,-70.266861,261,"ME",352,"Archilochus","colubris","ruby-throated hummingbird","Animalia",12712,295,"Territorial individuals (birds)",2022,5,15,135,2459715,7,2022,5,15,135,2459715,7
5674,44.910587,-70.266861,261,"ME",352,"Archilochus","colubris","ruby-throated hummingbird","Animalia",12712,295,"Territorial individuals (birds)",2022,5,29,149,2459729,7,2022,9,4,247,2459827,7
5674,44.910587,-70.266861,261,"ME",352,"Archilochus","colubris","ruby-throated hummingbird","Animalia",12712,312,"Flower visitation",2022,5,15,135,2459715,7,2022,5,15,135,2459715,7
5674,44.910587,-70.266861,261,"ME",352,"Archilochus","colubris","ruby-throated hummingbird","Animalia",12712,312,"Flower visitation",2022,6,5,156,2459736,7,2022,6,5,156,2459736,7
5674,44.910587,-70.266861,261,"ME",352,"Archilochus","colubris","ruby-throated hummingbird","Animalia",12712,312,"Flower visitation",2022,6,19,170,2459750,7,2022,7,3,184,2459764,7
5674,44.910587,-70.266861,261,"ME",352,"Archilochus","colubris","ruby-throated hummingbird","Animalia",12712,312,"Flower visitation",2022,7,24,205,2459785,7,2022,9,4,247,2459827,7
5674,44.910587,-70.266861,261,"ME",352,"Archilochus","colubris","ruby-throated hummingbird","Animalia",12712,458,"Individuals at a feeding station",2022,5,15,135,2459715,7,2022,9,11,254,2459834,7
5674,44.910587,-70.266861,261,"ME",352,"Archilochus","colubris","ruby-throated hummingbird","Animalia",12712,542,"Feeding (or foraging)",2022,5,15,135,2459715,7,2022,9,11,254,2459834,7
6481,42.456135,-72.344215,265,"MA",352,"Archilochus","colubris","ruby-throated hummingbird","Animalia",19040,292,"Live individuals",2022,5,13,133,2459713,4,2022,6,8,159,2459739,4
6481,42.456135,-72.344215,265,"MA",352,"Archilochus","colubris","ruby-throated hummingbird","Animalia",19040,292,"Live individuals",2022,6,29,180,2459760,4,2022,7,3,184,2459764,4
6481,42.456135,-72.344215,265,"MA",352,"Archilochus","colubris","ruby-throated hummingbird","Animalia",19040,292,"Live individuals",2022,7,12,193,2459773,2,2022,8,16,228,2459808,4
6481,42.456135,-72.344215,265,"MA",352,"Archilochus","colubris","ruby-throated hummingbird","Animalia",19040,312,"Flower visitation",2022,5,13,133,2459713,4,2022,5,13,133,2459713,7
6481,42.456135,-72.344215,265,"MA",352,"Archilochus","colubris","ruby-throated hummingbird","Animalia",19040,312,"Flower visitation",2022,6,5,156,2459736,16,2022,6,8,159,2459739,4
6481,42.456135,-72.344215,265,"MA",352,"Archilochus","colubris","ruby-throated hummingbird","Animalia",19040,312,"Flower visitation",2022,7,2,183,2459763,3,2022,7,3,184,2459764,4
6481,42.456135,-72.344215,265,"MA",352,"Archilochus","colubris","ruby-throated hummingbird","Animalia",19040,312,"Flower visitation",2022,7,12,193,2459773,2,2022,8,16,228,2459808,4
6481,42.456135,-72.344215,265,"MA",352,"Archilochus","colubris","ruby-throated hummingbird","Animalia",19040,312,"Flower visitation",2022,8,29,241,2459821,3,2022,8,29,241,2459821,51
6481,42.456135,-72.344215,265,"MA",352,"Archilochus","colubris","ruby-throated hummingbird","Animalia",19040,542,"Feeding (or foraging)",2022,6,5,156,2459736,16,2022,6,8,159,2459739,4
6481,42.456135,-72.344215,265,"MA",352,"Archilochus","colubris","ruby-throated hummingbird","Animalia",19040,542,"Feeding (or foraging)",2022,7,2,183,2459763,3,2022,7,3,184,2459764,4
6481,42.456135,-72.344215,265,"MA",352,"Archilochus","colubris","ruby-throated hummingbird","Animalia",19040,542,"Feeding (or foraging)",2022,7,12,193,2459773,2,2022,8,16,228,2459808,4
6481,42.456135,-72.344215,265,"MA",352,"Archilochus","colubris","ruby-throated hummingbird","Animalia",19040,542,"Feeding (or foraging)",2022,8,29,241,2459821,3,2022,8,29,241,2459821,51
8496,46.328629,-96.061256,393,"MN",352,"Archilochus","colubris","ruby-throated hummingbird","Animalia",25784,292,"Live individuals",2022,5,25,145,2459725,13,2022,6,12,163,2459743,NA
8496,46.328629,-96.061256,393,"MN",352,"Archilochus","colubris","ruby-throated hummingbird","Animalia",25784,312,"Flower visitation",2022,5,25,145,2459725,13,2022,5,25,145,2459725,3
8496,46.328629,-96.061256,393,"MN",352,"Archilochus","colubris","ruby-throated hummingbird","Animalia",25784,542,"Feeding (or foraging)",2022,5,25,145,2459725,13,2022,6,12,163,2459743,NA
8715,43.522804,-70.802277,215,"ME",352,"Archilochus","colubris","ruby-throated hummingbird","Animalia",28193,292,"Live individuals",2022,6,25,176,2459756,26,2022,7,26,207,2459787,46
8715,43.522804,-70.802277,215,"ME",352,"Archilochus","colubris","ruby-throated hummingbird","Animalia",28193,295,"Territorial individuals (birds)",2022,7,26,207,2459787,31,2022,7,26,207,2459787,46
8715,43.522804,-70.802277,215,"ME",352,"Archilochus","colubris","ruby-throated hummingbird","Animalia",28193,458,"Individuals at a feeding station",2022,6,25,176,2459756,26,2022,7,26,207,2459787,46
8715,43.522804,-70.802277,215,"ME",352,"Archilochus","colubris","ruby-throated hummingbird","Animalia",28193,542,"Feeding (or foraging)",2022,6,25,176,2459756,26,2022,7,26,207,2459787,46
9930,31.580486,-97.324806,171,"TX",352,"Archilochus","colubris","ruby-throated hummingbird","Animalia",37918,292,"Live individuals",2022,7,18,199,2459779,1,2022,8,11,223,2459803,1
9930,31.580486,-97.324806,171,"TX",352,"Archilochus","colubris","ruby-throated hummingbird","Animalia",37918,292,"Live individuals",2022,8,13,225,2459805,1,2022,8,14,226,2459806,1
9930,31.580486,-97.324806,171,"TX",352,"Archilochus","colubris","ruby-throated hummingbird","Animalia",37918,292,"Live individuals",2022,8,17,229,2459809,1,2022,8,22,234,2459814,1
9930,31.580486,-97.324806,171,"TX",352,"Archilochus","colubris","ruby-throated hummingbird","Animalia",37918,292,"Live individuals",2022,8,27,239,2459819,1,2022,9,8,251,2459831,1
9930,31.580486,-97.324806,171,"TX",352,"Archilochus","colubris","ruby-throated hummingbird","Animalia",37918,292,"Live individuals",2022,9,11,254,2459834,1,2022,9,12,255,2459835,1
9930,31.580486,-97.324806,171,"TX",352,"Archilochus","colubris","ruby-throated hummingbird","Animalia",37918,292,"Live individuals",2022,9,15,258,2459838,1,2022,9,19,262,2459842,1
9930,31.580486,-97.324806,171,"TX",352,"Archilochus","colubris","ruby-throated hummingbird","Animalia",37918,292,"Live individuals",2022,9,24,267,2459847,1,2022,9,24,267,2459847,1
9930,31.580486,-97.324806,171,"TX",352,"Archilochus","colubris","ruby-throated hummingbird","Animalia",37918,292,"Live individuals",2022,10,4,277,2459857,1,2022,10,4,277,2459857,1
9930,31.580486,-97.324806,171,"TX",352,"Archilochus","colubris","ruby-throated hummingbird","Animalia",37918,292,"Live individuals",2022,10,6,279,2459859,1,2022,10,6,279,2459859,1
9930,31.580486,-97.324806,171,"TX",352,"Archilochus","colubris","ruby-throated hummingbird","Animalia",37918,312,"Flower visitation",2022,7,18,199,2459779,NA,2022,7,28,209,2459789,NA
9930,31.580486,-97.324806,171,"TX",352,"Archilochus","colubris","ruby-throated hummingbird","Animalia",37918,458,"Individuals at a feeding station",2022,7,18,199,2459779,NA,2022,10,6,279,2459859,NA
9930,31.580486,-97.324806,171,"TX",352,"Archilochus","colubris","ruby-throated hummingbird","Animalia",37918,542,"Feeding (or foraging)",2022,7,18,199,2459779,NA,2022,10,6,279,2459859,NA
10145,42.602543,-83.250992,277,"MI",352,"Archilochus","colubris","ruby-throated hummingbird","Animalia",38951,292,"Live individuals",2022,5,19,139,2459719,1,2022,5,19,139,2459719,1
10145,42.602543,-83.250992,277,"MI",352,"Archilochus","colubris","ruby-throated hummingbird","Animalia",38951,292,"Live individuals",2022,6,19,170,2459750,1,2022,6,19,170,2459750,1
10145,42.602543,-83.250992,277,"MI",352,"Archilochus","colubris","ruby-throated hummingbird","Animalia",38951,458,"Individuals at a feeding station",2022,5,20,140,2459720,1,2022,5,20,140,2459720,1
10145,42.602543,-83.250992,277,"MI",352,"Archilochus","colubris","ruby-throated hummingbird","Animalia",38951,458,"Individuals at a feeding station",2022,5,22,142,2459722,1,2022,5,23,143,2459723,1
10145,42.602543,-83.250992,277,"MI",352,"Archilochus","colubris","ruby-throated hummingbird","Animalia",38951,458,"Individuals at a feeding station",2022,5,29,149,2459729,1,2022,6,5,156,2459736,1
10145,42.602543,-83.250992,277,"MI",352,"Archilochus","colubris","ruby-throated hummingbird","Animalia",38951,458,"Individuals at a feeding station",2022,6,9,160,2459740,1,2022,6,12,163,2459743,1
10145,42.602543,-83.250992,277,"MI",352,"Archilochus","colubris","ruby-throated hummingbird","Animalia",38951,458,"Individuals at a feeding station",2022,6,14,165,2459745,1,2022,6,14,165,2459745,1
10145,42.602543,-83.250992,277,"MI",352,"Archilochus","colubris","ruby-throated hummingbird","Animalia",38951,458,"Individuals at a feeding station",2022,6,16,167,2459747,1,2022,6,21,172,2459752,1
10145,42.602543,-83.250992,277,"MI",352,"Archilochus","colubris","ruby-throated hummingbird","Animalia",38951,458,"Individuals at a feeding station",2022,6,24,175,2459755,1,2022,6,26,177,2459757,1
10145,42.602543,-83.250992,277,"MI",352,"Archilochus","colubris","ruby-throated hummingbird","Animalia",38951,458,"Individuals at a feeding station",2022,7,10,191,2459771,1,2022,7,11,192,2459772,1
10145,42.602543,-83.250992,277,"MI",352,"Archilochus","colubris","ruby-throated hummingbird","Animalia",38951,458,"Individuals at a feeding station",2022,7,13,194,2459774,1,2022,7,14,195,2459775,1
10145,42.602543,-83.250992,277,"MI",352,"Archilochus","colubris","ruby-throated hummingbird","Animalia",38951,458,"Individuals at a feeding station",2022,7,17,198,2459778,1,2022,7,18,199,2459779,1
10145,42.602543,-83.250992,277,"MI",352,"Archilochus","colubris","ruby-throated hummingbird","Animalia",38951,458,"Individuals at a feeding station",2022,7,22,203,2459783,1,2022,7,22,203,2459783,1
10145,42.602543,-83.250992,277,"MI",352,"Archilochus","colubris","ruby-throated hummingbird","Animalia",38951,458,"Individuals at a feeding station",2022,7,25,206,2459786,1,2022,7,28,209,2459789,1
10145,42.602543,-83.250992,277,"MI",352,"Archilochus","colubris","ruby-throated hummingbird","Animalia",38951,458,"Individuals at a feeding station",2022,7,30,211,2459791,1,2022,8,1,213,2459793,1
10145,42.602543,-83.250992,277,"MI",352,"Archilochus","colubris","ruby-throated hummingbird","Animalia",38951,458,"Individuals at a feeding station",2022,8,5,217,2459797,1,2022,8,7,219,2459799,1
10145,42.602543,-83.250992,277,"MI",352,"Archilochus","colubris","ruby-throated hummingbird","Animalia",38951,458,"Individuals at a feeding station",2022,8,10,222,2459802,1,2022,9,6,249,2459829,1
10145,42.602543,-83.250992,277,"MI",352,"Archilochus","colubris","ruby-throated hummingbird","Animalia",38951,458,"Individuals at a feeding station",2022,9,10,253,2459833,1,2022,9,10,253,2459833,1
10145,42.602543,-83.250992,277,"MI",352,"Archilochus","colubris","ruby-throated hummingbird","Animalia",38951,458,"Individuals at a feeding station",2022,9,12,255,2459835,1,2022,9,12,255,2459835,1
10145,42.602543,-83.250992,277,"MI",352,"Archilochus","colubris","ruby-throated hummingbird","Animalia",38951,458,"Individuals at a feeding station",2022,9,14,257,2459837,1,2022,9,14,257,2459837,1
19521,42.658154,-73.991936,181,"NY",352,"Archilochus","colubris","ruby-throated hummingbird","Animalia",84439,292,"Live individuals",2022,5,16,136,2459716,NA,2022,5,16,136,2459716,NA
19521,42.658154,-73.991936,181,"NY",352,"Archilochus","colubris","ruby-throated hummingbird","Animalia",84439,458,"Individuals at a feeding station",2022,5,16,136,2459716,NA,2022,5,16,136,2459716,NA
19521,42.658154,-73.991936,181,"NY",352,"Archilochus","colubris","ruby-throated hummingbird","Animalia",84439,542,"Feeding (or foraging)",2022,5,16,136,2459716,NA,2022,5,16,136,2459716,NA
20787,43.899509,-69.957726,22,"ME",352,"Archilochus","colubris","ruby-throated hummingbird","Animalia",88624,292,"Live individuals",2022,5,27,147,2459727,6,2022,5,27,147,2459727,8
20787,43.899509,-69.957726,22,"ME",352,"Archilochus","colubris","ruby-throated hummingbird","Animalia",88624,292,"Live individuals",2022,8,14,226,2459806,53,2022,8,14,226,2459806,7
20787,43.899509,-69.957726,22,"ME",352,"Archilochus","colubris","ruby-throated hummingbird","Animalia",88624,292,"Live individuals",2022,8,22,234,2459814,1,2022,9,3,246,2459826,NA
20787,43.899509,-69.957726,22,"ME",352,"Archilochus","colubris","ruby-throated hummingbird","Animalia",88624,293,"Calls or song (birds)",2022,9,3,246,2459826,12,2022,9,3,246,2459826,NA
20787,43.899509,-69.957726,22,"ME",352,"Archilochus","colubris","ruby-throated hummingbird","Animalia",88624,312,"Flower visitation",2022,5,27,147,2459727,6,2022,5,27,147,2459727,8
20787,43.899509,-69.957726,22,"ME",352,"Archilochus","colubris","ruby-throated hummingbird","Animalia",88624,312,"Flower visitation",2022,8,14,226,2459806,53,2022,8,14,226,2459806,7
20787,43.899509,-69.957726,22,"ME",352,"Archilochus","colubris","ruby-throated hummingbird","Animalia",88624,312,"Flower visitation",2022,8,22,234,2459814,1,2022,9,3,246,2459826,NA
20787,43.899509,-69.957726,22,"ME",352,"Archilochus","colubris","ruby-throated hummingbird","Animalia",88624,542,"Feeding (or foraging)",2022,5,27,147,2459727,6,2022,5,27,147,2459727,8
20787,43.899509,-69.957726,22,"ME",352,"Archilochus","colubris","ruby-throated hummingbird","Animalia",88624,542,"Feeding (or foraging)",2022,8,14,226,2459806,53,2022,8,14,226,2459806,7
20787,43.899509,-69.957726,22,"ME",352,"Archilochus","colubris","ruby-throated hummingbird","Animalia",88624,542,"Feeding (or foraging)",2022,8,22,234,2459814,1,2022,9,3,246,2459826,NA
20788,43.899719,-69.957878,22,"ME",352,"Archilochus","colubris","ruby-throated hummingbird","Animalia",88636,292,"Live individuals",2022,5,21,141,2459721,7,2022,5,21,141,2459721,6
20788,43.899719,-69.957878,22,"ME",352,"Archilochus","colubris","ruby-throated hummingbird","Animalia",88636,312,"Flower visitation",2022,5,21,141,2459721,7,2022,5,21,141,2459721,6
20788,43.899719,-69.957878,22,"ME",352,"Archilochus","colubris","ruby-throated hummingbird","Animalia",88636,542,"Feeding (or foraging)",2022,5,21,141,2459721,7,2022,5,21,141,2459721,6
17414,42.936153,-73.433449,147,"NY",352,"Archilochus","colubris","ruby-throated hummingbird","Animalia",103211,292,"Live individuals",2022,5,5,125,2459705,4,2022,9,3,246,2459826,6
17414,42.936153,-73.433449,147,"NY",352,"Archilochus","colubris","ruby-throated hummingbird","Animalia",103211,292,"Live individuals",2022,9,17,260,2459840,2,2022,9,21,264,2459844,3
17414,42.936153,-73.433449,147,"NY",352,"Archilochus","colubris","ruby-throated hummingbird","Animalia",103211,295,"Territorial individuals (birds)",2022,5,11,131,2459711,6,2022,5,13,133,2459713,7
17414,42.936153,-73.433449,147,"NY",352,"Archilochus","colubris","ruby-throated hummingbird","Animalia",103211,295,"Territorial individuals (birds)",2022,5,27,147,2459727,1,2022,6,8,159,2459739,6
17414,42.936153,-73.433449,147,"NY",352,"Archilochus","colubris","ruby-throated hummingbird","Animalia",103211,295,"Territorial individuals (birds)",2022,6,15,166,2459746,1,2022,6,15,166,2459746,1
17414,42.936153,-73.433449,147,"NY",352,"Archilochus","colubris","ruby-throated hummingbird","Animalia",103211,295,"Territorial individuals (birds)",2022,7,1,182,2459762,12,2022,7,3,184,2459764,7
17414,42.936153,-73.433449,147,"NY",352,"Archilochus","colubris","ruby-throated hummingbird","Animalia",103211,295,"Territorial individuals (birds)",2022,7,14,195,2459775,4,2022,7,14,195,2459775,5
17414,42.936153,-73.433449,147,"NY",352,"Archilochus","colubris","ruby-throated hummingbird","Animalia",103211,295,"Territorial individuals (birds)",2022,8,4,216,2459796,5,2022,8,17,229,2459809,8
17414,42.936153,-73.433449,147,"NY",352,"Archilochus","colubris","ruby-throated hummingbird","Animalia",103211,295,"Territorial individuals (birds)",2022,8,29,241,2459821,4,2022,8,29,241,2459821,5
17414,42.936153,-73.433449,147,"NY",352,"Archilochus","colubris","ruby-throated hummingbird","Animalia",103211,312,"Flower visitation",2022,6,1,152,2459732,5,2022,6,1,152,2459732,3
17414,42.936153,-73.433449,147,"NY",352,"Archilochus","colubris","ruby-throated hummingbird","Animalia",103211,312,"Flower visitation",2022,6,19,170,2459750,3,2022,6,19,170,2459750,5
17414,42.936153,-73.433449,147,"NY",352,"Archilochus","colubris","ruby-throated hummingbird","Animalia",103211,312,"Flower visitation",2022,8,17,229,2459809,9,2022,8,25,237,2459817,4
17414,42.936153,-73.433449,147,"NY",352,"Archilochus","colubris","ruby-throated hummingbird","Animalia",103211,312,"Flower visitation",2022,9,3,246,2459826,5,2022,9,3,246,2459826,6
17414,42.936153,-73.433449,147,"NY",352,"Archilochus","colubris","ruby-throated hummingbird","Animalia",103211,312,"Flower visitation",2022,9,17,260,2459840,2,2022,9,17,260,2459840,4
17414,42.936153,-73.433449,147,"NY",352,"Archilochus","colubris","ruby-throated hummingbird","Animalia",103211,340,"Courtship ",2022,6,1,152,2459732,5,2022,6,7,158,2459738,1
17414,42.936153,-73.433449,147,"NY",352,"Archilochus","colubris","ruby-throated hummingbird","Animalia",103211,340,"Courtship ",2022,6,15,166,2459746,1,2022,6,15,166,2459746,1
17414,42.936153,-73.433449,147,"NY",352,"Archilochus","colubris","ruby-throated hummingbird","Animalia",103211,458,"Individuals at a feeding station",2022,5,5,125,2459705,4,2022,7,1,182,2459762,2
17414,42.936153,-73.433449,147,"NY",352,"Archilochus","colubris","ruby-throated hummingbird","Animalia",103211,458,"Individuals at a feeding station",2022,7,10,191,2459771,7,2022,9,3,246,2459826,6
17414,42.936153,-73.433449,147,"NY",352,"Archilochus","colubris","ruby-throated hummingbird","Animalia",103211,458,"Individuals at a feeding station",2022,9,21,264,2459844,4,2022,9,21,264,2459844,3
17414,42.936153,-73.433449,147,"NY",352,"Archilochus","colubris","ruby-throated hummingbird","Animalia",103211,542,"Feeding (or foraging)",2022,5,5,125,2459705,4,2022,9,3,246,2459826,6
17414,42.936153,-73.433449,147,"NY",352,"Archilochus","colubris","ruby-throated hummingbird","Animalia",103211,542,"Feeding (or foraging)",2022,9,17,260,2459840,2,2022,9,21,264,2459844,3
21062,46.995705,-92.273186,419,"MN",352,"Archilochus","colubris","ruby-throated hummingbird","Animalia",107316,292,"Live individuals",2022,5,10,130,2459710,NA,2022,6,4,155,2459735,NA
21062,46.995705,-92.273186,419,"MN",352,"Archilochus","colubris","ruby-throated hummingbird","Animalia",107316,340,"Courtship ",2022,6,4,155,2459735,22,2022,6,4,155,2459735,NA
21062,46.995705,-92.273186,419,"MN",352,"Archilochus","colubris","ruby-throated hummingbird","Animalia",107316,458,"Individuals at a feeding station",2022,6,4,155,2459735,22,2022,6,4,155,2459735,NA
21062,46.995705,-92.273186,419,"MN",352,"Archilochus","colubris","ruby-throated hummingbird","Animalia",107316,542,"Feeding (or foraging)",2022,5,10,130,2459710,NA,2022,5,13,133,2459713,22
25361,36.44083,-84.323593,554,"TN",352,"Archilochus","colubris","ruby-throated hummingbird","Animalia",122201,292,"Live individuals",2022,4,21,111,2459691,5,2022,4,30,120,2459700,NA
25361,36.44083,-84.323593,554,"TN",352,"Archilochus","colubris","ruby-throated hummingbird","Animalia",122201,458,"Individuals at a feeding station",2022,4,21,111,2459691,5,2022,4,30,120,2459700,NA
25361,36.44083,-84.323593,554,"TN",352,"Archilochus","colubris","ruby-throated hummingbird","Animalia",122201,542,"Feeding (or foraging)",2022,4,21,111,2459691,5,2022,4,30,120,2459700,NA
26000,44.93681,-93.185974,285,"MN",352,"Archilochus","colubris","ruby-throated hummingbird","Animalia",129341,292,"Live individuals",2022,6,5,156,2459736,33,2022,6,5,156,2459736,NA
26000,44.93681,-93.185974,285,"MN",352,"Archilochus","colubris","ruby-throated hummingbird","Animalia",129341,295,"Territorial individuals (birds)",2022,6,5,156,2459736,33,2022,6,5,156,2459736,NA
26000,44.93681,-93.185974,285,"MN",352,"Archilochus","colubris","ruby-throated hummingbird","Animalia",129341,458,"Individuals at a feeding station",2022,6,5,156,2459736,33,2022,6,5,156,2459736,NA
26000,44.93681,-93.185974,285,"MN",352,"Archilochus","colubris","ruby-throated hummingbird","Animalia",129341,542,"Feeding (or foraging)",2022,6,5,156,2459736,33,2022,6,5,156,2459736,NA
26048,44.825459,-93.176857,263,"MN",352,"Archilochus","colubris","ruby-throated hummingbird","Animalia",131607,292,"Live individuals",2022,5,20,140,2459720,9,2022,7,19,200,2459780,10
26048,44.825459,-93.176857,263,"MN",352,"Archilochus","colubris","ruby-throated hummingbird","Animalia",131607,312,"Flower visitation",2022,5,26,146,2459726,6,2022,5,26,146,2459726,12
26048,44.825459,-93.176857,263,"MN",352,"Archilochus","colubris","ruby-throated hummingbird","Animalia",131607,458,"Individuals at a feeding station",2022,5,20,140,2459720,9,2022,5,20,140,2459720,6
26048,44.825459,-93.176857,263,"MN",352,"Archilochus","colubris","ruby-throated hummingbird","Animalia",131607,458,"Individuals at a feeding station",2022,6,7,158,2459738,12,2022,7,19,200,2459780,10
27026,43.413593,-70.810211,157,"ME",352,"Archilochus","colubris","ruby-throated hummingbird","Animalia",137519,292,"Live individuals",2022,5,15,135,2459715,7,2022,6,5,156,2459736,23
27026,43.413593,-70.810211,157,"ME",352,"Archilochus","colubris","ruby-throated hummingbird","Animalia",137519,292,"Live individuals",2022,8,8,220,2459800,41,2022,8,8,220,2459800,79
27026,43.413593,-70.810211,157,"ME",352,"Archilochus","colubris","ruby-throated hummingbird","Animalia",137519,293,"Calls or song (birds)",2022,5,15,135,2459715,7,2022,6,5,156,2459736,23
27026,43.413593,-70.810211,157,"ME",352,"Archilochus","colubris","ruby-throated hummingbird","Animalia",137519,293,"Calls or song (birds)",2022,8,8,220,2459800,41,2022,8,8,220,2459800,79
27026,43.413593,-70.810211,157,"ME",352,"Archilochus","colubris","ruby-throated hummingbird","Animalia",137519,294,"Singing individuals (birds)",2022,5,26,146,2459726,11,2022,6,5,156,2459736,23
27026,43.413593,-70.810211,157,"ME",352,"Archilochus","colubris","ruby-throated hummingbird","Animalia",137519,294,"Singing individuals (birds)",2022,8,8,220,2459800,41,2022,8,8,220,2459800,79
27026,43.413593,-70.810211,157,"ME",352,"Archilochus","colubris","ruby-throated hummingbird","Animalia",137519,295,"Territorial individuals (birds)",2022,8,8,220,2459800,41,2022,8,8,220,2459800,79
27026,43.413593,-70.810211,157,"ME",352,"Archilochus","colubris","ruby-throated hummingbird","Animalia",137519,308,"Fledged young (altricial birds)",2022,8,8,220,2459800,41,2022,8,8,220,2459800,79
27026,43.413593,-70.810211,157,"ME",352,"Archilochus","colubris","ruby-throated hummingbird","Animalia",137519,312,"Flower visitation",2022,5,26,146,2459726,11,2022,6,5,156,2459736,23
27026,43.413593,-70.810211,157,"ME",352,"Archilochus","colubris","ruby-throated hummingbird","Animalia",137519,312,"Flower visitation",2022,8,8,220,2459800,41,2022,8,8,220,2459800,79
27026,43.413593,-70.810211,157,"ME",352,"Archilochus","colubris","ruby-throated hummingbird","Animalia",137519,458,"Individuals at a feeding station",2022,5,15,135,2459715,7,2022,6,5,156,2459736,23
27026,43.413593,-70.810211,157,"ME",352,"Archilochus","colubris","ruby-throated hummingbird","Animalia",137519,458,"Individuals at a feeding station",2022,8,8,220,2459800,41,2022,8,8,220,2459800,79
27026,43.413593,-70.810211,157,"ME",352,"Archilochus","colubris","ruby-throated hummingbird","Animalia",137519,542,"Feeding (or foraging)",2022,5,15,135,2459715,7,2022,6,5,156,2459736,23
27026,43.413593,-70.810211,157,"ME",352,"Archilochus","colubris","ruby-throated hummingbird","Animalia",137519,542,"Feeding (or foraging)",2022,8,8,220,2459800,41,2022,8,8,220,2459800,79
30002,43.682541,-70.313461,26,"ME",352,"Archilochus","colubris","ruby-throated hummingbird","Animalia",159845,292,"Live individuals",2022,5,10,130,2459710,NA,2022,6,4,155,2459735,6
30002,43.682541,-70.313461,26,"ME",352,"Archilochus","colubris","ruby-throated hummingbird","Animalia",159845,292,"Live individuals",2022,6,21,172,2459752,11,2022,6,21,172,2459752,13
30002,43.682541,-70.313461,26,"ME",352,"Archilochus","colubris","ruby-throated hummingbird","Animalia",159845,292,"Live individuals",2022,8,6,218,2459798,6,2022,8,31,243,2459823,NA
30002,43.682541,-70.313461,26,"ME",352,"Archilochus","colubris","ruby-throated hummingbird","Animalia",159845,295,"Territorial individuals (birds)",2022,8,31,243,2459823,25,2022,8,31,243,2459823,NA
30002,43.682541,-70.313461,26,"ME",352,"Archilochus","colubris","ruby-throated hummingbird","Animalia",159845,308,"Fledged young (altricial birds)",2022,8,6,218,2459798,6,2022,8,31,243,2459823,NA
30002,43.682541,-70.313461,26,"ME",352,"Archilochus","colubris","ruby-throated hummingbird","Animalia",159845,312,"Flower visitation",2022,8,31,243,2459823,25,2022,8,31,243,2459823,NA
30002,43.682541,-70.313461,26,"ME",352,"Archilochus","colubris","ruby-throated hummingbird","Animalia",159845,458,"Individuals at a feeding station",2022,5,10,130,2459710,NA,2022,6,4,155,2459735,6
30002,43.682541,-70.313461,26,"ME",352,"Archilochus","colubris","ruby-throated hummingbird","Animalia",159845,458,"Individuals at a feeding station",2022,6,21,172,2459752,11,2022,6,21,172,2459752,13
30002,43.682541,-70.313461,26,"ME",352,"Archilochus","colubris","ruby-throated hummingbird","Animalia",159845,458,"Individuals at a feeding station",2022,8,6,218,2459798,6,2022,8,31,243,2459823,NA
30002,43.682541,-70.313461,26,"ME",352,"Archilochus","colubris","ruby-throated hummingbird","Animalia",159845,542,"Feeding (or foraging)",2022,5,10,130,2459710,NA,2022,6,4,155,2459735,6
30002,43.682541,-70.313461,26,"ME",352,"Archilochus","colubris","ruby-throated hummingbird","Animalia",159845,542,"Feeding (or foraging)",2022,6,21,172,2459752,11,2022,6,21,172,2459752,13
30002,43.682541,-70.313461,26,"ME",352,"Archilochus","colubris","ruby-throated hummingbird","Animalia",159845,542,"Feeding (or foraging)",2022,8,6,218,2459798,6,2022,8,31,243,2459823,NA
31180,46.896786,-95.708672,443,"MN",352,"Archilochus","colubris","ruby-throated hummingbird","Animalia",171639,292,"Live individuals",2022,5,10,130,2459710,NA,2022,5,10,130,2459710,NA
31180,46.896786,-95.708672,443,"MN",352,"Archilochus","colubris","ruby-throated hummingbird","Animalia",171639,458,"Individuals at a feeding station",2022,5,10,130,2459710,NA,2022,5,10,130,2459710,NA
31180,46.896786,-95.708672,443,"MN",352,"Archilochus","colubris","ruby-throated hummingbird","Animalia",171639,542,"Feeding (or foraging)",2022,5,10,130,2459710,NA,2022,5,10,130,2459710,NA
28093,44.727703,-93.624031,240,"MN",352,"Archilochus","colubris","ruby-throated hummingbird","Animalia",181864,292,"Live individuals",2022,5,26,146,2459726,NA,2022,9,5,248,2459828,NA
28093,44.727703,-93.624031,240,"MN",352,"Archilochus","colubris","ruby-throated hummingbird","Animalia",181864,312,"Flower visitation",2022,7,10,191,2459771,NA,2022,9,5,248,2459828,NA
28093,44.727703,-93.624031,240,"MN",352,"Archilochus","colubris","ruby-throated hummingbird","Animalia",181864,542,"Feeding (or foraging)",2022,5,26,146,2459726,NA,2022,9,5,248,2459828,NA
34052,43.309284,-78.85627,74,"NY",352,"Archilochus","colubris","ruby-throated hummingbird","Animalia",197388,292,"Live individuals",2022,5,9,129,2459709,NA,2022,6,7,158,2459738,NA
34052,43.309284,-78.85627,74,"NY",352,"Archilochus","colubris","ruby-throated hummingbird","Animalia",197388,312,"Flower visitation",2022,6,7,158,2459738,9,2022,6,7,158,2459738,NA
34052,43.309284,-78.85627,74,"NY",352,"Archilochus","colubris","ruby-throated hummingbird","Animalia",197388,458,"Individuals at a feeding station",2022,5,22,142,2459722,13,2022,6,7,158,2459738,NA
34052,43.309284,-78.85627,74,"NY",352,"Archilochus","colubris","ruby-throated hummingbird","Animalia",197388,542,"Feeding (or foraging)",2022,5,9,129,2459709,NA,2022,6,7,158,2459738,NA
36119,38.938217,-76.49659,3,"MD",352,"Archilochus","colubris","ruby-throated hummingbird","Animalia",220866,292,"Live individuals",2022,4,28,118,2459698,6,2022,8,31,243,2459823,70
36119,38.938217,-76.49659,3,"MD",352,"Archilochus","colubris","ruby-throated hummingbird","Animalia",220866,312,"Flower visitation",2022,5,14,134,2459714,16,2022,8,31,243,2459823,70
36119,38.938217,-76.49659,3,"MD",352,"Archilochus","colubris","ruby-throated hummingbird","Animalia",220866,458,"Individuals at a feeding station",2022,4,28,118,2459698,6,2022,8,31,243,2459823,70
36119,38.938217,-76.49659,3,"MD",352,"Archilochus","colubris","ruby-throated hummingbird","Animalia",220866,542,"Feeding (or foraging)",2022,5,4,124,2459704,6,2022,8,31,243,2459823,70
37562,43.92197,-69.925323,8,"ME",352,"Archilochus","colubris","ruby-throated hummingbird","Animalia",232102,292,"Live individuals",2022,5,7,127,2459707,58,2022,5,7,127,2459707,NA
26897,40.128613,-75.340515,64,"PA",352,"Archilochus","colubris","ruby-throated hummingbird","Animalia",243256,292,"Live individuals",2022,8,12,224,2459804,NA,2022,8,12,224,2459804,NA
26897,40.128613,-75.340515,64,"PA",352,"Archilochus","colubris","ruby-throated hummingbird","Animalia",243256,312,"Flower visitation",2022,8,12,224,2459804,NA,2022,8,12,224,2459804,NA
26897,40.128613,-75.340515,64,"PA",352,"Archilochus","colubris","ruby-throated hummingbird","Animalia",243256,542,"Feeding (or foraging)",2022,8,12,224,2459804,NA,2022,8,12,224,2459804,NA
41426,38.654652,-90.347107,165,"MO",352,"Archilochus","colubris","ruby-throated hummingbird","Animalia",251867,292,"Live individuals",2022,6,20,171,2459751,51,2022,6,20,171,2459751,NA
41426,38.654652,-90.347107,165,"MO",352,"Archilochus","colubris","ruby-throated hummingbird","Animalia",251867,295,"Territorial individuals (birds)",2022,6,20,171,2459751,51,2022,6,20,171,2459751,NA
41426,38.654652,-90.347107,165,"MO",352,"Archilochus","colubris","ruby-throated hummingbird","Animalia",251867,312,"Flower visitation",2022,6,20,171,2459751,51,2022,6,20,171,2459751,NA
41426,38.654652,-90.347107,165,"MO",352,"Archilochus","colubris","ruby-throated hummingbird","Animalia",251867,457,"Insect consumption",2022,6,20,171,2459751,51,2022,6,20,171,2459751,NA
41426,38.654652,-90.347107,165,"MO",352,"Archilochus","colubris","ruby-throated hummingbird","Animalia",251867,458,"Individuals at a feeding station",2022,6,20,171,2459751,51,2022,6,20,171,2459751,NA
41426,38.654652,-90.347107,165,"MO",352,"Archilochus","colubris","ruby-throated hummingbird","Animalia",251867,542,"Feeding (or foraging)",2022,6,20,171,2459751,51,2022,6,20,171,2459751,NA
42615,30.388891,-89.350388,14,"MS",352,"Archilochus","colubris","ruby-throated hummingbird","Animalia",259680,292,"Live individuals",2022,8,17,229,2459809,NA,2022,8,17,229,2459809,NA
42615,30.388891,-89.350388,14,"MS",352,"Archilochus","colubris","ruby-throated hummingbird","Animalia",259680,312,"Flower visitation",2022,8,17,229,2459809,NA,2022,8,17,229,2459809,NA
42615,30.388891,-89.350388,14,"MS",352,"Archilochus","colubris","ruby-throated hummingbird","Animalia",259680,458,"Individuals at a feeding station",2022,8,17,229,2459809,NA,2022,8,17,229,2459809,NA
42615,30.388891,-89.350388,14,"MS",352,"Archilochus","colubris","ruby-throated hummingbird","Animalia",259680,542,"Feeding (or foraging)",2022,8,17,229,2459809,NA,2022,8,17,229,2459809,NA
43517,41.978619,-87.669334,183,"IL",352,"Archilochus","colubris","ruby-throated hummingbird","Animalia",268674,292,"Live individuals",2022,5,11,131,2459711,2,2022,5,11,131,2459711,2
43517,41.978619,-87.669334,183,"IL",352,"Archilochus","colubris","ruby-throated hummingbird","Animalia",268674,292,"Live individuals",2022,5,15,135,2459715,2,2022,6,18,169,2459749,NA
43517,41.978619,-87.669334,183,"IL",352,"Archilochus","colubris","ruby-throated hummingbird","Animalia",268674,458,"Individuals at a feeding station",2022,5,11,131,2459711,2,2022,5,11,131,2459711,2
43517,41.978619,-87.669334,183,"IL",352,"Archilochus","colubris","ruby-throated hummingbird","Animalia",268674,458,"Individuals at a feeding station",2022,5,15,135,2459715,2,2022,6,18,169,2459749,NA
43517,41.978619,-87.669334,183,"IL",352,"Archilochus","colubris","ruby-throated hummingbird","Animalia",268674,542,"Feeding (or foraging)",2022,5,11,131,2459711,2,2022,5,11,131,2459711,2
43517,41.978619,-87.669334,183,"IL",352,"Archilochus","colubris","ruby-throated hummingbird","Animalia",268674,542,"Feeding (or foraging)",2022,5,15,135,2459715,2,2022,6,18,169,2459749,NA
42783,35.738888,-82.595299,601,"NC",352,"Archilochus","colubris","ruby-throated hummingbird","Animalia",269831,292,"Live individuals",2022,4,30,120,2459700,12,2022,5,2,122,2459702,NA
42783,35.738888,-82.595299,601,"NC",352,"Archilochus","colubris","ruby-throated hummingbird","Animalia",269831,340,"Courtship ",2022,4,30,120,2459700,12,2022,4,30,120,2459700,NA
42783,35.738888,-82.595299,601,"NC",352,"Archilochus","colubris","ruby-throated hummingbird","Animalia",269831,458,"Individuals at a feeding station",2022,4,18,108,2459688,2,2022,4,23,113,2459693,NA
42783,35.738888,-82.595299,601,"NC",352,"Archilochus","colubris","ruby-throated hummingbird","Animalia",269831,542,"Feeding (or foraging)",2022,4,16,106,2459686,2,2022,4,16,106,2459686,2
42783,35.738888,-82.595299,601,"NC",352,"Archilochus","colubris","ruby-throated hummingbird","Animalia",269831,542,"Feeding (or foraging)",2022,4,30,120,2459700,12,2022,4,30,120,2459700,NA
43881,38.74696,-77.577141,69,"VA",352,"Archilochus","colubris","ruby-throated hummingbird","Animalia",270847,292,"Live individuals",2022,5,11,131,2459711,13,2022,5,24,144,2459724,6
43881,38.74696,-77.577141,69,"VA",352,"Archilochus","colubris","ruby-throated hummingbird","Animalia",270847,292,"Live individuals",2022,6,16,167,2459747,17,2022,10,10,283,2459863,17
43881,38.74696,-77.577141,69,"VA",352,"Archilochus","colubris","ruby-throated hummingbird","Animalia",270847,295,"Territorial individuals (birds)",2022,7,27,208,2459788,17,2022,7,27,208,2459788,50
43881,38.74696,-77.577141,69,"VA",352,"Archilochus","colubris","ruby-throated hummingbird","Animalia",270847,312,"Flower visitation",2022,7,10,191,2459771,24,2022,10,10,283,2459863,17
43881,38.74696,-77.577141,69,"VA",352,"Archilochus","colubris","ruby-throated hummingbird","Animalia",270847,457,"Insect consumption",2022,7,10,191,2459771,24,2022,7,10,191,2459771,17
43881,38.74696,-77.577141,69,"VA",352,"Archilochus","colubris","ruby-throated hummingbird","Animalia",270847,458,"Individuals at a feeding station",2022,5,24,144,2459724,13,2022,5,24,144,2459724,6
43881,38.74696,-77.577141,69,"VA",352,"Archilochus","colubris","ruby-throated hummingbird","Animalia",270847,458,"Individuals at a feeding station",2022,6,16,167,2459747,17,2022,6,16,167,2459747,24
43881,38.74696,-77.577141,69,"VA",352,"Archilochus","colubris","ruby-throated hummingbird","Animalia",270847,458,"Individuals at a feeding station",2022,7,27,208,2459788,17,2022,9,15,258,2459838,25
43881,38.74696,-77.577141,69,"VA",352,"Archilochus","colubris","ruby-throated hummingbird","Animalia",270847,542,"Feeding (or foraging)",2022,5,11,131,2459711,13,2022,5,24,144,2459724,6
43881,38.74696,-77.577141,69,"VA",352,"Archilochus","colubris","ruby-throated hummingbird","Animalia",270847,542,"Feeding (or foraging)",2022,6,16,167,2459747,17,2022,10,10,283,2459863,17
46936,32.71032,-95.180305,125,"TX",352,"Archilochus","colubris","ruby-throated hummingbird","Animalia",287661,292,"Live individuals",2022,4,3,93,2459673,NA,2022,4,20,110,2459690,NA
46936,32.71032,-95.180305,125,"TX",352,"Archilochus","colubris","ruby-throated hummingbird","Animalia",287661,312,"Flower visitation",2022,4,20,110,2459690,17,2022,4,20,110,2459690,NA
46936,32.71032,-95.180305,125,"TX",352,"Archilochus","colubris","ruby-throated hummingbird","Animalia",287661,458,"Individuals at a feeding station",2022,4,3,93,2459673,NA,2022,4,3,93,2459673,17
46936,32.71032,-95.180305,125,"TX",352,"Archilochus","colubris","ruby-throated hummingbird","Animalia",287661,542,"Feeding (or foraging)",2022,4,3,93,2459673,NA,2022,4,20,110,2459690,NA
25797,30.376991,-97.76033,249,"TX",352,"Archilochus","colubris","ruby-throated hummingbird","Animalia",292045,292,"Live individuals",2022,3,25,84,2459664,NA,2022,3,25,84,2459664,NA
47880,44.024677,-69.531204,23,"ME",352,"Archilochus","colubris","ruby-throated hummingbird","Animalia",292984,292,"Live individuals",2022,5,6,126,2459706,3,2022,5,7,127,2459707,3
47880,44.024677,-69.531204,23,"ME",352,"Archilochus","colubris","ruby-throated hummingbird","Animalia",292984,292,"Live individuals",2022,5,12,132,2459712,2,2022,6,13,164,2459744,NA
47880,44.024677,-69.531204,23,"ME",352,"Archilochus","colubris","ruby-throated hummingbird","Animalia",292984,312,"Flower visitation",2022,5,17,137,2459717,5,2022,5,17,137,2459717,7
47880,44.024677,-69.531204,23,"ME",352,"Archilochus","colubris","ruby-throated hummingbird","Animalia",292984,312,"Flower visitation",2022,5,27,147,2459727,3,2022,5,27,147,2459727,4
47880,44.024677,-69.531204,23,"ME",352,"Archilochus","colubris","ruby-throated hummingbird","Animalia",292984,312,"Flower visitation",2022,6,13,164,2459744,13,2022,6,13,164,2459744,NA
47880,44.024677,-69.531204,23,"ME",352,"Archilochus","colubris","ruby-throated hummingbird","Animalia",292984,458,"Individuals at a feeding station",2022,5,6,126,2459706,3,2022,5,7,127,2459707,3
47880,44.024677,-69.531204,23,"ME",352,"Archilochus","colubris","ruby-throated hummingbird","Animalia",292984,458,"Individuals at a feeding station",2022,5,12,132,2459712,2,2022,5,24,144,2459724,3
47880,44.024677,-69.531204,23,"ME",352,"Archilochus","colubris","ruby-throated hummingbird","Animalia",292984,458,"Individuals at a feeding station",2022,5,31,151,2459731,4,2022,6,13,164,2459744,NA
47880,44.024677,-69.531204,23,"ME",352,"Archilochus","colubris","ruby-throated hummingbird","Animalia",292984,542,"Feeding (or foraging)",2022,5,6,126,2459706,3,2022,5,7,127,2459707,3
47880,44.024677,-69.531204,23,"ME",352,"Archilochus","colubris","ruby-throated hummingbird","Animalia",292984,542,"Feeding (or foraging)",2022,5,12,132,2459712,2,2022,6,13,164,2459744,NA
47947,42.505898,-71.101334,29,"MA",352,"Archilochus","colubris","ruby-throated hummingbird","Animalia",293278,292,"Live individuals",2022,6,16,167,2459747,2,2022,6,16,167,2459747,6
47947,42.505898,-71.101334,29,"MA",352,"Archilochus","colubris","ruby-throated hummingbird","Animalia",293278,458,"Individuals at a feeding station",2022,6,16,167,2459747,2,2022,6,16,167,2459747,6
47947,42.505898,-71.101334,29,"MA",352,"Archilochus","colubris","ruby-throated hummingbird","Animalia",293278,542,"Feeding (or foraging)",2022,6,16,167,2459747,2,2022,6,16,167,2459747,6
47528,42.078136,-73.3815,220,"MA",352,"Archilochus","colubris","ruby-throated hummingbird","Animalia",294873,292,"Live individuals",2022,5,10,130,2459710,NA,2022,5,10,130,2459710,NA
47528,42.078136,-73.3815,220,"MA",352,"Archilochus","colubris","ruby-throated hummingbird","Animalia",294873,542,"Feeding (or foraging)",2022,5,10,130,2459710,NA,2022,5,10,130,2459710,NA
33069,43.841541,-69.502037,-9,"ME",352,"Archilochus","colubris","ruby-throated hummingbird","Animalia",295571,292,"Live individuals",2022,5,26,146,2459726,6,2022,6,4,155,2459735,10
33069,43.841541,-69.502037,-9,"ME",352,"Archilochus","colubris","ruby-throated hummingbird","Animalia",295571,292,"Live individuals",2022,6,24,175,2459755,10,2022,6,24,175,2459755,16
33069,43.841541,-69.502037,-9,"ME",352,"Archilochus","colubris","ruby-throated hummingbird","Animalia",295571,292,"Live individuals",2022,7,23,204,2459784,9,2022,8,26,238,2459818,39
33069,43.841541,-69.502037,-9,"ME",352,"Archilochus","colubris","ruby-throated hummingbird","Animalia",295571,293,"Calls or song (birds)",2022,8,17,229,2459809,10,2022,8,26,238,2459818,NA
33069,43.841541,-69.502037,-9,"ME",352,"Archilochus","colubris","ruby-throated hummingbird","Animalia",295571,294,"Singing individuals (birds)",2022,8,17,229,2459809,10,2022,8,17,229,2459809,9
33069,43.841541,-69.502037,-9,"ME",352,"Archilochus","colubris","ruby-throated hummingbird","Animalia",295571,312,"Flower visitation",2022,8,7,219,2459799,54,2022,8,26,238,2459818,NA
33069,43.841541,-69.502037,-9,"ME",352,"Archilochus","colubris","ruby-throated hummingbird","Animalia",295571,457,"Insect consumption",2022,8,7,219,2459799,54,2022,8,26,238,2459818,NA
33069,43.841541,-69.502037,-9,"ME",352,"Archilochus","colubris","ruby-throated hummingbird","Animalia",295571,458,"Individuals at a feeding station",2022,5,26,146,2459726,6,2022,6,4,155,2459735,10
33069,43.841541,-69.502037,-9,"ME",352,"Archilochus","colubris","ruby-throated hummingbird","Animalia",295571,458,"Individuals at a feeding station",2022,6,24,175,2459755,10,2022,6,24,175,2459755,44
33069,43.841541,-69.502037,-9,"ME",352,"Archilochus","colubris","ruby-throated hummingbird","Animalia",295571,458,"Individuals at a feeding station",2022,8,17,229,2459809,10,2022,8,26,238,2459818,39
33069,43.841541,-69.502037,-9,"ME",352,"Archilochus","colubris","ruby-throated hummingbird","Animalia",295571,542,"Feeding (or foraging)",2022,5,26,146,2459726,6,2022,6,4,155,2459735,10
33069,43.841541,-69.502037,-9,"ME",352,"Archilochus","colubris","ruby-throated hummingbird","Animalia",295571,542,"Feeding (or foraging)",2022,7,23,204,2459784,39,2022,8,26,238,2459818,NA
22442,46.866772,-68.008415,177,"ME",352,"Archilochus","colubris","ruby-throated hummingbird","Animalia",295837,292,"Live individuals",2022,5,31,151,2459731,NA,2022,5,31,151,2459731,1
22442,46.866772,-68.008415,177,"ME",352,"Archilochus","colubris","ruby-throated hummingbird","Animalia",295837,292,"Live individuals",2022,8,26,238,2459818,63,2022,8,26,238,2459818,16
22442,46.866772,-68.008415,177,"ME",352,"Archilochus","colubris","ruby-throated hummingbird","Animalia",295837,458,"Individuals at a feeding station",2022,5,31,151,2459731,NA,2022,5,31,151,2459731,1
22442,46.866772,-68.008415,177,"ME",352,"Archilochus","colubris","ruby-throated hummingbird","Animalia",295837,458,"Individuals at a feeding station",2022,8,26,238,2459818,63,2022,8,26,238,2459818,16
22442,46.866772,-68.008415,177,"ME",352,"Archilochus","colubris","ruby-throated hummingbird","Animalia",295837,542,"Feeding (or foraging)",2022,5,31,151,2459731,NA,2022,5,31,151,2459731,1
22442,46.866772,-68.008415,177,"ME",352,"Archilochus","colubris","ruby-throated hummingbird","Animalia",295837,542,"Feeding (or foraging)",2022,8,26,238,2459818,63,2022,8,26,238,2459818,16
48445,41.992828,-88.258759,229,"IL",352,"Archilochus","colubris","ruby-throated hummingbird","Animalia",296696,292,"Live individuals",2022,8,12,224,2459804,31,2022,8,12,224,2459804,NA
48445,41.992828,-88.258759,229,"IL",352,"Archilochus","colubris","ruby-throated hummingbird","Animalia",296696,542,"Feeding (or foraging)",2022,8,12,224,2459804,31,2022,8,12,224,2459804,NA
48486,35.643032,-81.75119,462,"NC",352,"Archilochus","colubris","ruby-throated hummingbird","Animalia",296869,292,"Live individuals",2022,7,2,183,2459763,NA,2022,7,2,183,2459763,NA
48486,35.643032,-81.75119,462,"NC",352,"Archilochus","colubris","ruby-throated hummingbird","Animalia",296869,293,"Calls or song (birds)",2022,7,2,183,2459763,NA,2022,7,2,183,2459763,NA
48486,35.643032,-81.75119,462,"NC",352,"Archilochus","colubris","ruby-throated hummingbird","Animalia",296869,294,"Singing individuals (birds)",2022,7,2,183,2459763,NA,2022,7,2,183,2459763,NA
48486,35.643032,-81.75119,462,"NC",352,"Archilochus","colubris","ruby-throated hummingbird","Animalia",296869,295,"Territorial individuals (birds)",2022,7,2,183,2459763,NA,2022,7,2,183,2459763,NA
48486,35.643032,-81.75119,462,"NC",352,"Archilochus","colubris","ruby-throated hummingbird","Animalia",296869,312,"Flower visitation",2022,7,2,183,2459763,NA,2022,7,2,183,2459763,NA
48486,35.643032,-81.75119,462,"NC",352,"Archilochus","colubris","ruby-throated hummingbird","Animalia",296869,458,"Individuals at a feeding station",2022,7,2,183,2459763,NA,2022,7,2,183,2459763,NA
48486,35.643032,-81.75119,462,"NC",352,"Archilochus","colubris","ruby-throated hummingbird","Animalia",296869,542,"Feeding (or foraging)",2022,7,2,183,2459763,NA,2022,7,2,183,2459763,NA
48797,34.737301,-76.831398,1,"NC",352,"Archilochus","colubris","ruby-throated hummingbird","Animalia",298578,292,"Live individuals",2022,9,10,253,2459833,NA,2022,10,16,289,2459869,10
48797,34.737301,-76.831398,1,"NC",352,"Archilochus","colubris","ruby-throated hummingbird","Animalia",298578,293,"Calls or song (birds)",2022,9,17,260,2459840,6,2022,9,17,260,2459840,13
48797,34.737301,-76.831398,1,"NC",352,"Archilochus","colubris","ruby-throated hummingbird","Animalia",298578,293,"Calls or song (birds)",2022,10,9,282,2459862,1,2022,10,9,282,2459862,5
48797,34.737301,-76.831398,1,"NC",352,"Archilochus","colubris","ruby-throated hummingbird","Animalia",298578,293,"Calls or song (birds)",2022,10,16,289,2459869,1,2022,10,16,289,2459869,10
48797,34.737301,-76.831398,1,"NC",352,"Archilochus","colubris","ruby-throated hummingbird","Animalia",298578,295,"Territorial individuals (birds)",2022,9,10,253,2459833,NA,2022,9,17,260,2459840,13
48797,34.737301,-76.831398,1,"NC",352,"Archilochus","colubris","ruby-throated hummingbird","Animalia",298578,458,"Individuals at a feeding station",2022,9,11,254,2459834,1,2022,10,16,289,2459869,10
48797,34.737301,-76.831398,1,"NC",352,"Archilochus","colubris","ruby-throated hummingbird","Animalia",298578,542,"Feeding (or foraging)",2022,9,11,254,2459834,1,2022,10,16,289,2459869,10
47554,46.9259,-94.861298,426,"MN",352,"Archilochus","colubris","ruby-throated hummingbird","Animalia",314025,292,"Live individuals",2022,5,12,132,2459712,1,2022,5,12,132,2459712,1
47554,46.9259,-94.861298,426,"MN",352,"Archilochus","colubris","ruby-throated hummingbird","Animalia",314025,292,"Live individuals",2022,5,15,135,2459715,1,2022,5,15,135,2459715,NA
47554,46.9259,-94.861298,426,"MN",352,"Archilochus","colubris","ruby-throated hummingbird","Animalia",314025,458,"Individuals at a feeding station",2022,5,12,132,2459712,1,2022,5,12,132,2459712,1
47554,46.9259,-94.861298,426,"MN",352,"Archilochus","colubris","ruby-throated hummingbird","Animalia",314025,458,"Individuals at a feeding station",2022,5,15,135,2459715,1,2022,5,15,135,2459715,NA
5674,44.910587,-70.266861,261,"ME",352,"Archilochus","colubris","ruby-throated hummingbird","Animalia",12712,292,"Live individuals",2023,5,5,125,2460070,11,2023,9,10,253,2460198,7
5674,44.910587,-70.266861,261,"ME",352,"Archilochus","colubris","ruby-throated hummingbird","Animalia",12712,295,"Territorial individuals (birds)",2023,5,21,141,2460086,7,2023,9,3,246,2460191,7
5674,44.910587,-70.266861,261,"ME",352,"Archilochus","colubris","ruby-throated hummingbird","Animalia",12712,312,"Flower visitation",2023,6,11,162,2460107,7,2023,7,16,197,2460142,7
5674,44.910587,-70.266861,261,"ME",352,"Archilochus","colubris","ruby-throated hummingbird","Animalia",12712,312,"Flower visitation",2023,7,30,211,2460156,7,2023,8,13,225,2460170,7
5674,44.910587,-70.266861,261,"ME",352,"Archilochus","colubris","ruby-throated hummingbird","Animalia",12712,458,"Individuals at a feeding station",2023,5,5,125,2460070,11,2023,7,16,197,2460142,7
5674,44.910587,-70.266861,261,"ME",352,"Archilochus","colubris","ruby-throated hummingbird","Animalia",12712,458,"Individuals at a feeding station",2023,7,30,211,2460156,7,2023,9,10,253,2460198,7
5674,44.910587,-70.266861,261,"ME",352,"Archilochus","colubris","ruby-throated hummingbird","Animalia",12712,542,"Feeding (or foraging)",2023,5,5,125,2460070,11,2023,9,10,253,2460198,7
6481,42.456135,-72.344215,265,"MA",352,"Archilochus","colubris","ruby-throated hummingbird","Animalia",19040,292,"Live individuals",2023,5,6,126,2460071,15,2023,6,14,165,2460110,2
6481,42.456135,-72.344215,265,"MA",352,"Archilochus","colubris","ruby-throated hummingbird","Animalia",19040,292,"Live individuals",2023,7,22,203,2460148,36,2023,8,3,215,2460160,1
6481,42.456135,-72.344215,265,"MA",352,"Archilochus","colubris","ruby-throated hummingbird","Animalia",19040,292,"Live individuals",2023,8,8,220,2460165,4,2023,9,1,244,2460189,36
6481,42.456135,-72.344215,265,"MA",352,"Archilochus","colubris","ruby-throated hummingbird","Animalia",19040,295,"Territorial individuals (birds)",2023,8,3,215,2460160,12,2023,8,3,215,2460160,1
6481,42.456135,-72.344215,265,"MA",352,"Archilochus","colubris","ruby-throated hummingbird","Animalia",19040,312,"Flower visitation",2023,7,22,203,2460148,36,2023,8,3,215,2460160,1
6481,42.456135,-72.344215,265,"MA",352,"Archilochus","colubris","ruby-throated hummingbird","Animalia",19040,312,"Flower visitation",2023,8,8,220,2460165,4,2023,8,20,232,2460177,9
6481,42.456135,-72.344215,265,"MA",352,"Archilochus","colubris","ruby-throated hummingbird","Animalia",19040,312,"Flower visitation",2023,9,1,244,2460189,3,2023,9,1,244,2460189,36
6481,42.456135,-72.344215,265,"MA",352,"Archilochus","colubris","ruby-throated hummingbird","Animalia",19040,542,"Feeding (or foraging)",2023,7,22,203,2460148,36,2023,8,3,215,2460160,1
6481,42.456135,-72.344215,265,"MA",352,"Archilochus","colubris","ruby-throated hummingbird","Animalia",19040,542,"Feeding (or foraging)",2023,8,8,220,2460165,4,2023,8,20,232,2460177,9
6481,42.456135,-72.344215,265,"MA",352,"Archilochus","colubris","ruby-throated hummingbird","Animalia",19040,542,"Feeding (or foraging)",2023,9,1,244,2460189,3,2023,9,1,244,2460189,36
8496,46.328629,-96.061256,393,"MN",352,"Archilochus","colubris","ruby-throated hummingbird","Animalia",25784,292,"Live individuals",2023,5,18,138,2460083,24,2023,5,18,138,2460083,5
8496,46.328629,-96.061256,393,"MN",352,"Archilochus","colubris","ruby-throated hummingbird","Animalia",25784,292,"Live individuals",2023,5,29,149,2460094,6,2023,7,24,205,2460150,NA
8496,46.328629,-96.061256,393,"MN",352,"Archilochus","colubris","ruby-throated hummingbird","Animalia",25784,312,"Flower visitation",2023,6,30,181,2460126,32,2023,6,30,181,2460126,24
8496,46.328629,-96.061256,393,"MN",352,"Archilochus","colubris","ruby-throated hummingbird","Animalia",25784,458,"Individuals at a feeding station",2023,7,24,205,2460150,24,2023,7,24,205,2460150,NA
8496,46.328629,-96.061256,393,"MN",352,"Archilochus","colubris","ruby-throated hummingbird","Animalia",25784,542,"Feeding (or foraging)",2023,6,30,181,2460126,32,2023,7,24,205,2460150,NA
8715,43.522804,-70.802277,215,"ME",352,"Archilochus","colubris","ruby-throated hummingbird","Animalia",28193,292,"Live individuals",2023,6,15,166,2460111,7,2023,6,15,166,2460111,7
8715,43.522804,-70.802277,215,"ME",352,"Archilochus","colubris","ruby-throated hummingbird","Animalia",28193,292,"Live individuals",2023,7,1,182,2460127,9,2023,7,22,203,2460148,56
8715,43.522804,-70.802277,215,"ME",352,"Archilochus","colubris","ruby-throated hummingbird","Animalia",28193,458,"Individuals at a feeding station",2023,6,15,166,2460111,7,2023,6,15,166,2460111,7
8715,43.522804,-70.802277,215,"ME",352,"Archilochus","colubris","ruby-throated hummingbird","Animalia",28193,458,"Individuals at a feeding station",2023,7,12,193,2460138,11,2023,7,22,203,2460148,56
8715,43.522804,-70.802277,215,"ME",352,"Archilochus","colubris","ruby-throated hummingbird","Animalia",28193,542,"Feeding (or foraging)",2023,6,15,166,2460111,7,2023,6,15,166,2460111,7
8715,43.522804,-70.802277,215,"ME",352,"Archilochus","colubris","ruby-throated hummingbird","Animalia",28193,542,"Feeding (or foraging)",2023,7,12,193,2460138,11,2023,7,22,203,2460148,56
8418,32.363758,-94.873947,115,"TX",352,"Archilochus","colubris","ruby-throated hummingbird","Animalia",30980,292,"Live individuals",2023,4,6,96,2460041,5,2023,4,6,96,2460041,21
8418,32.363758,-94.873947,115,"TX",352,"Archilochus","colubris","ruby-throated hummingbird","Animalia",30980,292,"Live individuals",2023,5,7,127,2460072,3,2023,5,7,127,2460072,4
8418,32.363758,-94.873947,115,"TX",352,"Archilochus","colubris","ruby-throated hummingbird","Animalia",30980,292,"Live individuals",2023,5,14,134,2460079,3,2023,5,21,141,2460086,4
8418,32.363758,-94.873947,115,"TX",352,"Archilochus","colubris","ruby-throated hummingbird","Animalia",30980,292,"Live individuals",2023,6,11,162,2460107,3,2023,6,15,166,2460111,3
8418,32.363758,-94.873947,115,"TX",352,"Archilochus","colubris","ruby-throated hummingbird","Animalia",30980,292,"Live individuals",2023,6,25,176,2460121,3,2023,6,25,176,2460121,4
8418,32.363758,-94.873947,115,"TX",352,"Archilochus","colubris","ruby-throated hummingbird","Animalia",30980,292,"Live individuals",2023,7,2,183,2460128,3,2023,7,2,183,2460128,4
8418,32.363758,-94.873947,115,"TX",352,"Archilochus","colubris","ruby-throated hummingbird","Animalia",30980,292,"Live individuals",2023,7,9,190,2460135,3,2023,9,18,261,2460206,3
8418,32.363758,-94.873947,115,"TX",352,"Archilochus","colubris","ruby-throated hummingbird","Animalia",30980,292,"Live individuals",2023,9,25,268,2460213,4,2023,9,25,268,2460213,3
8418,32.363758,-94.873947,115,"TX",352,"Archilochus","colubris","ruby-throated hummingbird","Animalia",30980,293,"Calls or song (birds)",2023,5,7,127,2460072,3,2023,5,7,127,2460072,4
8418,32.363758,-94.873947,115,"TX",352,"Archilochus","colubris","ruby-throated hummingbird","Animalia",30980,293,"Calls or song (birds)",2023,6,15,166,2460111,4,2023,6,15,166,2460111,3
8418,32.363758,-94.873947,115,"TX",352,"Archilochus","colubris","ruby-throated hummingbird","Animalia",30980,293,"Calls or song (birds)",2023,6,25,176,2460121,3,2023,6,25,176,2460121,4
8418,32.363758,-94.873947,115,"TX",352,"Archilochus","colubris","ruby-throated hummingbird","Animalia",30980,293,"Calls or song (birds)",2023,7,23,204,2460149,3,2023,7,23,204,2460149,21
8418,32.363758,-94.873947,115,"TX",352,"Archilochus","colubris","ruby-throated hummingbird","Animalia",30980,293,"Calls or song (birds)",2023,8,17,229,2460174,4,2023,9,18,261,2460206,3
8418,32.363758,-94.873947,115,"TX",352,"Archilochus","colubris","ruby-throated hummingbird","Animalia",30980,293,"Calls or song (birds)",2023,9,25,268,2460213,4,2023,9,25,268,2460213,3
8418,32.363758,-94.873947,115,"TX",352,"Archilochus","colubris","ruby-throated hummingbird","Animalia",30980,295,"Territorial individuals (birds)",2023,6,15,166,2460111,4,2023,6,15,166,2460111,3
8418,32.363758,-94.873947,115,"TX",352,"Archilochus","colubris","ruby-throated hummingbird","Animalia",30980,295,"Territorial individuals (birds)",2023,7,20,201,2460146,3,2023,7,20,201,2460146,3
8418,32.363758,-94.873947,115,"TX",352,"Archilochus","colubris","ruby-throated hummingbird","Animalia",30980,295,"Territorial individuals (birds)",2023,8,13,225,2460170,21,2023,8,13,225,2460170,4
8418,32.363758,-94.873947,115,"TX",352,"Archilochus","colubris","ruby-throated hummingbird","Animalia",30980,312,"Flower visitation",2023,5,18,138,2460083,4,2023,5,18,138,2460083,3
8418,32.363758,-94.873947,115,"TX",352,"Archilochus","colubris","ruby-throated hummingbird","Animalia",30980,312,"Flower visitation",2023,6,15,166,2460111,4,2023,6,15,166,2460111,3
8418,32.363758,-94.873947,115,"TX",352,"Archilochus","colubris","ruby-throated hummingbird","Animalia",30980,312,"Flower visitation",2023,6,25,176,2460121,3,2023,6,25,176,2460121,4
8418,32.363758,-94.873947,115,"TX",352,"Archilochus","colubris","ruby-throated hummingbird","Animalia",30980,312,"Flower visitation",2023,7,2,183,2460128,3,2023,7,2,183,2460128,4
8418,32.363758,-94.873947,115,"TX",352,"Archilochus","colubris","ruby-throated hummingbird","Animalia",30980,312,"Flower visitation",2023,7,9,190,2460135,3,2023,7,23,204,2460149,21
8418,32.363758,-94.873947,115,"TX",352,"Archilochus","colubris","ruby-throated hummingbird","Animalia",30980,312,"Flower visitation",2023,8,20,232,2460177,3,2023,8,20,232,2460177,10
8418,32.363758,-94.873947,115,"TX",352,"Archilochus","colubris","ruby-throated hummingbird","Animalia",30980,312,"Flower visitation",2023,9,3,246,2460191,4,2023,9,3,246,2460191,4
8418,32.363758,-94.873947,115,"TX",352,"Archilochus","colubris","ruby-throated hummingbird","Animalia",30980,458,"Individuals at a feeding station",2023,4,6,96,2460041,5,2023,4,6,96,2460041,21
8418,32.363758,-94.873947,115,"TX",352,"Archilochus","colubris","ruby-throated hummingbird","Animalia",30980,458,"Individuals at a feeding station",2023,6,15,166,2460111,4,2023,6,15,166,2460111,3
8418,32.363758,-94.873947,115,"TX",352,"Archilochus","colubris","ruby-throated hummingbird","Animalia",30980,458,"Individuals at a feeding station",2023,8,13,225,2460170,21,2023,9,3,246,2460191,4
8418,32.363758,-94.873947,115,"TX",352,"Archilochus","colubris","ruby-throated hummingbird","Animalia",30980,458,"Individuals at a feeding station",2023,9,10,253,2460198,3,2023,9,10,253,2460198,4
8418,32.363758,-94.873947,115,"TX",352,"Archilochus","colubris","ruby-throated hummingbird","Animalia",30980,458,"Individuals at a feeding station",2023,9,18,261,2460206,4,2023,9,18,261,2460206,3
8418,32.363758,-94.873947,115,"TX",352,"Archilochus","colubris","ruby-throated hummingbird","Animalia",30980,542,"Feeding (or foraging)",2023,4,6,96,2460041,5,2023,4,6,96,2460041,21
8418,32.363758,-94.873947,115,"TX",352,"Archilochus","colubris","ruby-throated hummingbird","Animalia",30980,542,"Feeding (or foraging)",2023,6,15,166,2460111,4,2023,6,15,166,2460111,3
8418,32.363758,-94.873947,115,"TX",352,"Archilochus","colubris","ruby-throated hummingbird","Animalia",30980,542,"Feeding (or foraging)",2023,6,25,176,2460121,3,2023,6,25,176,2460121,4
8418,32.363758,-94.873947,115,"TX",352,"Archilochus","colubris","ruby-throated hummingbird","Animalia",30980,542,"Feeding (or foraging)",2023,7,2,183,2460128,3,2023,7,2,183,2460128,4
8418,32.363758,-94.873947,115,"TX",352,"Archilochus","colubris","ruby-throated hummingbird","Animalia",30980,542,"Feeding (or foraging)",2023,7,9,190,2460135,3,2023,9,3,246,2460191,4
8418,32.363758,-94.873947,115,"TX",352,"Archilochus","colubris","ruby-throated hummingbird","Animalia",30980,542,"Feeding (or foraging)",2023,9,10,253,2460198,3,2023,9,10,253,2460198,4
8418,32.363758,-94.873947,115,"TX",352,"Archilochus","colubris","ruby-throated hummingbird","Animalia",30980,542,"Feeding (or foraging)",2023,9,18,261,2460206,4,2023,9,18,261,2460206,3
9930,31.580486,-97.324806,171,"TX",352,"Archilochus","colubris","ruby-throated hummingbird","Animalia",37918,292,"Live individuals",2023,8,27,239,2460184,1,2023,9,4,247,2460192,1
9930,31.580486,-97.324806,171,"TX",352,"Archilochus","colubris","ruby-throated hummingbird","Animalia",37918,292,"Live individuals",2023,9,7,250,2460195,1,2023,9,9,252,2460197,1
9930,31.580486,-97.324806,171,"TX",352,"Archilochus","colubris","ruby-throated hummingbird","Animalia",37918,292,"Live individuals",2023,9,16,259,2460204,1,2023,9,19,262,2460207,1
9930,31.580486,-97.324806,171,"TX",352,"Archilochus","colubris","ruby-throated hummingbird","Animalia",37918,292,"Live individuals",2023,9,21,264,2460209,1,2023,9,21,264,2460209,1
9930,31.580486,-97.324806,171,"TX",352,"Archilochus","colubris","ruby-throated hummingbird","Animalia",37918,292,"Live individuals",2023,9,23,266,2460211,1,2023,9,24,267,2460212,1
9930,31.580486,-97.324806,171,"TX",352,"Archilochus","colubris","ruby-throated hummingbird","Animalia",37918,292,"Live individuals",2023,9,26,269,2460214,1,2023,9,26,269,2460214,1
9930,31.580486,-97.324806,171,"TX",352,"Archilochus","colubris","ruby-throated hummingbird","Animalia",37918,292,"Live individuals",2023,9,30,273,2460218,1,2023,9,30,273,2460218,1
9930,31.580486,-97.324806,171,"TX",352,"Archilochus","colubris","ruby-throated hummingbird","Animalia",37918,292,"Live individuals",2023,10,5,278,2460223,1,2023,10,5,278,2460223,1
9930,31.580486,-97.324806,171,"TX",352,"Archilochus","colubris","ruby-throated hummingbird","Animalia",37918,312,"Flower visitation",2023,10,5,278,2460223,NA,2023,10,5,278,2460223,NA
9930,31.580486,-97.324806,171,"TX",352,"Archilochus","colubris","ruby-throated hummingbird","Animalia",37918,458,"Individuals at a feeding station",2023,8,27,239,2460184,NA,2023,10,5,278,2460223,NA
9930,31.580486,-97.324806,171,"TX",352,"Archilochus","colubris","ruby-throated hummingbird","Animalia",37918,542,"Feeding (or foraging)",2023,8,27,239,2460184,NA,2023,10,5,278,2460223,NA
10145,42.602543,-83.250992,277,"MI",352,"Archilochus","colubris","ruby-throated hummingbird","Animalia",38951,292,"Live individuals",2023,5,13,133,2460078,NA,2023,5,13,133,2460078,8
10145,42.602543,-83.250992,277,"MI",352,"Archilochus","colubris","ruby-throated hummingbird","Animalia",38951,292,"Live individuals",2023,5,28,148,2460093,1,2023,5,28,148,2460093,1
10145,42.602543,-83.250992,277,"MI",352,"Archilochus","colubris","ruby-throated hummingbird","Animalia",38951,292,"Live individuals",2023,6,5,156,2460101,1,2023,6,5,156,2460101,1
10145,42.602543,-83.250992,277,"MI",352,"Archilochus","colubris","ruby-throated hummingbird","Animalia",38951,292,"Live individuals",2023,6,19,170,2460115,1,2023,6,19,170,2460115,1
10145,42.602543,-83.250992,277,"MI",352,"Archilochus","colubris","ruby-throated hummingbird","Animalia",38951,292,"Live individuals",2023,6,25,176,2460121,1,2023,6,25,176,2460121,1
10145,42.602543,-83.250992,277,"MI",352,"Archilochus","colubris","ruby-throated hummingbird","Animalia",38951,292,"Live individuals",2023,9,13,256,2460201,8,2023,9,13,256,2460201,1
10145,42.602543,-83.250992,277,"MI",352,"Archilochus","colubris","ruby-throated hummingbird","Animalia",38951,458,"Individuals at a feeding station",2023,6,16,167,2460112,1,2023,6,18,169,2460114,1
10145,42.602543,-83.250992,277,"MI",352,"Archilochus","colubris","ruby-throated hummingbird","Animalia",38951,458,"Individuals at a feeding station",2023,6,20,171,2460116,1,2023,6,22,173,2460118,1
10145,42.602543,-83.250992,277,"MI",352,"Archilochus","colubris","ruby-throated hummingbird","Animalia",38951,458,"Individuals at a feeding station",2023,6,26,177,2460122,1,2023,7,5,186,2460131,1
10145,42.602543,-83.250992,277,"MI",352,"Archilochus","colubris","ruby-throated hummingbird","Animalia",38951,458,"Individuals at a feeding station",2023,7,8,189,2460134,1,2023,7,13,194,2460139,1
10145,42.602543,-83.250992,277,"MI",352,"Archilochus","colubris","ruby-throated hummingbird","Animalia",38951,458,"Individuals at a feeding station",2023,7,15,196,2460141,1,2023,7,21,202,2460147,1
10145,42.602543,-83.250992,277,"MI",352,"Archilochus","colubris","ruby-throated hummingbird","Animalia",38951,458,"Individuals at a feeding station",2023,7,23,204,2460149,1,2023,7,23,204,2460149,1
10145,42.602543,-83.250992,277,"MI",352,"Archilochus","colubris","ruby-throated hummingbird","Animalia",38951,458,"Individuals at a feeding station",2023,7,25,206,2460151,1,2023,8,14,226,2460171,1
10145,42.602543,-83.250992,277,"MI",352,"Archilochus","colubris","ruby-throated hummingbird","Animalia",38951,458,"Individuals at a feeding station",2023,8,16,228,2460173,1,2023,8,18,230,2460175,14
19521,42.658154,-73.991936,181,"NY",352,"Archilochus","colubris","ruby-throated hummingbird","Animalia",84439,292,"Live individuals",2023,5,8,128,2460073,NA,2023,5,8,128,2460073,NA
19521,42.658154,-73.991936,181,"NY",352,"Archilochus","colubris","ruby-throated hummingbird","Animalia",84439,458,"Individuals at a feeding station",2023,5,8,128,2460073,NA,2023,5,8,128,2460073,NA
19521,42.658154,-73.991936,181,"NY",352,"Archilochus","colubris","ruby-throated hummingbird","Animalia",84439,542,"Feeding (or foraging)",2023,5,8,128,2460073,NA,2023,5,8,128,2460073,NA
20257,33.455692,-86.80159,270,"AL",352,"Archilochus","colubris","ruby-throated hummingbird","Animalia",85135,292,"Live individuals",2023,4,12,102,2460047,6,2023,4,12,102,2460047,7
20257,33.455692,-86.80159,270,"AL",352,"Archilochus","colubris","ruby-throated hummingbird","Animalia",85135,292,"Live individuals",2023,4,27,117,2460062,8,2023,5,10,130,2460075,7
20257,33.455692,-86.80159,270,"AL",352,"Archilochus","colubris","ruby-throated hummingbird","Animalia",85135,458,"Individuals at a feeding station",2023,4,27,117,2460062,8,2023,4,27,117,2460062,13
20257,33.455692,-86.80159,270,"AL",352,"Archilochus","colubris","ruby-throated hummingbird","Animalia",85135,542,"Feeding (or foraging)",2023,4,12,102,2460047,6,2023,4,12,102,2460047,7
20257,33.455692,-86.80159,270,"AL",352,"Archilochus","colubris","ruby-throated hummingbird","Animalia",85135,542,"Feeding (or foraging)",2023,4,27,117,2460062,8,2023,5,10,130,2460075,7
20788,43.899719,-69.957878,22,"ME",352,"Archilochus","colubris","ruby-throated hummingbird","Animalia",88636,292,"Live individuals",2023,5,19,139,2460084,6,2023,5,19,139,2460084,6
20788,43.899719,-69.957878,22,"ME",352,"Archilochus","colubris","ruby-throated hummingbird","Animalia",88636,312,"Flower visitation",2023,5,19,139,2460084,6,2023,5,19,139,2460084,6
20788,43.899719,-69.957878,22,"ME",352,"Archilochus","colubris","ruby-throated hummingbird","Animalia",88636,542,"Feeding (or foraging)",2023,5,19,139,2460084,6,2023,5,19,139,2460084,6
17414,42.936153,-73.433449,147,"NY",352,"Archilochus","colubris","ruby-throated hummingbird","Animalia",103211,292,"Live individuals",2023,5,11,131,2460076,5,2023,9,22,265,2460210,6
17414,42.936153,-73.433449,147,"NY",352,"Archilochus","colubris","ruby-throated hummingbird","Animalia",103211,295,"Territorial individuals (birds)",2023,5,19,139,2460084,5,2023,6,11,162,2460107,5
17414,42.936153,-73.433449,147,"NY",352,"Archilochus","colubris","ruby-throated hummingbird","Animalia",103211,295,"Territorial individuals (birds)",2023,6,22,173,2460118,6,2023,6,28,179,2460124,7
17414,42.936153,-73.433449,147,"NY",352,"Archilochus","colubris","ruby-throated hummingbird","Animalia",103211,295,"Territorial individuals (birds)",2023,7,7,188,2460133,2,2023,7,7,188,2460133,6
17414,42.936153,-73.433449,147,"NY",352,"Archilochus","colubris","ruby-throated hummingbird","Animalia",103211,295,"Territorial individuals (birds)",2023,8,14,226,2460171,1,2023,8,14,226,2460171,1
17414,42.936153,-73.433449,147,"NY",352,"Archilochus","colubris","ruby-throated hummingbird","Animalia",103211,308,"Fledged young (altricial birds)",2023,6,28,179,2460124,12,2023,7,5,186,2460131,2
17414,42.936153,-73.433449,147,"NY",352,"Archilochus","colubris","ruby-throated hummingbird","Animalia",103211,312,"Flower visitation",2023,6,4,155,2460100,5,2023,6,4,155,2460100,7
17414,42.936153,-73.433449,147,"NY",352,"Archilochus","colubris","ruby-throated hummingbird","Animalia",103211,312,"Flower visitation",2023,8,9,221,2460166,12,2023,8,13,225,2460170,1
17414,42.936153,-73.433449,147,"NY",352,"Archilochus","colubris","ruby-throated hummingbird","Animalia",103211,312,"Flower visitation",2023,9,3,246,2460191,7,2023,9,3,246,2460191,1
17414,42.936153,-73.433449,147,"NY",352,"Archilochus","colubris","ruby-throated hummingbird","Animalia",103211,340,"Courtship ",2023,5,23,143,2460088,4,2023,6,11,162,2460107,5
17414,42.936153,-73.433449,147,"NY",352,"Archilochus","colubris","ruby-throated hummingbird","Animalia",103211,458,"Individuals at a feeding station",2023,5,11,131,2460076,5,2023,9,3,246,2460191,1
17414,42.936153,-73.433449,147,"NY",352,"Archilochus","colubris","ruby-throated hummingbird","Animalia",103211,458,"Individuals at a feeding station",2023,9,7,250,2460195,3,2023,9,22,265,2460210,6
17414,42.936153,-73.433449,147,"NY",352,"Archilochus","colubris","ruby-throated hummingbird","Animalia",103211,542,"Feeding (or foraging)",2023,5,11,131,2460076,5,2023,9,22,265,2460210,6
26000,44.93681,-93.185974,285,"MN",352,"Archilochus","colubris","ruby-throated hummingbird","Animalia",129341,292,"Live individuals",2023,5,6,126,2460071,NA,2023,7,18,199,2460144,NA
26000,44.93681,-93.185974,285,"MN",352,"Archilochus","colubris","ruby-throated hummingbird","Animalia",129341,295,"Territorial individuals (birds)",2023,5,6,126,2460071,NA,2023,5,6,126,2460071,37
26000,44.93681,-93.185974,285,"MN",352,"Archilochus","colubris","ruby-throated hummingbird","Animalia",129341,312,"Flower visitation",2023,7,18,199,2460144,36,2023,7,18,199,2460144,NA
26000,44.93681,-93.185974,285,"MN",352,"Archilochus","colubris","ruby-throated hummingbird","Animalia",129341,458,"Individuals at a feeding station",2023,6,12,163,2460108,37,2023,7,18,199,2460144,NA
26000,44.93681,-93.185974,285,"MN",352,"Archilochus","colubris","ruby-throated hummingbird","Animalia",129341,542,"Feeding (or foraging)",2023,6,12,163,2460108,37,2023,7,18,199,2460144,NA
26048,44.825459,-93.176857,263,"MN",352,"Archilochus","colubris","ruby-throated hummingbird","Animalia",131607,292,"Live individuals",2023,7,2,183,2460128,24,2023,7,2,183,2460128,28
26048,44.825459,-93.176857,263,"MN",352,"Archilochus","colubris","ruby-throated hummingbird","Animalia",131607,292,"Live individuals",2023,9,7,250,2460195,39,2023,9,7,250,2460195,NA
26048,44.825459,-93.176857,263,"MN",352,"Archilochus","colubris","ruby-throated hummingbird","Animalia",131607,458,"Individuals at a feeding station",2023,7,2,183,2460128,24,2023,7,2,183,2460128,28
26048,44.825459,-93.176857,263,"MN",352,"Archilochus","colubris","ruby-throated hummingbird","Animalia",131607,458,"Individuals at a feeding station",2023,9,7,250,2460195,39,2023,9,7,250,2460195,NA
27026,43.413593,-70.810211,157,"ME",352,"Archilochus","colubris","ruby-throated hummingbird","Animalia",137519,292,"Live individuals",2023,5,7,127,2460072,1,2023,8,9,221,2460166,42
27026,43.413593,-70.810211,157,"ME",352,"Archilochus","colubris","ruby-throated hummingbird","Animalia",137519,292,"Live individuals",2023,9,22,265,2460210,2,2023,9,22,265,2460210,10
27026,43.413593,-70.810211,157,"ME",352,"Archilochus","colubris","ruby-throated hummingbird","Animalia",137519,293,"Calls or song (birds)",2023,7,22,203,2460148,73,2023,8,9,221,2460166,42
27026,43.413593,-70.810211,157,"ME",352,"Archilochus","colubris","ruby-throated hummingbird","Animalia",137519,294,"Singing individuals (birds)",2023,7,22,203,2460148,73,2023,8,9,221,2460166,42
27026,43.413593,-70.810211,157,"ME",352,"Archilochus","colubris","ruby-throated hummingbird","Animalia",137519,295,"Territorial individuals (birds)",2023,5,10,130,2460075,2,2023,5,10,130,2460075,73
27026,43.413593,-70.810211,157,"ME",352,"Archilochus","colubris","ruby-throated hummingbird","Animalia",137519,295,"Territorial individuals (birds)",2023,8,9,221,2460166,18,2023,8,9,221,2460166,42
27026,43.413593,-70.810211,157,"ME",352,"Archilochus","colubris","ruby-throated hummingbird","Animalia",137519,308,"Fledged young (altricial birds)",2023,8,9,221,2460166,18,2023,8,9,221,2460166,42
27026,43.413593,-70.810211,157,"ME",352,"Archilochus","colubris","ruby-throated hummingbird","Animalia",137519,308,"Fledged young (altricial birds)",2023,9,22,265,2460210,2,2023,9,22,265,2460210,10
27026,43.413593,-70.810211,157,"ME",352,"Archilochus","colubris","ruby-throated hummingbird","Animalia",137519,312,"Flower visitation",2023,7,22,203,2460148,73,2023,8,9,221,2460166,42
27026,43.413593,-70.810211,157,"ME",352,"Archilochus","colubris","ruby-throated hummingbird","Animalia",137519,312,"Flower visitation",2023,9,22,265,2460210,2,2023,9,22,265,2460210,10
27026,43.413593,-70.810211,157,"ME",352,"Archilochus","colubris","ruby-throated hummingbird","Animalia",137519,340,"Courtship ",2023,5,10,130,2460075,2,2023,5,10,130,2460075,73
27026,43.413593,-70.810211,157,"ME",352,"Archilochus","colubris","ruby-throated hummingbird","Animalia",137519,457,"Insect consumption",2023,9,22,265,2460210,2,2023,9,22,265,2460210,10
27026,43.413593,-70.810211,157,"ME",352,"Archilochus","colubris","ruby-throated hummingbird","Animalia",137519,458,"Individuals at a feeding station",2023,5,7,127,2460072,1,2023,8,9,221,2460166,42
27026,43.413593,-70.810211,157,"ME",352,"Archilochus","colubris","ruby-throated hummingbird","Animalia",137519,458,"Individuals at a feeding station",2023,9,22,265,2460210,2,2023,9,22,265,2460210,10
27026,43.413593,-70.810211,157,"ME",352,"Archilochus","colubris","ruby-throated hummingbird","Animalia",137519,542,"Feeding (or foraging)",2023,5,7,127,2460072,1,2023,8,9,221,2460166,42
27026,43.413593,-70.810211,157,"ME",352,"Archilochus","colubris","ruby-throated hummingbird","Animalia",137519,542,"Feeding (or foraging)",2023,9,22,265,2460210,2,2023,9,22,265,2460210,10
28353,30.414766,-88.542511,4,"MS",352,"Archilochus","colubris","ruby-throated hummingbird","Animalia",147498,292,"Live individuals",2023,8,31,243,2460188,2,2023,9,21,264,2460209,12
28353,30.414766,-88.542511,4,"MS",352,"Archilochus","colubris","ruby-throated hummingbird","Animalia",147498,293,"Calls or song (birds)",2023,9,16,259,2460204,16,2023,9,21,264,2460209,12
28353,30.414766,-88.542511,4,"MS",352,"Archilochus","colubris","ruby-throated hummingbird","Animalia",147498,295,"Territorial individuals (birds)",2023,8,31,243,2460188,2,2023,8,31,243,2460188,16
28353,30.414766,-88.542511,4,"MS",352,"Archilochus","colubris","ruby-throated hummingbird","Animalia",147498,295,"Territorial individuals (birds)",2023,9,21,264,2460209,5,2023,9,21,264,2460209,12
28353,30.414766,-88.542511,4,"MS",352,"Archilochus","colubris","ruby-throated hummingbird","Animalia",147498,458,"Individuals at a feeding station",2023,9,16,259,2460204,16,2023,9,21,264,2460209,12
28353,30.414766,-88.542511,4,"MS",352,"Archilochus","colubris","ruby-throated hummingbird","Animalia",147498,542,"Feeding (or foraging)",2023,8,31,243,2460188,2,2023,9,21,264,2460209,12
30002,43.682541,-70.313461,26,"ME",352,"Archilochus","colubris","ruby-throated hummingbird","Animalia",159845,292,"Live individuals",2023,5,19,139,2460084,NA,2023,5,19,139,2460084,13
30002,43.682541,-70.313461,26,"ME",352,"Archilochus","colubris","ruby-throated hummingbird","Animalia",159845,292,"Live individuals",2023,6,21,172,2460117,20,2023,8,21,233,2460178,NA
30002,43.682541,-70.313461,26,"ME",352,"Archilochus","colubris","ruby-throated hummingbird","Animalia",159845,294,"Singing individuals (birds)",2023,6,21,172,2460117,20,2023,6,21,172,2460117,9
30002,43.682541,-70.313461,26,"ME",352,"Archilochus","colubris","ruby-throated hummingbird","Animalia",159845,312,"Flower visitation",2023,8,21,233,2460178,23,2023,8,21,233,2460178,NA
30002,43.682541,-70.313461,26,"ME",352,"Archilochus","colubris","ruby-throated hummingbird","Animalia",159845,458,"Individuals at a feeding station",2023,5,19,139,2460084,NA,2023,5,19,139,2460084,13
30002,43.682541,-70.313461,26,"ME",352,"Archilochus","colubris","ruby-throated hummingbird","Animalia",159845,458,"Individuals at a feeding station",2023,6,21,172,2460117,20,2023,8,21,233,2460178,NA
30002,43.682541,-70.313461,26,"ME",352,"Archilochus","colubris","ruby-throated hummingbird","Animalia",159845,542,"Feeding (or foraging)",2023,5,19,139,2460084,NA,2023,5,19,139,2460084,13
30002,43.682541,-70.313461,26,"ME",352,"Archilochus","colubris","ruby-throated hummingbird","Animalia",159845,542,"Feeding (or foraging)",2023,6,21,172,2460117,20,2023,8,21,233,2460178,NA
26897,40.128613,-75.340515,64,"PA",352,"Archilochus","colubris","ruby-throated hummingbird","Animalia",243256,292,"Live individuals",2023,8,16,228,2460173,NA,2023,8,16,228,2460173,NA
26897,40.128613,-75.340515,64,"PA",352,"Archilochus","colubris","ruby-throated hummingbird","Animalia",243256,312,"Flower visitation",2023,8,16,228,2460173,NA,2023,8,16,228,2460173,NA
26897,40.128613,-75.340515,64,"PA",352,"Archilochus","colubris","ruby-throated hummingbird","Animalia",243256,542,"Feeding (or foraging)",2023,8,16,228,2460173,NA,2023,8,16,228,2460173,NA
42615,30.388891,-89.350388,14,"MS",352,"Archilochus","colubris","ruby-throated hummingbird","Animalia",259680,292,"Live individuals",2023,4,10,100,2460045,NA,2023,10,5,278,2460223,NA
42615,30.388891,-89.350388,14,"MS",352,"Archilochus","colubris","ruby-throated hummingbird","Animalia",259680,312,"Flower visitation",2023,8,30,242,2460187,142,2023,8,30,242,2460187,12
42615,30.388891,-89.350388,14,"MS",352,"Archilochus","colubris","ruby-throated hummingbird","Animalia",259680,458,"Individuals at a feeding station",2023,4,10,100,2460045,NA,2023,10,5,278,2460223,NA
42615,30.388891,-89.350388,14,"MS",352,"Archilochus","colubris","ruby-throated hummingbird","Animalia",259680,542,"Feeding (or foraging)",2023,4,10,100,2460045,NA,2023,10,5,278,2460223,NA
43517,41.978619,-87.669334,183,"IL",352,"Archilochus","colubris","ruby-throated hummingbird","Animalia",268674,292,"Live individuals",2023,5,22,142,2460087,NA,2023,6,4,155,2460100,NA
43517,41.978619,-87.669334,183,"IL",352,"Archilochus","colubris","ruby-throated hummingbird","Animalia",268674,458,"Individuals at a feeding station",2023,5,22,142,2460087,NA,2023,5,22,142,2460087,13
43517,41.978619,-87.669334,183,"IL",352,"Archilochus","colubris","ruby-throated hummingbird","Animalia",268674,542,"Feeding (or foraging)",2023,5,22,142,2460087,NA,2023,6,4,155,2460100,NA
42783,35.738888,-82.595299,601,"NC",352,"Archilochus","colubris","ruby-throated hummingbird","Animalia",269831,542,"Feeding (or foraging)",2023,4,22,112,2460057,NA,2023,4,22,112,2460057,NA
43881,38.74696,-77.577141,69,"VA",352,"Archilochus","colubris","ruby-throated hummingbird","Animalia",270847,292,"Live individuals",2023,6,3,154,2460099,31,2023,6,3,154,2460099,NA
43881,38.74696,-77.577141,69,"VA",352,"Archilochus","colubris","ruby-throated hummingbird","Animalia",270847,312,"Flower visitation",2023,6,3,154,2460099,31,2023,6,3,154,2460099,NA
43881,38.74696,-77.577141,69,"VA",352,"Archilochus","colubris","ruby-throated hummingbird","Animalia",270847,458,"Individuals at a feeding station",2023,6,3,154,2460099,31,2023,6,3,154,2460099,NA
43881,38.74696,-77.577141,69,"VA",352,"Archilochus","colubris","ruby-throated hummingbird","Animalia",270847,542,"Feeding (or foraging)",2023,6,3,154,2460099,31,2023,6,3,154,2460099,NA
33069,43.841541,-69.502037,-9,"ME",352,"Archilochus","colubris","ruby-throated hummingbird","Animalia",295571,292,"Live individuals",2023,5,15,135,2460080,7,2023,5,29,149,2460094,17
33069,43.841541,-69.502037,-9,"ME",352,"Archilochus","colubris","ruby-throated hummingbird","Animalia",295571,458,"Individuals at a feeding station",2023,5,15,135,2460080,7,2023,5,29,149,2460094,17
33069,43.841541,-69.502037,-9,"ME",352,"Archilochus","colubris","ruby-throated hummingbird","Animalia",295571,542,"Feeding (or foraging)",2023,5,15,135,2460080,7,2023,5,29,149,2460094,17
22442,46.866772,-68.008415,177,"ME",352,"Archilochus","colubris","ruby-throated hummingbird","Animalia",295837,292,"Live individuals",2023,5,19,139,2460084,14,2023,5,19,139,2460084,NA
22442,46.866772,-68.008415,177,"ME",352,"Archilochus","colubris","ruby-throated hummingbird","Animalia",295837,458,"Individuals at a feeding station",2023,5,19,139,2460084,14,2023,5,19,139,2460084,NA
22442,46.866772,-68.008415,177,"ME",352,"Archilochus","colubris","ruby-throated hummingbird","Animalia",295837,542,"Feeding (or foraging)",2023,5,19,139,2460084,14,2023,5,19,139,2460084,NA
48445,41.992828,-88.258759,229,"IL",352,"Archilochus","colubris","ruby-throated hummingbird","Animalia",296696,292,"Live individuals",2023,6,5,156,2460101,27,2023,6,5,156,2460101,NA
48445,41.992828,-88.258759,229,"IL",352,"Archilochus","colubris","ruby-throated hummingbird","Animalia",296696,542,"Feeding (or foraging)",2023,6,5,156,2460101,27,2023,6,5,156,2460101,NA
48797,34.737301,-76.831398,1,"NC",352,"Archilochus","colubris","ruby-throated hummingbird","Animalia",298578,292,"Live individuals",2023,3,23,82,2460027,NA,2023,5,29,149,2460094,NA
48797,34.737301,-76.831398,1,"NC",352,"Archilochus","colubris","ruby-throated hummingbird","Animalia",298578,293,"Calls or song (birds)",2023,5,29,149,2460094,67,2023,5,29,149,2460094,NA
48797,34.737301,-76.831398,1,"NC",352,"Archilochus","colubris","ruby-throated hummingbird","Animalia",298578,458,"Individuals at a feeding station",2023,3,23,82,2460027,NA,2023,5,29,149,2460094,NA
48797,34.737301,-76.831398,1,"NC",352,"Archilochus","colubris","ruby-throated hummingbird","Animalia",298578,542,"Feeding (or foraging)",2023,3,23,82,2460027,NA,2023,5,29,149,2460094,NA
49687,44.718819,-93.603745,219,"MN",352,"Archilochus","colubris","ruby-throated hummingbird","Animalia",301896,292,"Live individuals",2023,7,9,190,2460135,NA,2023,9,10,253,2460198,NA
49869,44.0261,-92.525398,335,"MN",352,"Archilochus","colubris","ruby-throated hummingbird","Animalia",303909,292,"Live individuals",2023,5,15,135,2460080,2,2023,6,12,163,2460108,7
49869,44.0261,-92.525398,335,"MN",352,"Archilochus","colubris","ruby-throated hummingbird","Animalia",303909,292,"Live individuals",2023,6,27,178,2460123,8,2023,9,20,263,2460208,11
49869,44.0261,-92.525398,335,"MN",352,"Archilochus","colubris","ruby-throated hummingbird","Animalia",303909,293,"Calls or song (birds)",2023,5,19,139,2460084,6,2023,6,12,163,2460108,7
49869,44.0261,-92.525398,335,"MN",352,"Archilochus","colubris","ruby-throated hummingbird","Animalia",303909,293,"Calls or song (birds)",2023,9,4,247,2460192,18,2023,9,20,263,2460208,11
49869,44.0261,-92.525398,335,"MN",352,"Archilochus","colubris","ruby-throated hummingbird","Animalia",303909,294,"Singing individuals (birds)",2023,5,19,139,2460084,6,2023,5,19,139,2460084,14
49869,44.0261,-92.525398,335,"MN",352,"Archilochus","colubris","ruby-throated hummingbird","Animalia",303909,294,"Singing individuals (birds)",2023,6,12,163,2460108,10,2023,6,12,163,2460108,7
49869,44.0261,-92.525398,335,"MN",352,"Archilochus","colubris","ruby-throated hummingbird","Animalia",303909,295,"Territorial individuals (birds)",2023,5,15,135,2460080,2,2023,5,15,135,2460080,4
49869,44.0261,-92.525398,335,"MN",352,"Archilochus","colubris","ruby-throated hummingbird","Animalia",303909,312,"Flower visitation",2023,5,15,135,2460080,2,2023,5,15,135,2460080,4
49869,44.0261,-92.525398,335,"MN",352,"Archilochus","colubris","ruby-throated hummingbird","Animalia",303909,312,"Flower visitation",2023,6,2,153,2460098,14,2023,6,12,163,2460108,7
49869,44.0261,-92.525398,335,"MN",352,"Archilochus","colubris","ruby-throated hummingbird","Animalia",303909,312,"Flower visitation",2023,6,27,178,2460123,8,2023,9,20,263,2460208,11
49869,44.0261,-92.525398,335,"MN",352,"Archilochus","colubris","ruby-throated hummingbird","Animalia",303909,458,"Individuals at a feeding station",2023,5,15,135,2460080,2,2023,6,2,153,2460098,10
49869,44.0261,-92.525398,335,"MN",352,"Archilochus","colubris","ruby-throated hummingbird","Animalia",303909,458,"Individuals at a feeding station",2023,6,27,178,2460123,8,2023,6,27,178,2460123,38
49869,44.0261,-92.525398,335,"MN",352,"Archilochus","colubris","ruby-throated hummingbird","Animalia",303909,542,"Feeding (or foraging)",2023,5,15,135,2460080,2,2023,5,15,135,2460080,4
49869,44.0261,-92.525398,335,"MN",352,"Archilochus","colubris","ruby-throated hummingbird","Animalia",303909,542,"Feeding (or foraging)",2023,6,2,153,2460098,14,2023,6,12,163,2460108,7
49869,44.0261,-92.525398,335,"MN",352,"Archilochus","colubris","ruby-throated hummingbird","Animalia",303909,542,"Feeding (or foraging)",2023,6,27,178,2460123,8,2023,9,20,263,2460208,11
48555,33.813538,-84.28347,307,"GA",352,"Archilochus","colubris","ruby-throated hummingbird","Animalia",305106,292,"Live individuals",2023,6,25,176,2460121,8,2023,7,9,190,2460135,7
48555,33.813538,-84.28347,307,"GA",352,"Archilochus","colubris","ruby-throated hummingbird","Animalia",305106,292,"Live individuals",2023,7,23,204,2460149,7,2023,8,6,218,2460163,7
48555,33.813538,-84.28347,307,"GA",352,"Archilochus","colubris","ruby-throated hummingbird","Animalia",305106,292,"Live individuals",2023,9,3,246,2460191,7,2023,10,1,274,2460219,7
48555,33.813538,-84.28347,307,"GA",352,"Archilochus","colubris","ruby-throated hummingbird","Animalia",305106,312,"Flower visitation",2023,6,25,176,2460121,8,2023,6,25,176,2460121,7
48555,33.813538,-84.28347,307,"GA",352,"Archilochus","colubris","ruby-throated hummingbird","Animalia",305106,312,"Flower visitation",2023,7,9,190,2460135,7,2023,7,9,190,2460135,7
48555,33.813538,-84.28347,307,"GA",352,"Archilochus","colubris","ruby-throated hummingbird","Animalia",305106,312,"Flower visitation",2023,7,23,204,2460149,7,2023,7,30,211,2460156,7
48555,33.813538,-84.28347,307,"GA",352,"Archilochus","colubris","ruby-throated hummingbird","Animalia",305106,312,"Flower visitation",2023,9,3,246,2460191,7,2023,10,1,274,2460219,7
48555,33.813538,-84.28347,307,"GA",352,"Archilochus","colubris","ruby-throated hummingbird","Animalia",305106,542,"Feeding (or foraging)",2023,6,25,176,2460121,8,2023,6,25,176,2460121,7
48555,33.813538,-84.28347,307,"GA",352,"Archilochus","colubris","ruby-throated hummingbird","Animalia",305106,542,"Feeding (or foraging)",2023,7,23,204,2460149,7,2023,7,30,211,2460156,7
48555,33.813538,-84.28347,307,"GA",352,"Archilochus","colubris","ruby-throated hummingbird","Animalia",305106,542,"Feeding (or foraging)",2023,9,3,246,2460191,7,2023,9,9,252,2460197,8
48555,33.813538,-84.28347,307,"GA",352,"Archilochus","colubris","ruby-throated hummingbird","Animalia",305106,542,"Feeding (or foraging)",2023,9,24,267,2460212,7,2023,10,1,274,2460219,7
50396,34.518299,-93.058136,187,"AR",352,"Archilochus","colubris","ruby-throated hummingbird","Animalia",306463,292,"Live individuals",2023,4,26,116,2460061,7,2023,4,28,118,2460063,7
50396,34.518299,-93.058136,187,"AR",352,"Archilochus","colubris","ruby-throated hummingbird","Animalia",306463,293,"Calls or song (birds)",2023,4,28,118,2460063,9,2023,4,28,118,2460063,7
50396,34.518299,-93.058136,187,"AR",352,"Archilochus","colubris","ruby-throated hummingbird","Animalia",306463,294,"Singing individuals (birds)",2023,4,28,118,2460063,9,2023,4,28,118,2460063,7
51503,43.931763,-70.142387,59,"ME",352,"Archilochus","colubris","ruby-throated hummingbird","Animalia",312822,292,"Live individuals",2023,5,13,133,2460078,NA,2023,5,13,133,2460078,NA
51503,43.931763,-70.142387,59,"ME",352,"Archilochus","colubris","ruby-throated hummingbird","Animalia",312822,542,"Feeding (or foraging)",2023,5,13,133,2460078,NA,2023,5,13,133,2460078,NA
47078,36.3727,-80.1483,245,"NC",352,"Archilochus","colubris","ruby-throated hummingbird","Animalia",312976,292,"Live individuals",2023,4,9,99,2460044,14,2023,4,9,99,2460044,NA
47078,36.3727,-80.1483,245,"NC",352,"Archilochus","colubris","ruby-throated hummingbird","Animalia",312976,295,"Territorial individuals (birds)",2023,4,9,99,2460044,14,2023,4,9,99,2460044,NA
47078,36.3727,-80.1483,245,"NC",352,"Archilochus","colubris","ruby-throated hummingbird","Animalia",312976,312,"Flower visitation",2023,4,9,99,2460044,14,2023,4,9,99,2460044,NA
47078,36.3727,-80.1483,245,"NC",352,"Archilochus","colubris","ruby-throated hummingbird","Animalia",312976,542,"Feeding (or foraging)",2023,4,9,99,2460044,14,2023,4,9,99,2460044,NA
51709,43.978027,-69.338173,9,"ME",352,"Archilochus","colubris","ruby-throated hummingbird","Animalia",314276,292,"Live individuals",2023,5,7,127,2460072,14,2023,5,7,127,2460072,NA
51709,43.978027,-69.338173,9,"ME",352,"Archilochus","colubris","ruby-throated hummingbird","Animalia",314276,458,"Individuals at a feeding station",2023,5,7,127,2460072,14,2023,5,7,127,2460072,NA
51709,43.978027,-69.338173,9,"ME",352,"Archilochus","colubris","ruby-throated hummingbird","Animalia",314276,542,"Feeding (or foraging)",2023,5,7,127,2460072,14,2023,5,7,127,2460072,NA
51790,44.283066,-69.794212,35,"ME",352,"Archilochus","colubris","ruby-throated hummingbird","Animalia",314888,292,"Live individuals",2023,5,10,130,2460075,3,2023,5,10,130,2460075,NA
51790,44.283066,-69.794212,35,"ME",352,"Archilochus","colubris","ruby-throated hummingbird","Animalia",314888,312,"Flower visitation",2023,5,10,130,2460075,3,2023,5,10,130,2460075,NA
51790,44.283066,-69.794212,35,"ME",352,"Archilochus","colubris","ruby-throated hummingbird","Animalia",314888,542,"Feeding (or foraging)",2023,5,10,130,2460075,3,2023,5,10,130,2460075,NA
51933,43.223522,-70.582306,-12,"ME",352,"Archilochus","colubris","ruby-throated hummingbird","Animalia",315968,292,"Live individuals",2023,5,6,126,2460071,3,2023,5,6,126,2460071,2
51933,43.223522,-70.582306,-12,"ME",352,"Archilochus","colubris","ruby-throated hummingbird","Animalia",315968,292,"Live individuals",2023,5,21,141,2460086,7,2023,5,21,141,2460086,5
51933,43.223522,-70.582306,-12,"ME",352,"Archilochus","colubris","ruby-throated hummingbird","Animalia",315968,292,"Live individuals",2023,6,9,160,2460105,4,2023,6,9,160,2460105,23
51933,43.223522,-70.582306,-12,"ME",352,"Archilochus","colubris","ruby-throated hummingbird","Animalia",315968,292,"Live individuals",2023,9,5,248,2460193,14,2023,9,5,248,2460193,21
51933,43.223522,-70.582306,-12,"ME",352,"Archilochus","colubris","ruby-throated hummingbird","Animalia",315968,312,"Flower visitation",2023,5,6,126,2460071,3,2023,5,6,126,2460071,2
51933,43.223522,-70.582306,-12,"ME",352,"Archilochus","colubris","ruby-throated hummingbird","Animalia",315968,312,"Flower visitation",2023,5,21,141,2460086,7,2023,5,21,141,2460086,5
51933,43.223522,-70.582306,-12,"ME",352,"Archilochus","colubris","ruby-throated hummingbird","Animalia",315968,312,"Flower visitation",2023,9,5,248,2460193,14,2023,9,5,248,2460193,21
51933,43.223522,-70.582306,-12,"ME",352,"Archilochus","colubris","ruby-throated hummingbird","Animalia",315968,542,"Feeding (or foraging)",2023,5,6,126,2460071,3,2023,5,6,126,2460071,2
51933,43.223522,-70.582306,-12,"ME",352,"Archilochus","colubris","ruby-throated hummingbird","Animalia",315968,542,"Feeding (or foraging)",2023,9,5,248,2460193,14,2023,9,5,248,2460193,21
51935,43.223633,-70.582184,-12,"ME",352,"Archilochus","colubris","ruby-throated hummingbird","Animalia",316598,292,"Live individuals",2023,5,16,136,2460081,2,2023,5,16,136,2460081,5
51935,43.223633,-70.582184,-12,"ME",352,"Archilochus","colubris","ruby-throated hummingbird","Animalia",316598,292,"Live individuals",2023,6,4,155,2460100,9,2023,6,4,155,2460100,1
51935,43.223633,-70.582184,-12,"ME",352,"Archilochus","colubris","ruby-throated hummingbird","Animalia",316598,292,"Live individuals",2023,7,2,183,2460128,27,2023,7,22,203,2460148,31
51935,43.223633,-70.582184,-12,"ME",352,"Archilochus","colubris","ruby-throated hummingbird","Animalia",316598,293,"Calls or song (birds)",2023,7,22,203,2460148,15,2023,7,22,203,2460148,31
51935,43.223633,-70.582184,-12,"ME",352,"Archilochus","colubris","ruby-throated hummingbird","Animalia",316598,295,"Territorial individuals (birds)",2023,7,22,203,2460148,15,2023,7,22,203,2460148,31
51935,43.223633,-70.582184,-12,"ME",352,"Archilochus","colubris","ruby-throated hummingbird","Animalia",316598,312,"Flower visitation",2023,6,4,155,2460100,9,2023,6,4,155,2460100,1
51935,43.223633,-70.582184,-12,"ME",352,"Archilochus","colubris","ruby-throated hummingbird","Animalia",316598,312,"Flower visitation",2023,7,7,188,2460133,5,2023,7,22,203,2460148,31
51935,43.223633,-70.582184,-12,"ME",352,"Archilochus","colubris","ruby-throated hummingbird","Animalia",316598,458,"Individuals at a feeding station",2023,5,16,136,2460081,2,2023,5,16,136,2460081,5
51935,43.223633,-70.582184,-12,"ME",352,"Archilochus","colubris","ruby-throated hummingbird","Animalia",316598,458,"Individuals at a feeding station",2023,7,2,183,2460128,27,2023,7,2,183,2460128,5
51935,43.223633,-70.582184,-12,"ME",352,"Archilochus","colubris","ruby-throated hummingbird","Animalia",316598,458,"Individuals at a feeding station",2023,7,22,203,2460148,15,2023,7,22,203,2460148,31
51935,43.223633,-70.582184,-12,"ME",352,"Archilochus","colubris","ruby-throated hummingbird","Animalia",316598,542,"Feeding (or foraging)",2023,5,16,136,2460081,2,2023,5,16,136,2460081,5
51935,43.223633,-70.582184,-12,"ME",352,"Archilochus","colubris","ruby-throated hummingbird","Animalia",316598,542,"Feeding (or foraging)",2023,6,4,155,2460100,9,2023,6,4,155,2460100,1
51935,43.223633,-70.582184,-12,"ME",352,"Archilochus","colubris","ruby-throated hummingbird","Animalia",316598,542,"Feeding (or foraging)",2023,7,2,183,2460128,27,2023,7,22,203,2460148,31
52184,44.839306,-68.824776,48,"ME",352,"Archilochus","colubris","ruby-throated hummingbird","Animalia",317571,292,"Live individuals",2023,7,22,203,2460148,2,2023,7,22,203,2460148,7
52184,44.839306,-68.824776,48,"ME",352,"Archilochus","colubris","ruby-throated hummingbird","Animalia",317571,295,"Territorial individuals (birds)",2023,7,22,203,2460148,2,2023,7,22,203,2460148,7
52184,44.839306,-68.824776,48,"ME",352,"Archilochus","colubris","ruby-throated hummingbird","Animalia",317571,312,"Flower visitation",2023,7,22,203,2460148,2,2023,7,22,203,2460148,7
52184,44.839306,-68.824776,48,"ME",352,"Archilochus","colubris","ruby-throated hummingbird","Animalia",317571,542,"Feeding (or foraging)",2023,7,22,203,2460148,2,2023,7,22,203,2460148,7
52173,44.744766,-68.830925,41,"ME",352,"Archilochus","colubris","ruby-throated hummingbird","Animalia",317611,292,"Live individuals",2023,5,19,139,2460084,NA,2023,5,19,139,2460084,NA
52173,44.744766,-68.830925,41,"ME",352,"Archilochus","colubris","ruby-throated hummingbird","Animalia",317611,542,"Feeding (or foraging)",2023,5,19,139,2460084,NA,2023,5,19,139,2460084,NA
52339,41.700356,-86.859642,192,"IN",352,"Archilochus","colubris","ruby-throated hummingbird","Animalia",318352,292,"Live individuals",2023,9,12,255,2460200,NA,2023,9,12,255,2460200,NA
52339,41.700356,-86.859642,192,"IN",352,"Archilochus","colubris","ruby-throated hummingbird","Animalia",318352,312,"Flower visitation",2023,9,12,255,2460200,NA,2023,9,12,255,2460200,NA
52339,41.700356,-86.859642,192,"IN",352,"Archilochus","colubris","ruby-throated hummingbird","Animalia",318352,542,"Feeding (or foraging)",2023,9,12,255,2460200,NA,2023,9,12,255,2460200,NA
52469,41.323093,-73.259254,115,"CT",352,"Archilochus","colubris","ruby-throated hummingbird","Animalia",318915,292,"Live individuals",2023,7,8,189,2460134,NA,2023,7,9,190,2460135,NA
52469,41.323093,-73.259254,115,"CT",352,"Archilochus","colubris","ruby-throated hummingbird","Animalia",318915,312,"Flower visitation",2023,7,8,189,2460134,NA,2023,7,8,189,2460134,1
52469,41.323093,-73.259254,115,"CT",352,"Archilochus","colubris","ruby-throated hummingbird","Animalia",318915,458,"Individuals at a feeding station",2023,7,9,190,2460135,1,2023,7,9,190,2460135,NA
52469,41.323093,-73.259254,115,"CT",352,"Archilochus","colubris","ruby-throated hummingbird","Animalia",318915,542,"Feeding (or foraging)",2023,7,8,189,2460134,NA,2023,7,9,190,2460135,NA
27985,30.430569,-88.833397,7,"MS",352,"Archilochus","colubris","ruby-throated hummingbird","Animalia",321469,292,"Live individuals",2023,9,25,268,2460213,NA,2023,9,25,268,2460213,NA
27985,30.430569,-88.833397,7,"MS",352,"Archilochus","colubris","ruby-throated hummingbird","Animalia",321469,293,"Calls or song (birds)",2023,9,25,268,2460213,NA,2023,9,25,268,2460213,NA
27985,30.430569,-88.833397,7,"MS",352,"Archilochus","colubris","ruby-throated hummingbird","Animalia",321469,295,"Territorial individuals (birds)",2023,9,25,268,2460213,NA,2023,9,25,268,2460213,NA
27985,30.430569,-88.833397,7,"MS",352,"Archilochus","colubris","ruby-throated hummingbird","Animalia",321469,458,"Individuals at a feeding station",2023,9,25,268,2460213,NA,2023,9,25,268,2460213,NA
27985,30.430569,-88.833397,7,"MS",352,"Archilochus","colubris","ruby-throated hummingbird","Animalia",321469,542,"Feeding (or foraging)",2023,9,25,268,2460213,NA,2023,9,25,268,2460213,NA
5674,44.910587,-70.266861,261,"ME",352,"Archilochus","colubris","ruby-throated hummingbird","Animalia",12712,292,"Live individuals",2024,5,6,127,2460437,3,2024,9,8,252,2460562,7
5674,44.910587,-70.266861,261,"ME",352,"Archilochus","colubris","ruby-throated hummingbird","Animalia",12712,293,"Calls or song (birds)",2024,6,30,182,2460492,7,2024,6,30,182,2460492,7
5674,44.910587,-70.266861,261,"ME",352,"Archilochus","colubris","ruby-throated hummingbird","Animalia",12712,294,"Singing individuals (birds)",2024,6,30,182,2460492,7,2024,6,30,182,2460492,7
5674,44.910587,-70.266861,261,"ME",352,"Archilochus","colubris","ruby-throated hummingbird","Animalia",12712,295,"Territorial individuals (birds)",2024,5,13,134,2460444,7,2024,9,1,245,2460555,7
5674,44.910587,-70.266861,261,"ME",352,"Archilochus","colubris","ruby-throated hummingbird","Animalia",12712,312,"Flower visitation",2024,5,20,141,2460451,6,2024,5,20,141,2460451,5
5674,44.910587,-70.266861,261,"ME",352,"Archilochus","colubris","ruby-throated hummingbird","Animalia",12712,312,"Flower visitation",2024,5,29,150,2460460,4,2024,5,29,150,2460460,4
5674,44.910587,-70.266861,261,"ME",352,"Archilochus","colubris","ruby-throated hummingbird","Animalia",12712,312,"Flower visitation",2024,6,16,168,2460478,7,2024,7,14,196,2460506,7
5674,44.910587,-70.266861,261,"ME",352,"Archilochus","colubris","ruby-throated hummingbird","Animalia",12712,312,"Flower visitation",2024,7,28,210,2460520,7,2024,8,11,224,2460534,7
5674,44.910587,-70.266861,261,"ME",352,"Archilochus","colubris","ruby-throated hummingbird","Animalia",12712,312,"Flower visitation",2024,9,1,245,2460555,7,2024,9,8,252,2460562,7
5674,44.910587,-70.266861,261,"ME",352,"Archilochus","colubris","ruby-throated hummingbird","Animalia",12712,458,"Individuals at a feeding station",2024,5,6,127,2460437,3,2024,9,8,252,2460562,7
5674,44.910587,-70.266861,261,"ME",352,"Archilochus","colubris","ruby-throated hummingbird","Animalia",12712,542,"Feeding (or foraging)",2024,5,6,127,2460437,3,2024,9,8,252,2460562,7
6481,42.456135,-72.344215,265,"MA",352,"Archilochus","colubris","ruby-throated hummingbird","Animalia",19040,292,"Live individuals",2024,5,2,123,2460433,3,2024,5,2,123,2460433,4
6481,42.456135,-72.344215,265,"MA",352,"Archilochus","colubris","ruby-throated hummingbird","Animalia",19040,292,"Live individuals",2024,5,8,129,2460439,2,2024,5,8,129,2460439,10
6481,42.456135,-72.344215,265,"MA",352,"Archilochus","colubris","ruby-throated hummingbird","Animalia",19040,292,"Live individuals",2024,7,6,188,2460498,15,2024,7,25,207,2460517,37
6481,42.456135,-72.344215,265,"MA",352,"Archilochus","colubris","ruby-throated hummingbird","Animalia",19040,292,"Live individuals",2024,9,3,247,2460557,3,2024,9,3,247,2460557,36
6481,42.456135,-72.344215,265,"MA",352,"Archilochus","colubris","ruby-throated hummingbird","Animalia",19040,312,"Flower visitation",2024,7,21,203,2460513,15,2024,7,21,203,2460513,41
6481,42.456135,-72.344215,265,"MA",352,"Archilochus","colubris","ruby-throated hummingbird","Animalia",19040,542,"Feeding (or foraging)",2024,7,21,203,2460513,15,2024,7,25,207,2460517,37
8496,46.328629,-96.061256,393,"MN",352,"Archilochus","colubris","ruby-throated hummingbird","Animalia",25784,292,"Live individuals",2024,5,31,152,2460462,25,2024,5,31,152,2460462,NA
8496,46.328629,-96.061256,393,"MN",352,"Archilochus","colubris","ruby-throated hummingbird","Animalia",25784,458,"Individuals at a feeding station",2024,5,31,152,2460462,25,2024,5,31,152,2460462,NA
8496,46.328629,-96.061256,393,"MN",352,"Archilochus","colubris","ruby-throated hummingbird","Animalia",25784,542,"Feeding (or foraging)",2024,5,31,152,2460462,25,2024,5,31,152,2460462,NA
8715,43.522804,-70.802277,215,"ME",352,"Archilochus","colubris","ruby-throated hummingbird","Animalia",28193,292,"Live individuals",2024,6,1,153,2460463,7,2024,6,1,153,2460463,23
8715,43.522804,-70.802277,215,"ME",352,"Archilochus","colubris","ruby-throated hummingbird","Animalia",28193,292,"Live individuals",2024,7,20,202,2460512,12,2024,7,20,202,2460512,NA
8715,43.522804,-70.802277,215,"ME",352,"Archilochus","colubris","ruby-throated hummingbird","Animalia",28193,295,"Territorial individuals (birds)",2024,6,1,153,2460463,7,2024,6,1,153,2460463,23
8715,43.522804,-70.802277,215,"ME",352,"Archilochus","colubris","ruby-throated hummingbird","Animalia",28193,458,"Individuals at a feeding station",2024,6,1,153,2460463,7,2024,6,1,153,2460463,23
8715,43.522804,-70.802277,215,"ME",352,"Archilochus","colubris","ruby-throated hummingbird","Animalia",28193,458,"Individuals at a feeding station",2024,7,20,202,2460512,12,2024,7,20,202,2460512,NA
8715,43.522804,-70.802277,215,"ME",352,"Archilochus","colubris","ruby-throated hummingbird","Animalia",28193,542,"Feeding (or foraging)",2024,6,1,153,2460463,7,2024,6,1,153,2460463,23
8715,43.522804,-70.802277,215,"ME",352,"Archilochus","colubris","ruby-throated hummingbird","Animalia",28193,542,"Feeding (or foraging)",2024,7,20,202,2460512,12,2024,7,20,202,2460512,NA
8418,32.363758,-94.873947,115,"TX",352,"Archilochus","colubris","ruby-throated hummingbird","Animalia",30980,292,"Live individuals",2024,3,28,88,2460398,4,2024,3,28,88,2460398,3
8418,32.363758,-94.873947,115,"TX",352,"Archilochus","colubris","ruby-throated hummingbird","Animalia",30980,292,"Live individuals",2024,4,4,95,2460405,4,2024,4,21,112,2460422,4
8418,32.363758,-94.873947,115,"TX",352,"Archilochus","colubris","ruby-throated hummingbird","Animalia",30980,292,"Live individuals",2024,4,28,119,2460429,3,2024,5,2,123,2460433,6
8418,32.363758,-94.873947,115,"TX",352,"Archilochus","colubris","ruby-throated hummingbird","Animalia",30980,292,"Live individuals",2024,5,12,133,2460443,4,2024,5,20,141,2460451,2
8418,32.363758,-94.873947,115,"TX",352,"Archilochus","colubris","ruby-throated hummingbird","Animalia",30980,292,"Live individuals",2024,5,26,147,2460457,4,2024,6,9,161,2460471,4
8418,32.363758,-94.873947,115,"TX",352,"Archilochus","colubris","ruby-throated hummingbird","Animalia",30980,292,"Live individuals",2024,6,16,168,2460478,3,2024,9,8,252,2460562,63
8418,32.363758,-94.873947,115,"TX",352,"Archilochus","colubris","ruby-throated hummingbird","Animalia",30980,293,"Calls or song (birds)",2024,4,11,102,2460412,4,2024,4,11,102,2460412,7
8418,32.363758,-94.873947,115,"TX",352,"Archilochus","colubris","ruby-throated hummingbird","Animalia",30980,293,"Calls or song (birds)",2024,4,21,112,2460422,3,2024,4,21,112,2460422,4
8418,32.363758,-94.873947,115,"TX",352,"Archilochus","colubris","ruby-throated hummingbird","Animalia",30980,293,"Calls or song (birds)",2024,5,2,123,2460433,4,2024,5,2,123,2460433,6
8418,32.363758,-94.873947,115,"TX",352,"Archilochus","colubris","ruby-throated hummingbird","Animalia",30980,293,"Calls or song (birds)",2024,5,12,133,2460443,4,2024,5,12,133,2460443,4
8418,32.363758,-94.873947,115,"TX",352,"Archilochus","colubris","ruby-throated hummingbird","Animalia",30980,293,"Calls or song (birds)",2024,5,26,147,2460457,4,2024,6,9,161,2460471,4
8418,32.363758,-94.873947,115,"TX",352,"Archilochus","colubris","ruby-throated hummingbird","Animalia",30980,293,"Calls or song (birds)",2024,6,16,168,2460478,3,2024,6,16,168,2460478,7
8418,32.363758,-94.873947,115,"TX",352,"Archilochus","colubris","ruby-throated hummingbird","Animalia",30980,293,"Calls or song (birds)",2024,7,21,203,2460513,7,2024,7,25,207,2460517,3
8418,32.363758,-94.873947,115,"TX",352,"Archilochus","colubris","ruby-throated hummingbird","Animalia",30980,293,"Calls or song (birds)",2024,8,1,214,2460524,4,2024,8,13,226,2460536,2
8418,32.363758,-94.873947,115,"TX",352,"Archilochus","colubris","ruby-throated hummingbird","Animalia",30980,293,"Calls or song (birds)",2024,8,18,231,2460541,3,2024,9,8,252,2460562,63
8418,32.363758,-94.873947,115,"TX",352,"Archilochus","colubris","ruby-throated hummingbird","Animalia",30980,295,"Territorial individuals (birds)",2024,7,4,186,2460496,4,2024,7,25,207,2460517,3
8418,32.363758,-94.873947,115,"TX",352,"Archilochus","colubris","ruby-throated hummingbird","Animalia",30980,295,"Territorial individuals (birds)",2024,8,1,214,2460524,4,2024,8,1,214,2460524,3
8418,32.363758,-94.873947,115,"TX",352,"Archilochus","colubris","ruby-throated hummingbird","Animalia",30980,295,"Territorial individuals (birds)",2024,8,8,221,2460531,4,2024,8,13,226,2460536,2
8418,32.363758,-94.873947,115,"TX",352,"Archilochus","colubris","ruby-throated hummingbird","Animalia",30980,295,"Territorial individuals (birds)",2024,8,18,231,2460541,3,2024,8,25,238,2460548,3
8418,32.363758,-94.873947,115,"TX",352,"Archilochus","colubris","ruby-throated hummingbird","Animalia",30980,295,"Territorial individuals (birds)",2024,9,1,245,2460555,4,2024,9,5,249,2460559,3
8418,32.363758,-94.873947,115,"TX",352,"Archilochus","colubris","ruby-throated hummingbird","Animalia",30980,312,"Flower visitation",2024,5,16,137,2460447,4,2024,5,20,141,2460451,2
8418,32.363758,-94.873947,115,"TX",352,"Archilochus","colubris","ruby-throated hummingbird","Animalia",30980,312,"Flower visitation",2024,5,26,147,2460457,4,2024,6,3,155,2460465,3
8418,32.363758,-94.873947,115,"TX",352,"Archilochus","colubris","ruby-throated hummingbird","Animalia",30980,312,"Flower visitation",2024,6,23,175,2460485,7,2024,6,27,179,2460489,3
8418,32.363758,-94.873947,115,"TX",352,"Archilochus","colubris","ruby-throated hummingbird","Animalia",30980,312,"Flower visitation",2024,7,4,186,2460496,4,2024,7,25,207,2460517,3
8418,32.363758,-94.873947,115,"TX",352,"Archilochus","colubris","ruby-throated hummingbird","Animalia",30980,312,"Flower visitation",2024,8,1,214,2460524,4,2024,8,8,221,2460531,5
8418,32.363758,-94.873947,115,"TX",352,"Archilochus","colubris","ruby-throated hummingbird","Animalia",30980,312,"Flower visitation",2024,8,15,228,2460538,2,2024,8,18,231,2460541,4
8418,32.363758,-94.873947,115,"TX",352,"Archilochus","colubris","ruby-throated hummingbird","Animalia",30980,312,"Flower visitation",2024,9,8,252,2460562,3,2024,9,8,252,2460562,63
8418,32.363758,-94.873947,115,"TX",352,"Archilochus","colubris","ruby-throated hummingbird","Animalia",30980,457,"Insect consumption",2024,7,11,193,2460503,4,2024,7,11,193,2460503,3
8418,32.363758,-94.873947,115,"TX",352,"Archilochus","colubris","ruby-throated hummingbird","Animalia",30980,458,"Individuals at a feeding station",2024,3,28,88,2460398,4,2024,3,28,88,2460398,3
8418,32.363758,-94.873947,115,"TX",352,"Archilochus","colubris","ruby-throated hummingbird","Animalia",30980,458,"Individuals at a feeding station",2024,4,7,98,2460408,3,2024,4,11,102,2460412,7
8418,32.363758,-94.873947,115,"TX",352,"Archilochus","colubris","ruby-throated hummingbird","Animalia",30980,458,"Individuals at a feeding station",2024,4,21,112,2460422,3,2024,4,21,112,2460422,4
8418,32.363758,-94.873947,115,"TX",352,"Archilochus","colubris","ruby-throated hummingbird","Animalia",30980,458,"Individuals at a feeding station",2024,4,28,119,2460429,3,2024,5,2,123,2460433,6
8418,32.363758,-94.873947,115,"TX",352,"Archilochus","colubris","ruby-throated hummingbird","Animalia",30980,458,"Individuals at a feeding station",2024,5,20,141,2460451,4,2024,5,20,141,2460451,2
8418,32.363758,-94.873947,115,"TX",352,"Archilochus","colubris","ruby-throated hummingbird","Animalia",30980,458,"Individuals at a feeding station",2024,6,3,155,2460465,8,2024,6,3,155,2460465,3
8418,32.363758,-94.873947,115,"TX",352,"Archilochus","colubris","ruby-throated hummingbird","Animalia",30980,458,"Individuals at a feeding station",2024,6,9,161,2460471,3,2024,6,9,161,2460471,4
8418,32.363758,-94.873947,115,"TX",352,"Archilochus","colubris","ruby-throated hummingbird","Animalia",30980,458,"Individuals at a feeding station",2024,6,16,168,2460478,3,2024,6,27,179,2460489,3
8418,32.363758,-94.873947,115,"TX",352,"Archilochus","colubris","ruby-throated hummingbird","Animalia",30980,458,"Individuals at a feeding station",2024,7,4,186,2460496,4,2024,7,25,207,2460517,3
8418,32.363758,-94.873947,115,"TX",352,"Archilochus","colubris","ruby-throated hummingbird","Animalia",30980,458,"Individuals at a feeding station",2024,8,1,214,2460524,4,2024,8,8,221,2460531,5
8418,32.363758,-94.873947,115,"TX",352,"Archilochus","colubris","ruby-throated hummingbird","Animalia",30980,458,"Individuals at a feeding station",2024,8,18,231,2460541,3,2024,9,8,252,2460562,63
8418,32.363758,-94.873947,115,"TX",352,"Archilochus","colubris","ruby-throated hummingbird","Animalia",30980,542,"Feeding (or foraging)",2024,3,28,88,2460398,4,2024,3,28,88,2460398,3
8418,32.363758,-94.873947,115,"TX",352,"Archilochus","colubris","ruby-throated hummingbird","Animalia",30980,542,"Feeding (or foraging)",2024,4,7,98,2460408,3,2024,4,11,102,2460412,7
8418,32.363758,-94.873947,115,"TX",352,"Archilochus","colubris","ruby-throated hummingbird","Animalia",30980,542,"Feeding (or foraging)",2024,4,21,112,2460422,3,2024,4,21,112,2460422,4
8418,32.363758,-94.873947,115,"TX",352,"Archilochus","colubris","ruby-throated hummingbird","Animalia",30980,542,"Feeding (or foraging)",2024,4,28,119,2460429,3,2024,5,2,123,2460433,6
8418,32.363758,-94.873947,115,"TX",352,"Archilochus","colubris","ruby-throated hummingbird","Animalia",30980,542,"Feeding (or foraging)",2024,5,16,137,2460447,4,2024,5,20,141,2460451,2
8418,32.363758,-94.873947,115,"TX",352,"Archilochus","colubris","ruby-throated hummingbird","Animalia",30980,542,"Feeding (or foraging)",2024,5,26,147,2460457,4,2024,6,3,155,2460465,3
8418,32.363758,-94.873947,115,"TX",352,"Archilochus","colubris","ruby-throated hummingbird","Animalia",30980,542,"Feeding (or foraging)",2024,6,9,161,2460471,3,2024,6,9,161,2460471,4
8418,32.363758,-94.873947,115,"TX",352,"Archilochus","colubris","ruby-throated hummingbird","Animalia",30980,542,"Feeding (or foraging)",2024,6,16,168,2460478,3,2024,6,27,179,2460489,3
8418,32.363758,-94.873947,115,"TX",352,"Archilochus","colubris","ruby-throated hummingbird","Animalia",30980,542,"Feeding (or foraging)",2024,7,4,186,2460496,4,2024,7,25,207,2460517,3
8418,32.363758,-94.873947,115,"TX",352,"Archilochus","colubris","ruby-throated hummingbird","Animalia",30980,542,"Feeding (or foraging)",2024,8,1,214,2460524,4,2024,8,8,221,2460531,5
8418,32.363758,-94.873947,115,"TX",352,"Archilochus","colubris","ruby-throated hummingbird","Animalia",30980,542,"Feeding (or foraging)",2024,8,15,228,2460538,2,2024,9,8,252,2460562,63
10145,42.602543,-83.250992,277,"MI",352,"Archilochus","colubris","ruby-throated hummingbird","Animalia",38951,458,"Individuals at a feeding station",2024,5,13,134,2460444,1,2024,5,13,134,2460444,1
10145,42.602543,-83.250992,277,"MI",352,"Archilochus","colubris","ruby-throated hummingbird","Animalia",38951,458,"Individuals at a feeding station",2024,5,15,136,2460446,1,2024,5,16,137,2460447,1
10145,42.602543,-83.250992,277,"MI",352,"Archilochus","colubris","ruby-throated hummingbird","Animalia",38951,458,"Individuals at a feeding station",2024,7,23,205,2460515,2,2024,7,23,205,2460515,1
10145,42.602543,-83.250992,277,"MI",352,"Archilochus","colubris","ruby-throated hummingbird","Animalia",38951,458,"Individuals at a feeding station",2024,7,28,210,2460520,1,2024,7,28,210,2460520,1
10145,42.602543,-83.250992,277,"MI",352,"Archilochus","colubris","ruby-throated hummingbird","Animalia",38951,458,"Individuals at a feeding station",2024,8,1,214,2460524,1,2024,8,9,222,2460532,1
10145,42.602543,-83.250992,277,"MI",352,"Archilochus","colubris","ruby-throated hummingbird","Animalia",38951,458,"Individuals at a feeding station",2024,8,16,229,2460539,6,2024,8,16,229,2460539,1
10145,42.602543,-83.250992,277,"MI",352,"Archilochus","colubris","ruby-throated hummingbird","Animalia",38951,458,"Individuals at a feeding station",2024,8,18,231,2460541,1,2024,8,21,234,2460544,1
10145,42.602543,-83.250992,277,"MI",352,"Archilochus","colubris","ruby-throated hummingbird","Animalia",38951,458,"Individuals at a feeding station",2024,8,23,236,2460546,1,2024,8,25,238,2460548,1
10145,42.602543,-83.250992,277,"MI",352,"Archilochus","colubris","ruby-throated hummingbird","Animalia",38951,458,"Individuals at a feeding station",2024,8,27,240,2460550,1,2024,8,31,244,2460554,1
10145,42.602543,-83.250992,277,"MI",352,"Archilochus","colubris","ruby-throated hummingbird","Animalia",38951,458,"Individuals at a feeding station",2024,9,4,248,2460558,1,2024,9,5,249,2460559,1
1904,47.143215,-93.431,399,"MN",352,"Archilochus","colubris","ruby-throated hummingbird","Animalia",66669,292,"Live individuals",2024,5,12,133,2460443,13,2024,10,6,280,2460590,NA
1904,47.143215,-93.431,399,"MN",352,"Archilochus","colubris","ruby-throated hummingbird","Animalia",66669,308,"Fledged young (altricial birds)",2024,6,23,175,2460485,42,2024,6,23,175,2460485,13
1904,47.143215,-93.431,399,"MN",352,"Archilochus","colubris","ruby-throated hummingbird","Animalia",66669,458,"Individuals at a feeding station",2024,5,12,133,2460443,13,2024,10,6,280,2460590,NA
17414,42.936153,-73.433449,147,"NY",352,"Archilochus","colubris","ruby-throated hummingbird","Animalia",103211,292,"Live individuals",2024,5,1,122,2460432,1,2024,6,4,156,2460466,5
17414,42.936153,-73.433449,147,"NY",352,"Archilochus","colubris","ruby-throated hummingbird","Animalia",103211,292,"Live individuals",2024,6,13,165,2460475,4,2024,9,14,258,2460568,6
17414,42.936153,-73.433449,147,"NY",352,"Archilochus","colubris","ruby-throated hummingbird","Animalia",103211,293,"Calls or song (birds)",2024,5,27,148,2460458,5,2024,5,27,148,2460458,8
17414,42.936153,-73.433449,147,"NY",352,"Archilochus","colubris","ruby-throated hummingbird","Animalia",103211,293,"Calls or song (birds)",2024,7,6,188,2460498,10,2024,7,6,188,2460498,8
17414,42.936153,-73.433449,147,"NY",352,"Archilochus","colubris","ruby-throated hummingbird","Animalia",103211,293,"Calls or song (birds)",2024,8,2,215,2460525,5,2024,8,2,215,2460525,7
17414,42.936153,-73.433449,147,"NY",352,"Archilochus","colubris","ruby-throated hummingbird","Animalia",103211,294,"Singing individuals (birds)",2024,8,24,237,2460547,6,2024,8,24,237,2460547,7
17414,42.936153,-73.433449,147,"NY",352,"Archilochus","colubris","ruby-throated hummingbird","Animalia",103211,295,"Territorial individuals (birds)",2024,7,6,188,2460498,10,2024,7,6,188,2460498,8
17414,42.936153,-73.433449,147,"NY",352,"Archilochus","colubris","ruby-throated hummingbird","Animalia",103211,295,"Territorial individuals (birds)",2024,8,2,215,2460525,5,2024,8,2,215,2460525,7
17414,42.936153,-73.433449,147,"NY",352,"Archilochus","colubris","ruby-throated hummingbird","Animalia",103211,295,"Territorial individuals (birds)",2024,8,24,237,2460547,6,2024,8,24,237,2460547,7
17414,42.936153,-73.433449,147,"NY",352,"Archilochus","colubris","ruby-throated hummingbird","Animalia",103211,312,"Flower visitation",2024,6,16,168,2460478,3,2024,6,16,168,2460478,10
17414,42.936153,-73.433449,147,"NY",352,"Archilochus","colubris","ruby-throated hummingbird","Animalia",103211,312,"Flower visitation",2024,7,28,210,2460520,12,2024,8,31,244,2460554,3
17414,42.936153,-73.433449,147,"NY",352,"Archilochus","colubris","ruby-throated hummingbird","Animalia",103211,312,"Flower visitation",2024,9,7,251,2460561,4,2024,9,14,258,2460568,6
17414,42.936153,-73.433449,147,"NY",352,"Archilochus","colubris","ruby-throated hummingbird","Animalia",103211,315,"Dead individuals",2024,5,22,143,2460453,11,2024,5,22,143,2460453,5
17414,42.936153,-73.433449,147,"NY",352,"Archilochus","colubris","ruby-throated hummingbird","Animalia",103211,458,"Individuals at a feeding station",2024,5,1,122,2460432,1,2024,8,31,244,2460554,3
17414,42.936153,-73.433449,147,"NY",352,"Archilochus","colubris","ruby-throated hummingbird","Animalia",103211,542,"Feeding (or foraging)",2024,5,1,122,2460432,1,2024,8,31,244,2460554,3
17414,42.936153,-73.433449,147,"NY",352,"Archilochus","colubris","ruby-throated hummingbird","Animalia",103211,542,"Feeding (or foraging)",2024,9,7,251,2460561,4,2024,9,7,251,2460561,7
25361,36.44083,-84.323593,554,"TN",352,"Archilochus","colubris","ruby-throated hummingbird","Animalia",122201,292,"Live individuals",2024,4,9,100,2460410,2,2024,4,11,102,2460412,NA
25361,36.44083,-84.323593,554,"TN",352,"Archilochus","colubris","ruby-throated hummingbird","Animalia",122201,458,"Individuals at a feeding station",2024,4,9,100,2460410,2,2024,4,11,102,2460412,NA
25361,36.44083,-84.323593,554,"TN",352,"Archilochus","colubris","ruby-throated hummingbird","Animalia",122201,542,"Feeding (or foraging)",2024,4,9,100,2460410,2,2024,4,11,102,2460412,NA
26000,44.93681,-93.185974,285,"MN",352,"Archilochus","colubris","ruby-throated hummingbird","Animalia",129341,292,"Live individuals",2024,5,8,129,2460439,4,2024,5,8,129,2460439,NA
26000,44.93681,-93.185974,285,"MN",352,"Archilochus","colubris","ruby-throated hummingbird","Animalia",129341,458,"Individuals at a feeding station",2024,5,8,129,2460439,4,2024,5,8,129,2460439,NA
26000,44.93681,-93.185974,285,"MN",352,"Archilochus","colubris","ruby-throated hummingbird","Animalia",129341,542,"Feeding (or foraging)",2024,5,8,129,2460439,4,2024,5,8,129,2460439,NA
27026,43.413593,-70.810211,157,"ME",352,"Archilochus","colubris","ruby-throated hummingbird","Animalia",137519,292,"Live individuals",2024,5,11,132,2460442,11,2024,7,15,197,2460507,NA
27026,43.413593,-70.810211,157,"ME",352,"Archilochus","colubris","ruby-throated hummingbird","Animalia",137519,293,"Calls or song (birds)",2024,5,15,136,2460446,4,2024,7,15,197,2460507,NA
27026,43.413593,-70.810211,157,"ME",352,"Archilochus","colubris","ruby-throated hummingbird","Animalia",137519,294,"Singing individuals (birds)",2024,5,26,147,2460457,11,2024,7,15,197,2460507,NA
27026,43.413593,-70.810211,157,"ME",352,"Archilochus","colubris","ruby-throated hummingbird","Animalia",137519,295,"Territorial individuals (birds)",2024,5,15,136,2460446,4,2024,7,15,197,2460507,NA
27026,43.413593,-70.810211,157,"ME",352,"Archilochus","colubris","ruby-throated hummingbird","Animalia",137519,308,"Fledged young (altricial birds)",2024,6,18,170,2460480,23,2024,7,15,197,2460507,NA
27026,43.413593,-70.810211,157,"ME",352,"Archilochus","colubris","ruby-throated hummingbird","Animalia",137519,312,"Flower visitation",2024,6,18,170,2460480,23,2024,7,15,197,2460507,NA
27026,43.413593,-70.810211,157,"ME",352,"Archilochus","colubris","ruby-throated hummingbird","Animalia",137519,340,"Courtship ",2024,5,15,136,2460446,4,2024,6,18,170,2460480,22
27026,43.413593,-70.810211,157,"ME",352,"Archilochus","colubris","ruby-throated hummingbird","Animalia",137519,457,"Insect consumption",2024,7,15,197,2460507,5,2024,7,15,197,2460507,NA
27026,43.413593,-70.810211,157,"ME",352,"Archilochus","colubris","ruby-throated hummingbird","Animalia",137519,458,"Individuals at a feeding station",2024,6,18,170,2460480,23,2024,7,15,197,2460507,NA
27026,43.413593,-70.810211,157,"ME",352,"Archilochus","colubris","ruby-throated hummingbird","Animalia",137519,542,"Feeding (or foraging)",2024,5,11,132,2460442,11,2024,7,15,197,2460507,NA
30051,44.478752,-84.672668,364,"MI",352,"Archilochus","colubris","ruby-throated hummingbird","Animalia",160587,292,"Live individuals",2024,5,4,125,2460435,NA,2024,5,4,125,2460435,NA
30051,44.478752,-84.672668,364,"MI",352,"Archilochus","colubris","ruby-throated hummingbird","Animalia",160587,542,"Feeding (or foraging)",2024,5,4,125,2460435,NA,2024,5,4,125,2460435,NA
26897,40.128613,-75.340515,64,"PA",352,"Archilochus","colubris","ruby-throated hummingbird","Animalia",243256,292,"Live individuals",2024,8,14,227,2460537,NA,2024,8,14,227,2460537,NA
26897,40.128613,-75.340515,64,"PA",352,"Archilochus","colubris","ruby-throated hummingbird","Animalia",243256,312,"Flower visitation",2024,8,14,227,2460537,NA,2024,8,14,227,2460537,NA
26897,40.128613,-75.340515,64,"PA",352,"Archilochus","colubris","ruby-throated hummingbird","Animalia",243256,542,"Feeding (or foraging)",2024,8,14,227,2460537,NA,2024,8,14,227,2460537,NA
40211,39.18446,-84.357018,241,"OH",352,"Archilochus","colubris","ruby-throated hummingbird","Animalia",246641,292,"Live individuals",2024,8,11,224,2460534,129,2024,8,11,224,2460534,96
40211,39.18446,-84.357018,241,"OH",352,"Archilochus","colubris","ruby-throated hummingbird","Animalia",246641,293,"Calls or song (birds)",2024,8,11,224,2460534,129,2024,8,11,224,2460534,96
40211,39.18446,-84.357018,241,"OH",352,"Archilochus","colubris","ruby-throated hummingbird","Animalia",246641,294,"Singing individuals (birds)",2024,8,11,224,2460534,129,2024,8,11,224,2460534,96
40211,39.18446,-84.357018,241,"OH",352,"Archilochus","colubris","ruby-throated hummingbird","Animalia",246641,295,"Territorial individuals (birds)",2024,8,11,224,2460534,129,2024,8,11,224,2460534,96
40211,39.18446,-84.357018,241,"OH",352,"Archilochus","colubris","ruby-throated hummingbird","Animalia",246641,308,"Fledged young (altricial birds)",2024,8,11,224,2460534,129,2024,8,11,224,2460534,96
40211,39.18446,-84.357018,241,"OH",352,"Archilochus","colubris","ruby-throated hummingbird","Animalia",246641,312,"Flower visitation",2024,8,11,224,2460534,129,2024,8,11,224,2460534,96
40211,39.18446,-84.357018,241,"OH",352,"Archilochus","colubris","ruby-throated hummingbird","Animalia",246641,315,"Dead individuals",2024,8,11,224,2460534,129,2024,8,11,224,2460534,96
40211,39.18446,-84.357018,241,"OH",352,"Archilochus","colubris","ruby-throated hummingbird","Animalia",246641,316,"Dead nestlings or young (birds)",2024,8,11,224,2460534,129,2024,8,11,224,2460534,96
40211,39.18446,-84.357018,241,"OH",352,"Archilochus","colubris","ruby-throated hummingbird","Animalia",246641,458,"Individuals at a feeding station",2024,8,11,224,2460534,129,2024,8,11,224,2460534,96
40211,39.18446,-84.357018,241,"OH",352,"Archilochus","colubris","ruby-throated hummingbird","Animalia",246641,542,"Feeding (or foraging)",2024,8,11,224,2460534,129,2024,8,11,224,2460534,96
41426,38.654652,-90.347107,165,"MO",352,"Archilochus","colubris","ruby-throated hummingbird","Animalia",251867,292,"Live individuals",2024,5,17,138,2460448,40,2024,5,17,138,2460448,NA
41426,38.654652,-90.347107,165,"MO",352,"Archilochus","colubris","ruby-throated hummingbird","Animalia",251867,295,"Territorial individuals (birds)",2024,5,17,138,2460448,40,2024,5,17,138,2460448,NA
41426,38.654652,-90.347107,165,"MO",352,"Archilochus","colubris","ruby-throated hummingbird","Animalia",251867,312,"Flower visitation",2024,5,17,138,2460448,40,2024,5,17,138,2460448,NA
41426,38.654652,-90.347107,165,"MO",352,"Archilochus","colubris","ruby-throated hummingbird","Animalia",251867,457,"Insect consumption",2024,5,17,138,2460448,40,2024,5,17,138,2460448,NA
41426,38.654652,-90.347107,165,"MO",352,"Archilochus","colubris","ruby-throated hummingbird","Animalia",251867,458,"Individuals at a feeding station",2024,5,17,138,2460448,40,2024,5,17,138,2460448,NA
41426,38.654652,-90.347107,165,"MO",352,"Archilochus","colubris","ruby-throated hummingbird","Animalia",251867,542,"Feeding (or foraging)",2024,5,17,138,2460448,40,2024,5,17,138,2460448,NA
42615,30.388891,-89.350388,14,"MS",352,"Archilochus","colubris","ruby-throated hummingbird","Animalia",259680,292,"Live individuals",2024,7,30,212,2460522,NA,2024,7,30,212,2460522,NA
42615,30.388891,-89.350388,14,"MS",352,"Archilochus","colubris","ruby-throated hummingbird","Animalia",259680,312,"Flower visitation",2024,7,30,212,2460522,NA,2024,7,30,212,2460522,NA
42615,30.388891,-89.350388,14,"MS",352,"Archilochus","colubris","ruby-throated hummingbird","Animalia",259680,542,"Feeding (or foraging)",2024,7,30,212,2460522,NA,2024,7,30,212,2460522,NA
44326,42.545921,-71.910629,304,"MA",352,"Archilochus","colubris","ruby-throated hummingbird","Animalia",270422,292,"Live individuals",2024,5,22,143,2460453,NA,2024,5,22,143,2460453,NA
44326,42.545921,-71.910629,304,"MA",352,"Archilochus","colubris","ruby-throated hummingbird","Animalia",270422,295,"Territorial individuals (birds)",2024,5,22,143,2460453,NA,2024,5,22,143,2460453,NA
44326,42.545921,-71.910629,304,"MA",352,"Archilochus","colubris","ruby-throated hummingbird","Animalia",270422,458,"Individuals at a feeding station",2024,5,22,143,2460453,NA,2024,5,22,143,2460453,NA
44326,42.545921,-71.910629,304,"MA",352,"Archilochus","colubris","ruby-throated hummingbird","Animalia",270422,542,"Feeding (or foraging)",2024,5,22,143,2460453,NA,2024,5,22,143,2460453,NA
33069,43.841541,-69.502037,-9,"ME",352,"Archilochus","colubris","ruby-throated hummingbird","Animalia",295571,292,"Live individuals",2024,8,31,244,2460554,23,2024,8,31,244,2460554,19
33069,43.841541,-69.502037,-9,"ME",352,"Archilochus","colubris","ruby-throated hummingbird","Animalia",295571,312,"Flower visitation",2024,8,31,244,2460554,23,2024,8,31,244,2460554,19
33069,43.841541,-69.502037,-9,"ME",352,"Archilochus","colubris","ruby-throated hummingbird","Animalia",295571,542,"Feeding (or foraging)",2024,8,31,244,2460554,23,2024,8,31,244,2460554,19
49687,44.718819,-93.603745,219,"MN",352,"Archilochus","colubris","ruby-throated hummingbird","Animalia",301896,292,"Live individuals",2024,7,16,198,2460508,NA,2024,8,31,244,2460554,NA
49687,44.718819,-93.603745,219,"MN",352,"Archilochus","colubris","ruby-throated hummingbird","Animalia",301896,293,"Calls or song (birds)",2024,7,5,187,2460497,NA,2024,7,5,187,2460497,NA
49687,44.718819,-93.603745,219,"MN",352,"Archilochus","colubris","ruby-throated hummingbird","Animalia",301896,312,"Flower visitation",2024,8,31,244,2460554,NA,2024,8,31,244,2460554,NA
49869,44.0261,-92.525398,335,"MN",352,"Archilochus","colubris","ruby-throated hummingbird","Animalia",303909,292,"Live individuals",2024,6,21,173,2460483,42,2024,6,21,173,2460483,NA
49869,44.0261,-92.525398,335,"MN",352,"Archilochus","colubris","ruby-throated hummingbird","Animalia",303909,293,"Calls or song (birds)",2024,6,21,173,2460483,42,2024,6,21,173,2460483,NA
49869,44.0261,-92.525398,335,"MN",352,"Archilochus","colubris","ruby-throated hummingbird","Animalia",303909,312,"Flower visitation",2024,6,21,173,2460483,42,2024,6,21,173,2460483,NA
49869,44.0261,-92.525398,335,"MN",352,"Archilochus","colubris","ruby-throated hummingbird","Animalia",303909,542,"Feeding (or foraging)",2024,6,21,173,2460483,42,2024,6,21,173,2460483,NA
48555,33.813538,-84.28347,307,"GA",352,"Archilochus","colubris","ruby-throated hummingbird","Animalia",305106,292,"Live individuals",2024,5,26,147,2460457,7,2024,5,26,147,2460457,6
48555,33.813538,-84.28347,307,"GA",352,"Archilochus","colubris","ruby-throated hummingbird","Animalia",305106,292,"Live individuals",2024,6,24,176,2460486,8,2024,10,12,286,2460596,12
48555,33.813538,-84.28347,307,"GA",352,"Archilochus","colubris","ruby-throated hummingbird","Animalia",305106,312,"Flower visitation",2024,5,26,147,2460457,7,2024,5,26,147,2460457,6
48555,33.813538,-84.28347,307,"GA",352,"Archilochus","colubris","ruby-throated hummingbird","Animalia",305106,312,"Flower visitation",2024,6,24,176,2460486,8,2024,10,12,286,2460596,12
48555,33.813538,-84.28347,307,"GA",352,"Archilochus","colubris","ruby-throated hummingbird","Animalia",305106,542,"Feeding (or foraging)",2024,5,26,147,2460457,7,2024,5,26,147,2460457,6
48555,33.813538,-84.28347,307,"GA",352,"Archilochus","colubris","ruby-throated hummingbird","Animalia",305106,542,"Feeding (or foraging)",2024,7,14,196,2460506,7,2024,10,12,286,2460596,12
51933,43.223522,-70.582306,-12,"ME",352,"Archilochus","colubris","ruby-throated hummingbird","Animalia",315968,292,"Live individuals",2024,5,8,129,2460439,2,2024,5,8,129,2460439,5
51933,43.223522,-70.582306,-12,"ME",352,"Archilochus","colubris","ruby-throated hummingbird","Animalia",315968,292,"Live individuals",2024,8,14,227,2460537,38,2024,8,14,227,2460537,13
51933,43.223522,-70.582306,-12,"ME",352,"Archilochus","colubris","ruby-throated hummingbird","Animalia",315968,293,"Calls or song (birds)",2024,8,14,227,2460537,38,2024,8,14,227,2460537,13
51935,43.223633,-70.582184,-12,"ME",352,"Archilochus","colubris","ruby-throated hummingbird","Animalia",316598,292,"Live individuals",2024,5,2,123,2460433,3,2024,5,2,123,2460433,4
51935,43.223633,-70.582184,-12,"ME",352,"Archilochus","colubris","ruby-throated hummingbird","Animalia",316598,292,"Live individuals",2024,5,16,137,2460447,3,2024,5,16,137,2460447,3
51935,43.223633,-70.582184,-12,"ME",352,"Archilochus","colubris","ruby-throated hummingbird","Animalia",316598,292,"Live individuals",2024,5,28,149,2460459,9,2024,5,31,152,2460462,10
51935,43.223633,-70.582184,-12,"ME",352,"Archilochus","colubris","ruby-throated hummingbird","Animalia",316598,292,"Live individuals",2024,6,16,168,2460478,6,2024,9,1,245,2460555,15
51935,43.223633,-70.582184,-12,"ME",352,"Archilochus","colubris","ruby-throated hummingbird","Animalia",316598,293,"Calls or song (birds)",2024,6,17,169,2460479,1,2024,6,17,169,2460479,6
51935,43.223633,-70.582184,-12,"ME",352,"Archilochus","colubris","ruby-throated hummingbird","Animalia",316598,293,"Calls or song (birds)",2024,7,21,203,2460513,14,2024,8,14,227,2460537,13
51935,43.223633,-70.582184,-12,"ME",352,"Archilochus","colubris","ruby-throated hummingbird","Animalia",316598,294,"Singing individuals (birds)",2024,6,23,175,2460485,6,2024,6,23,175,2460485,14
51935,43.223633,-70.582184,-12,"ME",352,"Archilochus","colubris","ruby-throated hummingbird","Animalia",316598,295,"Territorial individuals (birds)",2024,7,21,203,2460513,14,2024,8,14,227,2460537,13
51935,43.223633,-70.582184,-12,"ME",352,"Archilochus","colubris","ruby-throated hummingbird","Animalia",316598,312,"Flower visitation",2024,5,2,123,2460433,3,2024,5,2,123,2460433,4
51935,43.223633,-70.582184,-12,"ME",352,"Archilochus","colubris","ruby-throated hummingbird","Animalia",316598,312,"Flower visitation",2024,6,16,168,2460478,6,2024,6,16,168,2460478,1
51935,43.223633,-70.582184,-12,"ME",352,"Archilochus","colubris","ruby-throated hummingbird","Animalia",316598,312,"Flower visitation",2024,7,21,203,2460513,14,2024,7,21,203,2460513,24
51935,43.223633,-70.582184,-12,"ME",352,"Archilochus","colubris","ruby-throated hummingbird","Animalia",316598,312,"Flower visitation",2024,9,1,245,2460555,5,2024,9,1,245,2460555,15
51935,43.223633,-70.582184,-12,"ME",352,"Archilochus","colubris","ruby-throated hummingbird","Animalia",316598,458,"Individuals at a feeding station",2024,5,31,152,2460462,12,2024,5,31,152,2460462,10
51935,43.223633,-70.582184,-12,"ME",352,"Archilochus","colubris","ruby-throated hummingbird","Animalia",316598,458,"Individuals at a feeding station",2024,6,17,169,2460479,1,2024,6,17,169,2460479,6
51935,43.223633,-70.582184,-12,"ME",352,"Archilochus","colubris","ruby-throated hummingbird","Animalia",316598,458,"Individuals at a feeding station",2024,7,7,189,2460499,14,2024,8,14,227,2460537,13
51935,43.223633,-70.582184,-12,"ME",352,"Archilochus","colubris","ruby-throated hummingbird","Animalia",316598,542,"Feeding (or foraging)",2024,5,2,123,2460433,3,2024,5,2,123,2460433,4
51935,43.223633,-70.582184,-12,"ME",352,"Archilochus","colubris","ruby-throated hummingbird","Animalia",316598,542,"Feeding (or foraging)",2024,5,31,152,2460462,3,2024,5,31,152,2460462,10
51935,43.223633,-70.582184,-12,"ME",352,"Archilochus","colubris","ruby-throated hummingbird","Animalia",316598,542,"Feeding (or foraging)",2024,6,16,168,2460478,6,2024,6,17,169,2460479,6
51935,43.223633,-70.582184,-12,"ME",352,"Archilochus","colubris","ruby-throated hummingbird","Animalia",316598,542,"Feeding (or foraging)",2024,7,7,189,2460499,14,2024,8,14,227,2460537,13
51935,43.223633,-70.582184,-12,"ME",352,"Archilochus","colubris","ruby-throated hummingbird","Animalia",316598,542,"Feeding (or foraging)",2024,9,1,245,2460555,5,2024,9,1,245,2460555,15
53812,42.933308,-71.05407,43,"NH",352,"Archilochus","colubris","ruby-throated hummingbird","Animalia",327081,292,"Live individuals",2024,5,9,130,2460440,27,2024,5,25,146,2460456,NA
53812,42.933308,-71.05407,43,"NH",352,"Archilochus","colubris","ruby-throated hummingbird","Animalia",327081,458,"Individuals at a feeding station",2024,5,9,130,2460440,27,2024,5,9,130,2460440,5
53812,42.933308,-71.05407,43,"NH",352,"Archilochus","colubris","ruby-throated hummingbird","Animalia",327081,458,"Individuals at a feeding station",2024,5,25,146,2460456,11,2024,5,25,146,2460456,NA
53812,42.933308,-71.05407,43,"NH",352,"Archilochus","colubris","ruby-throated hummingbird","Animalia",327081,542,"Feeding (or foraging)",2024,5,9,130,2460440,27,2024,5,9,130,2460440,5
53812,42.933308,-71.05407,43,"NH",352,"Archilochus","colubris","ruby-throated hummingbird","Animalia",327081,542,"Feeding (or foraging)",2024,5,25,146,2460456,11,2024,5,25,146,2460456,NA
54247,44.181068,-69.15609,122,"ME",352,"Archilochus","colubris","ruby-throated hummingbird","Animalia",329008,292,"Live individuals",2024,7,30,212,2460522,143,2024,7,30,212,2460522,NA
54247,44.181068,-69.15609,122,"ME",352,"Archilochus","colubris","ruby-throated hummingbird","Animalia",329008,293,"Calls or song (birds)",2024,7,30,212,2460522,143,2024,7,30,212,2460522,NA
54247,44.181068,-69.15609,122,"ME",352,"Archilochus","colubris","ruby-throated hummingbird","Animalia",329008,295,"Territorial individuals (birds)",2024,7,30,212,2460522,143,2024,7,30,212,2460522,NA
54247,44.181068,-69.15609,122,"ME",352,"Archilochus","colubris","ruby-throated hummingbird","Animalia",329008,312,"Flower visitation",2024,7,30,212,2460522,143,2024,7,30,212,2460522,NA
54247,44.181068,-69.15609,122,"ME",352,"Archilochus","colubris","ruby-throated hummingbird","Animalia",329008,458,"Individuals at a feeding station",2024,7,30,212,2460522,143,2024,7,30,212,2460522,NA
54247,44.181068,-69.15609,122,"ME",352,"Archilochus","colubris","ruby-throated hummingbird","Animalia",329008,542,"Feeding (or foraging)",2024,7,30,212,2460522,143,2024,7,30,212,2460522,NA
54659,43.6269,-70.310036,16,"ME",352,"Archilochus","colubris","ruby-throated hummingbird","Animalia",332121,292,"Live individuals",2024,5,11,132,2460442,4,2024,5,16,137,2460447,7
54659,43.6269,-70.310036,16,"ME",352,"Archilochus","colubris","ruby-throated hummingbird","Animalia",332121,292,"Live individuals",2024,6,3,155,2460465,11,2024,6,19,171,2460481,22
54659,43.6269,-70.310036,16,"ME",352,"Archilochus","colubris","ruby-throated hummingbird","Animalia",332121,292,"Live individuals",2024,7,14,196,2460506,3,2024,8,19,232,2460542,23
54659,43.6269,-70.310036,16,"ME",352,"Archilochus","colubris","ruby-throated hummingbird","Animalia",332121,458,"Individuals at a feeding station",2024,5,11,132,2460442,4,2024,5,11,132,2460442,5
54659,43.6269,-70.310036,16,"ME",352,"Archilochus","colubris","ruby-throated hummingbird","Animalia",332121,458,"Individuals at a feeding station",2024,6,3,155,2460465,11,2024,6,19,171,2460481,22
54659,43.6269,-70.310036,16,"ME",352,"Archilochus","colubris","ruby-throated hummingbird","Animalia",332121,458,"Individuals at a feeding station",2024,7,14,196,2460506,3,2024,7,14,196,2460506,36
54659,43.6269,-70.310036,16,"ME",352,"Archilochus","colubris","ruby-throated hummingbird","Animalia",332121,542,"Feeding (or foraging)",2024,5,11,132,2460442,4,2024,5,16,137,2460447,7
54659,43.6269,-70.310036,16,"ME",352,"Archilochus","colubris","ruby-throated hummingbird","Animalia",332121,542,"Feeding (or foraging)",2024,6,19,171,2460481,16,2024,6,19,171,2460481,22
54659,43.6269,-70.310036,16,"ME",352,"Archilochus","colubris","ruby-throated hummingbird","Animalia",332121,542,"Feeding (or foraging)",2024,7,14,196,2460506,3,2024,8,19,232,2460542,23
54913,43.867481,-69.666153,18,"ME",352,"Archilochus","colubris","ruby-throated hummingbird","Animalia",333295,292,"Live individuals",2024,5,11,132,2460442,NA,2024,6,1,153,2460463,NA
54913,43.867481,-69.666153,18,"ME",352,"Archilochus","colubris","ruby-throated hummingbird","Animalia",333295,293,"Calls or song (birds)",2024,5,11,132,2460442,NA,2024,6,1,153,2460463,NA
54913,43.867481,-69.666153,18,"ME",352,"Archilochus","colubris","ruby-throated hummingbird","Animalia",333295,294,"Singing individuals (birds)",2024,5,11,132,2460442,NA,2024,6,1,153,2460463,NA
54913,43.867481,-69.666153,18,"ME",352,"Archilochus","colubris","ruby-throated hummingbird","Animalia",333295,295,"Territorial individuals (birds)",2024,6,1,153,2460463,10,2024,6,1,153,2460463,NA
54913,43.867481,-69.666153,18,"ME",352,"Archilochus","colubris","ruby-throated hummingbird","Animalia",333295,458,"Individuals at a feeding station",2024,5,11,132,2460442,NA,2024,5,22,143,2460453,10
54913,43.867481,-69.666153,18,"ME",352,"Archilochus","colubris","ruby-throated hummingbird","Animalia",333295,542,"Feeding (or foraging)",2024,5,11,132,2460442,NA,2024,6,1,153,2460463,NA
54914,43.832985,-69.582787,-3,"ME",352,"Archilochus","colubris","ruby-throated hummingbird","Animalia",333300,292,"Live individuals",2024,5,23,144,2460454,9,2024,7,20,202,2460512,NA
54914,43.832985,-69.582787,-3,"ME",352,"Archilochus","colubris","ruby-throated hummingbird","Animalia",333300,312,"Flower visitation",2024,5,23,144,2460454,9,2024,7,20,202,2460512,NA
54914,43.832985,-69.582787,-3,"ME",352,"Archilochus","colubris","ruby-throated hummingbird","Animalia",333300,542,"Feeding (or foraging)",2024,5,23,144,2460454,9,2024,7,20,202,2460512,NA
54927,44.860149,-68.789703,50,"ME",352,"Archilochus","colubris","ruby-throated hummingbird","Animalia",333484,292,"Live individuals",2024,5,4,125,2460435,NA,2024,6,21,173,2460483,NA
54927,44.860149,-68.789703,50,"ME",352,"Archilochus","colubris","ruby-throated hummingbird","Animalia",333484,293,"Calls or song (birds)",2024,5,12,133,2460443,8,2024,6,21,173,2460483,NA
54927,44.860149,-68.789703,50,"ME",352,"Archilochus","colubris","ruby-throated hummingbird","Animalia",333484,294,"Singing individuals (birds)",2024,5,25,146,2460456,13,2024,6,21,173,2460483,NA
54927,44.860149,-68.789703,50,"ME",352,"Archilochus","colubris","ruby-throated hummingbird","Animalia",333484,295,"Territorial individuals (birds)",2024,5,16,137,2460447,4,2024,6,21,173,2460483,NA
54927,44.860149,-68.789703,50,"ME",352,"Archilochus","colubris","ruby-throated hummingbird","Animalia",333484,312,"Flower visitation",2024,5,12,133,2460443,8,2024,6,21,173,2460483,NA
54927,44.860149,-68.789703,50,"ME",352,"Archilochus","colubris","ruby-throated hummingbird","Animalia",333484,340,"Courtship ",2024,5,16,137,2460447,4,2024,6,21,173,2460483,NA
54927,44.860149,-68.789703,50,"ME",352,"Archilochus","colubris","ruby-throated hummingbird","Animalia",333484,458,"Individuals at a feeding station",2024,5,4,125,2460435,NA,2024,6,21,173,2460483,NA
54927,44.860149,-68.789703,50,"ME",352,"Archilochus","colubris","ruby-throated hummingbird","Animalia",333484,542,"Feeding (or foraging)",2024,5,4,125,2460435,NA,2024,6,21,173,2460483,NA
54937,43.977688,-69.724075,63,"ME",352,"Archilochus","colubris","ruby-throated hummingbird","Animalia",333498,292,"Live individuals",2024,5,5,126,2460436,NA,2024,6,2,154,2460464,NA
54937,43.977688,-69.724075,63,"ME",352,"Archilochus","colubris","ruby-throated hummingbird","Animalia",333498,295,"Territorial individuals (birds)",2024,5,5,126,2460436,NA,2024,5,5,126,2460436,8
54937,43.977688,-69.724075,63,"ME",352,"Archilochus","colubris","ruby-throated hummingbird","Animalia",333498,295,"Territorial individuals (birds)",2024,6,2,154,2460464,20,2024,6,2,154,2460464,NA
54937,43.977688,-69.724075,63,"ME",352,"Archilochus","colubris","ruby-throated hummingbird","Animalia",333498,308,"Fledged young (altricial birds)",2024,5,13,134,2460444,8,2024,5,13,134,2460444,20
54937,43.977688,-69.724075,63,"ME",352,"Archilochus","colubris","ruby-throated hummingbird","Animalia",333498,312,"Flower visitation",2024,5,5,126,2460436,NA,2024,5,5,126,2460436,8
54937,43.977688,-69.724075,63,"ME",352,"Archilochus","colubris","ruby-throated hummingbird","Animalia",333498,312,"Flower visitation",2024,6,2,154,2460464,20,2024,6,2,154,2460464,NA
54937,43.977688,-69.724075,63,"ME",352,"Archilochus","colubris","ruby-throated hummingbird","Animalia",333498,340,"Courtship ",2024,6,2,154,2460464,20,2024,6,2,154,2460464,NA
54937,43.977688,-69.724075,63,"ME",352,"Archilochus","colubris","ruby-throated hummingbird","Animalia",333498,458,"Individuals at a feeding station",2024,5,5,126,2460436,NA,2024,6,2,154,2460464,NA
54937,43.977688,-69.724075,63,"ME",352,"Archilochus","colubris","ruby-throated hummingbird","Animalia",333498,542,"Feeding (or foraging)",2024,5,5,126,2460436,NA,2024,5,13,134,2460444,20
54955,43.958218,-69.588333,41,"ME",352,"Archilochus","colubris","ruby-throated hummingbird","Animalia",333654,292,"Live individuals",2024,6,12,164,2460474,NA,2024,6,12,164,2460474,NA
54955,43.958218,-69.588333,41,"ME",352,"Archilochus","colubris","ruby-throated hummingbird","Animalia",333654,295,"Territorial individuals (birds)",2024,6,12,164,2460474,24,2024,6,12,164,2460474,NA
54955,43.958218,-69.588333,41,"ME",352,"Archilochus","colubris","ruby-throated hummingbird","Animalia",333654,458,"Individuals at a feeding station",2024,5,19,140,2460450,NA,2024,6,12,164,2460474,NA
54955,43.958218,-69.588333,41,"ME",352,"Archilochus","colubris","ruby-throated hummingbird","Animalia",333654,542,"Feeding (or foraging)",2024,5,19,140,2460450,NA,2024,6,12,164,2460474,NA
54469,35.138851,-97.375793,354,"OK",352,"Archilochus","colubris","ruby-throated hummingbird","Animalia",333856,292,"Live individuals",2024,5,31,152,2460462,NA,2024,5,31,152,2460462,4
54469,35.138851,-97.375793,354,"OK",352,"Archilochus","colubris","ruby-throated hummingbird","Animalia",333856,295,"Territorial individuals (birds)",2024,5,31,152,2460462,NA,2024,5,31,152,2460462,4
54469,35.138851,-97.375793,354,"OK",352,"Archilochus","colubris","ruby-throated hummingbird","Animalia",333856,312,"Flower visitation",2024,5,31,152,2460462,NA,2024,5,31,152,2460462,4
54469,35.138851,-97.375793,354,"OK",352,"Archilochus","colubris","ruby-throated hummingbird","Animalia",333856,458,"Individuals at a feeding station",2024,5,31,152,2460462,NA,2024,5,31,152,2460462,4
54469,35.138851,-97.375793,354,"OK",352,"Archilochus","colubris","ruby-throated hummingbird","Animalia",333856,542,"Feeding (or foraging)",2024,5,31,152,2460462,NA,2024,5,31,152,2460462,4
54953,43.958233,-69.588318,41,"ME",352,"Archilochus","colubris","ruby-throated hummingbird","Animalia",333858,292,"Live individuals",2024,6,3,155,2460465,NA,2024,6,3,155,2460465,NA
54953,43.958233,-69.588318,41,"ME",352,"Archilochus","colubris","ruby-throated hummingbird","Animalia",333858,295,"Territorial individuals (birds)",2024,6,3,155,2460465,NA,2024,6,3,155,2460465,NA
54953,43.958233,-69.588318,41,"ME",352,"Archilochus","colubris","ruby-throated hummingbird","Animalia",333858,458,"Individuals at a feeding station",2024,6,3,155,2460465,NA,2024,6,3,155,2460465,NA
54953,43.958233,-69.588318,41,"ME",352,"Archilochus","colubris","ruby-throated hummingbird","Animalia",333858,542,"Feeding (or foraging)",2024,6,3,155,2460465,NA,2024,6,3,155,2460465,NA
55198,37.89333,-85.523666,190,"KY",352,"Archilochus","colubris","ruby-throated hummingbird","Animalia",334702,292,"Live individuals",2024,8,5,218,2460528,NA,2024,8,5,218,2460528,NA
55198,37.89333,-85.523666,190,"KY",352,"Archilochus","colubris","ruby-throated hummingbird","Animalia",334702,295,"Territorial individuals (birds)",2024,8,5,218,2460528,NA,2024,8,5,218,2460528,NA
55198,37.89333,-85.523666,190,"KY",352,"Archilochus","colubris","ruby-throated hummingbird","Animalia",334702,458,"Individuals at a feeding station",2024,8,5,218,2460528,NA,2024,8,5,218,2460528,NA
55198,37.89333,-85.523666,190,"KY",352,"Archilochus","colubris","ruby-throated hummingbird","Animalia",334702,542,"Feeding (or foraging)",2024,8,5,218,2460528,NA,2024,8,5,218,2460528,NA
55199,37.893375,-85.523636,190,"KY",352,"Archilochus","colubris","ruby-throated hummingbird","Animalia",334744,292,"Live individuals",2024,8,4,217,2460527,NA,2024,8,9,222,2460532,3
55199,37.893375,-85.523636,190,"KY",352,"Archilochus","colubris","ruby-throated hummingbird","Animalia",334744,292,"Live individuals",2024,8,13,226,2460536,1,2024,9,17,261,2460571,2
55199,37.893375,-85.523636,190,"KY",352,"Archilochus","colubris","ruby-throated hummingbird","Animalia",334744,292,"Live individuals",2024,9,22,266,2460576,3,2024,9,24,268,2460578,NA
55199,37.893375,-85.523636,190,"KY",352,"Archilochus","colubris","ruby-throated hummingbird","Animalia",334744,295,"Territorial individuals (birds)",2024,8,17,230,2460540,4,2024,8,17,230,2460540,2
55199,37.893375,-85.523636,190,"KY",352,"Archilochus","colubris","ruby-throated hummingbird","Animalia",334744,295,"Territorial individuals (birds)",2024,8,30,243,2460553,5,2024,8,30,243,2460553,1
55199,37.893375,-85.523636,190,"KY",352,"Archilochus","colubris","ruby-throated hummingbird","Animalia",334744,295,"Territorial individuals (birds)",2024,9,2,246,2460556,2,2024,9,2,246,2460556,2
55199,37.893375,-85.523636,190,"KY",352,"Archilochus","colubris","ruby-throated hummingbird","Animalia",334744,295,"Territorial individuals (birds)",2024,9,10,254,2460564,3,2024,9,10,254,2460564,2
55199,37.893375,-85.523636,190,"KY",352,"Archilochus","colubris","ruby-throated hummingbird","Animalia",334744,295,"Territorial individuals (birds)",2024,9,16,260,2460570,4,2024,9,16,260,2460570,1
55199,37.893375,-85.523636,190,"KY",352,"Archilochus","colubris","ruby-throated hummingbird","Animalia",334744,312,"Flower visitation",2024,9,17,261,2460571,1,2024,9,17,261,2460571,2
55199,37.893375,-85.523636,190,"KY",352,"Archilochus","colubris","ruby-throated hummingbird","Animalia",334744,458,"Individuals at a feeding station",2024,8,4,217,2460527,NA,2024,8,9,222,2460532,3
55199,37.893375,-85.523636,190,"KY",352,"Archilochus","colubris","ruby-throated hummingbird","Animalia",334744,458,"Individuals at a feeding station",2024,8,13,226,2460536,1,2024,9,24,268,2460578,NA
55199,37.893375,-85.523636,190,"KY",352,"Archilochus","colubris","ruby-throated hummingbird","Animalia",334744,542,"Feeding (or foraging)",2024,8,4,217,2460527,NA,2024,8,9,222,2460532,3
55199,37.893375,-85.523636,190,"KY",352,"Archilochus","colubris","ruby-throated hummingbird","Animalia",334744,542,"Feeding (or foraging)",2024,8,13,226,2460536,1,2024,9,24,268,2460578,NA
5674,44.910587,-70.266861,261,"ME",352,"Archilochus","colubris","ruby-throated hummingbird","Animalia",12712,292,"Live individuals",2025,5,12,132,2460808,2,2025,9,7,250,2460926,7
5674,44.910587,-70.266861,261,"ME",352,"Archilochus","colubris","ruby-throated hummingbird","Animalia",12712,295,"Territorial individuals (birds)",2025,5,19,139,2460815,7,2025,9,7,250,2460926,7
5674,44.910587,-70.266861,261,"ME",352,"Archilochus","colubris","ruby-throated hummingbird","Animalia",12712,312,"Flower visitation",2025,6,15,166,2460842,7,2025,6,15,166,2460842,7
5674,44.910587,-70.266861,261,"ME",352,"Archilochus","colubris","ruby-throated hummingbird","Animalia",12712,312,"Flower visitation",2025,7,13,194,2460870,7,2025,7,13,194,2460870,7
5674,44.910587,-70.266861,261,"ME",352,"Archilochus","colubris","ruby-throated hummingbird","Animalia",12712,312,"Flower visitation",2025,8,3,215,2460891,7,2025,8,31,243,2460919,7
5674,44.910587,-70.266861,261,"ME",352,"Archilochus","colubris","ruby-throated hummingbird","Animalia",12712,458,"Individuals at a feeding station",2025,5,19,139,2460815,7,2025,9,7,250,2460926,7
5674,44.910587,-70.266861,261,"ME",352,"Archilochus","colubris","ruby-throated hummingbird","Animalia",12712,542,"Feeding (or foraging)",2025,5,19,139,2460815,7,2025,9,7,250,2460926,7
6481,42.456135,-72.344215,265,"MA",352,"Archilochus","colubris","ruby-throated hummingbird","Animalia",19040,292,"Live individuals",2025,5,1,121,2460797,5,2025,6,3,154,2460830,12
6481,42.456135,-72.344215,265,"MA",352,"Archilochus","colubris","ruby-throated hummingbird","Animalia",19040,292,"Live individuals",2025,7,4,185,2460861,8,2025,7,4,185,2460861,12
6481,42.456135,-72.344215,265,"MA",352,"Archilochus","colubris","ruby-throated hummingbird","Animalia",19040,292,"Live individuals",2025,8,16,228,2460904,13,2025,8,18,230,2460906,NA
6481,42.456135,-72.344215,265,"MA",352,"Archilochus","colubris","ruby-throated hummingbird","Animalia",19040,312,"Flower visitation",2025,5,7,127,2460803,6,2025,5,7,127,2460803,3
6481,42.456135,-72.344215,265,"MA",352,"Archilochus","colubris","ruby-throated hummingbird","Animalia",19040,312,"Flower visitation",2025,5,23,143,2460819,13,2025,6,3,154,2460830,12
6481,42.456135,-72.344215,265,"MA",352,"Archilochus","colubris","ruby-throated hummingbird","Animalia",19040,312,"Flower visitation",2025,7,4,185,2460861,8,2025,7,4,185,2460861,12
6481,42.456135,-72.344215,265,"MA",352,"Archilochus","colubris","ruby-throated hummingbird","Animalia",19040,312,"Flower visitation",2025,7,18,199,2460875,2,2025,7,18,199,2460875,16
6481,42.456135,-72.344215,265,"MA",352,"Archilochus","colubris","ruby-throated hummingbird","Animalia",19040,312,"Flower visitation",2025,8,16,228,2460904,13,2025,8,18,230,2460906,NA
6481,42.456135,-72.344215,265,"MA",352,"Archilochus","colubris","ruby-throated hummingbird","Animalia",19040,542,"Feeding (or foraging)",2025,5,7,127,2460803,6,2025,5,7,127,2460803,3
6481,42.456135,-72.344215,265,"MA",352,"Archilochus","colubris","ruby-throated hummingbird","Animalia",19040,542,"Feeding (or foraging)",2025,5,19,139,2460815,9,2025,6,3,154,2460830,12
6481,42.456135,-72.344215,265,"MA",352,"Archilochus","colubris","ruby-throated hummingbird","Animalia",19040,542,"Feeding (or foraging)",2025,7,4,185,2460861,8,2025,7,4,185,2460861,12
6481,42.456135,-72.344215,265,"MA",352,"Archilochus","colubris","ruby-throated hummingbird","Animalia",19040,542,"Feeding (or foraging)",2025,7,18,199,2460875,2,2025,7,18,199,2460875,16
6481,42.456135,-72.344215,265,"MA",352,"Archilochus","colubris","ruby-throated hummingbird","Animalia",19040,542,"Feeding (or foraging)",2025,8,16,228,2460904,13,2025,8,18,230,2460906,NA
8496,46.328629,-96.061256,393,"MN",352,"Archilochus","colubris","ruby-throated hummingbird","Animalia",25784,292,"Live individuals",2025,5,25,145,2460821,NA,2025,5,25,145,2460821,NA
8715,43.522804,-70.802277,215,"ME",352,"Archilochus","colubris","ruby-throated hummingbird","Animalia",28193,292,"Live individuals",2025,5,3,123,2460799,5,2025,5,5,125,2460801,6
8715,43.522804,-70.802277,215,"ME",352,"Archilochus","colubris","ruby-throated hummingbird","Animalia",28193,292,"Live individuals",2025,7,4,185,2460861,19,2025,7,4,185,2460861,NA
8715,43.522804,-70.802277,215,"ME",352,"Archilochus","colubris","ruby-throated hummingbird","Animalia",28193,458,"Individuals at a feeding station",2025,5,3,123,2460799,5,2025,5,5,125,2460801,6
8715,43.522804,-70.802277,215,"ME",352,"Archilochus","colubris","ruby-throated hummingbird","Animalia",28193,458,"Individuals at a feeding station",2025,7,4,185,2460861,19,2025,7,4,185,2460861,NA
8715,43.522804,-70.802277,215,"ME",352,"Archilochus","colubris","ruby-throated hummingbird","Animalia",28193,542,"Feeding (or foraging)",2025,5,3,123,2460799,5,2025,5,5,125,2460801,6
8715,43.522804,-70.802277,215,"ME",352,"Archilochus","colubris","ruby-throated hummingbird","Animalia",28193,542,"Feeding (or foraging)",2025,7,4,185,2460861,19,2025,7,4,185,2460861,NA
8418,32.363758,-94.873947,115,"TX",352,"Archilochus","colubris","ruby-throated hummingbird","Animalia",30980,292,"Live individuals",2025,3,26,85,2460761,3,2025,3,26,85,2460761,5
8418,32.363758,-94.873947,115,"TX",352,"Archilochus","colubris","ruby-throated hummingbird","Animalia",30980,292,"Live individuals",2025,4,6,96,2460772,4,2025,5,18,138,2460814,3
8418,32.363758,-94.873947,115,"TX",352,"Archilochus","colubris","ruby-throated hummingbird","Animalia",30980,292,"Live individuals",2025,5,28,148,2460824,3,2025,6,1,152,2460828,3
8418,32.363758,-94.873947,115,"TX",352,"Archilochus","colubris","ruby-throated hummingbird","Animalia",30980,292,"Live individuals",2025,6,19,170,2460846,4,2025,6,19,170,2460846,3
8418,32.363758,-94.873947,115,"TX",352,"Archilochus","colubris","ruby-throated hummingbird","Animalia",30980,292,"Live individuals",2025,7,6,187,2460863,11,2025,10,1,274,2460950,NA
8418,32.363758,-94.873947,115,"TX",352,"Archilochus","colubris","ruby-throated hummingbird","Animalia",30980,293,"Calls or song (birds)",2025,4,6,96,2460772,4,2025,5,18,138,2460814,3
8418,32.363758,-94.873947,115,"TX",352,"Archilochus","colubris","ruby-throated hummingbird","Animalia",30980,293,"Calls or song (birds)",2025,5,28,148,2460824,3,2025,5,28,148,2460824,4
8418,32.363758,-94.873947,115,"TX",352,"Archilochus","colubris","ruby-throated hummingbird","Animalia",30980,293,"Calls or song (birds)",2025,7,6,187,2460863,11,2025,7,9,190,2460866,4
8418,32.363758,-94.873947,115,"TX",352,"Archilochus","colubris","ruby-throated hummingbird","Animalia",30980,293,"Calls or song (birds)",2025,7,30,211,2460887,17,2025,8,17,229,2460905,3
8418,32.363758,-94.873947,115,"TX",352,"Archilochus","colubris","ruby-throated hummingbird","Animalia",30980,293,"Calls or song (birds)",2025,8,27,239,2460915,7,2025,10,1,274,2460950,NA
8418,32.363758,-94.873947,115,"TX",352,"Archilochus","colubris","ruby-throated hummingbird","Animalia",30980,295,"Territorial individuals (birds)",2025,4,6,96,2460772,4,2025,4,13,103,2460779,3
8418,32.363758,-94.873947,115,"TX",352,"Archilochus","colubris","ruby-throated hummingbird","Animalia",30980,295,"Territorial individuals (birds)",2025,5,4,124,2460800,4,2025,5,14,134,2460810,4
8418,32.363758,-94.873947,115,"TX",352,"Archilochus","colubris","ruby-throated hummingbird","Animalia",30980,295,"Territorial individuals (birds)",2025,7,9,190,2460866,3,2025,7,9,190,2460866,4
8418,32.363758,-94.873947,115,"TX",352,"Archilochus","colubris","ruby-throated hummingbird","Animalia",30980,295,"Territorial individuals (birds)",2025,7,30,211,2460887,17,2025,8,17,229,2460905,3
8418,32.363758,-94.873947,115,"TX",352,"Archilochus","colubris","ruby-throated hummingbird","Animalia",30980,295,"Territorial individuals (birds)",2025,8,31,243,2460919,4,2025,10,1,274,2460950,NA
8418,32.363758,-94.873947,115,"TX",352,"Archilochus","colubris","ruby-throated hummingbird","Animalia",30980,312,"Flower visitation",2025,3,26,85,2460761,3,2025,3,26,85,2460761,5
8418,32.363758,-94.873947,115,"TX",352,"Archilochus","colubris","ruby-throated hummingbird","Animalia",30980,312,"Flower visitation",2025,4,9,99,2460775,3,2025,4,9,99,2460775,4
8418,32.363758,-94.873947,115,"TX",352,"Archilochus","colubris","ruby-throated hummingbird","Animalia",30980,312,"Flower visitation",2025,5,14,134,2460810,3,2025,5,14,134,2460810,4
8418,32.363758,-94.873947,115,"TX",352,"Archilochus","colubris","ruby-throated hummingbird","Animalia",30980,312,"Flower visitation",2025,6,1,152,2460828,4,2025,6,1,152,2460828,3
8418,32.363758,-94.873947,115,"TX",352,"Archilochus","colubris","ruby-throated hummingbird","Animalia",30980,312,"Flower visitation",2025,6,19,170,2460846,4,2025,6,19,170,2460846,3
8418,32.363758,-94.873947,115,"TX",352,"Archilochus","colubris","ruby-throated hummingbird","Animalia",30980,312,"Flower visitation",2025,7,6,187,2460863,11,2025,7,9,190,2460866,4
8418,32.363758,-94.873947,115,"TX",352,"Archilochus","colubris","ruby-throated hummingbird","Animalia",30980,312,"Flower visitation",2025,7,30,211,2460887,17,2025,8,10,222,2460898,7
8418,32.363758,-94.873947,115,"TX",352,"Archilochus","colubris","ruby-throated hummingbird","Animalia",30980,312,"Flower visitation",2025,8,20,232,2460908,3,2025,9,3,246,2460922,3
8418,32.363758,-94.873947,115,"TX",352,"Archilochus","colubris","ruby-throated hummingbird","Animalia",30980,312,"Flower visitation",2025,9,14,257,2460933,3,2025,10,1,274,2460950,NA
8418,32.363758,-94.873947,115,"TX",352,"Archilochus","colubris","ruby-throated hummingbird","Animalia",30980,458,"Individuals at a feeding station",2025,4,6,96,2460772,4,2025,5,14,134,2460810,4
8418,32.363758,-94.873947,115,"TX",352,"Archilochus","colubris","ruby-throated hummingbird","Animalia",30980,458,"Individuals at a feeding station",2025,6,1,152,2460828,4,2025,6,1,152,2460828,3
8418,32.363758,-94.873947,115,"TX",352,"Archilochus","colubris","ruby-throated hummingbird","Animalia",30980,458,"Individuals at a feeding station",2025,7,6,187,2460863,11,2025,7,30,211,2460887,7
8418,32.363758,-94.873947,115,"TX",352,"Archilochus","colubris","ruby-throated hummingbird","Animalia",30980,458,"Individuals at a feeding station",2025,8,17,229,2460905,7,2025,8,17,229,2460905,3
8418,32.363758,-94.873947,115,"TX",352,"Archilochus","colubris","ruby-throated hummingbird","Animalia",30980,458,"Individuals at a feeding station",2025,8,27,239,2460915,7,2025,10,1,274,2460950,NA
8418,32.363758,-94.873947,115,"TX",352,"Archilochus","colubris","ruby-throated hummingbird","Animalia",30980,542,"Feeding (or foraging)",2025,3,26,85,2460761,3,2025,3,26,85,2460761,5
8418,32.363758,-94.873947,115,"TX",352,"Archilochus","colubris","ruby-throated hummingbird","Animalia",30980,542,"Feeding (or foraging)",2025,4,6,96,2460772,4,2025,5,14,134,2460810,4
8418,32.363758,-94.873947,115,"TX",352,"Archilochus","colubris","ruby-throated hummingbird","Animalia",30980,542,"Feeding (or foraging)",2025,6,1,152,2460828,4,2025,6,1,152,2460828,3
8418,32.363758,-94.873947,115,"TX",352,"Archilochus","colubris","ruby-throated hummingbird","Animalia",30980,542,"Feeding (or foraging)",2025,7,6,187,2460863,11,2025,10,1,274,2460950,NA
10145,42.602543,-83.250992,277,"MI",352,"Archilochus","colubris","ruby-throated hummingbird","Animalia",38951,292,"Live individuals",2025,7,27,208,2460884,1,2025,7,27,208,2460884,1
10145,42.602543,-83.250992,277,"MI",352,"Archilochus","colubris","ruby-throated hummingbird","Animalia",38951,292,"Live individuals",2025,8,4,216,2460892,1,2025,8,4,216,2460892,1
10145,42.602543,-83.250992,277,"MI",352,"Archilochus","colubris","ruby-throated hummingbird","Animalia",38951,292,"Live individuals",2025,8,24,236,2460912,1,2025,8,29,241,2460917,1
10145,42.602543,-83.250992,277,"MI",352,"Archilochus","colubris","ruby-throated hummingbird","Animalia",38951,458,"Individuals at a feeding station",2025,5,16,136,2460812,1,2025,5,16,136,2460812,1
10145,42.602543,-83.250992,277,"MI",352,"Archilochus","colubris","ruby-throated hummingbird","Animalia",38951,458,"Individuals at a feeding station",2025,7,22,203,2460879,1,2025,7,22,203,2460879,1
10145,42.602543,-83.250992,277,"MI",352,"Archilochus","colubris","ruby-throated hummingbird","Animalia",38951,458,"Individuals at a feeding station",2025,7,28,209,2460885,1,2025,7,30,211,2460887,1
10145,42.602543,-83.250992,277,"MI",352,"Archilochus","colubris","ruby-throated hummingbird","Animalia",38951,458,"Individuals at a feeding station",2025,8,8,220,2460896,3,2025,8,11,223,2460899,1
10145,42.602543,-83.250992,277,"MI",352,"Archilochus","colubris","ruby-throated hummingbird","Animalia",38951,458,"Individuals at a feeding station",2025,8,13,225,2460901,1,2025,8,13,225,2460901,1
10145,42.602543,-83.250992,277,"MI",352,"Archilochus","colubris","ruby-throated hummingbird","Animalia",38951,458,"Individuals at a feeding station",2025,8,16,228,2460904,1,2025,8,16,228,2460904,1
10145,42.602543,-83.250992,277,"MI",352,"Archilochus","colubris","ruby-throated hummingbird","Animalia",38951,458,"Individuals at a feeding station",2025,8,18,230,2460906,1,2025,8,22,234,2460910,1
10934,43.899727,-69.957466,21,"ME",352,"Archilochus","colubris","ruby-throated hummingbird","Animalia",45216,292,"Live individuals",2025,5,9,129,2460805,12,2025,5,9,129,2460805,10
10934,43.899727,-69.957466,21,"ME",352,"Archilochus","colubris","ruby-throated hummingbird","Animalia",45216,312,"Flower visitation",2025,5,9,129,2460805,12,2025,5,9,129,2460805,10
10934,43.899727,-69.957466,21,"ME",352,"Archilochus","colubris","ruby-throated hummingbird","Animalia",45216,542,"Feeding (or foraging)",2025,5,9,129,2460805,12,2025,5,9,129,2460805,10
1904,47.143215,-93.431,399,"MN",352,"Archilochus","colubris","ruby-throated hummingbird","Animalia",66669,292,"Live individuals",2025,5,11,131,2460807,46,2025,5,11,131,2460807,NA
1904,47.143215,-93.431,399,"MN",352,"Archilochus","colubris","ruby-throated hummingbird","Animalia",66669,458,"Individuals at a feeding station",2025,5,11,131,2460807,46,2025,5,11,131,2460807,NA
19521,42.658154,-73.991936,181,"NY",352,"Archilochus","colubris","ruby-throated hummingbird","Animalia",84439,292,"Live individuals",2025,9,8,251,2460927,NA,2025,9,8,251,2460927,NA
19521,42.658154,-73.991936,181,"NY",352,"Archilochus","colubris","ruby-throated hummingbird","Animalia",84439,458,"Individuals at a feeding station",2025,9,8,251,2460927,NA,2025,9,8,251,2460927,NA
19521,42.658154,-73.991936,181,"NY",352,"Archilochus","colubris","ruby-throated hummingbird","Animalia",84439,542,"Feeding (or foraging)",2025,9,8,251,2460927,NA,2025,9,8,251,2460927,NA
17414,42.936153,-73.433449,147,"NY",352,"Archilochus","colubris","ruby-throated hummingbird","Animalia",103211,292,"Live individuals",2025,4,30,120,2460796,1,2025,5,3,123,2460799,1
17414,42.936153,-73.433449,147,"NY",352,"Archilochus","colubris","ruby-throated hummingbird","Animalia",103211,292,"Live individuals",2025,5,5,125,2460801,1,2025,7,19,200,2460876,5
17414,42.936153,-73.433449,147,"NY",352,"Archilochus","colubris","ruby-throated hummingbird","Animalia",103211,292,"Live individuals",2025,8,1,213,2460889,8,2025,9,24,267,2460943,2
17414,42.936153,-73.433449,147,"NY",352,"Archilochus","colubris","ruby-throated hummingbird","Animalia",103211,292,"Live individuals",2025,9,27,270,2460946,1,2025,9,29,272,2460948,5
17414,42.936153,-73.433449,147,"NY",352,"Archilochus","colubris","ruby-throated hummingbird","Animalia",103211,293,"Calls or song (birds)",2025,6,4,155,2460831,7,2025,6,4,155,2460831,4
17414,42.936153,-73.433449,147,"NY",352,"Archilochus","colubris","ruby-throated hummingbird","Animalia",103211,293,"Calls or song (birds)",2025,6,29,180,2460856,8,2025,6,29,180,2460856,6
17414,42.936153,-73.433449,147,"NY",352,"Archilochus","colubris","ruby-throated hummingbird","Animalia",103211,294,"Singing individuals (birds)",2025,6,29,180,2460856,8,2025,6,29,180,2460856,6
17414,42.936153,-73.433449,147,"NY",352,"Archilochus","colubris","ruby-throated hummingbird","Animalia",103211,295,"Territorial individuals (birds)",2025,6,4,155,2460831,7,2025,6,4,155,2460831,4
17414,42.936153,-73.433449,147,"NY",352,"Archilochus","colubris","ruby-throated hummingbird","Animalia",103211,295,"Territorial individuals (birds)",2025,6,14,165,2460841,6,2025,6,14,165,2460841,7
17414,42.936153,-73.433449,147,"NY",352,"Archilochus","colubris","ruby-throated hummingbird","Animalia",103211,295,"Territorial individuals (birds)",2025,6,29,180,2460856,8,2025,6,29,180,2460856,6
17414,42.936153,-73.433449,147,"NY",352,"Archilochus","colubris","ruby-throated hummingbird","Animalia",103211,295,"Territorial individuals (birds)",2025,8,15,227,2460903,8,2025,8,15,227,2460903,8
17414,42.936153,-73.433449,147,"NY",352,"Archilochus","colubris","ruby-throated hummingbird","Animalia",103211,295,"Territorial individuals (birds)",2025,9,5,248,2460924,4,2025,9,5,248,2460924,5
17414,42.936153,-73.433449,147,"NY",352,"Archilochus","colubris","ruby-throated hummingbird","Animalia",103211,312,"Flower visitation",2025,6,8,159,2460835,4,2025,6,8,159,2460835,6
17414,42.936153,-73.433449,147,"NY",352,"Archilochus","colubris","ruby-throated hummingbird","Animalia",103211,312,"Flower visitation",2025,8,1,213,2460889,8,2025,8,23,235,2460911,9
17414,42.936153,-73.433449,147,"NY",352,"Archilochus","colubris","ruby-throated hummingbird","Animalia",103211,312,"Flower visitation",2025,9,5,248,2460924,4,2025,9,5,248,2460924,5
17414,42.936153,-73.433449,147,"NY",352,"Archilochus","colubris","ruby-throated hummingbird","Animalia",103211,340,"Courtship ",2025,6,8,159,2460835,4,2025,6,8,159,2460835,6
17414,42.936153,-73.433449,147,"NY",352,"Archilochus","colubris","ruby-throated hummingbird","Animalia",103211,340,"Courtship ",2025,6,29,180,2460856,8,2025,6,29,180,2460856,6
17414,42.936153,-73.433449,147,"NY",352,"Archilochus","colubris","ruby-throated hummingbird","Animalia",103211,458,"Individuals at a feeding station",2025,4,30,120,2460796,1,2025,5,3,123,2460799,1
17414,42.936153,-73.433449,147,"NY",352,"Archilochus","colubris","ruby-throated hummingbird","Animalia",103211,458,"Individuals at a feeding station",2025,5,5,125,2460801,1,2025,9,24,267,2460943,2
17414,42.936153,-73.433449,147,"NY",352,"Archilochus","colubris","ruby-throated hummingbird","Animalia",103211,458,"Individuals at a feeding station",2025,9,27,270,2460946,1,2025,9,29,272,2460948,5
17414,42.936153,-73.433449,147,"NY",352,"Archilochus","colubris","ruby-throated hummingbird","Animalia",103211,542,"Feeding (or foraging)",2025,4,30,120,2460796,1,2025,5,3,123,2460799,1
17414,42.936153,-73.433449,147,"NY",352,"Archilochus","colubris","ruby-throated hummingbird","Animalia",103211,542,"Feeding (or foraging)",2025,5,5,125,2460801,1,2025,9,19,262,2460938,5
17414,42.936153,-73.433449,147,"NY",352,"Archilochus","colubris","ruby-throated hummingbird","Animalia",103211,542,"Feeding (or foraging)",2025,9,27,270,2460946,1,2025,9,29,272,2460948,5
23753,42.758427,-75.663376,484,"NY",352,"Archilochus","colubris","ruby-throated hummingbird","Animalia",112854,292,"Live individuals",2025,9,6,249,2460925,NA,2025,9,16,259,2460935,1
23753,42.758427,-75.663376,484,"NY",352,"Archilochus","colubris","ruby-throated hummingbird","Animalia",112854,292,"Live individuals",2025,9,26,269,2460945,8,2025,9,29,272,2460948,NA
23753,42.758427,-75.663376,484,"NY",352,"Archilochus","colubris","ruby-throated hummingbird","Animalia",112854,293,"Calls or song (birds)",2025,9,6,249,2460925,NA,2025,9,6,249,2460925,1
23753,42.758427,-75.663376,484,"NY",352,"Archilochus","colubris","ruby-throated hummingbird","Animalia",112854,294,"Singing individuals (birds)",2025,9,6,249,2460925,NA,2025,9,6,249,2460925,1
23753,42.758427,-75.663376,484,"NY",352,"Archilochus","colubris","ruby-throated hummingbird","Animalia",112854,458,"Individuals at a feeding station",2025,9,6,249,2460925,NA,2025,9,16,259,2460935,1
23753,42.758427,-75.663376,484,"NY",352,"Archilochus","colubris","ruby-throated hummingbird","Animalia",112854,458,"Individuals at a feeding station",2025,9,26,269,2460945,8,2025,9,29,272,2460948,NA
23753,42.758427,-75.663376,484,"NY",352,"Archilochus","colubris","ruby-throated hummingbird","Animalia",112854,542,"Feeding (or foraging)",2025,9,6,249,2460925,NA,2025,9,16,259,2460935,1
23753,42.758427,-75.663376,484,"NY",352,"Archilochus","colubris","ruby-throated hummingbird","Animalia",112854,542,"Feeding (or foraging)",2025,9,26,269,2460945,8,2025,9,29,272,2460948,NA
27026,43.413593,-70.810211,157,"ME",352,"Archilochus","colubris","ruby-throated hummingbird","Animalia",137519,292,"Live individuals",2025,4,30,120,2460796,NA,2025,9,6,249,2460925,27
27026,43.413593,-70.810211,157,"ME",352,"Archilochus","colubris","ruby-throated hummingbird","Animalia",137519,293,"Calls or song (birds)",2025,6,2,153,2460829,33,2025,9,6,249,2460925,27
27026,43.413593,-70.810211,157,"ME",352,"Archilochus","colubris","ruby-throated hummingbird","Animalia",137519,294,"Singing individuals (birds)",2025,6,2,153,2460829,33,2025,9,6,249,2460925,27
27026,43.413593,-70.810211,157,"ME",352,"Archilochus","colubris","ruby-throated hummingbird","Animalia",137519,295,"Territorial individuals (birds)",2025,6,2,153,2460829,33,2025,9,6,249,2460925,27
27026,43.413593,-70.810211,157,"ME",352,"Archilochus","colubris","ruby-throated hummingbird","Animalia",137519,308,"Fledged young (altricial birds)",2025,7,20,201,2460877,20,2025,9,6,249,2460925,27
27026,43.413593,-70.810211,157,"ME",352,"Archilochus","colubris","ruby-throated hummingbird","Animalia",137519,312,"Flower visitation",2025,6,11,162,2460838,9,2025,9,6,249,2460925,27
27026,43.413593,-70.810211,157,"ME",352,"Archilochus","colubris","ruby-throated hummingbird","Animalia",137519,340,"Courtship ",2025,6,2,153,2460829,33,2025,6,11,162,2460838,7
27026,43.413593,-70.810211,157,"ME",352,"Archilochus","colubris","ruby-throated hummingbird","Animalia",137519,340,"Courtship ",2025,6,30,181,2460857,12,2025,7,20,201,2460877,3
27026,43.413593,-70.810211,157,"ME",352,"Archilochus","colubris","ruby-throated hummingbird","Animalia",137519,457,"Insect consumption",2025,6,11,162,2460838,9,2025,6,11,162,2460838,7
27026,43.413593,-70.810211,157,"ME",352,"Archilochus","colubris","ruby-throated hummingbird","Animalia",137519,457,"Insect consumption",2025,6,30,181,2460857,12,2025,7,20,201,2460877,3
27026,43.413593,-70.810211,157,"ME",352,"Archilochus","colubris","ruby-throated hummingbird","Animalia",137519,457,"Insect consumption",2025,9,6,249,2460925,10,2025,9,6,249,2460925,27
27026,43.413593,-70.810211,157,"ME",352,"Archilochus","colubris","ruby-throated hummingbird","Animalia",137519,458,"Individuals at a feeding station",2025,6,11,162,2460838,9,2025,9,6,249,2460925,27
27026,43.413593,-70.810211,157,"ME",352,"Archilochus","colubris","ruby-throated hummingbird","Animalia",137519,542,"Feeding (or foraging)",2025,4,30,120,2460796,NA,2025,9,6,249,2460925,27
38681,44.691563,-68.591774,97,"ME",352,"Archilochus","colubris","ruby-throated hummingbird","Animalia",240083,292,"Live individuals",2025,9,17,260,2460936,NA,2025,9,17,260,2460936,NA
38681,44.691563,-68.591774,97,"ME",352,"Archilochus","colubris","ruby-throated hummingbird","Animalia",240083,308,"Fledged young (altricial birds)",2025,9,17,260,2460936,NA,2025,9,17,260,2460936,NA
38681,44.691563,-68.591774,97,"ME",352,"Archilochus","colubris","ruby-throated hummingbird","Animalia",240083,312,"Flower visitation",2025,9,17,260,2460936,NA,2025,9,17,260,2460936,NA
38681,44.691563,-68.591774,97,"ME",352,"Archilochus","colubris","ruby-throated hummingbird","Animalia",240083,542,"Feeding (or foraging)",2025,9,17,260,2460936,NA,2025,9,17,260,2460936,NA
26897,40.128613,-75.340515,64,"PA",352,"Archilochus","colubris","ruby-throated hummingbird","Animalia",243256,292,"Live individuals",2025,5,16,136,2460812,NA,2025,5,16,136,2460812,NA
26897,40.128613,-75.340515,64,"PA",352,"Archilochus","colubris","ruby-throated hummingbird","Animalia",243256,312,"Flower visitation",2025,5,16,136,2460812,NA,2025,5,16,136,2460812,NA
26897,40.128613,-75.340515,64,"PA",352,"Archilochus","colubris","ruby-throated hummingbird","Animalia",243256,542,"Feeding (or foraging)",2025,5,16,136,2460812,NA,2025,5,16,136,2460812,NA
42615,30.388891,-89.350388,14,"MS",352,"Archilochus","colubris","ruby-throated hummingbird","Animalia",259680,292,"Live individuals",2025,5,2,122,2460798,NA,2025,5,2,122,2460798,NA
42615,30.388891,-89.350388,14,"MS",352,"Archilochus","colubris","ruby-throated hummingbird","Animalia",259680,458,"Individuals at a feeding station",2025,5,2,122,2460798,NA,2025,5,2,122,2460798,NA
42615,30.388891,-89.350388,14,"MS",352,"Archilochus","colubris","ruby-throated hummingbird","Animalia",259680,542,"Feeding (or foraging)",2025,5,2,122,2460798,NA,2025,5,2,122,2460798,NA
33069,43.841541,-69.502037,-9,"ME",352,"Archilochus","colubris","ruby-throated hummingbird","Animalia",295571,292,"Live individuals",2025,6,12,163,2460839,NA,2025,6,12,163,2460839,12
33069,43.841541,-69.502037,-9,"ME",352,"Archilochus","colubris","ruby-throated hummingbird","Animalia",295571,292,"Live individuals",2025,8,6,218,2460894,15,2025,8,6,218,2460894,59
33069,43.841541,-69.502037,-9,"ME",352,"Archilochus","colubris","ruby-throated hummingbird","Animalia",295571,312,"Flower visitation",2025,8,6,218,2460894,15,2025,8,6,218,2460894,59
33069,43.841541,-69.502037,-9,"ME",352,"Archilochus","colubris","ruby-throated hummingbird","Animalia",295571,458,"Individuals at a feeding station",2025,6,12,163,2460839,NA,2025,6,12,163,2460839,12
33069,43.841541,-69.502037,-9,"ME",352,"Archilochus","colubris","ruby-throated hummingbird","Animalia",295571,542,"Feeding (or foraging)",2025,6,12,163,2460839,NA,2025,6,12,163,2460839,12
49687,44.718819,-93.603745,219,"MN",352,"Archilochus","colubris","ruby-throated hummingbird","Animalia",301896,292,"Live individuals",2025,7,27,208,2460884,NA,2025,7,27,208,2460884,3
49687,44.718819,-93.603745,219,"MN",352,"Archilochus","colubris","ruby-throated hummingbird","Animalia",301896,312,"Flower visitation",2025,7,27,208,2460884,NA,2025,7,27,208,2460884,3
48555,33.813538,-84.28347,307,"GA",352,"Archilochus","colubris","ruby-throated hummingbird","Animalia",305106,292,"Live individuals",2025,4,22,112,2460788,14,2025,5,11,131,2460807,8
48555,33.813538,-84.28347,307,"GA",352,"Archilochus","colubris","ruby-throated hummingbird","Animalia",305106,292,"Live individuals",2025,6,3,154,2460830,15,2025,10,18,291,2460967,NA
48555,33.813538,-84.28347,307,"GA",352,"Archilochus","colubris","ruby-throated hummingbird","Animalia",305106,293,"Calls or song (birds)",2025,5,11,131,2460807,19,2025,5,11,131,2460807,8
48555,33.813538,-84.28347,307,"GA",352,"Archilochus","colubris","ruby-throated hummingbird","Animalia",305106,293,"Calls or song (birds)",2025,7,20,201,2460877,9,2025,8,14,226,2460902,15
48555,33.813538,-84.28347,307,"GA",352,"Archilochus","colubris","ruby-throated hummingbird","Animalia",305106,293,"Calls or song (birds)",2025,9,13,256,2460932,15,2025,9,13,256,2460932,19
48555,33.813538,-84.28347,307,"GA",352,"Archilochus","colubris","ruby-throated hummingbird","Animalia",305106,295,"Territorial individuals (birds)",2025,6,17,168,2460844,14,2025,6,28,179,2460855,13
48555,33.813538,-84.28347,307,"GA",352,"Archilochus","colubris","ruby-throated hummingbird","Animalia",305106,295,"Territorial individuals (birds)",2025,8,29,241,2460917,15,2025,8,29,241,2460917,15
48555,33.813538,-84.28347,307,"GA",352,"Archilochus","colubris","ruby-throated hummingbird","Animalia",305106,297,"Nest building (birds)",2025,4,22,112,2460788,14,2025,4,22,112,2460788,19
48555,33.813538,-84.28347,307,"GA",352,"Archilochus","colubris","ruby-throated hummingbird","Animalia",305106,312,"Flower visitation",2025,4,22,112,2460788,14,2025,5,11,131,2460807,8
48555,33.813538,-84.28347,307,"GA",352,"Archilochus","colubris","ruby-throated hummingbird","Animalia",305106,312,"Flower visitation",2025,6,3,154,2460830,15,2025,10,2,275,2460951,16
48555,33.813538,-84.28347,307,"GA",352,"Archilochus","colubris","ruby-throated hummingbird","Animalia",305106,542,"Feeding (or foraging)",2025,4,22,112,2460788,14,2025,5,11,131,2460807,8
48555,33.813538,-84.28347,307,"GA",352,"Archilochus","colubris","ruby-throated hummingbird","Animalia",305106,542,"Feeding (or foraging)",2025,6,17,168,2460844,14,2025,8,14,226,2460902,15
48555,33.813538,-84.28347,307,"GA",352,"Archilochus","colubris","ruby-throated hummingbird","Animalia",305106,542,"Feeding (or foraging)",2025,9,13,256,2460932,15,2025,10,2,275,2460951,16
51933,43.223522,-70.582306,-12,"ME",352,"Archilochus","colubris","ruby-throated hummingbird","Animalia",315968,292,"Live individuals",2025,5,13,133,2460809,7,2025,5,13,133,2460809,6
51933,43.223522,-70.582306,-12,"ME",352,"Archilochus","colubris","ruby-throated hummingbird","Animalia",315968,292,"Live individuals",2025,6,12,163,2460839,4,2025,6,12,163,2460839,39
51933,43.223522,-70.582306,-12,"ME",352,"Archilochus","colubris","ruby-throated hummingbird","Animalia",315968,458,"Individuals at a feeding station",2025,5,13,133,2460809,7,2025,5,13,133,2460809,6
51933,43.223522,-70.582306,-12,"ME",352,"Archilochus","colubris","ruby-throated hummingbird","Animalia",315968,542,"Feeding (or foraging)",2025,5,13,133,2460809,7,2025,5,13,133,2460809,6
51935,43.223633,-70.582184,-12,"ME",352,"Archilochus","colubris","ruby-throated hummingbird","Animalia",316598,292,"Live individuals",2025,5,3,123,2460799,5,2025,5,3,123,2460799,3
51935,43.223633,-70.582184,-12,"ME",352,"Archilochus","colubris","ruby-throated hummingbird","Animalia",316598,292,"Live individuals",2025,5,20,140,2460816,1,2025,5,20,140,2460816,7
51935,43.223633,-70.582184,-12,"ME",352,"Archilochus","colubris","ruby-throated hummingbird","Animalia",316598,292,"Live individuals",2025,5,29,149,2460825,2,2025,5,29,149,2460825,4
51935,43.223633,-70.582184,-12,"ME",352,"Archilochus","colubris","ruby-throated hummingbird","Animalia",316598,292,"Live individuals",2025,6,8,159,2460835,6,2025,8,2,214,2460890,NA
51935,43.223633,-70.582184,-12,"ME",352,"Archilochus","colubris","ruby-throated hummingbird","Animalia",316598,294,"Singing individuals (birds)",2025,8,2,214,2460890,12,2025,8,2,214,2460890,NA
51935,43.223633,-70.582184,-12,"ME",352,"Archilochus","colubris","ruby-throated hummingbird","Animalia",316598,295,"Territorial individuals (birds)",2025,6,22,173,2460849,10,2025,6,22,173,2460849,29
51935,43.223633,-70.582184,-12,"ME",352,"Archilochus","colubris","ruby-throated hummingbird","Animalia",316598,312,"Flower visitation",2025,5,20,140,2460816,1,2025,5,20,140,2460816,7
51935,43.223633,-70.582184,-12,"ME",352,"Archilochus","colubris","ruby-throated hummingbird","Animalia",316598,312,"Flower visitation",2025,5,29,149,2460825,2,2025,5,29,149,2460825,4
51935,43.223633,-70.582184,-12,"ME",352,"Archilochus","colubris","ruby-throated hummingbird","Animalia",316598,312,"Flower visitation",2025,6,8,159,2460835,6,2025,6,8,159,2460835,4
51935,43.223633,-70.582184,-12,"ME",352,"Archilochus","colubris","ruby-throated hummingbird","Animalia",316598,312,"Flower visitation",2025,7,21,202,2460878,29,2025,8,2,214,2460890,NA
51935,43.223633,-70.582184,-12,"ME",352,"Archilochus","colubris","ruby-throated hummingbird","Animalia",316598,458,"Individuals at a feeding station",2025,6,8,159,2460835,6,2025,6,22,173,2460849,29
51935,43.223633,-70.582184,-12,"ME",352,"Archilochus","colubris","ruby-throated hummingbird","Animalia",316598,542,"Feeding (or foraging)",2025,5,20,140,2460816,1,2025,5,20,140,2460816,7
51935,43.223633,-70.582184,-12,"ME",352,"Archilochus","colubris","ruby-throated hummingbird","Animalia",316598,542,"Feeding (or foraging)",2025,5,29,149,2460825,2,2025,5,29,149,2460825,4
51935,43.223633,-70.582184,-12,"ME",352,"Archilochus","colubris","ruby-throated hummingbird","Animalia",316598,542,"Feeding (or foraging)",2025,6,8,159,2460835,6,2025,8,2,214,2460890,NA
54659,43.6269,-70.310036,16,"ME",352,"Archilochus","colubris","ruby-throated hummingbird","Animalia",332121,292,"Live individuals",2025,5,6,126,2460802,4,2025,5,18,138,2460814,NA
54659,43.6269,-70.310036,16,"ME",352,"Archilochus","colubris","ruby-throated hummingbird","Animalia",332121,542,"Feeding (or foraging)",2025,5,6,126,2460802,4,2025,5,18,138,2460814,NA
54927,44.860149,-68.789703,50,"ME",352,"Archilochus","colubris","ruby-throated hummingbird","Animalia",333484,292,"Live individuals",2025,5,10,130,2460806,4,2025,5,10,130,2460806,NA
54927,44.860149,-68.789703,50,"ME",352,"Archilochus","colubris","ruby-throated hummingbird","Animalia",333484,458,"Individuals at a feeding station",2025,5,10,130,2460806,4,2025,5,10,130,2460806,NA
54927,44.860149,-68.789703,50,"ME",352,"Archilochus","colubris","ruby-throated hummingbird","Animalia",333484,542,"Feeding (or foraging)",2025,5,10,130,2460806,4,2025,5,10,130,2460806,NA
55196,39.798698,-85.731796,274,"IN",352,"Archilochus","colubris","ruby-throated hummingbird","Animalia",334695,292,"Live individuals",2025,6,2,153,2460829,7,2025,6,16,167,2460843,7
55196,39.798698,-85.731796,274,"IN",352,"Archilochus","colubris","ruby-throated hummingbird","Animalia",334695,292,"Live individuals",2025,6,30,181,2460857,7,2025,7,7,188,2460864,7
55196,39.798698,-85.731796,274,"IN",352,"Archilochus","colubris","ruby-throated hummingbird","Animalia",334695,292,"Live individuals",2025,7,30,211,2460887,16,2025,9,2,245,2460921,9
55196,39.798698,-85.731796,274,"IN",352,"Archilochus","colubris","ruby-throated hummingbird","Animalia",334695,292,"Live individuals",2025,9,14,257,2460933,3,2025,9,14,257,2460933,12
55196,39.798698,-85.731796,274,"IN",352,"Archilochus","colubris","ruby-throated hummingbird","Animalia",334695,295,"Territorial individuals (birds)",2025,6,9,160,2460836,14,2025,6,16,167,2460843,7
55196,39.798698,-85.731796,274,"IN",352,"Archilochus","colubris","ruby-throated hummingbird","Animalia",334695,295,"Territorial individuals (birds)",2025,6,30,181,2460857,7,2025,7,7,188,2460864,7
55196,39.798698,-85.731796,274,"IN",352,"Archilochus","colubris","ruby-throated hummingbird","Animalia",334695,295,"Territorial individuals (birds)",2025,7,30,211,2460887,16,2025,9,2,245,2460921,9
55196,39.798698,-85.731796,274,"IN",352,"Archilochus","colubris","ruby-throated hummingbird","Animalia",334695,295,"Territorial individuals (birds)",2025,9,14,257,2460933,3,2025,9,14,257,2460933,12
55196,39.798698,-85.731796,274,"IN",352,"Archilochus","colubris","ruby-throated hummingbird","Animalia",334695,312,"Flower visitation",2025,8,14,226,2460902,10,2025,8,14,226,2460902,19
55196,39.798698,-85.731796,274,"IN",352,"Archilochus","colubris","ruby-throated hummingbird","Animalia",334695,458,"Individuals at a feeding station",2025,7,7,188,2460864,7,2025,7,7,188,2460864,7
55196,39.798698,-85.731796,274,"IN",352,"Archilochus","colubris","ruby-throated hummingbird","Animalia",334695,458,"Individuals at a feeding station",2025,7,30,211,2460887,16,2025,8,4,216,2460892,10
55196,39.798698,-85.731796,274,"IN",352,"Archilochus","colubris","ruby-throated hummingbird","Animalia",334695,458,"Individuals at a feeding station",2025,9,14,257,2460933,3,2025,9,14,257,2460933,12
55196,39.798698,-85.731796,274,"IN",352,"Archilochus","colubris","ruby-throated hummingbird","Animalia",334695,542,"Feeding (or foraging)",2025,6,2,153,2460829,7,2025,6,16,167,2460843,7
55196,39.798698,-85.731796,274,"IN",352,"Archilochus","colubris","ruby-throated hummingbird","Animalia",334695,542,"Feeding (or foraging)",2025,6,30,181,2460857,7,2025,7,7,188,2460864,7
55196,39.798698,-85.731796,274,"IN",352,"Archilochus","colubris","ruby-throated hummingbird","Animalia",334695,542,"Feeding (or foraging)",2025,7,30,211,2460887,16,2025,8,4,216,2460892,10
55196,39.798698,-85.731796,274,"IN",352,"Archilochus","colubris","ruby-throated hummingbird","Animalia",334695,542,"Feeding (or foraging)",2025,9,2,245,2460921,19,2025,9,2,245,2460921,9
55196,39.798698,-85.731796,274,"IN",352,"Archilochus","colubris","ruby-throated hummingbird","Animalia",334695,542,"Feeding (or foraging)",2025,9,14,257,2460933,3,2025,9,14,257,2460933,12
55487,32.938965,-97.502823,205,"TX",352,"Archilochus","colubris","ruby-throated hummingbird","Animalia",335416,292,"Live individuals",2025,4,8,98,2460774,7,2025,4,18,108,2460784,4
55487,32.938965,-97.502823,205,"TX",352,"Archilochus","colubris","ruby-throated hummingbird","Animalia",335416,292,"Live individuals",2025,4,25,115,2460791,3,2025,4,25,115,2460791,3
55487,32.938965,-97.502823,205,"TX",352,"Archilochus","colubris","ruby-throated hummingbird","Animalia",335416,292,"Live individuals",2025,6,3,154,2460830,14,2025,9,5,248,2460924,14
55487,32.938965,-97.502823,205,"TX",352,"Archilochus","colubris","ruby-throated hummingbird","Animalia",335416,292,"Live individuals",2025,9,26,269,2460945,7,2025,10,17,290,2460966,7
55487,32.938965,-97.502823,205,"TX",352,"Archilochus","colubris","ruby-throated hummingbird","Animalia",335416,293,"Calls or song (birds)",2025,6,7,158,2460834,4,2025,6,7,158,2460834,3
55487,32.938965,-97.502823,205,"TX",352,"Archilochus","colubris","ruby-throated hummingbird","Animalia",335416,293,"Calls or song (birds)",2025,8,2,214,2460890,7,2025,8,8,220,2460896,7
55487,32.938965,-97.502823,205,"TX",352,"Archilochus","colubris","ruby-throated hummingbird","Animalia",335416,293,"Calls or song (birds)",2025,9,5,248,2460924,7,2025,9,5,248,2460924,7
55487,32.938965,-97.502823,205,"TX",352,"Archilochus","colubris","ruby-throated hummingbird","Animalia",335416,293,"Calls or song (birds)",2025,9,19,262,2460938,7,2025,9,19,262,2460938,7
55487,32.938965,-97.502823,205,"TX",352,"Archilochus","colubris","ruby-throated hummingbird","Animalia",335416,294,"Singing individuals (birds)",2025,6,7,158,2460834,4,2025,6,7,158,2460834,3
55487,32.938965,-97.502823,205,"TX",352,"Archilochus","colubris","ruby-throated hummingbird","Animalia",335416,294,"Singing individuals (birds)",2025,9,19,262,2460938,7,2025,9,19,262,2460938,7
55487,32.938965,-97.502823,205,"TX",352,"Archilochus","colubris","ruby-throated hummingbird","Animalia",335416,295,"Territorial individuals (birds)",2025,4,15,105,2460781,7,2025,4,18,108,2460784,4
55487,32.938965,-97.502823,205,"TX",352,"Archilochus","colubris","ruby-throated hummingbird","Animalia",335416,295,"Territorial individuals (birds)",2025,7,15,196,2460872,3,2025,7,15,196,2460872,4
55487,32.938965,-97.502823,205,"TX",352,"Archilochus","colubris","ruby-throated hummingbird","Animalia",335416,295,"Territorial individuals (birds)",2025,8,8,220,2460896,6,2025,9,12,255,2460931,7
55487,32.938965,-97.502823,205,"TX",352,"Archilochus","colubris","ruby-throated hummingbird","Animalia",335416,308,"Fledged young (altricial birds)",2025,7,15,196,2460872,3,2025,7,15,196,2460872,4
55487,32.938965,-97.502823,205,"TX",352,"Archilochus","colubris","ruby-throated hummingbird","Animalia",335416,308,"Fledged young (altricial birds)",2025,7,26,207,2460883,7,2025,8,15,227,2460903,7
55487,32.938965,-97.502823,205,"TX",352,"Archilochus","colubris","ruby-throated hummingbird","Animalia",335416,312,"Flower visitation",2025,4,15,105,2460781,7,2025,4,18,108,2460784,4
55487,32.938965,-97.502823,205,"TX",352,"Archilochus","colubris","ruby-throated hummingbird","Animalia",335416,312,"Flower visitation",2025,6,3,154,2460830,9,2025,10,17,290,2460966,7
55487,32.938965,-97.502823,205,"TX",352,"Archilochus","colubris","ruby-throated hummingbird","Animalia",335416,457,"Insect consumption",2025,8,2,214,2460890,7,2025,8,2,214,2460890,6
55487,32.938965,-97.502823,205,"TX",352,"Archilochus","colubris","ruby-throated hummingbird","Animalia",335416,457,"Insect consumption",2025,9,19,262,2460938,7,2025,9,26,269,2460945,7
55487,32.938965,-97.502823,205,"TX",352,"Archilochus","colubris","ruby-throated hummingbird","Animalia",335416,457,"Insect consumption",2025,10,17,290,2460966,7,2025,10,17,290,2460966,7
55487,32.938965,-97.502823,205,"TX",352,"Archilochus","colubris","ruby-throated hummingbird","Animalia",335416,458,"Individuals at a feeding station",2025,7,19,200,2460876,4,2025,9,12,255,2460931,7
55487,32.938965,-97.502823,205,"TX",352,"Archilochus","colubris","ruby-throated hummingbird","Animalia",335416,458,"Individuals at a feeding station",2025,9,26,269,2460945,7,2025,10,17,290,2460966,7
55487,32.938965,-97.502823,205,"TX",352,"Archilochus","colubris","ruby-throated hummingbird","Animalia",335416,542,"Feeding (or foraging)",2025,4,15,105,2460781,7,2025,4,18,108,2460784,4
55487,32.938965,-97.502823,205,"TX",352,"Archilochus","colubris","ruby-throated hummingbird","Animalia",335416,542,"Feeding (or foraging)",2025,4,25,115,2460791,3,2025,4,25,115,2460791,3
55487,32.938965,-97.502823,205,"TX",352,"Archilochus","colubris","ruby-throated hummingbird","Animalia",335416,542,"Feeding (or foraging)",2025,6,3,154,2460830,14,2025,10,17,290,2460966,7
16551,34.871544,-92.479973,89,"AR",352,"Archilochus","colubris","ruby-throated hummingbird","Animalia",335502,292,"Live individuals",2025,5,14,134,2460810,NA,2025,5,14,134,2460810,NA
16551,34.871544,-92.479973,89,"AR",352,"Archilochus","colubris","ruby-throated hummingbird","Animalia",335502,293,"Calls or song (birds)",2025,5,14,134,2460810,NA,2025,5,14,134,2460810,NA
16551,34.871544,-92.479973,89,"AR",352,"Archilochus","colubris","ruby-throated hummingbird","Animalia",335502,295,"Territorial individuals (birds)",2025,5,14,134,2460810,NA,2025,5,14,134,2460810,NA
16551,34.871544,-92.479973,89,"AR",352,"Archilochus","colubris","ruby-throated hummingbird","Animalia",335502,458,"Individuals at a feeding station",2025,5,14,134,2460810,NA,2025,5,14,134,2460810,NA
16551,34.871544,-92.479973,89,"AR",352,"Archilochus","colubris","ruby-throated hummingbird","Animalia",335502,542,"Feeding (or foraging)",2025,5,14,134,2460810,NA,2025,5,14,134,2460810,NA
48316,39.627636,-86.38002,218,"IN",352,"Archilochus","colubris","ruby-throated hummingbird","Animalia",347144,292,"Live individuals",2025,4,29,119,2460795,15,2025,8,5,217,2460893,NA
48316,39.627636,-86.38002,218,"IN",352,"Archilochus","colubris","ruby-throated hummingbird","Animalia",347144,293,"Calls or song (birds)",2025,4,29,119,2460795,15,2025,6,10,161,2460837,18
48316,39.627636,-86.38002,218,"IN",352,"Archilochus","colubris","ruby-throated hummingbird","Animalia",347144,293,"Calls or song (birds)",2025,7,11,192,2460868,13,2025,8,5,217,2460893,NA
48316,39.627636,-86.38002,218,"IN",352,"Archilochus","colubris","ruby-throated hummingbird","Animalia",347144,294,"Singing individuals (birds)",2025,6,3,154,2460830,8,2025,6,10,161,2460837,18
48316,39.627636,-86.38002,218,"IN",352,"Archilochus","colubris","ruby-throated hummingbird","Animalia",347144,294,"Singing individuals (birds)",2025,7,11,192,2460868,13,2025,8,5,217,2460893,NA
48316,39.627636,-86.38002,218,"IN",352,"Archilochus","colubris","ruby-throated hummingbird","Animalia",347144,295,"Territorial individuals (birds)",2025,4,29,119,2460795,15,2025,6,10,161,2460837,18
48316,39.627636,-86.38002,218,"IN",352,"Archilochus","colubris","ruby-throated hummingbird","Animalia",347144,295,"Territorial individuals (birds)",2025,7,30,211,2460887,19,2025,8,5,217,2460893,NA
48316,39.627636,-86.38002,218,"IN",352,"Archilochus","colubris","ruby-throated hummingbird","Animalia",347144,312,"Flower visitation",2025,4,29,119,2460795,15,2025,5,26,146,2460822,8
48316,39.627636,-86.38002,218,"IN",352,"Archilochus","colubris","ruby-throated hummingbird","Animalia",347144,312,"Flower visitation",2025,6,10,161,2460837,7,2025,8,5,217,2460893,NA
48316,39.627636,-86.38002,218,"IN",352,"Archilochus","colubris","ruby-throated hummingbird","Animalia",347144,458,"Individuals at a feeding station",2025,5,26,146,2460822,27,2025,7,11,192,2460868,19
48316,39.627636,-86.38002,218,"IN",352,"Archilochus","colubris","ruby-throated hummingbird","Animalia",347144,542,"Feeding (or foraging)",2025,4,29,119,2460795,15,2025,8,5,217,2460893,NA
54118,40.038269,-76.57164,136,"PA",352,"Archilochus","colubris","ruby-throated hummingbird","Animalia",350285,292,"Live individuals",2025,9,11,254,2460930,47,2025,9,11,254,2460930,NA
54118,40.038269,-76.57164,136,"PA",352,"Archilochus","colubris","ruby-throated hummingbird","Animalia",350285,312,"Flower visitation",2025,9,11,254,2460930,47,2025,9,11,254,2460930,NA
56351,27.246859,-80.282982,2,NA,352,"Archilochus","colubris","ruby-throated hummingbird","Animalia",351347,292,"Live individuals",2025,3,20,79,2460755,NA,2025,3,20,79,2460755,NA
56351,27.246859,-80.282982,2,NA,352,"Archilochus","colubris","ruby-throated hummingbird","Animalia",351347,312,"Flower visitation",2025,3,20,79,2460755,NA,2025,3,20,79,2460755,NA
56351,27.246859,-80.282982,2,NA,352,"Archilochus","colubris","ruby-throated hummingbird","Animalia",351347,542,"Feeding (or foraging)",2025,3,20,79,2460755,NA,2025,3,20,79,2460755,NA
57176,34.035896,-80.980515,85,NA,352,"Archilochus","colubris","ruby-throated hummingbird","Animalia",362595,292,"Live individuals",2025,4,5,95,2460771,NA,2025,4,5,95,2460771,NA
57176,34.035896,-80.980515,85,NA,352,"Archilochus","colubris","ruby-throated hummingbird","Animalia",362595,458,"Individuals at a feeding station",2025,4,5,95,2460771,NA,2025,4,5,95,2460771,NA
57176,34.035896,-80.980515,85,NA,352,"Archilochus","colubris","ruby-throated hummingbird","Animalia",362595,542,"Feeding (or foraging)",2025,4,5,95,2460771,NA,2025,4,5,95,2460771,NA
57385,44.537884,-68.81057,25,"ME",352,"Archilochus","colubris","ruby-throated hummingbird","Animalia",364216,292,"Live individuals",2025,5,7,127,2460803,4,2025,5,11,131,2460807,7
57385,44.537884,-68.81057,25,"ME",352,"Archilochus","colubris","ruby-throated hummingbird","Animalia",364216,458,"Individuals at a feeding station",2025,5,7,127,2460803,4,2025,5,7,127,2460803,4
57385,44.537884,-68.81057,25,"ME",352,"Archilochus","colubris","ruby-throated hummingbird","Animalia",364216,542,"Feeding (or foraging)",2025,5,7,127,2460803,4,2025,5,7,127,2460803,4
34150,39.093697,-74.830589,3,"NJ",352,"Archilochus","colubris","ruby-throated hummingbird","Animalia",364288,292,"Live individuals",2025,4,21,111,2460787,NA,2025,4,21,111,2460787,NA
34150,39.093697,-74.830589,3,"NJ",352,"Archilochus","colubris","ruby-throated hummingbird","Animalia",364288,458,"Individuals at a feeding station",2025,4,21,111,2460787,NA,2025,4,21,111,2460787,NA
34150,39.093697,-74.830589,3,"NJ",352,"Archilochus","colubris","ruby-throated hummingbird","Animalia",364288,542,"Feeding (or foraging)",2025,4,21,111,2460787,NA,2025,4,21,111,2460787,NA
57420,43.433212,-70.468887,48,"ME",352,"Archilochus","colubris","ruby-throated hummingbird","Animalia",364310,292,"Live individuals",2025,4,29,119,2460795,NA,2025,4,29,119,2460795,NA
57420,43.433212,-70.468887,48,"ME",352,"Archilochus","colubris","ruby-throated hummingbird","Animalia",364310,458,"Individuals at a feeding station",2025,4,29,119,2460795,NA,2025,4,29,119,2460795,NA
57420,43.433212,-70.468887,48,"ME",352,"Archilochus","colubris","ruby-throated hummingbird","Animalia",364310,542,"Feeding (or foraging)",2025,4,29,119,2460795,NA,2025,4,29,119,2460795,NA
57440,39.202499,-84.387604,258,NA,352,"Archilochus","colubris","ruby-throated hummingbird","Animalia",364373,292,"Live individuals",2025,4,23,113,2460789,NA,2025,4,23,113,2460789,NA
57440,39.202499,-84.387604,258,NA,352,"Archilochus","colubris","ruby-throated hummingbird","Animalia",364373,293,"Calls or song (birds)",2025,4,23,113,2460789,NA,2025,4,23,113,2460789,NA
57440,39.202499,-84.387604,258,NA,352,"Archilochus","colubris","ruby-throated hummingbird","Animalia",364373,542,"Feeding (or foraging)",2025,4,23,113,2460789,NA,2025,4,23,113,2460789,NA
57513,43.433376,-70.464584,46,"ME",352,"Archilochus","colubris","ruby-throated hummingbird","Animalia",364771,292,"Live individuals",2025,4,29,119,2460795,NA,2025,5,3,123,2460799,NA
57513,43.433376,-70.464584,46,"ME",352,"Archilochus","colubris","ruby-throated hummingbird","Animalia",364771,295,"Territorial individuals (birds)",2025,5,3,123,2460799,4,2025,5,3,123,2460799,NA
57513,43.433376,-70.464584,46,"ME",352,"Archilochus","colubris","ruby-throated hummingbird","Animalia",364771,458,"Individuals at a feeding station",2025,5,3,123,2460799,4,2025,5,3,123,2460799,NA
57513,43.433376,-70.464584,46,"ME",352,"Archilochus","colubris","ruby-throated hummingbird","Animalia",364771,542,"Feeding (or foraging)",2025,4,29,119,2460795,NA,2025,5,3,123,2460799,NA
57151,43.381897,-73.578537,127,"NY",352,"Archilochus","colubris","ruby-throated hummingbird","Animalia",364818,292,"Live individuals",2025,5,3,123,2460799,4,2025,5,28,148,2460824,NA
57151,43.381897,-73.578537,127,"NY",352,"Archilochus","colubris","ruby-throated hummingbird","Animalia",364818,312,"Flower visitation",2025,5,3,123,2460799,4,2025,5,28,148,2460824,NA
57151,43.381897,-73.578537,127,"NY",352,"Archilochus","colubris","ruby-throated hummingbird","Animalia",364818,340,"Courtship ",2025,5,3,123,2460799,4,2025,5,3,123,2460799,3
57151,43.381897,-73.578537,127,"NY",352,"Archilochus","colubris","ruby-throated hummingbird","Animalia",364818,458,"Individuals at a feeding station",2025,5,3,123,2460799,4,2025,5,28,148,2460824,NA
57151,43.381897,-73.578537,127,"NY",352,"Archilochus","colubris","ruby-throated hummingbird","Animalia",364818,542,"Feeding (or foraging)",2025,5,3,123,2460799,4,2025,5,28,148,2460824,NA
56862,30.001593,-95.550758,40,"TX",352,"Archilochus","colubris","ruby-throated hummingbird","Animalia",365209,292,"Live individuals",2025,5,27,147,2460823,3,2025,5,27,147,2460823,2
56862,30.001593,-95.550758,40,"TX",352,"Archilochus","colubris","ruby-throated hummingbird","Animalia",365209,292,"Live individuals",2025,7,18,199,2460875,6,2025,7,18,199,2460875,4
56862,30.001593,-95.550758,40,"TX",352,"Archilochus","colubris","ruby-throated hummingbird","Animalia",365209,292,"Live individuals",2025,7,31,212,2460888,6,2025,8,4,216,2460892,5
56862,30.001593,-95.550758,40,"TX",352,"Archilochus","colubris","ruby-throated hummingbird","Animalia",365209,292,"Live individuals",2025,8,19,231,2460907,3,2025,8,19,231,2460907,4
56862,30.001593,-95.550758,40,"TX",352,"Archilochus","colubris","ruby-throated hummingbird","Animalia",365209,292,"Live individuals",2025,8,30,242,2460918,7,2025,9,4,247,2460923,7
56862,30.001593,-95.550758,40,"TX",352,"Archilochus","colubris","ruby-throated hummingbird","Animalia",365209,292,"Live individuals",2025,9,15,258,2460934,4,2025,10,3,276,2460952,5
56862,30.001593,-95.550758,40,"TX",352,"Archilochus","colubris","ruby-throated hummingbird","Animalia",365209,295,"Territorial individuals (birds)",2025,7,18,199,2460875,6,2025,7,18,199,2460875,4
56862,30.001593,-95.550758,40,"TX",352,"Archilochus","colubris","ruby-throated hummingbird","Animalia",365209,295,"Territorial individuals (birds)",2025,7,31,212,2460888,6,2025,7,31,212,2460888,1
56862,30.001593,-95.550758,40,"TX",352,"Archilochus","colubris","ruby-throated hummingbird","Animalia",365209,295,"Territorial individuals (birds)",2025,8,19,231,2460907,3,2025,8,19,231,2460907,4
56862,30.001593,-95.550758,40,"TX",352,"Archilochus","colubris","ruby-throated hummingbird","Animalia",365209,295,"Territorial individuals (birds)",2025,9,4,247,2460923,5,2025,9,4,247,2460923,7
56862,30.001593,-95.550758,40,"TX",352,"Archilochus","colubris","ruby-throated hummingbird","Animalia",365209,295,"Territorial individuals (birds)",2025,9,15,258,2460934,4,2025,9,15,258,2460934,8
56862,30.001593,-95.550758,40,"TX",352,"Archilochus","colubris","ruby-throated hummingbird","Animalia",365209,295,"Territorial individuals (birds)",2025,9,28,271,2460947,5,2025,10,3,276,2460952,5
56862,30.001593,-95.550758,40,"TX",352,"Archilochus","colubris","ruby-throated hummingbird","Animalia",365209,296,"Mating (male on top)",2025,9,23,266,2460942,8,2025,9,23,266,2460942,5
56862,30.001593,-95.550758,40,"TX",352,"Archilochus","colubris","ruby-throated hummingbird","Animalia",365209,312,"Flower visitation",2025,5,27,147,2460823,3,2025,5,27,147,2460823,2
56862,30.001593,-95.550758,40,"TX",352,"Archilochus","colubris","ruby-throated hummingbird","Animalia",365209,312,"Flower visitation",2025,7,18,199,2460875,6,2025,7,18,199,2460875,4
56862,30.001593,-95.550758,40,"TX",352,"Archilochus","colubris","ruby-throated hummingbird","Animalia",365209,312,"Flower visitation",2025,7,31,212,2460888,6,2025,8,4,216,2460892,5
56862,30.001593,-95.550758,40,"TX",352,"Archilochus","colubris","ruby-throated hummingbird","Animalia",365209,312,"Flower visitation",2025,8,19,231,2460907,3,2025,8,19,231,2460907,4
56862,30.001593,-95.550758,40,"TX",352,"Archilochus","colubris","ruby-throated hummingbird","Animalia",365209,312,"Flower visitation",2025,8,30,242,2460918,7,2025,9,4,247,2460923,7
56862,30.001593,-95.550758,40,"TX",352,"Archilochus","colubris","ruby-throated hummingbird","Animalia",365209,312,"Flower visitation",2025,9,15,258,2460934,4,2025,9,23,266,2460942,5
56862,30.001593,-95.550758,40,"TX",352,"Archilochus","colubris","ruby-throated hummingbird","Animalia",365209,312,"Flower visitation",2025,10,3,276,2460952,5,2025,10,3,276,2460952,5
56862,30.001593,-95.550758,40,"TX",352,"Archilochus","colubris","ruby-throated hummingbird","Animalia",365209,340,"Courtship ",2025,9,23,266,2460942,8,2025,9,23,266,2460942,5
56862,30.001593,-95.550758,40,"TX",352,"Archilochus","colubris","ruby-throated hummingbird","Animalia",365209,458,"Individuals at a feeding station",2025,9,4,247,2460923,5,2025,9,4,247,2460923,7
56862,30.001593,-95.550758,40,"TX",352,"Archilochus","colubris","ruby-throated hummingbird","Animalia",365209,458,"Individuals at a feeding station",2025,9,15,258,2460934,4,2025,10,3,276,2460952,5
56862,30.001593,-95.550758,40,"TX",352,"Archilochus","colubris","ruby-throated hummingbird","Animalia",365209,542,"Feeding (or foraging)",2025,5,27,147,2460823,3,2025,5,27,147,2460823,2
56862,30.001593,-95.550758,40,"TX",352,"Archilochus","colubris","ruby-throated hummingbird","Animalia",365209,542,"Feeding (or foraging)",2025,7,18,199,2460875,6,2025,7,18,199,2460875,4
56862,30.001593,-95.550758,40,"TX",352,"Archilochus","colubris","ruby-throated hummingbird","Animalia",365209,542,"Feeding (or foraging)",2025,7,31,212,2460888,6,2025,8,4,216,2460892,5
56862,30.001593,-95.550758,40,"TX",352,"Archilochus","colubris","ruby-throated hummingbird","Animalia",365209,542,"Feeding (or foraging)",2025,8,19,231,2460907,3,2025,8,19,231,2460907,4
56862,30.001593,-95.550758,40,"TX",352,"Archilochus","colubris","ruby-throated hummingbird","Animalia",365209,542,"Feeding (or foraging)",2025,8,30,242,2460918,7,2025,9,4,247,2460923,7
56862,30.001593,-95.550758,40,"TX",352,"Archilochus","colubris","ruby-throated hummingbird","Animalia",365209,542,"Feeding (or foraging)",2025,9,15,258,2460934,4,2025,10,3,276,2460952,5
57467,44.809509,-68.789268,41,"ME",352,"Archilochus","colubris","ruby-throated hummingbird","Animalia",365340,292,"Live individuals",2025,5,8,128,2460804,5,2025,5,8,128,2460804,8
57467,44.809509,-68.789268,41,"ME",352,"Archilochus","colubris","ruby-throated hummingbird","Animalia",365340,292,"Live individuals",2025,5,25,145,2460821,9,2025,5,25,145,2460821,1
57467,44.809509,-68.789268,41,"ME",352,"Archilochus","colubris","ruby-throated hummingbird","Animalia",365340,292,"Live individuals",2025,8,3,215,2460891,26,2025,8,3,215,2460891,32
57467,44.809509,-68.789268,41,"ME",352,"Archilochus","colubris","ruby-throated hummingbird","Animalia",365340,312,"Flower visitation",2025,5,8,128,2460804,5,2025,5,8,128,2460804,8
57467,44.809509,-68.789268,41,"ME",352,"Archilochus","colubris","ruby-throated hummingbird","Animalia",365340,312,"Flower visitation",2025,8,3,215,2460891,26,2025,8,3,215,2460891,32
57467,44.809509,-68.789268,41,"ME",352,"Archilochus","colubris","ruby-throated hummingbird","Animalia",365340,542,"Feeding (or foraging)",2025,8,3,215,2460891,26,2025,8,3,215,2460891,32
50511,46.214523,-93.412369,397,"MN",352,"Archilochus","colubris","ruby-throated hummingbird","Animalia",365416,292,"Live individuals",2025,5,11,131,2460807,NA,2025,5,11,131,2460807,NA
50511,46.214523,-93.412369,397,"MN",352,"Archilochus","colubris","ruby-throated hummingbird","Animalia",365416,458,"Individuals at a feeding station",2025,5,11,131,2460807,NA,2025,5,11,131,2460807,NA
56527,30.179401,-97.184921,154,"TX",352,"Archilochus","colubris","ruby-throated hummingbird","Animalia",365515,292,"Live individuals",2025,5,14,134,2460810,NA,2025,5,14,134,2460810,18
56527,30.179401,-97.184921,154,"TX",352,"Archilochus","colubris","ruby-throated hummingbird","Animalia",365515,312,"Flower visitation",2025,5,14,134,2460810,NA,2025,5,14,134,2460810,18
56527,30.179401,-97.184921,154,"TX",352,"Archilochus","colubris","ruby-throated hummingbird","Animalia",365515,542,"Feeding (or foraging)",2025,5,14,134,2460810,NA,2025,5,14,134,2460810,18
57756,43.893101,-69.669067,23,"ME",352,"Archilochus","colubris","ruby-throated hummingbird","Animalia",365953,292,"Live individuals",2025,6,2,153,2460829,NA,2025,6,2,153,2460829,NA
57756,43.893101,-69.669067,23,"ME",352,"Archilochus","colubris","ruby-throated hummingbird","Animalia",365953,458,"Individuals at a feeding station",2025,6,2,153,2460829,NA,2025,6,2,153,2460829,NA
57756,43.893101,-69.669067,23,"ME",352,"Archilochus","colubris","ruby-throated hummingbird","Animalia",365953,542,"Feeding (or foraging)",2025,6,2,153,2460829,NA,2025,6,2,153,2460829,NA
57910,32.285221,-86.449738,55,NA,352,"Archilochus","colubris","ruby-throated hummingbird","Animalia",366910,292,"Live individuals",2025,6,22,173,2460849,NA,2025,6,22,173,2460849,NA
57910,32.285221,-86.449738,55,NA,352,"Archilochus","colubris","ruby-throated hummingbird","Animalia",366910,458,"Individuals at a feeding station",2025,6,22,173,2460849,NA,2025,6,22,173,2460849,NA
57910,32.285221,-86.449738,55,NA,352,"Archilochus","colubris","ruby-throated hummingbird","Animalia",366910,542,"Feeding (or foraging)",2025,6,22,173,2460849,NA,2025,6,22,173,2460849,NA
56647,43.38118,-87.889183,214,NA,352,"Archilochus","colubris","ruby-throated hummingbird","Animalia",368115,292,"Live individuals",2025,8,16,228,2460904,NA,2025,8,16,228,2460904,5
57897,34.741871,-86.532928,241,"AL",352,"Archilochus","colubris","ruby-throated hummingbird","Animalia",368202,292,"Live individuals",2025,9,20,263,2460939,NA,2025,9,27,270,2460946,5
57897,34.741871,-86.532928,241,"AL",352,"Archilochus","colubris","ruby-throated hummingbird","Animalia",368202,294,"Singing individuals (birds)",2025,9,22,265,2460941,1,2025,9,23,266,2460942,4
57897,34.741871,-86.532928,241,"AL",352,"Archilochus","colubris","ruby-throated hummingbird","Animalia",368202,295,"Territorial individuals (birds)",2025,9,20,263,2460939,NA,2025,9,20,263,2460939,1
57897,34.741871,-86.532928,241,"AL",352,"Archilochus","colubris","ruby-throated hummingbird","Animalia",368202,295,"Territorial individuals (birds)",2025,9,22,265,2460941,1,2025,9,22,265,2460941,5
57897,34.741871,-86.532928,241,"AL",352,"Archilochus","colubris","ruby-throated hummingbird","Animalia",368202,312,"Flower visitation",2025,9,20,263,2460939,NA,2025,9,27,270,2460946,5
57897,34.741871,-86.532928,241,"AL",352,"Archilochus","colubris","ruby-throated hummingbird","Animalia",368202,542,"Feeding (or foraging)",2025,9,20,263,2460939,NA,2025,9,27,270,2460946,5
57719,33.612999,-97.13588,226,NA,352,"Archilochus","colubris","ruby-throated hummingbird","Animalia",368322,292,"Live individuals",2025,9,3,246,2460922,NA,2025,9,7,250,2460926,NA
57719,33.612999,-97.13588,226,NA,352,"Archilochus","colubris","ruby-throated hummingbird","Animalia",368322,293,"Calls or song (birds)",2025,9,7,250,2460926,4,2025,9,7,250,2460926,NA
57719,33.612999,-97.13588,226,NA,352,"Archilochus","colubris","ruby-throated hummingbird","Animalia",368322,294,"Singing individuals (birds)",2025,9,7,250,2460926,4,2025,9,7,250,2460926,NA
57719,33.612999,-97.13588,226,NA,352,"Archilochus","colubris","ruby-throated hummingbird","Animalia",368322,295,"Territorial individuals (birds)",2025,9,7,250,2460926,4,2025,9,7,250,2460926,NA
57719,33.612999,-97.13588,226,NA,352,"Archilochus","colubris","ruby-throated hummingbird","Animalia",368322,312,"Flower visitation",2025,9,3,246,2460922,NA,2025,9,7,250,2460926,NA
57719,33.612999,-97.13588,226,NA,352,"Archilochus","colubris","ruby-throated hummingbird","Animalia",368322,542,"Feeding (or foraging)",2025,9,3,246,2460922,NA,2025,9,7,250,2460926,NA
56388,32.7519,-97.254204,177,NA,352,"Archilochus","colubris","ruby-throated hummingbird","Animalia",368384,296,"Mating (male on top)",2025,9,6,249,2460925,NA,2025,9,6,249,2460925,8
56388,32.7519,-97.254204,177,NA,352,"Archilochus","colubris","ruby-throated hummingbird","Animalia",368384,297,"Nest building (birds)",2025,9,6,249,2460925,NA,2025,9,6,249,2460925,8
56388,32.7519,-97.254204,177,NA,352,"Archilochus","colubris","ruby-throated hummingbird","Animalia",368384,308,"Fledged young (altricial birds)",2025,10,16,289,2460965,NA,2025,10,16,289,2460965,NA
56388,32.7519,-97.254204,177,NA,352,"Archilochus","colubris","ruby-throated hummingbird","Animalia",368384,312,"Flower visitation",2025,10,16,289,2460965,NA,2025,10,16,289,2460965,NA
56388,32.7519,-97.254204,177,NA,352,"Archilochus","colubris","ruby-throated hummingbird","Animalia",368384,542,"Feeding (or foraging)",2025,10,16,289,2460965,NA,2025,10,16,289,2460965,NA
28357,30.414719,-88.541824,3,"MS",352,"Archilochus","colubris","ruby-throated hummingbird","Animalia",369124,304,"Nestlings (altricial birds)",2025,10,23,296,2460972,2,2025,10,30,303,2460979,NA
28357,30.414719,-88.541824,3,"MS",352,"Archilochus","colubris","ruby-throated hummingbird","Animalia",369124,308,"Fledged young (altricial birds)",2025,10,5,278,2460954,NA,2025,10,30,303,2460979,NA
28357,30.414719,-88.541824,3,"MS",352,"Archilochus","colubris","ruby-throated hummingbird","Animalia",369124,312,"Flower visitation",2025,10,5,278,2460954,NA,2025,10,30,303,2460979,NA
28357,30.414719,-88.541824,3,"MS",352,"Archilochus","colubris","ruby-throated hummingbird","Animalia",369124,315,"Dead individuals",2025,10,9,282,2460958,4,2025,10,30,303,2460979,NA
28357,30.414719,-88.541824,3,"MS",352,"Archilochus","colubris","ruby-throated hummingbird","Animalia",369124,316,"Dead nestlings or young (birds)",2025,10,17,290,2460966,3,2025,10,17,290,2460966,4
28357,30.414719,-88.541824,3,"MS",352,"Archilochus","colubris","ruby-throated hummingbird","Animalia",369124,340,"Courtship ",2025,10,5,278,2460954,NA,2025,10,5,278,2460954,4
28357,30.414719,-88.541824,3,"MS",352,"Archilochus","colubris","ruby-throated hummingbird","Animalia",369124,457,"Insect consumption",2025,10,5,278,2460954,NA,2025,10,5,278,2460954,4
