"site_id","latitude","longitude","elevation_in_meters","state","species_id","genus","species","common_name","kingdom","individual_id","phenophase_id","phenophase_description","first_yes_year","first_yes_month","first_yes_day","first_yes_doy","first_yes_julian_date","numdays_since_prior_no","last_yes_year","last_yes_month","last_yes_day","last_yes_doy","last_yes_julian_date","numdays_until_next_no"
430,42.323002,-71.647003,92,"MA",147,"Aquilegia","canadensis","red columbine","Plantae",1035,201,"Open flowers (1 location)",2008,5,18,139,2454605,NA,2008,5,18,139,2454605,NA
1062,43.227459,-76.121017,117,"NY",147,"Aquilegia","canadensis","red columbine","Plantae",1247,201,"Open flowers (1 location)",2009,5,17,137,2454969,21,2009,6,21,172,2455004,NA
1062,43.227459,-76.121017,117,"NY",147,"Aquilegia","canadensis","red columbine","Plantae",1247,482,"Initial growth (forbs)",2009,4,5,95,2454927,8,2009,6,21,172,2455004,NA
1062,43.227459,-76.121017,117,"NY",147,"Aquilegia","canadensis","red columbine","Plantae",1247,488,"Leaves (forbs)",2009,4,26,116,2454948,14,2009,6,21,172,2455004,NA
1127,42.979267,-70.957291,16,"NH",147,"Aquilegia","canadensis","red columbine","Plantae",1563,482,"Initial growth (forbs)",2009,3,19,78,2454910,3,2009,3,22,81,2454913,2
1127,42.979267,-70.957291,16,"NH",147,"Aquilegia","canadensis","red columbine","Plantae",1563,488,"Leaves (forbs)",2009,3,19,78,2454910,3,2009,3,22,81,2454913,2
1127,42.979267,-70.957291,16,"NH",147,"Aquilegia","canadensis","red columbine","Plantae",1563,488,"Leaves (forbs)",2009,4,24,114,2454946,21,2009,5,1,121,2454953,NA
414,44.277962,-70.315315,109,"ME",147,"Aquilegia","canadensis","red columbine","Plantae",2022,201,"Open flowers (1 location)",2009,5,19,139,2454971,5,2009,6,5,156,2454988,NA
414,44.277962,-70.315315,109,"ME",147,"Aquilegia","canadensis","red columbine","Plantae",2022,202,"Ripe fruits (1 location)",2009,6,5,156,2454988,17,2009,6,5,156,2454988,NA
414,44.277962,-70.315315,109,"ME",147,"Aquilegia","canadensis","red columbine","Plantae",2022,482,"Initial growth (forbs)",2009,4,11,101,2454933,2,2009,4,11,101,2454933,5
414,44.277962,-70.315315,109,"ME",147,"Aquilegia","canadensis","red columbine","Plantae",2022,488,"Leaves (forbs)",2009,4,16,106,2454938,5,2009,6,5,156,2454988,NA
1371,42.362041,-88.003029,237,"IL",147,"Aquilegia","canadensis","red columbine","Plantae",2175,482,"Initial growth (forbs)",2009,3,14,73,2454905,NA,2009,3,18,77,2454909,NA
1371,42.362041,-88.003029,237,"IL",147,"Aquilegia","canadensis","red columbine","Plantae",2175,488,"Leaves (forbs)",2009,3,18,77,2454909,NA,2009,3,18,77,2454909,NA
1513,33.849293,-84.386894,278,"GA",147,"Aquilegia","canadensis","red columbine","Plantae",2669,201,"Open flowers (1 location)",2009,3,29,88,2454920,NA,2009,4,21,111,2454943,NA
1513,33.849293,-84.386894,278,"GA",147,"Aquilegia","canadensis","red columbine","Plantae",2669,202,"Ripe fruits (1 location)",2009,4,21,111,2454943,22,2009,4,21,111,2454943,NA
1513,33.849293,-84.386894,278,"GA",147,"Aquilegia","canadensis","red columbine","Plantae",2669,482,"Initial growth (forbs)",2009,3,29,88,2454920,NA,2009,4,21,111,2454943,NA
1513,33.849293,-84.386894,278,"GA",147,"Aquilegia","canadensis","red columbine","Plantae",2669,488,"Leaves (forbs)",2009,3,29,88,2454920,NA,2009,4,21,111,2454943,NA
1559,39.289673,-123.373718,542,"CA",147,"Aquilegia","canadensis","red columbine","Plantae",2798,200,"All leaves withered (herbaceous and grasses)",2009,10,13,286,2455118,NA,2009,11,25,329,2455161,NA
1559,39.289673,-123.373718,542,"CA",147,"Aquilegia","canadensis","red columbine","Plantae",2798,201,"Open flowers (1 location)",2009,10,13,286,2455118,190,2009,10,13,286,2455118,NA
1559,39.289673,-123.373718,542,"CA",147,"Aquilegia","canadensis","red columbine","Plantae",2798,482,"Initial growth (forbs)",2009,3,30,89,2454921,NA,2009,10,13,286,2455118,NA
1559,39.289673,-123.373718,542,"CA",147,"Aquilegia","canadensis","red columbine","Plantae",2798,488,"Leaves (forbs)",2009,3,30,89,2454921,NA,2009,10,13,286,2455118,NA
2394,45.425339,-93.186249,278,"MN",147,"Aquilegia","canadensis","red columbine","Plantae",3817,200,"All leaves withered (herbaceous and grasses)",2009,8,21,233,2455065,18,2009,8,21,233,2455065,NA
2394,45.425339,-93.186249,278,"MN",147,"Aquilegia","canadensis","red columbine","Plantae",3817,201,"Open flowers (1 location)",2009,5,26,146,2454978,7,2009,6,2,153,2454985,8
2394,45.425339,-93.186249,278,"MN",147,"Aquilegia","canadensis","red columbine","Plantae",3817,202,"Ripe fruits (1 location)",2009,7,7,188,2455020,21,2009,8,21,233,2455065,NA
2394,45.425339,-93.186249,278,"MN",147,"Aquilegia","canadensis","red columbine","Plantae",3817,482,"Initial growth (forbs)",2009,5,19,139,2454971,NA,2009,7,7,188,2455020,13
2394,45.425339,-93.186249,278,"MN",147,"Aquilegia","canadensis","red columbine","Plantae",3817,488,"Leaves (forbs)",2009,5,19,139,2454971,NA,2009,8,3,215,2455047,18
2394,45.425339,-93.186249,278,"MN",147,"Aquilegia","canadensis","red columbine","Plantae",3818,200,"All leaves withered (herbaceous and grasses)",2009,8,21,233,2455065,18,2009,8,21,233,2455065,NA
2394,45.425339,-93.186249,278,"MN",147,"Aquilegia","canadensis","red columbine","Plantae",3818,201,"Open flowers (1 location)",2009,5,19,139,2454971,4,2009,5,26,146,2454978,7
2394,45.425339,-93.186249,278,"MN",147,"Aquilegia","canadensis","red columbine","Plantae",3818,202,"Ripe fruits (1 location)",2009,7,7,188,2455020,21,2009,7,7,188,2455020,13
2394,45.425339,-93.186249,278,"MN",147,"Aquilegia","canadensis","red columbine","Plantae",3818,482,"Initial growth (forbs)",2009,5,15,135,2454967,NA,2009,6,16,167,2454999,21
2394,45.425339,-93.186249,278,"MN",147,"Aquilegia","canadensis","red columbine","Plantae",3818,488,"Leaves (forbs)",2009,5,15,135,2454967,NA,2009,8,3,215,2455047,18
2394,45.425339,-93.186249,278,"MN",147,"Aquilegia","canadensis","red columbine","Plantae",3900,200,"All leaves withered (herbaceous and grasses)",2009,8,31,243,2455075,10,2009,8,31,243,2455075,NA
2394,45.425339,-93.186249,278,"MN",147,"Aquilegia","canadensis","red columbine","Plantae",3900,201,"Open flowers (1 location)",2009,5,19,139,2454971,4,2009,6,2,153,2454985,8
2394,45.425339,-93.186249,278,"MN",147,"Aquilegia","canadensis","red columbine","Plantae",3900,202,"Ripe fruits (1 location)",2009,7,7,188,2455020,21,2009,8,31,243,2455075,NA
2394,45.425339,-93.186249,278,"MN",147,"Aquilegia","canadensis","red columbine","Plantae",3900,482,"Initial growth (forbs)",2009,5,15,135,2454967,NA,2009,6,16,167,2454999,21
2394,45.425339,-93.186249,278,"MN",147,"Aquilegia","canadensis","red columbine","Plantae",3900,488,"Leaves (forbs)",2009,5,15,135,2454967,NA,2009,8,21,233,2455065,10
1069,38.010864,-122.688927,151,"CA",147,"Aquilegia","canadensis","red columbine","Plantae",5640,482,"Initial growth (forbs)",2009,3,8,67,2454899,NA,2009,3,8,67,2454899,NA
1069,38.010864,-122.688927,151,"CA",147,"Aquilegia","canadensis","red columbine","Plantae",5640,488,"Leaves (forbs)",2009,3,8,67,2454899,NA,2009,3,8,67,2454899,NA
1559,39.289673,-123.373718,542,"CA",147,"Aquilegia","canadensis","red columbine","Plantae",2798,200,"All leaves withered (herbaceous and grasses)",2010,6,4,155,2455352,NA,2010,6,4,155,2455352,NA
1559,39.289673,-123.373718,542,"CA",147,"Aquilegia","canadensis","red columbine","Plantae",2798,482,"Initial growth (forbs)",2010,4,17,107,2455304,NA,2010,4,17,107,2455304,NA
1559,39.289673,-123.373718,542,"CA",147,"Aquilegia","canadensis","red columbine","Plantae",2798,488,"Leaves (forbs)",2010,4,17,107,2455304,NA,2010,6,4,155,2455352,NA
2394,45.425339,-93.186249,278,"MN",147,"Aquilegia","canadensis","red columbine","Plantae",3817,200,"All leaves withered (herbaceous and grasses)",2010,9,8,251,2455448,7,2010,9,8,251,2455448,NA
2394,45.425339,-93.186249,278,"MN",147,"Aquilegia","canadensis","red columbine","Plantae",3817,201,"Open flowers (1 location)",2010,5,26,146,2455343,7,2010,6,1,152,2455349,7
2394,45.425339,-93.186249,278,"MN",147,"Aquilegia","canadensis","red columbine","Plantae",3817,482,"Initial growth (forbs)",2010,4,5,95,2455292,5,2010,4,30,120,2455317,14
2394,45.425339,-93.186249,278,"MN",147,"Aquilegia","canadensis","red columbine","Plantae",3817,482,"Initial growth (forbs)",2010,5,26,146,2455343,7,2010,6,1,152,2455349,7
2394,45.425339,-93.186249,278,"MN",147,"Aquilegia","canadensis","red columbine","Plantae",3817,488,"Leaves (forbs)",2010,4,12,102,2455299,3,2010,9,1,244,2455441,7
2394,45.425339,-93.186249,278,"MN",147,"Aquilegia","canadensis","red columbine","Plantae",3818,200,"All leaves withered (herbaceous and grasses)",2010,9,8,251,2455448,7,2010,9,8,251,2455448,NA
2394,45.425339,-93.186249,278,"MN",147,"Aquilegia","canadensis","red columbine","Plantae",3818,201,"Open flowers (1 location)",2010,5,26,146,2455343,7,2010,6,1,152,2455349,7
2394,45.425339,-93.186249,278,"MN",147,"Aquilegia","canadensis","red columbine","Plantae",3818,202,"Ripe fruits (1 location)",2010,6,30,181,2455378,8,2010,8,12,224,2455421,6
2394,45.425339,-93.186249,278,"MN",147,"Aquilegia","canadensis","red columbine","Plantae",3818,482,"Initial growth (forbs)",2010,4,5,95,2455292,5,2010,5,14,134,2455331,5
2394,45.425339,-93.186249,278,"MN",147,"Aquilegia","canadensis","red columbine","Plantae",3818,488,"Leaves (forbs)",2010,4,5,95,2455292,5,2010,9,1,244,2455441,7
2394,45.425339,-93.186249,278,"MN",147,"Aquilegia","canadensis","red columbine","Plantae",3900,201,"Open flowers (1 location)",2010,5,26,146,2455343,7,2010,5,26,146,2455343,6
2394,45.425339,-93.186249,278,"MN",147,"Aquilegia","canadensis","red columbine","Plantae",3900,202,"Ripe fruits (1 location)",2010,6,30,181,2455378,8,2010,8,12,224,2455421,6
2394,45.425339,-93.186249,278,"MN",147,"Aquilegia","canadensis","red columbine","Plantae",3900,482,"Initial growth (forbs)",2010,4,5,95,2455292,5,2010,4,30,120,2455317,14
2394,45.425339,-93.186249,278,"MN",147,"Aquilegia","canadensis","red columbine","Plantae",3900,482,"Initial growth (forbs)",2010,5,19,139,2455336,5,2010,6,8,159,2455356,8
2394,45.425339,-93.186249,278,"MN",147,"Aquilegia","canadensis","red columbine","Plantae",3900,488,"Leaves (forbs)",2010,4,12,102,2455299,3,2010,8,18,230,2455427,7
2394,45.425339,-93.186249,278,"MN",147,"Aquilegia","canadensis","red columbine","Plantae",3900,488,"Leaves (forbs)",2010,10,15,288,2455485,51,2010,10,29,302,2455499,NA
1950,42.779064,-87.854195,218,"WI",147,"Aquilegia","canadensis","red columbine","Plantae",4133,482,"Initial growth (forbs)",2010,4,21,111,2455308,NA,2010,4,21,111,2455308,NA
1950,42.779064,-87.854195,218,"WI",147,"Aquilegia","canadensis","red columbine","Plantae",4133,488,"Leaves (forbs)",2010,4,21,111,2455308,NA,2010,4,21,111,2455308,NA
2674,45.076584,-93.194885,270,"MN",147,"Aquilegia","canadensis","red columbine","Plantae",6136,482,"Initial growth (forbs)",2010,4,23,113,2455310,NA,2010,4,23,113,2455310,NA
2674,45.076584,-93.194885,270,"MN",147,"Aquilegia","canadensis","red columbine","Plantae",6136,488,"Leaves (forbs)",2010,4,23,113,2455310,NA,2010,4,23,113,2455310,NA
2674,45.076584,-93.194885,270,"MN",147,"Aquilegia","canadensis","red columbine","Plantae",6137,482,"Initial growth (forbs)",2010,4,23,113,2455310,NA,2010,4,23,113,2455310,NA
2674,45.076584,-93.194885,270,"MN",147,"Aquilegia","canadensis","red columbine","Plantae",6137,488,"Leaves (forbs)",2010,4,23,113,2455310,NA,2010,4,23,113,2455310,NA
2674,45.076584,-93.194885,270,"MN",147,"Aquilegia","canadensis","red columbine","Plantae",6138,482,"Initial growth (forbs)",2010,4,23,113,2455310,NA,2010,4,23,113,2455310,NA
2674,45.076584,-93.194885,270,"MN",147,"Aquilegia","canadensis","red columbine","Plantae",6138,488,"Leaves (forbs)",2010,4,23,113,2455310,NA,2010,4,23,113,2455310,NA
6,43.040955,-76.212914,172,"NY",147,"Aquilegia","canadensis","red columbine","Plantae",6393,201,"Open flowers (1 location)",2010,5,20,140,2455337,4,2010,6,19,170,2455367,8
6,43.040955,-76.212914,172,"NY",147,"Aquilegia","canadensis","red columbine","Plantae",6393,202,"Ripe fruits (1 location)",2010,6,10,161,2455358,3,2010,6,10,161,2455358,5
6,43.040955,-76.212914,172,"NY",147,"Aquilegia","canadensis","red columbine","Plantae",6393,202,"Ripe fruits (1 location)",2010,7,15,196,2455393,18,2010,8,9,221,2455418,29
6,43.040955,-76.212914,172,"NY",147,"Aquilegia","canadensis","red columbine","Plantae",6393,488,"Leaves (forbs)",2010,5,16,136,2455333,NA,2010,7,15,196,2455393,15
6,43.040955,-76.212914,172,"NY",147,"Aquilegia","canadensis","red columbine","Plantae",6393,488,"Leaves (forbs)",2010,9,7,250,2455447,29,2010,9,7,250,2455447,NA
1559,39.289673,-123.373718,542,"CA",147,"Aquilegia","canadensis","red columbine","Plantae",2798,482,"Initial growth (forbs)",2011,2,16,47,2455609,NA,2011,2,16,47,2455609,NA
1559,39.289673,-123.373718,542,"CA",147,"Aquilegia","canadensis","red columbine","Plantae",2798,488,"Leaves (forbs)",2011,2,16,47,2455609,NA,2011,2,16,47,2455609,NA
2394,45.425339,-93.186249,278,"MN",147,"Aquilegia","canadensis","red columbine","Plantae",3817,390,"Ripe fruits",2011,7,11,192,2455754,6,2011,7,11,192,2455754,11
2394,45.425339,-93.186249,278,"MN",147,"Aquilegia","canadensis","red columbine","Plantae",3817,482,"Initial growth (forbs)",2011,4,25,115,2455677,3,2011,6,20,171,2455733,7
2394,45.425339,-93.186249,278,"MN",147,"Aquilegia","canadensis","red columbine","Plantae",3817,488,"Leaves (forbs)",2011,4,25,115,2455677,3,2011,9,13,256,2455818,3
2394,45.425339,-93.186249,278,"MN",147,"Aquilegia","canadensis","red columbine","Plantae",3817,500,"Flowers or flower buds",2011,6,6,157,2455719,6,2011,6,6,157,2455719,7
2394,45.425339,-93.186249,278,"MN",147,"Aquilegia","canadensis","red columbine","Plantae",3817,501,"Open flowers",2011,6,6,157,2455719,6,2011,6,6,157,2455719,7
2394,45.425339,-93.186249,278,"MN",147,"Aquilegia","canadensis","red columbine","Plantae",3817,504,"Recent fruit or seed drop",2011,7,22,203,2455765,11,2011,7,22,203,2455765,5
2394,45.425339,-93.186249,278,"MN",147,"Aquilegia","canadensis","red columbine","Plantae",3817,516,"Fruits",2011,6,13,164,2455726,7,2011,7,11,192,2455754,11
2394,45.425339,-93.186249,278,"MN",147,"Aquilegia","canadensis","red columbine","Plantae",3818,390,"Ripe fruits",2011,7,11,192,2455754,6,2011,7,11,192,2455754,11
2394,45.425339,-93.186249,278,"MN",147,"Aquilegia","canadensis","red columbine","Plantae",3818,482,"Initial growth (forbs)",2011,5,6,126,2455688,3,2011,5,31,151,2455713,6
2394,45.425339,-93.186249,278,"MN",147,"Aquilegia","canadensis","red columbine","Plantae",3818,488,"Leaves (forbs)",2011,5,6,126,2455688,3,2011,9,13,256,2455818,3
2394,45.425339,-93.186249,278,"MN",147,"Aquilegia","canadensis","red columbine","Plantae",3818,500,"Flowers or flower buds",2011,5,24,144,2455706,4,2011,6,6,157,2455719,7
2394,45.425339,-93.186249,278,"MN",147,"Aquilegia","canadensis","red columbine","Plantae",3818,501,"Open flowers",2011,5,31,151,2455713,5,2011,6,6,157,2455719,7
2394,45.425339,-93.186249,278,"MN",147,"Aquilegia","canadensis","red columbine","Plantae",3818,504,"Recent fruit or seed drop",2011,7,22,203,2455765,11,2011,7,22,203,2455765,5
2394,45.425339,-93.186249,278,"MN",147,"Aquilegia","canadensis","red columbine","Plantae",3818,516,"Fruits",2011,6,13,164,2455726,7,2011,7,11,192,2455754,11
2394,45.425339,-93.186249,278,"MN",147,"Aquilegia","canadensis","red columbine","Plantae",3900,390,"Ripe fruits",2011,7,5,186,2455748,8,2011,7,11,192,2455754,11
2394,45.425339,-93.186249,278,"MN",147,"Aquilegia","canadensis","red columbine","Plantae",3900,482,"Initial growth (forbs)",2011,4,25,115,2455677,3,2011,5,31,151,2455713,6
2394,45.425339,-93.186249,278,"MN",147,"Aquilegia","canadensis","red columbine","Plantae",3900,488,"Leaves (forbs)",2011,4,29,119,2455681,4,2011,7,11,192,2455754,11
2394,45.425339,-93.186249,278,"MN",147,"Aquilegia","canadensis","red columbine","Plantae",3900,500,"Flowers or flower buds",2011,5,16,136,2455698,6,2011,6,6,157,2455719,7
2394,45.425339,-93.186249,278,"MN",147,"Aquilegia","canadensis","red columbine","Plantae",3900,501,"Open flowers",2011,5,31,151,2455713,5,2011,6,6,157,2455719,7
2394,45.425339,-93.186249,278,"MN",147,"Aquilegia","canadensis","red columbine","Plantae",3900,504,"Recent fruit or seed drop",2011,7,5,186,2455748,8,2011,7,11,192,2455754,11
2394,45.425339,-93.186249,278,"MN",147,"Aquilegia","canadensis","red columbine","Plantae",3900,516,"Fruits",2011,6,6,157,2455719,6,2011,7,11,192,2455754,11
2099,58.402012,-134.588974,18,"AK",147,"Aquilegia","canadensis","red columbine","Plantae",4262,482,"Initial growth (forbs)",2011,4,24,114,2455676,NA,2011,4,24,114,2455676,NA
6,43.040955,-76.212914,172,"NY",147,"Aquilegia","canadensis","red columbine","Plantae",6393,488,"Leaves (forbs)",2011,4,25,115,2455677,NA,2011,6,19,170,2455732,NA
6,43.040955,-76.212914,172,"NY",147,"Aquilegia","canadensis","red columbine","Plantae",6393,500,"Flowers or flower buds",2011,5,22,142,2455704,4,2011,6,19,170,2455732,NA
6,43.040955,-76.212914,172,"NY",147,"Aquilegia","canadensis","red columbine","Plantae",6393,501,"Open flowers",2011,5,22,142,2455704,4,2011,6,19,170,2455732,NA
6,43.040955,-76.212914,172,"NY",147,"Aquilegia","canadensis","red columbine","Plantae",6393,516,"Fruits",2011,6,19,170,2455732,20,2011,6,19,170,2455732,NA
5266,40.802853,-76.032104,318,"PA",147,"Aquilegia","canadensis","red columbine","Plantae",10582,390,"Ripe fruits",2011,6,4,155,2455717,7,2011,6,9,160,2455722,NA
5266,40.802853,-76.032104,318,"PA",147,"Aquilegia","canadensis","red columbine","Plantae",10582,482,"Initial growth (forbs)",2011,4,26,116,2455678,4,2011,5,12,132,2455694,3
5266,40.802853,-76.032104,318,"PA",147,"Aquilegia","canadensis","red columbine","Plantae",10582,488,"Leaves (forbs)",2011,4,26,116,2455678,4,2011,6,4,155,2455717,5
5266,40.802853,-76.032104,318,"PA",147,"Aquilegia","canadensis","red columbine","Plantae",10582,500,"Flowers or flower buds",2011,5,8,128,2455690,3,2011,6,4,155,2455717,5
5266,40.802853,-76.032104,318,"PA",147,"Aquilegia","canadensis","red columbine","Plantae",10582,501,"Open flowers",2011,5,12,132,2455694,4,2011,6,4,155,2455717,5
5266,40.802853,-76.032104,318,"PA",147,"Aquilegia","canadensis","red columbine","Plantae",10582,504,"Recent fruit or seed drop",2011,6,9,160,2455722,5,2011,6,9,160,2455722,NA
5266,40.802853,-76.032104,318,"PA",147,"Aquilegia","canadensis","red columbine","Plantae",10582,516,"Fruits",2011,6,4,155,2455717,7,2011,6,9,160,2455722,NA
2394,45.425339,-93.186249,278,"MN",147,"Aquilegia","canadensis","red columbine","Plantae",3817,482,"Initial growth (forbs)",2012,4,5,96,2456023,9,2012,5,8,129,2456056,8
2394,45.425339,-93.186249,278,"MN",147,"Aquilegia","canadensis","red columbine","Plantae",3817,488,"Leaves (forbs)",2012,4,5,96,2456023,9,2012,8,21,234,2456161,15
2394,45.425339,-93.186249,278,"MN",147,"Aquilegia","canadensis","red columbine","Plantae",3818,482,"Initial growth (forbs)",2012,3,22,82,2456009,7,2012,5,16,137,2456064,10
2394,45.425339,-93.186249,278,"MN",147,"Aquilegia","canadensis","red columbine","Plantae",3818,488,"Leaves (forbs)",2012,3,22,82,2456009,7,2012,10,8,282,2456209,NA
2394,45.425339,-93.186249,278,"MN",147,"Aquilegia","canadensis","red columbine","Plantae",3900,482,"Initial growth (forbs)",2012,3,27,87,2456014,5,2012,6,19,171,2456098,17
2394,45.425339,-93.186249,278,"MN",147,"Aquilegia","canadensis","red columbine","Plantae",3900,488,"Leaves (forbs)",2012,3,27,87,2456014,5,2012,8,21,234,2456161,15
2099,58.402012,-134.588974,18,"AK",147,"Aquilegia","canadensis","red columbine","Plantae",4262,390,"Ripe fruits",2012,9,3,247,2456174,77,2012,9,3,247,2456174,NA
2099,58.402012,-134.588974,18,"AK",147,"Aquilegia","canadensis","red columbine","Plantae",4262,504,"Recent fruit or seed drop",2012,9,3,247,2456174,77,2012,9,3,247,2456174,NA
5266,40.802853,-76.032104,318,"PA",147,"Aquilegia","canadensis","red columbine","Plantae",10582,482,"Initial growth (forbs)",2012,4,2,93,2456020,7,2012,4,2,93,2456020,7
5266,40.802853,-76.032104,318,"PA",147,"Aquilegia","canadensis","red columbine","Plantae",10582,488,"Leaves (forbs)",2012,4,2,93,2456020,7,2012,4,15,106,2456033,NA
5266,40.802853,-76.032104,318,"PA",147,"Aquilegia","canadensis","red columbine","Plantae",10582,500,"Flowers or flower buds",2012,4,15,106,2456033,6,2012,4,15,106,2456033,NA
6242,43.348259,-70.546036,5,"ME",147,"Aquilegia","canadensis","red columbine","Plantae",16523,390,"Ripe fruits",2012,6,25,177,2456104,4,2012,7,9,191,2456118,3
6242,43.348259,-70.546036,5,"ME",147,"Aquilegia","canadensis","red columbine","Plantae",16523,390,"Ripe fruits",2012,7,16,198,2456125,4,2012,7,23,205,2456132,4
6242,43.348259,-70.546036,5,"ME",147,"Aquilegia","canadensis","red columbine","Plantae",16523,390,"Ripe fruits",2012,7,30,212,2456139,3,2012,8,2,215,2456142,4
6242,43.348259,-70.546036,5,"ME",147,"Aquilegia","canadensis","red columbine","Plantae",16523,488,"Leaves (forbs)",2012,5,31,152,2456079,NA,2012,10,9,283,2456210,2
6242,43.348259,-70.546036,5,"ME",147,"Aquilegia","canadensis","red columbine","Plantae",16523,500,"Flowers or flower buds",2012,5,31,152,2456079,NA,2012,6,12,164,2456091,2
6242,43.348259,-70.546036,5,"ME",147,"Aquilegia","canadensis","red columbine","Plantae",16523,500,"Flowers or flower buds",2012,6,18,170,2456097,4,2012,6,18,170,2456097,3
6242,43.348259,-70.546036,5,"ME",147,"Aquilegia","canadensis","red columbine","Plantae",16523,501,"Open flowers",2012,5,31,152,2456079,NA,2012,6,12,164,2456091,2
6242,43.348259,-70.546036,5,"ME",147,"Aquilegia","canadensis","red columbine","Plantae",16523,504,"Recent fruit or seed drop",2012,6,25,177,2456104,4,2012,7,16,198,2456125,7
6242,43.348259,-70.546036,5,"ME",147,"Aquilegia","canadensis","red columbine","Plantae",16523,504,"Recent fruit or seed drop",2012,7,30,212,2456139,3,2012,8,2,215,2456142,4
6242,43.348259,-70.546036,5,"ME",147,"Aquilegia","canadensis","red columbine","Plantae",16523,516,"Fruits",2012,6,7,159,2456086,3,2012,7,9,191,2456118,3
6242,43.348259,-70.546036,5,"ME",147,"Aquilegia","canadensis","red columbine","Plantae",16523,516,"Fruits",2012,7,16,198,2456125,4,2012,7,23,205,2456132,4
6242,43.348259,-70.546036,5,"ME",147,"Aquilegia","canadensis","red columbine","Plantae",16523,516,"Fruits",2012,7,30,212,2456139,3,2012,8,2,215,2456142,4
1029,42.457664,-82.964958,188,"MI",147,"Aquilegia","canadensis","red columbine","Plantae",21167,482,"Initial growth (forbs)",2012,3,14,74,2456001,NA,2012,3,17,77,2456004,NA
1029,42.457664,-82.964958,188,"MI",147,"Aquilegia","canadensis","red columbine","Plantae",21167,488,"Leaves (forbs)",2012,3,14,74,2456001,NA,2012,3,17,77,2456004,NA
6600,43.072197,-87.895683,200,"WI",147,"Aquilegia","canadensis","red columbine","Plantae",21203,482,"Initial growth (forbs)",2012,3,14,74,2456001,NA,2012,4,8,99,2456026,NA
6600,43.072197,-87.895683,200,"WI",147,"Aquilegia","canadensis","red columbine","Plantae",21203,488,"Leaves (forbs)",2012,3,14,74,2456001,NA,2012,4,18,109,2456036,NA
6600,43.072197,-87.895683,200,"WI",147,"Aquilegia","canadensis","red columbine","Plantae",21203,500,"Flowers or flower buds",2012,4,8,99,2456026,4,2012,4,18,109,2456036,NA
8276,35.814579,-78.788826,138,"NC",147,"Aquilegia","canadensis","red columbine","Plantae",23822,390,"Ripe fruits",2012,5,8,129,2456056,33,2012,5,8,129,2456056,NA
8276,35.814579,-78.788826,138,"NC",147,"Aquilegia","canadensis","red columbine","Plantae",23822,500,"Flowers or flower buds",2012,4,4,95,2456022,NA,2012,5,8,129,2456056,NA
8276,35.814579,-78.788826,138,"NC",147,"Aquilegia","canadensis","red columbine","Plantae",23822,501,"Open flowers",2012,4,4,95,2456022,NA,2012,5,8,129,2456056,NA
8276,35.814579,-78.788826,138,"NC",147,"Aquilegia","canadensis","red columbine","Plantae",23822,504,"Recent fruit or seed drop",2012,5,8,129,2456056,33,2012,5,8,129,2456056,NA
8276,35.814579,-78.788826,138,"NC",147,"Aquilegia","canadensis","red columbine","Plantae",23822,516,"Fruits",2012,4,5,96,2456023,1,2012,5,8,129,2456056,NA
8462,43.090698,-89.843498,298,"WI",147,"Aquilegia","canadensis","red columbine","Plantae",25671,482,"Initial growth (forbs)",2012,4,19,110,2456037,NA,2012,5,13,134,2456061,NA
8462,43.090698,-89.843498,298,"WI",147,"Aquilegia","canadensis","red columbine","Plantae",25671,488,"Leaves (forbs)",2012,4,19,110,2456037,NA,2012,5,13,134,2456061,NA
8462,43.090698,-89.843498,298,"WI",147,"Aquilegia","canadensis","red columbine","Plantae",25671,500,"Flowers or flower buds",2012,4,19,110,2456037,NA,2012,5,13,134,2456061,NA
8462,43.090698,-89.843498,298,"WI",147,"Aquilegia","canadensis","red columbine","Plantae",25671,501,"Open flowers",2012,4,19,110,2456037,NA,2012,5,13,134,2456061,NA
8462,43.090698,-89.843498,298,"WI",147,"Aquilegia","canadensis","red columbine","Plantae",25671,516,"Fruits",2012,5,13,134,2456061,24,2012,5,13,134,2456061,NA
8462,43.090698,-89.843498,298,"WI",147,"Aquilegia","canadensis","red columbine","Plantae",25672,482,"Initial growth (forbs)",2012,4,19,110,2456037,NA,2012,5,13,134,2456061,NA
8462,43.090698,-89.843498,298,"WI",147,"Aquilegia","canadensis","red columbine","Plantae",25672,488,"Leaves (forbs)",2012,4,19,110,2456037,NA,2012,5,13,134,2456061,NA
8462,43.090698,-89.843498,298,"WI",147,"Aquilegia","canadensis","red columbine","Plantae",25672,500,"Flowers or flower buds",2012,4,19,110,2456037,NA,2012,5,13,134,2456061,NA
8462,43.090698,-89.843498,298,"WI",147,"Aquilegia","canadensis","red columbine","Plantae",25672,501,"Open flowers",2012,5,13,134,2456061,24,2012,5,13,134,2456061,NA
8462,43.090698,-89.843498,298,"WI",147,"Aquilegia","canadensis","red columbine","Plantae",25672,516,"Fruits",2012,5,13,134,2456061,24,2012,5,13,134,2456061,NA
6242,43.348259,-70.546036,5,"ME",147,"Aquilegia","canadensis","red columbine","Plantae",28506,390,"Ripe fruits",2012,6,28,180,2456107,3,2012,7,9,191,2456118,3
6242,43.348259,-70.546036,5,"ME",147,"Aquilegia","canadensis","red columbine","Plantae",28506,390,"Ripe fruits",2012,7,16,198,2456125,4,2012,8,20,233,2456160,3
6242,43.348259,-70.546036,5,"ME",147,"Aquilegia","canadensis","red columbine","Plantae",28506,488,"Leaves (forbs)",2012,6,4,156,2456083,NA,2012,10,1,275,2456202,3
6242,43.348259,-70.546036,5,"ME",147,"Aquilegia","canadensis","red columbine","Plantae",28506,500,"Flowers or flower buds",2012,6,7,159,2456086,3,2012,6,18,170,2456097,3
6242,43.348259,-70.546036,5,"ME",147,"Aquilegia","canadensis","red columbine","Plantae",28506,501,"Open flowers",2012,6,14,166,2456093,2,2012,6,18,170,2456097,3
6242,43.348259,-70.546036,5,"ME",147,"Aquilegia","canadensis","red columbine","Plantae",28506,504,"Recent fruit or seed drop",2012,6,28,180,2456107,3,2012,8,6,219,2456146,3
6242,43.348259,-70.546036,5,"ME",147,"Aquilegia","canadensis","red columbine","Plantae",28506,504,"Recent fruit or seed drop",2012,8,13,226,2456153,4,2012,8,13,226,2456153,3
6242,43.348259,-70.546036,5,"ME",147,"Aquilegia","canadensis","red columbine","Plantae",28506,504,"Recent fruit or seed drop",2012,8,23,236,2456163,3,2012,8,23,236,2456163,4
6242,43.348259,-70.546036,5,"ME",147,"Aquilegia","canadensis","red columbine","Plantae",28506,516,"Fruits",2012,6,4,156,2456083,NA,2012,6,7,159,2456086,5
6242,43.348259,-70.546036,5,"ME",147,"Aquilegia","canadensis","red columbine","Plantae",28506,516,"Fruits",2012,6,14,166,2456093,2,2012,7,9,191,2456118,3
6242,43.348259,-70.546036,5,"ME",147,"Aquilegia","canadensis","red columbine","Plantae",28506,516,"Fruits",2012,7,16,198,2456125,4,2012,8,20,233,2456160,3
6242,43.348259,-70.546036,5,"ME",147,"Aquilegia","canadensis","red columbine","Plantae",28507,482,"Initial growth (forbs)",2012,7,16,198,2456125,4,2012,7,16,198,2456125,7
6242,43.348259,-70.546036,5,"ME",147,"Aquilegia","canadensis","red columbine","Plantae",28507,488,"Leaves (forbs)",2012,6,4,156,2456083,NA,2012,10,11,285,2456212,NA
6242,43.348259,-70.546036,5,"ME",147,"Aquilegia","canadensis","red columbine","Plantae",28507,500,"Flowers or flower buds",2012,6,4,156,2456083,NA,2012,6,4,156,2456083,3
36439,39.026203,-76.79895,47,"MD",147,"Aquilegia","canadensis","red columbine","Plantae",224421,390,"Ripe fruits",2012,4,26,117,2456044,NA,2012,5,18,139,2456066,NA
36439,39.026203,-76.79895,47,"MD",147,"Aquilegia","canadensis","red columbine","Plantae",224421,500,"Flowers or flower buds",2012,3,27,87,2456014,NA,2012,4,4,95,2456022,NA
36439,39.026203,-76.79895,47,"MD",147,"Aquilegia","canadensis","red columbine","Plantae",224421,501,"Open flowers",2012,3,27,87,2456014,NA,2012,4,4,95,2456022,NA
36439,39.026203,-76.79895,47,"MD",147,"Aquilegia","canadensis","red columbine","Plantae",224421,516,"Fruits",2012,4,26,117,2456044,NA,2012,5,18,139,2456066,NA
2394,45.425339,-93.186249,278,"MN",147,"Aquilegia","canadensis","red columbine","Plantae",3817,482,"Initial growth (forbs)",2013,5,16,136,2456429,11,2013,5,24,144,2456437,5
2394,45.425339,-93.186249,278,"MN",147,"Aquilegia","canadensis","red columbine","Plantae",3817,488,"Leaves (forbs)",2013,5,16,136,2456429,11,2013,8,7,219,2456512,13
2394,45.425339,-93.186249,278,"MN",147,"Aquilegia","canadensis","red columbine","Plantae",3817,500,"Flowers or flower buds",2013,6,20,171,2456464,9,2013,6,20,171,2456464,8
2394,45.425339,-93.186249,278,"MN",147,"Aquilegia","canadensis","red columbine","Plantae",3818,482,"Initial growth (forbs)",2013,5,16,136,2456429,11,2013,6,7,158,2456451,4
2394,45.425339,-93.186249,278,"MN",147,"Aquilegia","canadensis","red columbine","Plantae",3818,488,"Leaves (forbs)",2013,5,16,136,2456429,11,2013,11,5,309,2456602,7
2394,45.425339,-93.186249,278,"MN",147,"Aquilegia","canadensis","red columbine","Plantae",3900,482,"Initial growth (forbs)",2013,5,16,136,2456429,11,2013,6,7,158,2456451,4
2394,45.425339,-93.186249,278,"MN",147,"Aquilegia","canadensis","red columbine","Plantae",3900,488,"Leaves (forbs)",2013,5,16,136,2456429,11,2013,8,7,219,2456512,13
2099,58.402012,-134.588974,18,"AK",147,"Aquilegia","canadensis","red columbine","Plantae",4262,390,"Ripe fruits",2013,8,19,231,2456524,66,2013,8,19,231,2456524,NA
2099,58.402012,-134.588974,18,"AK",147,"Aquilegia","canadensis","red columbine","Plantae",4262,482,"Initial growth (forbs)",2013,5,14,134,2456427,27,2013,5,14,134,2456427,NA
2099,58.402012,-134.588974,18,"AK",147,"Aquilegia","canadensis","red columbine","Plantae",4262,488,"Leaves (forbs)",2013,5,14,134,2456427,27,2013,5,14,134,2456427,NA
2099,58.402012,-134.588974,18,"AK",147,"Aquilegia","canadensis","red columbine","Plantae",4262,501,"Open flowers",2013,6,14,165,2456458,31,2013,6,14,165,2456458,NA
2099,58.402012,-134.588974,18,"AK",147,"Aquilegia","canadensis","red columbine","Plantae",4262,504,"Recent fruit or seed drop",2013,8,19,231,2456524,66,2013,8,19,231,2456524,NA
6242,43.348259,-70.546036,5,"ME",147,"Aquilegia","canadensis","red columbine","Plantae",16523,390,"Ripe fruits",2013,7,5,186,2456479,4,2013,8,27,239,2456532,3
6242,43.348259,-70.546036,5,"ME",147,"Aquilegia","canadensis","red columbine","Plantae",16523,390,"Ripe fruits",2013,9,4,247,2456540,5,2013,9,27,270,2456563,NA
6242,43.348259,-70.546036,5,"ME",147,"Aquilegia","canadensis","red columbine","Plantae",16523,482,"Initial growth (forbs)",2013,4,1,91,2456384,NA,2013,4,5,95,2456388,4
6242,43.348259,-70.546036,5,"ME",147,"Aquilegia","canadensis","red columbine","Plantae",16523,482,"Initial growth (forbs)",2013,4,24,114,2456407,5,2013,4,24,114,2456407,6
6242,43.348259,-70.546036,5,"ME",147,"Aquilegia","canadensis","red columbine","Plantae",16523,488,"Leaves (forbs)",2013,4,30,120,2456413,6,2013,9,27,270,2456563,NA
6242,43.348259,-70.546036,5,"ME",147,"Aquilegia","canadensis","red columbine","Plantae",16523,500,"Flowers or flower buds",2013,5,17,137,2456430,3,2013,6,7,158,2456451,3
6242,43.348259,-70.546036,5,"ME",147,"Aquilegia","canadensis","red columbine","Plantae",16523,500,"Flowers or flower buds",2013,6,13,164,2456457,3,2013,7,1,182,2456475,4
6242,43.348259,-70.546036,5,"ME",147,"Aquilegia","canadensis","red columbine","Plantae",16523,501,"Open flowers",2013,6,4,155,2456448,4,2013,6,7,158,2456451,3
6242,43.348259,-70.546036,5,"ME",147,"Aquilegia","canadensis","red columbine","Plantae",16523,501,"Open flowers",2013,6,13,164,2456457,3,2013,6,25,176,2456469,3
6242,43.348259,-70.546036,5,"ME",147,"Aquilegia","canadensis","red columbine","Plantae",16523,501,"Open flowers",2013,7,1,182,2456475,3,2013,7,1,182,2456475,4
6242,43.348259,-70.546036,5,"ME",147,"Aquilegia","canadensis","red columbine","Plantae",16523,504,"Recent fruit or seed drop",2013,7,12,193,2456486,3,2013,8,6,218,2456511,3
6242,43.348259,-70.546036,5,"ME",147,"Aquilegia","canadensis","red columbine","Plantae",16523,504,"Recent fruit or seed drop",2013,8,20,232,2456525,8,2013,8,23,235,2456528,4
6242,43.348259,-70.546036,5,"ME",147,"Aquilegia","canadensis","red columbine","Plantae",16523,504,"Recent fruit or seed drop",2013,9,24,267,2456560,4,2013,9,27,270,2456563,NA
6242,43.348259,-70.546036,5,"ME",147,"Aquilegia","canadensis","red columbine","Plantae",16523,516,"Fruits",2013,6,18,169,2456462,5,2013,9,27,270,2456563,NA
6600,43.072197,-87.895683,200,"WI",147,"Aquilegia","canadensis","red columbine","Plantae",21203,488,"Leaves (forbs)",2013,4,30,120,2456413,NA,2013,4,30,120,2456413,NA
6600,43.072197,-87.895683,200,"WI",147,"Aquilegia","canadensis","red columbine","Plantae",21203,500,"Flowers or flower buds",2013,5,19,139,2456432,NA,2013,5,19,139,2456432,NA
6600,43.072197,-87.895683,200,"WI",147,"Aquilegia","canadensis","red columbine","Plantae",21203,501,"Open flowers",2013,5,19,139,2456432,NA,2013,5,19,139,2456432,NA
6242,43.348259,-70.546036,5,"ME",147,"Aquilegia","canadensis","red columbine","Plantae",28506,390,"Ripe fruits",2013,7,9,190,2456483,4,2013,8,20,232,2456525,3
6242,43.348259,-70.546036,5,"ME",147,"Aquilegia","canadensis","red columbine","Plantae",28506,482,"Initial growth (forbs)",2013,4,19,109,2456402,3,2013,4,24,114,2456407,6
6242,43.348259,-70.546036,5,"ME",147,"Aquilegia","canadensis","red columbine","Plantae",28506,482,"Initial growth (forbs)",2013,5,7,127,2456420,4,2013,5,14,134,2456427,3
6242,43.348259,-70.546036,5,"ME",147,"Aquilegia","canadensis","red columbine","Plantae",28506,488,"Leaves (forbs)",2013,4,30,120,2456413,6,2013,5,3,123,2456416,4
6242,43.348259,-70.546036,5,"ME",147,"Aquilegia","canadensis","red columbine","Plantae",28506,488,"Leaves (forbs)",2013,5,14,134,2456427,7,2013,9,27,270,2456563,NA
6242,43.348259,-70.546036,5,"ME",147,"Aquilegia","canadensis","red columbine","Plantae",28506,500,"Flowers or flower buds",2013,5,17,137,2456430,3,2013,6,21,172,2456465,4
6242,43.348259,-70.546036,5,"ME",147,"Aquilegia","canadensis","red columbine","Plantae",28506,501,"Open flowers",2013,5,31,151,2456444,2,2013,5,31,151,2456444,4
6242,43.348259,-70.546036,5,"ME",147,"Aquilegia","canadensis","red columbine","Plantae",28506,501,"Open flowers",2013,6,13,164,2456457,3,2013,6,21,172,2456465,4
6242,43.348259,-70.546036,5,"ME",147,"Aquilegia","canadensis","red columbine","Plantae",28506,504,"Recent fruit or seed drop",2013,7,12,193,2456486,3,2013,7,19,200,2456493,4
6242,43.348259,-70.546036,5,"ME",147,"Aquilegia","canadensis","red columbine","Plantae",28506,504,"Recent fruit or seed drop",2013,7,26,207,2456500,3,2013,7,30,211,2456504,3
6242,43.348259,-70.546036,5,"ME",147,"Aquilegia","canadensis","red columbine","Plantae",28506,504,"Recent fruit or seed drop",2013,8,6,218,2456511,4,2013,8,12,224,2456517,8
6242,43.348259,-70.546036,5,"ME",147,"Aquilegia","canadensis","red columbine","Plantae",28506,516,"Fruits",2013,6,13,164,2456457,3,2013,8,20,232,2456525,3
6242,43.348259,-70.546036,5,"ME",147,"Aquilegia","canadensis","red columbine","Plantae",28507,482,"Initial growth (forbs)",2013,4,24,114,2456407,5,2013,5,3,123,2456416,4
6242,43.348259,-70.546036,5,"ME",147,"Aquilegia","canadensis","red columbine","Plantae",28507,488,"Leaves (forbs)",2013,5,3,123,2456416,3,2013,9,27,270,2456563,NA
9513,36.127724,-86.808548,166,"TN",147,"Aquilegia","canadensis","red columbine","Plantae",35188,501,"Open flowers",2013,4,9,99,2456392,NA,2013,4,9,99,2456392,NA
9813,29.765047,-95.452187,18,"TX",784,"Aesculus","pavia","red buckeye","Plantae",37202,371,"Breaking leaf buds",2013,3,30,89,2456382,34,2013,3,30,89,2456382,36
9813,29.765047,-95.452187,18,"TX",784,"Aesculus","pavia","red buckeye","Plantae",37202,467,"Increasing leaf size",2013,2,24,55,2456348,NA,2013,5,19,139,2456432,13
9813,29.765047,-95.452187,18,"TX",784,"Aesculus","pavia","red buckeye","Plantae",37202,471,"Falling leaves",2013,7,14,195,2456488,15,2013,9,14,257,2456550,NA
9813,29.765047,-95.452187,18,"TX",784,"Aesculus","pavia","red buckeye","Plantae",37202,483,"Leaves",2013,2,24,55,2456348,NA,2013,9,14,257,2456550,NA
9813,29.765047,-95.452187,18,"TX",784,"Aesculus","pavia","red buckeye","Plantae",37202,500,"Flowers or flower buds",2013,2,24,55,2456348,NA,2013,3,30,89,2456382,36
9813,29.765047,-95.452187,18,"TX",784,"Aesculus","pavia","red buckeye","Plantae",37202,501,"Open flowers",2013,2,24,55,2456348,NA,2013,3,30,89,2456382,36
9851,29.766973,-95.452667,18,"TX",784,"Aesculus","pavia","red buckeye","Plantae",37313,371,"Breaking leaf buds",2013,3,17,76,2456369,NA,2013,3,17,76,2456369,NA
5174,37.538078,-77.554939,75,"VA",784,"Aesculus","pavia","red buckeye","Plantae",38263,483,"Leaves",2013,5,21,141,2456434,69,2013,5,21,141,2456434,NA
5174,37.538078,-77.554939,75,"VA",784,"Aesculus","pavia","red buckeye","Plantae",38263,500,"Flowers or flower buds",2013,3,13,72,2456365,2,2013,3,13,72,2456365,69
5174,37.538078,-77.554939,75,"VA",784,"Aesculus","pavia","red buckeye","Plantae",38263,516,"Fruits",2013,5,21,141,2456434,69,2013,5,21,141,2456434,NA
10779,41.662807,-86.211967,213,"IN",147,"Aquilegia","canadensis","red columbine","Plantae",42763,482,"Initial growth (forbs)",2013,4,20,110,2456403,NA,2013,6,2,153,2456446,NA
10779,41.662807,-86.211967,213,"IN",147,"Aquilegia","canadensis","red columbine","Plantae",42763,488,"Leaves (forbs)",2013,4,20,110,2456403,NA,2013,6,2,153,2456446,NA
10779,41.662807,-86.211967,213,"IN",147,"Aquilegia","canadensis","red columbine","Plantae",42763,500,"Flowers or flower buds",2013,5,4,124,2456417,7,2013,6,2,153,2456446,NA
10779,41.662807,-86.211967,213,"IN",147,"Aquilegia","canadensis","red columbine","Plantae",42763,501,"Open flowers",2013,5,9,129,2456422,5,2013,6,2,153,2456446,NA
10779,41.662807,-86.211967,213,"IN",147,"Aquilegia","canadensis","red columbine","Plantae",42763,516,"Fruits",2013,5,23,143,2456436,14,2013,6,2,153,2456446,NA
10936,38.802597,-76.691757,22,"MD",147,"Aquilegia","canadensis","red columbine","Plantae",43621,390,"Ripe fruits",2013,5,29,149,2456442,7,2013,6,6,157,2456450,4
10936,38.802597,-76.691757,22,"MD",147,"Aquilegia","canadensis","red columbine","Plantae",43621,488,"Leaves (forbs)",2013,5,22,142,2456435,NA,2013,9,19,262,2456555,NA
10936,38.802597,-76.691757,22,"MD",147,"Aquilegia","canadensis","red columbine","Plantae",43621,500,"Flowers or flower buds",2013,5,22,142,2456435,NA,2013,5,22,142,2456435,7
10936,38.802597,-76.691757,22,"MD",147,"Aquilegia","canadensis","red columbine","Plantae",43621,501,"Open flowers",2013,5,22,142,2456435,NA,2013,5,22,142,2456435,7
10936,38.802597,-76.691757,22,"MD",147,"Aquilegia","canadensis","red columbine","Plantae",43621,504,"Recent fruit or seed drop",2013,5,29,149,2456442,7,2013,6,21,172,2456465,7
10936,38.802597,-76.691757,22,"MD",147,"Aquilegia","canadensis","red columbine","Plantae",43621,516,"Fruits",2013,5,22,142,2456435,NA,2013,6,4,155,2456448,2
10585,41.433689,-81.693153,219,"OH",147,"Aquilegia","canadensis","red columbine","Plantae",45124,390,"Ripe fruits",2013,6,13,164,2456457,31,2013,6,13,164,2456457,14
10585,41.433689,-81.693153,219,"OH",147,"Aquilegia","canadensis","red columbine","Plantae",45124,488,"Leaves (forbs)",2013,5,2,122,2456415,14,2013,6,13,164,2456457,NA
10585,41.433689,-81.693153,219,"OH",147,"Aquilegia","canadensis","red columbine","Plantae",45124,500,"Flowers or flower buds",2013,5,2,122,2456415,14,2013,5,13,133,2456426,31
10585,41.433689,-81.693153,219,"OH",147,"Aquilegia","canadensis","red columbine","Plantae",45124,501,"Open flowers",2013,5,9,129,2456422,7,2013,6,13,164,2456457,NA
10585,41.433689,-81.693153,219,"OH",147,"Aquilegia","canadensis","red columbine","Plantae",45124,504,"Recent fruit or seed drop",2013,6,13,164,2456457,31,2013,6,13,164,2456457,14
10585,41.433689,-81.693153,219,"OH",147,"Aquilegia","canadensis","red columbine","Plantae",45124,516,"Fruits",2013,6,13,164,2456457,31,2013,6,13,164,2456457,14
10585,41.433689,-81.693153,219,"OH",147,"Aquilegia","canadensis","red columbine","Plantae",45124,516,"Fruits",2013,7,1,182,2456475,4,2013,7,1,182,2456475,NA
9483,35.57608,-82.496262,627,"NC",147,"Aquilegia","canadensis","red columbine","Plantae",46109,482,"Initial growth (forbs)",2013,7,26,207,2456500,28,2013,7,26,207,2456500,NA
9483,35.57608,-82.496262,627,"NC",147,"Aquilegia","canadensis","red columbine","Plantae",46109,488,"Leaves (forbs)",2013,6,28,179,2456472,NA,2013,7,26,207,2456500,NA
9483,35.57608,-82.496262,627,"NC",147,"Aquilegia","canadensis","red columbine","Plantae",46109,500,"Flowers or flower buds",2013,6,28,179,2456472,NA,2013,6,28,179,2456472,28
9483,35.57608,-82.496262,627,"NC",147,"Aquilegia","canadensis","red columbine","Plantae",46109,501,"Open flowers",2013,7,26,207,2456500,28,2013,7,26,207,2456500,NA
9368,43.373749,-73.782425,243,"NY",147,"Aquilegia","canadensis","red columbine","Plantae",46188,488,"Leaves (forbs)",2013,5,30,150,2456443,NA,2013,6,11,162,2456455,86
9368,43.373749,-73.782425,243,"NY",147,"Aquilegia","canadensis","red columbine","Plantae",46188,500,"Flowers or flower buds",2013,5,30,150,2456443,NA,2013,6,11,162,2456455,86
9368,43.373749,-73.782425,243,"NY",147,"Aquilegia","canadensis","red columbine","Plantae",46188,501,"Open flowers",2013,5,30,150,2456443,NA,2013,6,11,162,2456455,86
16271,40.863483,-73.880661,29,"NY",784,"Aesculus","pavia","red buckeye","Plantae",60275,371,"Breaking leaf buds",2013,4,24,114,2456407,NA,2013,4,24,114,2456407,7
16271,40.863483,-73.880661,29,"NY",784,"Aesculus","pavia","red buckeye","Plantae",60275,390,"Ripe fruits",2013,10,10,283,2456576,7,2013,10,10,283,2456576,7
16271,40.863483,-73.880661,29,"NY",784,"Aesculus","pavia","red buckeye","Plantae",60275,471,"Falling leaves",2013,10,10,283,2456576,7,2013,11,7,311,2456604,7
16271,40.863483,-73.880661,29,"NY",784,"Aesculus","pavia","red buckeye","Plantae",60275,483,"Leaves",2013,4,24,114,2456407,NA,2013,11,7,311,2456604,7
16271,40.863483,-73.880661,29,"NY",784,"Aesculus","pavia","red buckeye","Plantae",60275,498,"Colored leaves",2013,9,26,269,2456562,7,2013,11,7,311,2456604,7
16271,40.863483,-73.880661,29,"NY",784,"Aesculus","pavia","red buckeye","Plantae",60275,500,"Flowers or flower buds",2013,4,24,114,2456407,NA,2013,5,16,136,2456429,6
16271,40.863483,-73.880661,29,"NY",784,"Aesculus","pavia","red buckeye","Plantae",60275,500,"Flowers or flower buds",2013,6,12,163,2456456,6,2013,6,12,163,2456456,8
16271,40.863483,-73.880661,29,"NY",784,"Aesculus","pavia","red buckeye","Plantae",60275,500,"Flowers or flower buds",2013,7,25,206,2456499,7,2013,7,25,206,2456499,7
16271,40.863483,-73.880661,29,"NY",784,"Aesculus","pavia","red buckeye","Plantae",60275,501,"Open flowers",2013,5,16,136,2456429,15,2013,5,30,150,2456443,7
16271,40.863483,-73.880661,29,"NY",784,"Aesculus","pavia","red buckeye","Plantae",60275,501,"Open flowers",2013,6,12,163,2456456,6,2013,6,12,163,2456456,8
16271,40.863483,-73.880661,29,"NY",784,"Aesculus","pavia","red buckeye","Plantae",60275,501,"Open flowers",2013,7,25,206,2456499,7,2013,7,25,206,2456499,7
16271,40.863483,-73.880661,29,"NY",784,"Aesculus","pavia","red buckeye","Plantae",60275,504,"Recent fruit or seed drop",2013,10,10,283,2456576,7,2013,10,10,283,2456576,7
16271,40.863483,-73.880661,29,"NY",784,"Aesculus","pavia","red buckeye","Plantae",60275,516,"Fruits",2013,5,22,142,2456435,6,2013,10,10,283,2456576,7
36439,39.026203,-76.79895,47,"MD",147,"Aquilegia","canadensis","red columbine","Plantae",224421,390,"Ripe fruits",2013,6,6,157,2456450,NA,2013,6,12,163,2456456,NA
36439,39.026203,-76.79895,47,"MD",147,"Aquilegia","canadensis","red columbine","Plantae",224421,500,"Flowers or flower buds",2013,4,14,104,2456397,NA,2013,4,25,115,2456408,NA
36439,39.026203,-76.79895,47,"MD",147,"Aquilegia","canadensis","red columbine","Plantae",224421,501,"Open flowers",2013,4,14,104,2456397,NA,2013,4,25,115,2456408,NA
36439,39.026203,-76.79895,47,"MD",147,"Aquilegia","canadensis","red columbine","Plantae",224421,516,"Fruits",2013,6,6,157,2456450,NA,2013,6,12,163,2456456,NA
1559,39.289673,-123.373718,542,"CA",147,"Aquilegia","canadensis","red columbine","Plantae",2798,482,"Initial growth (forbs)",2014,3,9,68,2456726,NA,2014,5,9,129,2456787,NA
1559,39.289673,-123.373718,542,"CA",147,"Aquilegia","canadensis","red columbine","Plantae",2798,488,"Leaves (forbs)",2014,3,9,68,2456726,NA,2014,5,9,129,2456787,NA
1559,39.289673,-123.373718,542,"CA",147,"Aquilegia","canadensis","red columbine","Plantae",2798,500,"Flowers or flower buds",2014,5,9,129,2456787,36,2014,5,9,129,2456787,NA
1559,39.289673,-123.373718,542,"CA",147,"Aquilegia","canadensis","red columbine","Plantae",2798,501,"Open flowers",2014,5,9,129,2456787,36,2014,5,9,129,2456787,NA
2394,45.425339,-93.186249,278,"MN",147,"Aquilegia","canadensis","red columbine","Plantae",3817,482,"Initial growth (forbs)",2014,5,7,127,2456785,6,2014,5,30,150,2456808,11
2394,45.425339,-93.186249,278,"MN",147,"Aquilegia","canadensis","red columbine","Plantae",3817,488,"Leaves (forbs)",2014,5,7,127,2456785,6,2014,6,24,175,2456833,NA
2394,45.425339,-93.186249,278,"MN",147,"Aquilegia","canadensis","red columbine","Plantae",3818,390,"Ripe fruits",2014,6,24,175,2456833,14,2014,6,24,175,2456833,9
2394,45.425339,-93.186249,278,"MN",147,"Aquilegia","canadensis","red columbine","Plantae",3818,482,"Initial growth (forbs)",2014,5,1,121,2456779,NA,2014,5,30,150,2456808,11
2394,45.425339,-93.186249,278,"MN",147,"Aquilegia","canadensis","red columbine","Plantae",3818,488,"Leaves (forbs)",2014,5,7,127,2456785,6,2014,8,28,240,2456898,8
2394,45.425339,-93.186249,278,"MN",147,"Aquilegia","canadensis","red columbine","Plantae",3818,500,"Flowers or flower buds",2014,5,22,142,2456800,9,2014,6,10,161,2456819,14
2394,45.425339,-93.186249,278,"MN",147,"Aquilegia","canadensis","red columbine","Plantae",3818,501,"Open flowers",2014,5,30,150,2456808,8,2014,6,10,161,2456819,14
2394,45.425339,-93.186249,278,"MN",147,"Aquilegia","canadensis","red columbine","Plantae",3818,516,"Fruits",2014,7,3,184,2456842,9,2014,7,11,192,2456850,14
2394,45.425339,-93.186249,278,"MN",147,"Aquilegia","canadensis","red columbine","Plantae",3900,482,"Initial growth (forbs)",2014,5,7,127,2456785,6,2014,5,13,133,2456791,NA
2394,45.425339,-93.186249,278,"MN",147,"Aquilegia","canadensis","red columbine","Plantae",3900,488,"Leaves (forbs)",2014,5,7,127,2456785,6,2014,5,13,133,2456791,NA
6,43.040955,-76.212914,172,"NY",147,"Aquilegia","canadensis","red columbine","Plantae",6393,488,"Leaves (forbs)",2014,4,21,111,2456769,4,2014,5,8,128,2456786,NA
6242,43.348259,-70.546036,5,"ME",147,"Aquilegia","canadensis","red columbine","Plantae",16523,390,"Ripe fruits",2014,7,18,199,2456857,10,2014,9,23,266,2456924,6
6242,43.348259,-70.546036,5,"ME",147,"Aquilegia","canadensis","red columbine","Plantae",16523,390,"Ripe fruits",2014,10,9,282,2456940,10,2014,10,9,282,2456940,6
6242,43.348259,-70.546036,5,"ME",147,"Aquilegia","canadensis","red columbine","Plantae",16523,482,"Initial growth (forbs)",2014,5,6,126,2456784,NA,2014,7,22,203,2456861,9
6242,43.348259,-70.546036,5,"ME",147,"Aquilegia","canadensis","red columbine","Plantae",16523,482,"Initial growth (forbs)",2014,8,8,220,2456878,8,2014,9,8,251,2456909,7
6242,43.348259,-70.546036,5,"ME",147,"Aquilegia","canadensis","red columbine","Plantae",16523,488,"Leaves (forbs)",2014,5,6,126,2456784,NA,2014,7,22,203,2456861,9
6242,43.348259,-70.546036,5,"ME",147,"Aquilegia","canadensis","red columbine","Plantae",16523,488,"Leaves (forbs)",2014,8,8,220,2456878,8,2014,9,8,251,2456909,7
6242,43.348259,-70.546036,5,"ME",147,"Aquilegia","canadensis","red columbine","Plantae",16523,500,"Flowers or flower buds",2014,5,27,147,2456805,5,2014,7,2,183,2456841,6
6242,43.348259,-70.546036,5,"ME",147,"Aquilegia","canadensis","red columbine","Plantae",16523,501,"Open flowers",2014,6,18,169,2456827,6,2014,7,2,183,2456841,6
6242,43.348259,-70.546036,5,"ME",147,"Aquilegia","canadensis","red columbine","Plantae",16523,504,"Recent fruit or seed drop",2014,8,22,234,2456892,4,2014,8,26,238,2456896,8
6242,43.348259,-70.546036,5,"ME",147,"Aquilegia","canadensis","red columbine","Plantae",16523,504,"Recent fruit or seed drop",2014,9,8,251,2456909,5,2014,9,8,251,2456909,7
6242,43.348259,-70.546036,5,"ME",147,"Aquilegia","canadensis","red columbine","Plantae",16523,516,"Fruits",2014,6,23,174,2456832,5,2014,9,23,266,2456924,6
6242,43.348259,-70.546036,5,"ME",147,"Aquilegia","canadensis","red columbine","Plantae",16523,516,"Fruits",2014,10,9,282,2456940,10,2014,10,9,282,2456940,6
6600,43.072197,-87.895683,200,"WI",147,"Aquilegia","canadensis","red columbine","Plantae",21203,488,"Leaves (forbs)",2014,5,26,146,2456804,NA,2014,5,26,146,2456804,NA
6600,43.072197,-87.895683,200,"WI",147,"Aquilegia","canadensis","red columbine","Plantae",21203,500,"Flowers or flower buds",2014,5,26,146,2456804,NA,2014,5,26,146,2456804,NA
6600,43.072197,-87.895683,200,"WI",147,"Aquilegia","canadensis","red columbine","Plantae",21203,501,"Open flowers",2014,5,26,146,2456804,NA,2014,5,26,146,2456804,NA
771,42.026855,-73.136116,427,"CT",147,"Aquilegia","canadensis","red columbine","Plantae",23447,482,"Initial growth (forbs)",2014,5,2,122,2456780,NA,2014,5,2,122,2456780,NA
771,42.026855,-73.136116,427,"CT",147,"Aquilegia","canadensis","red columbine","Plantae",23447,488,"Leaves (forbs)",2014,5,2,122,2456780,NA,2014,5,2,122,2456780,NA
6242,43.348259,-70.546036,5,"ME",147,"Aquilegia","canadensis","red columbine","Plantae",28506,390,"Ripe fruits",2014,7,18,199,2456857,10,2014,9,15,258,2456916,14
6242,43.348259,-70.546036,5,"ME",147,"Aquilegia","canadensis","red columbine","Plantae",28506,482,"Initial growth (forbs)",2014,5,6,126,2456784,NA,2014,9,8,251,2456909,7
6242,43.348259,-70.546036,5,"ME",147,"Aquilegia","canadensis","red columbine","Plantae",28506,488,"Leaves (forbs)",2014,5,6,126,2456784,NA,2014,9,8,251,2456909,7
6242,43.348259,-70.546036,5,"ME",147,"Aquilegia","canadensis","red columbine","Plantae",28506,500,"Flowers or flower buds",2014,5,27,147,2456805,5,2014,6,23,174,2456832,9
6242,43.348259,-70.546036,5,"ME",147,"Aquilegia","canadensis","red columbine","Plantae",28506,501,"Open flowers",2014,6,7,158,2456816,5,2014,6,23,174,2456832,9
6242,43.348259,-70.546036,5,"ME",147,"Aquilegia","canadensis","red columbine","Plantae",28506,516,"Fruits",2014,6,18,169,2456827,6,2014,9,23,266,2456924,6
6242,43.348259,-70.546036,5,"ME",147,"Aquilegia","canadensis","red columbine","Plantae",28506,516,"Fruits",2014,10,9,282,2456940,10,2014,10,9,282,2456940,6
6242,43.348259,-70.546036,5,"ME",147,"Aquilegia","canadensis","red columbine","Plantae",28507,482,"Initial growth (forbs)",2014,5,12,132,2456790,3,2014,8,18,230,2456888,4
6242,43.348259,-70.546036,5,"ME",147,"Aquilegia","canadensis","red columbine","Plantae",28507,482,"Initial growth (forbs)",2014,8,26,238,2456896,4,2014,9,23,266,2456924,6
6242,43.348259,-70.546036,5,"ME",147,"Aquilegia","canadensis","red columbine","Plantae",28507,482,"Initial growth (forbs)",2014,10,9,282,2456940,10,2014,10,9,282,2456940,6
6242,43.348259,-70.546036,5,"ME",147,"Aquilegia","canadensis","red columbine","Plantae",28507,488,"Leaves (forbs)",2014,5,12,132,2456790,3,2014,9,23,266,2456924,6
6242,43.348259,-70.546036,5,"ME",147,"Aquilegia","canadensis","red columbine","Plantae",28507,488,"Leaves (forbs)",2014,10,9,282,2456940,10,2014,10,9,282,2456940,6
9851,29.766973,-95.452667,18,"TX",784,"Aesculus","pavia","red buckeye","Plantae",37313,371,"Breaking leaf buds",2014,3,8,67,2456725,NA,2014,3,8,67,2456725,46
9851,29.766973,-95.452667,18,"TX",784,"Aesculus","pavia","red buckeye","Plantae",37313,467,"Increasing leaf size",2014,3,8,67,2456725,NA,2014,4,26,116,2456774,224
9851,29.766973,-95.452667,18,"TX",784,"Aesculus","pavia","red buckeye","Plantae",37313,483,"Leaves",2014,3,8,67,2456725,NA,2014,4,26,116,2456774,224
9851,29.766973,-95.452667,18,"TX",784,"Aesculus","pavia","red buckeye","Plantae",37313,500,"Flowers or flower buds",2014,3,8,67,2456725,NA,2014,3,8,67,2456725,46
9851,29.766973,-95.452667,18,"TX",784,"Aesculus","pavia","red buckeye","Plantae",37313,501,"Open flowers",2014,4,26,116,2456774,3,2014,4,26,116,2456774,224
9851,29.766973,-95.452667,18,"TX",784,"Aesculus","pavia","red buckeye","Plantae",37313,516,"Fruits",2014,4,23,113,2456771,46,2014,4,23,113,2456771,3
5174,37.538078,-77.554939,75,"VA",784,"Aesculus","pavia","red buckeye","Plantae",38263,500,"Flowers or flower buds",2014,3,23,82,2456740,NA,2014,4,1,91,2456749,NA
10585,41.433689,-81.693153,219,"OH",147,"Aquilegia","canadensis","red columbine","Plantae",45124,390,"Ripe fruits",2014,6,17,168,2456826,8,2014,7,7,188,2456846,7
10585,41.433689,-81.693153,219,"OH",147,"Aquilegia","canadensis","red columbine","Plantae",45124,482,"Initial growth (forbs)",2014,4,29,119,2456777,5,2014,5,6,126,2456784,NA
10585,41.433689,-81.693153,219,"OH",147,"Aquilegia","canadensis","red columbine","Plantae",45124,488,"Leaves (forbs)",2014,4,29,119,2456777,NA,2014,5,20,140,2456798,NA
10585,41.433689,-81.693153,219,"OH",147,"Aquilegia","canadensis","red columbine","Plantae",45124,500,"Flowers or flower buds",2014,5,13,133,2456791,7,2014,5,20,140,2456798,NA
10585,41.433689,-81.693153,219,"OH",147,"Aquilegia","canadensis","red columbine","Plantae",45124,501,"Open flowers",2014,5,20,140,2456798,7,2014,6,3,154,2456812,6
10585,41.433689,-81.693153,219,"OH",147,"Aquilegia","canadensis","red columbine","Plantae",45124,504,"Recent fruit or seed drop",2014,6,17,168,2456826,NA,2014,7,7,188,2456846,7
10585,41.433689,-81.693153,219,"OH",147,"Aquilegia","canadensis","red columbine","Plantae",45124,516,"Fruits",2014,6,3,154,2456812,7,2014,7,7,188,2456846,7
16803,39.031384,-94.635841,289,"KS",147,"Aquilegia","canadensis","red columbine","Plantae",64302,390,"Ripe fruits",2014,6,2,153,2456811,9,2014,6,20,171,2456829,41
16803,39.031384,-94.635841,289,"KS",147,"Aquilegia","canadensis","red columbine","Plantae",64302,482,"Initial growth (forbs)",2014,2,28,59,2456717,1,2014,8,20,232,2456890,NA
16803,39.031384,-94.635841,289,"KS",147,"Aquilegia","canadensis","red columbine","Plantae",64302,488,"Leaves (forbs)",2014,2,28,59,2456717,1,2014,8,20,232,2456890,NA
16803,39.031384,-94.635841,289,"KS",147,"Aquilegia","canadensis","red columbine","Plantae",64302,500,"Flowers or flower buds",2014,4,28,118,2456776,9,2014,5,14,134,2456792,10
16803,39.031384,-94.635841,289,"KS",147,"Aquilegia","canadensis","red columbine","Plantae",64302,500,"Flowers or flower buds",2014,6,2,153,2456811,9,2014,6,14,165,2456823,2
16803,39.031384,-94.635841,289,"KS",147,"Aquilegia","canadensis","red columbine","Plantae",64302,501,"Open flowers",2014,5,6,126,2456784,6,2014,6,20,171,2456829,41
16803,39.031384,-94.635841,289,"KS",147,"Aquilegia","canadensis","red columbine","Plantae",64302,504,"Recent fruit or seed drop",2014,6,2,153,2456811,9,2014,6,20,171,2456829,41
16803,39.031384,-94.635841,289,"KS",147,"Aquilegia","canadensis","red columbine","Plantae",64302,516,"Fruits",2014,5,11,131,2456789,5,2014,6,20,171,2456829,41
17241,42.82711,-73.710182,81,"NY",147,"Aquilegia","canadensis","red columbine","Plantae",67175,482,"Initial growth (forbs)",2014,4,12,102,2456760,NA,2014,5,11,131,2456789,NA
17241,42.82711,-73.710182,81,"NY",147,"Aquilegia","canadensis","red columbine","Plantae",67175,488,"Leaves (forbs)",2014,4,12,102,2456760,NA,2014,5,11,131,2456789,NA
17241,42.82711,-73.710182,81,"NY",147,"Aquilegia","canadensis","red columbine","Plantae",67175,500,"Flowers or flower buds",2014,5,3,123,2456781,7,2014,5,11,131,2456789,NA
17574,40.863052,-73.881592,30,"NY",784,"Aesculus","pavia","red buckeye","Plantae",67637,371,"Breaking leaf buds",2014,4,9,99,2456757,NA,2014,5,1,121,2456779,6
17574,40.863052,-73.881592,30,"NY",784,"Aesculus","pavia","red buckeye","Plantae",67637,483,"Leaves",2014,4,17,107,2456765,NA,2014,8,21,233,2456891,NA
17574,40.863052,-73.881592,30,"NY",784,"Aesculus","pavia","red buckeye","Plantae",67637,500,"Flowers or flower buds",2014,5,1,121,2456779,7,2014,5,1,121,2456779,6
17574,40.863052,-73.881592,30,"NY",784,"Aesculus","pavia","red buckeye","Plantae",67637,500,"Flowers or flower buds",2014,5,21,141,2456799,14,2014,5,29,149,2456807,6
17574,40.863052,-73.881592,30,"NY",784,"Aesculus","pavia","red buckeye","Plantae",67637,501,"Open flowers",2014,5,21,141,2456799,14,2014,5,29,149,2456807,20
17574,40.863052,-73.881592,30,"NY",784,"Aesculus","pavia","red buckeye","Plantae",67637,516,"Fruits",2014,5,21,141,2456799,14,2014,8,21,233,2456891,NA
36439,39.026203,-76.79895,47,"MD",147,"Aquilegia","canadensis","red columbine","Plantae",224421,390,"Ripe fruits",2014,6,10,161,2456819,NA,2014,6,15,166,2456824,NA
36439,39.026203,-76.79895,47,"MD",147,"Aquilegia","canadensis","red columbine","Plantae",224421,500,"Flowers or flower buds",2014,4,27,117,2456775,NA,2014,5,8,128,2456786,NA
36439,39.026203,-76.79895,47,"MD",147,"Aquilegia","canadensis","red columbine","Plantae",224421,501,"Open flowers",2014,4,27,117,2456775,NA,2014,5,8,128,2456786,NA
36439,39.026203,-76.79895,47,"MD",147,"Aquilegia","canadensis","red columbine","Plantae",224421,516,"Fruits",2014,6,10,161,2456819,NA,2014,6,15,166,2456824,NA
1559,39.289673,-123.373718,542,"CA",147,"Aquilegia","canadensis","red columbine","Plantae",2798,482,"Initial growth (forbs)",2015,2,18,49,2457072,NA,2015,5,6,126,2457149,NA
1559,39.289673,-123.373718,542,"CA",147,"Aquilegia","canadensis","red columbine","Plantae",2798,488,"Leaves (forbs)",2015,2,18,49,2457072,NA,2015,5,6,126,2457149,NA
1559,39.289673,-123.373718,542,"CA",147,"Aquilegia","canadensis","red columbine","Plantae",2798,500,"Flowers or flower buds",2015,5,6,126,2457149,57,2015,5,6,126,2457149,NA
1559,39.289673,-123.373718,542,"CA",147,"Aquilegia","canadensis","red columbine","Plantae",2798,501,"Open flowers",2015,5,6,126,2457149,57,2015,5,6,126,2457149,NA
2394,45.425339,-93.186249,278,"MN",147,"Aquilegia","canadensis","red columbine","Plantae",3818,482,"Initial growth (forbs)",2015,4,29,119,2457142,7,2015,5,6,126,2457149,9
2394,45.425339,-93.186249,278,"MN",147,"Aquilegia","canadensis","red columbine","Plantae",3818,488,"Leaves (forbs)",2015,4,29,119,2457142,7,2015,8,14,226,2457249,7
2394,45.425339,-93.186249,278,"MN",147,"Aquilegia","canadensis","red columbine","Plantae",3818,500,"Flowers or flower buds",2015,6,2,153,2457176,14,2015,6,23,174,2457197,14
2394,45.425339,-93.186249,278,"MN",147,"Aquilegia","canadensis","red columbine","Plantae",3818,501,"Open flowers",2015,6,2,153,2457176,14,2015,6,23,174,2457197,14
2099,58.402012,-134.588974,18,"AK",147,"Aquilegia","canadensis","red columbine","Plantae",4262,500,"Flowers or flower buds",2015,5,28,148,2457171,NA,2015,5,28,148,2457171,NA
6242,43.348259,-70.546036,5,"ME",147,"Aquilegia","canadensis","red columbine","Plantae",16523,482,"Initial growth (forbs)",2015,5,7,127,2457150,2,2015,5,7,127,2457150,5
6242,43.348259,-70.546036,5,"ME",147,"Aquilegia","canadensis","red columbine","Plantae",16523,488,"Leaves (forbs)",2015,5,7,127,2457150,2,2015,10,30,303,2457326,NA
6600,43.072197,-87.895683,200,"WI",147,"Aquilegia","canadensis","red columbine","Plantae",21203,482,"Initial growth (forbs)",2015,4,19,109,2457132,NA,2015,4,19,109,2457132,NA
6242,43.348259,-70.546036,5,"ME",147,"Aquilegia","canadensis","red columbine","Plantae",28506,390,"Ripe fruits",2015,7,21,202,2457225,6,2015,7,28,209,2457232,3
6242,43.348259,-70.546036,5,"ME",147,"Aquilegia","canadensis","red columbine","Plantae",28506,482,"Initial growth (forbs)",2015,5,5,125,2457148,4,2015,5,7,127,2457150,5
6242,43.348259,-70.546036,5,"ME",147,"Aquilegia","canadensis","red columbine","Plantae",28506,488,"Leaves (forbs)",2015,5,5,125,2457148,4,2015,10,13,286,2457309,1
6242,43.348259,-70.546036,5,"ME",147,"Aquilegia","canadensis","red columbine","Plantae",28506,488,"Leaves (forbs)",2015,10,16,289,2457312,2,2015,10,23,296,2457319,2
6242,43.348259,-70.546036,5,"ME",147,"Aquilegia","canadensis","red columbine","Plantae",28506,488,"Leaves (forbs)",2015,10,27,300,2457323,2,2015,10,27,300,2457323,1
6242,43.348259,-70.546036,5,"ME",147,"Aquilegia","canadensis","red columbine","Plantae",28506,488,"Leaves (forbs)",2015,10,30,303,2457326,2,2015,10,30,303,2457326,NA
6242,43.348259,-70.546036,5,"ME",147,"Aquilegia","canadensis","red columbine","Plantae",28506,500,"Flowers or flower buds",2015,5,22,142,2457165,2,2015,6,9,160,2457183,3
6242,43.348259,-70.546036,5,"ME",147,"Aquilegia","canadensis","red columbine","Plantae",28506,501,"Open flowers",2015,6,5,156,2457179,7,2015,6,5,156,2457179,4
6242,43.348259,-70.546036,5,"ME",147,"Aquilegia","canadensis","red columbine","Plantae",28506,504,"Recent fruit or seed drop",2015,7,31,212,2457235,3,2015,7,31,212,2457235,4
6242,43.348259,-70.546036,5,"ME",147,"Aquilegia","canadensis","red columbine","Plantae",28506,516,"Fruits",2015,6,15,166,2457189,3,2015,7,9,190,2457213,6
6242,43.348259,-70.546036,5,"ME",147,"Aquilegia","canadensis","red columbine","Plantae",28506,516,"Fruits",2015,7,21,202,2457225,6,2015,7,21,202,2457225,3
6242,43.348259,-70.546036,5,"ME",147,"Aquilegia","canadensis","red columbine","Plantae",28507,482,"Initial growth (forbs)",2015,5,7,127,2457150,2,2015,5,7,127,2457150,5
6242,43.348259,-70.546036,5,"ME",147,"Aquilegia","canadensis","red columbine","Plantae",28507,488,"Leaves (forbs)",2015,5,7,127,2457150,2,2015,9,25,268,2457291,11
10585,41.433689,-81.693153,219,"OH",147,"Aquilegia","canadensis","red columbine","Plantae",45124,390,"Ripe fruits",2015,7,2,183,2457206,7,2015,7,16,197,2457220,5
10585,41.433689,-81.693153,219,"OH",147,"Aquilegia","canadensis","red columbine","Plantae",45124,482,"Initial growth (forbs)",2015,4,16,106,2457129,NA,2015,4,23,113,2457136,NA
10585,41.433689,-81.693153,219,"OH",147,"Aquilegia","canadensis","red columbine","Plantae",45124,488,"Leaves (forbs)",2015,4,16,106,2457129,NA,2015,5,14,134,2457157,NA
10585,41.433689,-81.693153,219,"OH",147,"Aquilegia","canadensis","red columbine","Plantae",45124,500,"Flowers or flower buds",2015,5,14,134,2457157,7,2015,5,28,148,2457171,NA
10585,41.433689,-81.693153,219,"OH",147,"Aquilegia","canadensis","red columbine","Plantae",45124,501,"Open flowers",2015,5,14,134,2457157,NA,2015,6,11,162,2457185,7
10585,41.433689,-81.693153,219,"OH",147,"Aquilegia","canadensis","red columbine","Plantae",45124,504,"Recent fruit or seed drop",2015,7,2,183,2457206,NA,2015,7,16,197,2457220,5
10585,41.433689,-81.693153,219,"OH",147,"Aquilegia","canadensis","red columbine","Plantae",45124,516,"Fruits",2015,5,28,148,2457171,7,2015,7,16,197,2457220,5
17574,40.863052,-73.881592,30,"NY",784,"Aesculus","pavia","red buckeye","Plantae",67637,371,"Breaking leaf buds",2015,4,9,99,2457122,7,2015,4,30,120,2457143,7
17574,40.863052,-73.881592,30,"NY",784,"Aesculus","pavia","red buckeye","Plantae",67637,371,"Breaking leaf buds",2015,5,14,134,2457157,7,2015,5,21,141,2457164,7
17574,40.863052,-73.881592,30,"NY",784,"Aesculus","pavia","red buckeye","Plantae",67637,390,"Ripe fruits",2015,7,16,197,2457220,15,2015,7,23,204,2457227,14
17574,40.863052,-73.881592,30,"NY",784,"Aesculus","pavia","red buckeye","Plantae",67637,467,"Increasing leaf size",2015,4,22,112,2457135,6,2015,6,26,177,2457200,5
17574,40.863052,-73.881592,30,"NY",784,"Aesculus","pavia","red buckeye","Plantae",67637,483,"Leaves",2015,4,22,112,2457135,6,2015,6,4,155,2457178,14
17574,40.863052,-73.881592,30,"NY",784,"Aesculus","pavia","red buckeye","Plantae",67637,483,"Leaves",2015,7,1,182,2457205,5,2015,10,8,281,2457304,NA
17574,40.863052,-73.881592,30,"NY",784,"Aesculus","pavia","red buckeye","Plantae",67637,504,"Recent fruit or seed drop",2015,7,16,197,2457220,15,2015,7,16,197,2457220,7
17574,40.863052,-73.881592,30,"NY",784,"Aesculus","pavia","red buckeye","Plantae",67637,516,"Fruits",2015,5,21,141,2457164,7,2015,7,23,204,2457227,14
19434,32.558018,-94.728218,117,"TX",784,"Aesculus","pavia","red buckeye","Plantae",77623,371,"Breaking leaf buds",2015,3,16,75,2457098,58,2015,3,16,75,2457098,69
19434,32.558018,-94.728218,117,"TX",784,"Aesculus","pavia","red buckeye","Plantae",77623,483,"Leaves",2015,3,16,75,2457098,58,2015,5,28,148,2457171,58
19434,32.558018,-94.728218,117,"TX",784,"Aesculus","pavia","red buckeye","Plantae",77623,498,"Colored leaves",2015,5,28,148,2457171,4,2015,5,28,148,2457171,58
19649,30.292294,-95.320061,52,"TX",784,"Aesculus","pavia","red buckeye","Plantae",79192,371,"Breaking leaf buds",2015,3,3,62,2457085,10,2015,3,3,62,2457085,16
19649,30.292294,-95.320061,52,"TX",784,"Aesculus","pavia","red buckeye","Plantae",79192,467,"Increasing leaf size",2015,2,21,52,2457075,14,2015,3,19,78,2457101,NA
19649,30.292294,-95.320061,52,"TX",784,"Aesculus","pavia","red buckeye","Plantae",79192,483,"Leaves",2015,2,21,52,2457075,14,2015,3,19,78,2457101,NA
19649,30.292294,-95.320061,52,"TX",784,"Aesculus","pavia","red buckeye","Plantae",79192,500,"Flowers or flower buds",2015,3,19,78,2457101,26,2015,3,19,78,2457101,NA
19993,39.235359,-84.473312,209,"OH",147,"Aquilegia","canadensis","red columbine","Plantae",82517,482,"Initial growth (forbs)",2015,3,14,73,2457096,NA,2015,3,22,81,2457104,7
19993,39.235359,-84.473312,209,"OH",147,"Aquilegia","canadensis","red columbine","Plantae",82517,488,"Leaves (forbs)",2015,3,14,73,2457096,NA,2015,4,19,109,2457132,2
19993,39.235359,-84.473312,209,"OH",147,"Aquilegia","canadensis","red columbine","Plantae",82517,500,"Flowers or flower buds",2015,4,21,111,2457134,2,2015,5,23,143,2457166,NA
19993,39.235359,-84.473312,209,"OH",147,"Aquilegia","canadensis","red columbine","Plantae",82517,501,"Open flowers",2015,5,9,129,2457152,18,2015,5,23,143,2457166,NA
19993,39.235359,-84.473312,209,"OH",147,"Aquilegia","canadensis","red columbine","Plantae",82517,516,"Fruits",2015,5,23,143,2457166,32,2015,5,23,143,2457166,NA
36439,39.026203,-76.79895,47,"MD",147,"Aquilegia","canadensis","red columbine","Plantae",224421,390,"Ripe fruits",2015,6,2,153,2457176,NA,2015,6,13,164,2457187,NA
36439,39.026203,-76.79895,47,"MD",147,"Aquilegia","canadensis","red columbine","Plantae",224421,500,"Flowers or flower buds",2015,5,2,122,2457145,NA,2015,5,8,128,2457151,NA
36439,39.026203,-76.79895,47,"MD",147,"Aquilegia","canadensis","red columbine","Plantae",224421,501,"Open flowers",2015,5,2,122,2457145,NA,2015,5,8,128,2457151,NA
36439,39.026203,-76.79895,47,"MD",147,"Aquilegia","canadensis","red columbine","Plantae",224421,516,"Fruits",2015,6,2,153,2457176,NA,2015,6,13,164,2457187,NA
1559,39.289673,-123.373718,542,"CA",147,"Aquilegia","canadensis","red columbine","Plantae",2798,482,"Initial growth (forbs)",2016,3,18,78,2457466,NA,2016,3,18,78,2457466,NA
1559,39.289673,-123.373718,542,"CA",147,"Aquilegia","canadensis","red columbine","Plantae",2798,488,"Leaves (forbs)",2016,3,18,78,2457466,NA,2016,3,18,78,2457466,NA
2394,45.425339,-93.186249,278,"MN",147,"Aquilegia","canadensis","red columbine","Plantae",3818,390,"Ripe fruits",2016,6,22,174,2457562,7,2016,6,22,174,2457562,13
2394,45.425339,-93.186249,278,"MN",147,"Aquilegia","canadensis","red columbine","Plantae",3818,482,"Initial growth (forbs)",2016,5,9,130,2457518,12,2016,5,9,130,2457518,7
2394,45.425339,-93.186249,278,"MN",147,"Aquilegia","canadensis","red columbine","Plantae",3818,488,"Leaves (forbs)",2016,5,9,130,2457518,12,2016,8,17,230,2457618,21
2394,45.425339,-93.186249,278,"MN",147,"Aquilegia","canadensis","red columbine","Plantae",3818,500,"Flowers or flower buds",2016,5,16,137,2457525,7,2016,6,1,153,2457541,7
2394,45.425339,-93.186249,278,"MN",147,"Aquilegia","canadensis","red columbine","Plantae",3818,501,"Open flowers",2016,6,1,153,2457541,16,2016,6,1,153,2457541,7
2394,45.425339,-93.186249,278,"MN",147,"Aquilegia","canadensis","red columbine","Plantae",3818,504,"Recent fruit or seed drop",2016,6,22,174,2457562,7,2016,6,22,174,2457562,13
2394,45.425339,-93.186249,278,"MN",147,"Aquilegia","canadensis","red columbine","Plantae",3818,516,"Fruits",2016,6,8,160,2457548,7,2016,6,22,174,2457562,13
6242,43.348259,-70.546036,5,"ME",147,"Aquilegia","canadensis","red columbine","Plantae",16523,390,"Ripe fruits",2016,7,25,207,2457595,10,2016,8,2,215,2457603,17
6242,43.348259,-70.546036,5,"ME",147,"Aquilegia","canadensis","red columbine","Plantae",16523,488,"Leaves (forbs)",2016,4,25,116,2457504,3,2016,7,29,211,2457599,4
6242,43.348259,-70.546036,5,"ME",147,"Aquilegia","canadensis","red columbine","Plantae",16523,488,"Leaves (forbs)",2016,8,19,232,2457620,17,2016,10,28,302,2457690,NA
6242,43.348259,-70.546036,5,"ME",147,"Aquilegia","canadensis","red columbine","Plantae",16523,500,"Flowers or flower buds",2016,5,31,152,2457540,4,2016,6,14,166,2457554,3
6242,43.348259,-70.546036,5,"ME",147,"Aquilegia","canadensis","red columbine","Plantae",16523,501,"Open flowers",2016,6,3,155,2457543,3,2016,6,14,166,2457554,3
6242,43.348259,-70.546036,5,"ME",147,"Aquilegia","canadensis","red columbine","Plantae",16523,504,"Recent fruit or seed drop",2016,7,25,207,2457595,10,2016,8,19,232,2457620,5
6242,43.348259,-70.546036,5,"ME",147,"Aquilegia","canadensis","red columbine","Plantae",16523,516,"Fruits",2016,6,21,173,2457561,4,2016,7,7,189,2457577,8
6242,43.348259,-70.546036,5,"ME",147,"Aquilegia","canadensis","red columbine","Plantae",16523,516,"Fruits",2016,7,25,207,2457595,10,2016,8,2,215,2457603,17
6242,43.348259,-70.546036,5,"ME",147,"Aquilegia","canadensis","red columbine","Plantae",28506,488,"Leaves (forbs)",2016,4,22,113,2457501,4,2016,10,11,285,2457673,3
6242,43.348259,-70.546036,5,"ME",147,"Aquilegia","canadensis","red columbine","Plantae",28507,488,"Leaves (forbs)",2016,4,18,109,2457497,6,2016,6,30,182,2457570,7
10585,41.433689,-81.693153,219,"OH",147,"Aquilegia","canadensis","red columbine","Plantae",45124,482,"Initial growth (forbs)",2016,4,7,98,2457486,7,2016,4,21,112,2457500,NA
10585,41.433689,-81.693153,219,"OH",147,"Aquilegia","canadensis","red columbine","Plantae",45124,488,"Leaves (forbs)",2016,4,7,98,2457486,NA,2016,6,9,161,2457549,NA
17061,35.074306,-92.462051,93,"AR",784,"Aesculus","pavia","red buckeye","Plantae",64960,371,"Breaking leaf buds",2016,2,24,55,2457443,14,2016,3,6,66,2457454,4
17061,35.074306,-92.462051,93,"AR",784,"Aesculus","pavia","red buckeye","Plantae",64960,390,"Ripe fruits",2016,4,29,120,2457508,6,2016,4,29,120,2457508,21
17061,35.074306,-92.462051,93,"AR",784,"Aesculus","pavia","red buckeye","Plantae",64960,467,"Increasing leaf size",2016,2,24,55,2457443,14,2016,4,6,97,2457485,7
17061,35.074306,-92.462051,93,"AR",784,"Aesculus","pavia","red buckeye","Plantae",64960,483,"Leaves",2016,2,24,55,2457443,14,2016,5,20,141,2457529,203
17061,35.074306,-92.462051,93,"AR",784,"Aesculus","pavia","red buckeye","Plantae",64960,500,"Flowers or flower buds",2016,3,2,62,2457450,7,2016,4,23,114,2457502,6
17061,35.074306,-92.462051,93,"AR",784,"Aesculus","pavia","red buckeye","Plantae",64960,501,"Open flowers",2016,3,31,91,2457479,21,2016,4,23,114,2457502,6
17061,35.074306,-92.462051,93,"AR",784,"Aesculus","pavia","red buckeye","Plantae",64960,504,"Recent fruit or seed drop",2016,4,23,114,2457502,10,2016,4,29,120,2457508,21
17061,35.074306,-92.462051,93,"AR",784,"Aesculus","pavia","red buckeye","Plantae",64960,516,"Fruits",2016,4,6,97,2457485,6,2016,4,13,104,2457492,10
17061,35.074306,-92.462051,93,"AR",784,"Aesculus","pavia","red buckeye","Plantae",64960,516,"Fruits",2016,4,29,120,2457508,6,2016,5,20,141,2457529,203
17574,40.863052,-73.881592,30,"NY",784,"Aesculus","pavia","red buckeye","Plantae",67637,371,"Breaking leaf buds",2016,3,5,65,2457453,NA,2016,4,23,114,2457502,7
17574,40.863052,-73.881592,30,"NY",784,"Aesculus","pavia","red buckeye","Plantae",67637,390,"Ripe fruits",2016,9,11,255,2457643,78,2016,10,14,288,2457676,9
17574,40.863052,-73.881592,30,"NY",784,"Aesculus","pavia","red buckeye","Plantae",67637,467,"Increasing leaf size",2016,4,9,100,2457488,14,2016,5,12,133,2457521,2
17574,40.863052,-73.881592,30,"NY",784,"Aesculus","pavia","red buckeye","Plantae",67637,467,"Increasing leaf size",2016,6,1,153,2457541,18,2016,6,25,177,2457565,34
17574,40.863052,-73.881592,30,"NY",784,"Aesculus","pavia","red buckeye","Plantae",67637,471,"Falling leaves",2016,10,10,284,2457672,15,2016,11,6,311,2457699,5
17574,40.863052,-73.881592,30,"NY",784,"Aesculus","pavia","red buckeye","Plantae",67637,483,"Leaves",2016,3,12,72,2457460,7,2016,5,12,133,2457521,2
17574,40.863052,-73.881592,30,"NY",784,"Aesculus","pavia","red buckeye","Plantae",67637,483,"Leaves",2016,6,1,153,2457541,18,2016,6,11,163,2457551,14
17574,40.863052,-73.881592,30,"NY",784,"Aesculus","pavia","red buckeye","Plantae",67637,498,"Colored leaves",2016,10,10,284,2457672,15,2016,10,10,284,2457672,27
17574,40.863052,-73.881592,30,"NY",784,"Aesculus","pavia","red buckeye","Plantae",67637,500,"Flowers or flower buds",2016,4,16,107,2457495,7,2016,5,14,135,2457523,18
17574,40.863052,-73.881592,30,"NY",784,"Aesculus","pavia","red buckeye","Plantae",67637,501,"Open flowers",2016,5,2,123,2457511,9,2016,5,12,133,2457521,2
17574,40.863052,-73.881592,30,"NY",784,"Aesculus","pavia","red buckeye","Plantae",67637,504,"Recent fruit or seed drop",2016,10,10,284,2457672,6,2016,10,10,284,2457672,4
17574,40.863052,-73.881592,30,"NY",784,"Aesculus","pavia","red buckeye","Plantae",67637,516,"Fruits",2016,5,14,135,2457523,2,2016,6,25,177,2457565,34
19931,38.780689,-90.273911,165,"MO",147,"Aquilegia","canadensis","red columbine","Plantae",84222,482,"Initial growth (forbs)",2016,3,15,75,2457463,NA,2016,3,15,75,2457463,NA
19931,38.780689,-90.273911,165,"MO",147,"Aquilegia","canadensis","red columbine","Plantae",84222,488,"Leaves (forbs)",2016,3,15,75,2457463,NA,2016,3,15,75,2457463,NA
20351,41.910194,-73.853447,123,"NY",147,"Aquilegia","canadensis","red columbine","Plantae",87192,482,"Initial growth (forbs)",2016,3,18,78,2457466,NA,2016,3,23,83,2457471,NA
20351,41.910194,-73.853447,123,"NY",147,"Aquilegia","canadensis","red columbine","Plantae",87192,488,"Leaves (forbs)",2016,3,26,86,2457474,NA,2016,4,1,92,2457480,NA
20351,41.910194,-73.853447,123,"NY",147,"Aquilegia","canadensis","red columbine","Plantae",87192,500,"Flowers or flower buds",2016,4,1,92,2457480,NA,2016,4,1,92,2457480,NA
17061,35.074306,-92.462051,93,"AR",784,"Aesculus","pavia","red buckeye","Plantae",100689,390,"Ripe fruits",2016,4,23,114,2457502,10,2016,4,29,120,2457508,21
17061,35.074306,-92.462051,93,"AR",784,"Aesculus","pavia","red buckeye","Plantae",100689,467,"Increasing leaf size",2016,3,2,62,2457450,7,2016,4,6,97,2457485,7
17061,35.074306,-92.462051,93,"AR",784,"Aesculus","pavia","red buckeye","Plantae",100689,483,"Leaves",2016,3,2,62,2457450,7,2016,5,20,141,2457529,203
17061,35.074306,-92.462051,93,"AR",784,"Aesculus","pavia","red buckeye","Plantae",100689,500,"Flowers or flower buds",2016,3,2,62,2457450,7,2016,4,23,114,2457502,6
17061,35.074306,-92.462051,93,"AR",784,"Aesculus","pavia","red buckeye","Plantae",100689,501,"Open flowers",2016,3,31,91,2457479,21,2016,4,23,114,2457502,6
17061,35.074306,-92.462051,93,"AR",784,"Aesculus","pavia","red buckeye","Plantae",100689,504,"Recent fruit or seed drop",2016,4,23,114,2457502,10,2016,4,29,120,2457508,21
17061,35.074306,-92.462051,93,"AR",784,"Aesculus","pavia","red buckeye","Plantae",100689,516,"Fruits",2016,4,6,97,2457485,6,2016,5,20,141,2457529,203
17061,35.074306,-92.462051,93,"AR",784,"Aesculus","pavia","red buckeye","Plantae",100690,371,"Breaking leaf buds",2016,3,2,62,2457450,7,2016,3,6,66,2457454,4
17061,35.074306,-92.462051,93,"AR",784,"Aesculus","pavia","red buckeye","Plantae",100690,390,"Ripe fruits",2016,4,23,114,2457502,10,2016,4,29,120,2457508,21
17061,35.074306,-92.462051,93,"AR",784,"Aesculus","pavia","red buckeye","Plantae",100690,467,"Increasing leaf size",2016,3,2,62,2457450,7,2016,4,6,97,2457485,7
17061,35.074306,-92.462051,93,"AR",784,"Aesculus","pavia","red buckeye","Plantae",100690,483,"Leaves",2016,3,2,62,2457450,7,2016,5,20,141,2457529,203
17061,35.074306,-92.462051,93,"AR",784,"Aesculus","pavia","red buckeye","Plantae",100690,500,"Flowers or flower buds",2016,3,6,66,2457454,4,2016,4,29,120,2457508,21
17061,35.074306,-92.462051,93,"AR",784,"Aesculus","pavia","red buckeye","Plantae",100690,501,"Open flowers",2016,4,6,97,2457485,6,2016,4,23,114,2457502,6
17061,35.074306,-92.462051,93,"AR",784,"Aesculus","pavia","red buckeye","Plantae",100690,504,"Recent fruit or seed drop",2016,4,23,114,2457502,10,2016,4,29,120,2457508,21
17061,35.074306,-92.462051,93,"AR",784,"Aesculus","pavia","red buckeye","Plantae",100690,516,"Fruits",2016,4,23,114,2457502,10,2016,5,20,141,2457529,203
22547,30.805164,-88.442879,40,"MS",784,"Aesculus","pavia","red buckeye","Plantae",101008,371,"Breaking leaf buds",2016,3,2,62,2457450,7,2016,3,2,62,2457450,14
22547,30.805164,-88.442879,40,"MS",784,"Aesculus","pavia","red buckeye","Plantae",101008,467,"Increasing leaf size",2016,3,16,76,2457464,14,2016,4,29,120,2457508,NA
22547,30.805164,-88.442879,40,"MS",784,"Aesculus","pavia","red buckeye","Plantae",101008,483,"Leaves",2016,3,16,76,2457464,14,2016,4,29,120,2457508,NA
22547,30.805164,-88.442879,40,"MS",784,"Aesculus","pavia","red buckeye","Plantae",101008,500,"Flowers or flower buds",2016,3,16,76,2457464,14,2016,4,7,98,2457486,7
22547,30.805164,-88.442879,40,"MS",784,"Aesculus","pavia","red buckeye","Plantae",101008,501,"Open flowers",2016,3,23,83,2457471,7,2016,4,7,98,2457486,7
22547,30.805164,-88.442879,40,"MS",784,"Aesculus","pavia","red buckeye","Plantae",101008,516,"Fruits",2016,4,7,98,2457486,8,2016,4,29,120,2457508,NA
22681,39.167427,-84.548431,190,"OH",784,"Aesculus","pavia","red buckeye","Plantae",101843,371,"Breaking leaf buds",2016,3,15,75,2457463,5,2016,3,18,78,2457466,6
22681,39.167427,-84.548431,190,"OH",784,"Aesculus","pavia","red buckeye","Plantae",101843,390,"Ripe fruits",2016,9,16,260,2457648,4,2016,9,26,270,2457658,16
22681,39.167427,-84.548431,190,"OH",784,"Aesculus","pavia","red buckeye","Plantae",101843,467,"Increasing leaf size",2016,3,28,88,2457476,4,2016,3,28,88,2457476,14
22681,39.167427,-84.548431,190,"OH",784,"Aesculus","pavia","red buckeye","Plantae",101843,467,"Increasing leaf size",2016,4,26,117,2457505,4,2016,4,29,120,2457508,10
22681,39.167427,-84.548431,190,"OH",784,"Aesculus","pavia","red buckeye","Plantae",101843,471,"Falling leaves",2016,9,2,246,2457634,46,2016,10,12,286,2457674,6
22681,39.167427,-84.548431,190,"OH",784,"Aesculus","pavia","red buckeye","Plantae",101843,483,"Leaves",2016,3,24,84,2457472,6,2016,9,26,270,2457658,16
22681,39.167427,-84.548431,190,"OH",784,"Aesculus","pavia","red buckeye","Plantae",101843,498,"Colored leaves",2016,9,2,246,2457634,46,2016,9,26,270,2457658,16
22681,39.167427,-84.548431,190,"OH",784,"Aesculus","pavia","red buckeye","Plantae",101843,500,"Flowers or flower buds",2016,3,28,88,2457476,4,2016,5,9,130,2457518,10
22681,39.167427,-84.548431,190,"OH",784,"Aesculus","pavia","red buckeye","Plantae",101843,501,"Open flowers",2016,4,14,105,2457493,3,2016,5,9,130,2457518,10
22681,39.167427,-84.548431,190,"OH",784,"Aesculus","pavia","red buckeye","Plantae",101843,504,"Recent fruit or seed drop",2016,9,16,260,2457648,4,2016,9,26,270,2457658,16
22681,39.167427,-84.548431,190,"OH",784,"Aesculus","pavia","red buckeye","Plantae",101843,516,"Fruits",2016,5,9,130,2457518,10,2016,9,22,266,2457654,4
17319,38.946041,-77.084244,94,"DC",784,"Aesculus","pavia","red buckeye","Plantae",103180,371,"Breaking leaf buds",2016,3,17,77,2457465,NA,2016,3,20,80,2457468,7
17319,38.946041,-77.084244,94,"DC",784,"Aesculus","pavia","red buckeye","Plantae",103180,467,"Increasing leaf size",2016,3,19,79,2457467,1,2016,4,3,94,2457482,NA
17319,38.946041,-77.084244,94,"DC",784,"Aesculus","pavia","red buckeye","Plantae",103180,483,"Leaves",2016,3,18,78,2457466,1,2016,4,3,94,2457482,NA
17319,38.946041,-77.084244,94,"DC",784,"Aesculus","pavia","red buckeye","Plantae",103180,500,"Flowers or flower buds",2016,3,27,87,2457475,7,2016,4,3,94,2457482,NA
23083,36.031616,-78.895111,116,"NC",784,"Aesculus","pavia","red buckeye","Plantae",105047,483,"Leaves",2016,6,19,171,2457559,NA,2016,7,25,207,2457595,NA
23083,36.031616,-78.895111,116,"NC",784,"Aesculus","pavia","red buckeye","Plantae",105047,498,"Colored leaves",2016,8,29,242,2457630,35,2016,8,29,242,2457630,NA
23083,36.031616,-78.895111,116,"NC",784,"Aesculus","pavia","red buckeye","Plantae",105048,483,"Leaves",2016,6,19,171,2457559,NA,2016,7,25,207,2457595,NA
23294,45.919209,-89.250771,495,"WI",147,"Aquilegia","canadensis","red columbine","Plantae",107409,482,"Initial growth (forbs)",2016,4,26,117,2457505,7,2016,4,26,117,2457505,NA
23294,45.919209,-89.250771,495,"WI",147,"Aquilegia","canadensis","red columbine","Plantae",107409,488,"Leaves (forbs)",2016,4,26,117,2457505,7,2016,4,26,117,2457505,NA
22893,36.030796,-78.898705,110,"NC",784,"Aesculus","pavia","red buckeye","Plantae",110296,483,"Leaves",2016,8,29,242,2457630,NA,2016,8,29,242,2457630,NA
22893,36.030796,-78.898705,110,"NC",784,"Aesculus","pavia","red buckeye","Plantae",110296,498,"Colored leaves",2016,8,29,242,2457630,NA,2016,8,29,242,2457630,NA
22893,36.030796,-78.898705,110,"NC",784,"Aesculus","pavia","red buckeye","Plantae",110296,516,"Fruits",2016,7,10,192,2457580,NA,2016,8,29,242,2457630,NA
22893,36.030796,-78.898705,110,"NC",784,"Aesculus","pavia","red buckeye","Plantae",110297,483,"Leaves",2016,8,29,242,2457630,NA,2016,8,29,242,2457630,NA
22893,36.030796,-78.898705,110,"NC",784,"Aesculus","pavia","red buckeye","Plantae",110297,498,"Colored leaves",2016,8,29,242,2457630,NA,2016,8,29,242,2457630,NA
22893,36.030796,-78.898705,110,"NC",784,"Aesculus","pavia","red buckeye","Plantae",110297,516,"Fruits",2016,8,29,242,2457630,NA,2016,8,29,242,2457630,NA
24164,40.665085,-73.963432,17,"NY",784,"Aesculus","pavia","red buckeye","Plantae",114555,390,"Ripe fruits",2016,10,6,280,2457668,14,2016,10,6,280,2457668,19
24164,40.665085,-73.963432,17,"NY",784,"Aesculus","pavia","red buckeye","Plantae",114555,471,"Falling leaves",2016,10,25,299,2457687,19,2016,10,25,299,2457687,NA
24164,40.665085,-73.963432,17,"NY",784,"Aesculus","pavia","red buckeye","Plantae",114555,483,"Leaves",2016,9,1,245,2457633,NA,2016,10,25,299,2457687,NA
24164,40.665085,-73.963432,17,"NY",784,"Aesculus","pavia","red buckeye","Plantae",114555,498,"Colored leaves",2016,10,6,280,2457668,14,2016,10,25,299,2457687,NA
24164,40.665085,-73.963432,17,"NY",784,"Aesculus","pavia","red buckeye","Plantae",114555,504,"Recent fruit or seed drop",2016,10,6,280,2457668,14,2016,10,25,299,2457687,NA
24164,40.665085,-73.963432,17,"NY",784,"Aesculus","pavia","red buckeye","Plantae",114555,516,"Fruits",2016,9,1,245,2457633,NA,2016,10,6,280,2457668,19
23676,46.996738,-94.696556,426,"MN",147,"Aquilegia","canadensis","red columbine","Plantae",115715,390,"Ripe fruits",2016,9,21,265,2457653,NA,2016,9,29,273,2457661,NA
23676,46.996738,-94.696556,426,"MN",147,"Aquilegia","canadensis","red columbine","Plantae",115715,488,"Leaves (forbs)",2016,9,21,265,2457653,NA,2016,9,29,273,2457661,NA
23676,46.996738,-94.696556,426,"MN",147,"Aquilegia","canadensis","red columbine","Plantae",115715,504,"Recent fruit or seed drop",2016,9,21,265,2457653,NA,2016,9,29,273,2457661,NA
23676,46.996738,-94.696556,426,"MN",147,"Aquilegia","canadensis","red columbine","Plantae",115715,516,"Fruits",2016,9,21,265,2457653,NA,2016,9,29,273,2457661,NA
36439,39.026203,-76.79895,47,"MD",147,"Aquilegia","canadensis","red columbine","Plantae",224421,390,"Ripe fruits",2016,5,29,150,2457538,NA,2016,6,5,157,2457545,NA
36439,39.026203,-76.79895,47,"MD",147,"Aquilegia","canadensis","red columbine","Plantae",224421,500,"Flowers or flower buds",2016,4,17,108,2457496,NA,2016,4,24,115,2457503,NA
36439,39.026203,-76.79895,47,"MD",147,"Aquilegia","canadensis","red columbine","Plantae",224421,501,"Open flowers",2016,4,17,108,2457496,NA,2016,4,24,115,2457503,NA
36439,39.026203,-76.79895,47,"MD",147,"Aquilegia","canadensis","red columbine","Plantae",224421,516,"Fruits",2016,5,29,150,2457538,NA,2016,6,5,157,2457545,NA
1559,39.289673,-123.373718,542,"CA",147,"Aquilegia","canadensis","red columbine","Plantae",2798,482,"Initial growth (forbs)",2017,3,14,73,2457827,NA,2017,5,7,127,2457881,NA
1559,39.289673,-123.373718,542,"CA",147,"Aquilegia","canadensis","red columbine","Plantae",2798,488,"Leaves (forbs)",2017,5,7,127,2457881,54,2017,5,7,127,2457881,NA
1559,39.289673,-123.373718,542,"CA",147,"Aquilegia","canadensis","red columbine","Plantae",2798,500,"Flowers or flower buds",2017,5,7,127,2457881,54,2017,5,7,127,2457881,NA
1559,39.289673,-123.373718,542,"CA",147,"Aquilegia","canadensis","red columbine","Plantae",2798,501,"Open flowers",2017,5,7,127,2457881,54,2017,5,7,127,2457881,NA
2394,45.425339,-93.186249,278,"MN",147,"Aquilegia","canadensis","red columbine","Plantae",3818,482,"Initial growth (forbs)",2017,5,9,129,2457883,6,2017,6,1,152,2457906,7
2394,45.425339,-93.186249,278,"MN",147,"Aquilegia","canadensis","red columbine","Plantae",3818,488,"Leaves (forbs)",2017,5,9,129,2457883,6,2017,8,31,243,2457997,20
2394,45.425339,-93.186249,278,"MN",147,"Aquilegia","canadensis","red columbine","Plantae",3818,500,"Flowers or flower buds",2017,5,25,145,2457899,9,2017,6,1,152,2457906,7
2394,45.425339,-93.186249,278,"MN",147,"Aquilegia","canadensis","red columbine","Plantae",3818,501,"Open flowers",2017,6,1,152,2457906,7,2017,6,1,152,2457906,7
6242,43.348259,-70.546036,5,"ME",147,"Aquilegia","canadensis","red columbine","Plantae",16523,390,"Ripe fruits",2017,7,10,191,2457945,5,2017,8,21,233,2457987,NA
6242,43.348259,-70.546036,5,"ME",147,"Aquilegia","canadensis","red columbine","Plantae",16523,482,"Initial growth (forbs)",2017,4,27,117,2457871,3,2017,5,16,136,2457890,3
6242,43.348259,-70.546036,5,"ME",147,"Aquilegia","canadensis","red columbine","Plantae",16523,488,"Leaves (forbs)",2017,5,1,121,2457875,4,2017,8,21,233,2457987,NA
6242,43.348259,-70.546036,5,"ME",147,"Aquilegia","canadensis","red columbine","Plantae",16523,500,"Flowers or flower buds",2017,5,24,144,2457898,5,2017,6,22,173,2457927,5
6242,43.348259,-70.546036,5,"ME",147,"Aquilegia","canadensis","red columbine","Plantae",16523,500,"Flowers or flower buds",2017,7,5,186,2457940,8,2017,7,5,186,2457940,5
6242,43.348259,-70.546036,5,"ME",147,"Aquilegia","canadensis","red columbine","Plantae",16523,501,"Open flowers",2017,6,12,163,2457917,4,2017,6,22,173,2457927,5
6242,43.348259,-70.546036,5,"ME",147,"Aquilegia","canadensis","red columbine","Plantae",16523,501,"Open flowers",2017,7,5,186,2457940,8,2017,7,5,186,2457940,5
6242,43.348259,-70.546036,5,"ME",147,"Aquilegia","canadensis","red columbine","Plantae",16523,504,"Recent fruit or seed drop",2017,7,24,205,2457959,7,2017,8,21,233,2457987,NA
6242,43.348259,-70.546036,5,"ME",147,"Aquilegia","canadensis","red columbine","Plantae",16523,516,"Fruits",2017,7,5,186,2457940,8,2017,8,21,233,2457987,NA
6242,43.348259,-70.546036,5,"ME",147,"Aquilegia","canadensis","red columbine","Plantae",28506,390,"Ripe fruits",2017,7,10,191,2457945,5,2017,8,21,233,2457987,NA
6242,43.348259,-70.546036,5,"ME",147,"Aquilegia","canadensis","red columbine","Plantae",28506,482,"Initial growth (forbs)",2017,4,18,108,2457862,NA,2017,5,12,132,2457886,4
6242,43.348259,-70.546036,5,"ME",147,"Aquilegia","canadensis","red columbine","Plantae",28506,488,"Leaves (forbs)",2017,4,18,108,2457862,NA,2017,8,21,233,2457987,NA
6242,43.348259,-70.546036,5,"ME",147,"Aquilegia","canadensis","red columbine","Plantae",28506,500,"Flowers or flower buds",2017,5,19,139,2457893,3,2017,6,22,173,2457927,5
6242,43.348259,-70.546036,5,"ME",147,"Aquilegia","canadensis","red columbine","Plantae",28506,501,"Open flowers",2017,6,12,163,2457917,4,2017,6,22,173,2457927,5
6242,43.348259,-70.546036,5,"ME",147,"Aquilegia","canadensis","red columbine","Plantae",28506,504,"Recent fruit or seed drop",2017,7,24,205,2457959,7,2017,8,21,233,2457987,NA
6242,43.348259,-70.546036,5,"ME",147,"Aquilegia","canadensis","red columbine","Plantae",28506,516,"Fruits",2017,7,5,186,2457940,8,2017,8,21,233,2457987,NA
17061,35.074306,-92.462051,93,"AR",784,"Aesculus","pavia","red buckeye","Plantae",64960,371,"Breaking leaf buds",2017,3,2,61,2457815,7,2017,3,2,61,2457815,7
17061,35.074306,-92.462051,93,"AR",784,"Aesculus","pavia","red buckeye","Plantae",64960,467,"Increasing leaf size",2017,3,2,61,2457815,7,2017,3,16,75,2457829,14
17061,35.074306,-92.462051,93,"AR",784,"Aesculus","pavia","red buckeye","Plantae",64960,483,"Leaves",2017,3,2,61,2457815,7,2017,5,4,124,2457878,11
17061,35.074306,-92.462051,93,"AR",784,"Aesculus","pavia","red buckeye","Plantae",64960,483,"Leaves",2017,5,30,150,2457904,15,2017,5,30,150,2457904,NA
17061,35.074306,-92.462051,93,"AR",784,"Aesculus","pavia","red buckeye","Plantae",64960,498,"Colored leaves",2017,3,16,75,2457829,7,2017,3,16,75,2457829,14
17061,35.074306,-92.462051,93,"AR",784,"Aesculus","pavia","red buckeye","Plantae",64960,500,"Flowers or flower buds",2017,3,2,61,2457815,7,2017,4,20,110,2457864,7
17061,35.074306,-92.462051,93,"AR",784,"Aesculus","pavia","red buckeye","Plantae",64960,501,"Open flowers",2017,3,30,89,2457843,14,2017,4,20,110,2457864,7
17574,40.863052,-73.881592,30,"NY",784,"Aesculus","pavia","red buckeye","Plantae",67637,371,"Breaking leaf buds",2017,3,26,85,2457839,5,2017,4,14,104,2457858,4
17574,40.863052,-73.881592,30,"NY",784,"Aesculus","pavia","red buckeye","Plantae",67637,371,"Breaking leaf buds",2017,4,27,117,2457871,4,2017,4,27,117,2457871,5
17574,40.863052,-73.881592,30,"NY",784,"Aesculus","pavia","red buckeye","Plantae",67637,371,"Breaking leaf buds",2017,5,7,127,2457881,5,2017,5,7,127,2457881,5
17574,40.863052,-73.881592,30,"NY",784,"Aesculus","pavia","red buckeye","Plantae",67637,390,"Ripe fruits",2017,10,15,288,2458042,16,2017,10,15,288,2458042,21
17574,40.863052,-73.881592,30,"NY",784,"Aesculus","pavia","red buckeye","Plantae",67637,467,"Increasing leaf size",2017,4,23,113,2457867,14,2017,4,23,113,2457867,4
17574,40.863052,-73.881592,30,"NY",784,"Aesculus","pavia","red buckeye","Plantae",67637,467,"Increasing leaf size",2017,5,2,122,2457876,5,2017,5,2,122,2457876,5
17574,40.863052,-73.881592,30,"NY",784,"Aesculus","pavia","red buckeye","Plantae",67637,467,"Increasing leaf size",2017,5,12,132,2457886,5,2017,6,29,180,2457934,9
17574,40.863052,-73.881592,30,"NY",784,"Aesculus","pavia","red buckeye","Plantae",67637,467,"Increasing leaf size",2017,7,16,197,2457951,4,2017,7,16,197,2457951,7
17574,40.863052,-73.881592,30,"NY",784,"Aesculus","pavia","red buckeye","Plantae",67637,471,"Falling leaves",2017,9,29,272,2458026,43,2017,11,5,309,2458063,19
17574,40.863052,-73.881592,30,"NY",784,"Aesculus","pavia","red buckeye","Plantae",67637,483,"Leaves",2017,4,9,99,2457853,11,2017,6,3,154,2457908,1
17574,40.863052,-73.881592,30,"NY",784,"Aesculus","pavia","red buckeye","Plantae",67637,483,"Leaves",2017,6,11,162,2457916,7,2017,11,5,309,2458063,19
17574,40.863052,-73.881592,30,"NY",784,"Aesculus","pavia","red buckeye","Plantae",67637,498,"Colored leaves",2017,11,5,309,2458063,80,2017,11,5,309,2458063,19
17574,40.863052,-73.881592,30,"NY",784,"Aesculus","pavia","red buckeye","Plantae",67637,500,"Flowers or flower buds",2017,4,14,104,2457858,5,2017,5,7,127,2457881,5
17574,40.863052,-73.881592,30,"NY",784,"Aesculus","pavia","red buckeye","Plantae",67637,500,"Flowers or flower buds",2017,5,14,134,2457888,2,2017,5,22,142,2457896,12
17574,40.863052,-73.881592,30,"NY",784,"Aesculus","pavia","red buckeye","Plantae",67637,501,"Open flowers",2017,4,23,113,2457867,5,2017,5,7,127,2457881,5
17574,40.863052,-73.881592,30,"NY",784,"Aesculus","pavia","red buckeye","Plantae",67637,501,"Open flowers",2017,5,14,134,2457888,2,2017,5,23,143,2457897,11
17574,40.863052,-73.881592,30,"NY",784,"Aesculus","pavia","red buckeye","Plantae",67637,504,"Recent fruit or seed drop",2017,6,20,171,2457925,9,2017,6,29,180,2457934,9
17574,40.863052,-73.881592,30,"NY",784,"Aesculus","pavia","red buckeye","Plantae",67637,504,"Recent fruit or seed drop",2017,9,29,272,2458026,7,2017,10,25,298,2458052,11
17574,40.863052,-73.881592,30,"NY",784,"Aesculus","pavia","red buckeye","Plantae",67637,516,"Fruits",2017,5,17,137,2457891,3,2017,9,22,265,2458019,23
17574,40.863052,-73.881592,30,"NY",784,"Aesculus","pavia","red buckeye","Plantae",67637,516,"Fruits",2017,10,25,298,2458052,10,2017,10,25,298,2458052,11
17061,35.074306,-92.462051,93,"AR",784,"Aesculus","pavia","red buckeye","Plantae",100689,371,"Breaking leaf buds",2017,2,23,54,2457808,7,2017,2,23,54,2457808,7
17061,35.074306,-92.462051,93,"AR",784,"Aesculus","pavia","red buckeye","Plantae",100689,467,"Increasing leaf size",2017,2,23,54,2457808,7,2017,3,16,75,2457829,14
17061,35.074306,-92.462051,93,"AR",784,"Aesculus","pavia","red buckeye","Plantae",100689,467,"Increasing leaf size",2017,4,6,96,2457850,7,2017,4,6,96,2457850,7
17061,35.074306,-92.462051,93,"AR",784,"Aesculus","pavia","red buckeye","Plantae",100689,483,"Leaves",2017,2,23,54,2457808,7,2017,5,4,124,2457878,11
17061,35.074306,-92.462051,93,"AR",784,"Aesculus","pavia","red buckeye","Plantae",100689,483,"Leaves",2017,5,30,150,2457904,15,2017,5,30,150,2457904,NA
17061,35.074306,-92.462051,93,"AR",784,"Aesculus","pavia","red buckeye","Plantae",100689,498,"Colored leaves",2017,3,2,61,2457815,7,2017,3,16,75,2457829,14
17061,35.074306,-92.462051,93,"AR",784,"Aesculus","pavia","red buckeye","Plantae",100689,500,"Flowers or flower buds",2017,3,2,61,2457815,7,2017,4,27,117,2457871,7
17061,35.074306,-92.462051,93,"AR",784,"Aesculus","pavia","red buckeye","Plantae",100689,501,"Open flowers",2017,3,30,89,2457843,14,2017,4,27,117,2457871,7
17061,35.074306,-92.462051,93,"AR",784,"Aesculus","pavia","red buckeye","Plantae",100689,516,"Fruits",2017,4,27,117,2457871,7,2017,5,4,124,2457878,11
17061,35.074306,-92.462051,93,"AR",784,"Aesculus","pavia","red buckeye","Plantae",100690,371,"Breaking leaf buds",2017,3,2,61,2457815,7,2017,3,9,68,2457822,7
17061,35.074306,-92.462051,93,"AR",784,"Aesculus","pavia","red buckeye","Plantae",100690,467,"Increasing leaf size",2017,3,9,68,2457822,7,2017,3,30,89,2457843,7
17061,35.074306,-92.462051,93,"AR",784,"Aesculus","pavia","red buckeye","Plantae",100690,483,"Leaves",2017,3,9,68,2457822,7,2017,5,4,124,2457878,11
17061,35.074306,-92.462051,93,"AR",784,"Aesculus","pavia","red buckeye","Plantae",100690,483,"Leaves",2017,5,30,150,2457904,15,2017,5,30,150,2457904,NA
17061,35.074306,-92.462051,93,"AR",784,"Aesculus","pavia","red buckeye","Plantae",100690,498,"Colored leaves",2017,3,16,75,2457829,7,2017,3,16,75,2457829,14
17061,35.074306,-92.462051,93,"AR",784,"Aesculus","pavia","red buckeye","Plantae",100690,500,"Flowers or flower buds",2017,3,16,75,2457829,7,2017,5,4,124,2457878,11
17061,35.074306,-92.462051,93,"AR",784,"Aesculus","pavia","red buckeye","Plantae",100690,501,"Open flowers",2017,4,6,96,2457850,7,2017,5,4,124,2457878,11
17061,35.074306,-92.462051,93,"AR",784,"Aesculus","pavia","red buckeye","Plantae",100690,516,"Fruits",2017,5,15,135,2457889,18,2017,5,15,135,2457889,15
22681,39.167427,-84.548431,190,"OH",784,"Aesculus","pavia","red buckeye","Plantae",101843,390,"Ripe fruits",2017,9,5,248,2458002,15,2017,9,17,260,2458014,9
22681,39.167427,-84.548431,190,"OH",784,"Aesculus","pavia","red buckeye","Plantae",101843,467,"Increasing leaf size",2017,4,5,95,2457849,NA,2017,4,21,111,2457865,10
22681,39.167427,-84.548431,190,"OH",784,"Aesculus","pavia","red buckeye","Plantae",101843,471,"Falling leaves",2017,9,5,248,2458002,15,2017,9,26,269,2458023,31
22681,39.167427,-84.548431,190,"OH",784,"Aesculus","pavia","red buckeye","Plantae",101843,483,"Leaves",2017,4,5,95,2457849,NA,2017,4,7,97,2457851,5
22681,39.167427,-84.548431,190,"OH",784,"Aesculus","pavia","red buckeye","Plantae",101843,498,"Colored leaves",2017,9,5,248,2458002,15,2017,9,17,260,2458014,9
22681,39.167427,-84.548431,190,"OH",784,"Aesculus","pavia","red buckeye","Plantae",101843,500,"Flowers or flower buds",2017,4,5,95,2457849,NA,2017,4,21,111,2457865,10
22681,39.167427,-84.548431,190,"OH",784,"Aesculus","pavia","red buckeye","Plantae",101843,501,"Open flowers",2017,4,12,102,2457856,5,2017,5,1,121,2457875,14
22681,39.167427,-84.548431,190,"OH",784,"Aesculus","pavia","red buckeye","Plantae",101843,504,"Recent fruit or seed drop",2017,9,5,248,2458002,15,2017,9,26,269,2458023,31
22681,39.167427,-84.548431,190,"OH",784,"Aesculus","pavia","red buckeye","Plantae",101843,516,"Fruits",2017,5,15,135,2457889,14,2017,9,17,260,2458014,9
23294,45.919209,-89.250771,495,"WI",147,"Aquilegia","canadensis","red columbine","Plantae",107409,482,"Initial growth (forbs)",2017,5,17,137,2457891,NA,2017,5,17,137,2457891,NA
23294,45.919209,-89.250771,495,"WI",147,"Aquilegia","canadensis","red columbine","Plantae",107409,488,"Leaves (forbs)",2017,5,17,137,2457891,NA,2017,5,17,137,2457891,NA
24164,40.665085,-73.963432,17,"NY",784,"Aesculus","pavia","red buckeye","Plantae",114555,371,"Breaking leaf buds",2017,2,23,54,2457808,NA,2017,4,11,101,2457855,163
24164,40.665085,-73.963432,17,"NY",784,"Aesculus","pavia","red buckeye","Plantae",114555,390,"Ripe fruits",2017,9,21,264,2458018,163,2017,10,4,277,2458031,NA
24164,40.665085,-73.963432,17,"NY",784,"Aesculus","pavia","red buckeye","Plantae",114555,483,"Leaves",2017,9,21,264,2458018,163,2017,10,4,277,2458031,NA
24164,40.665085,-73.963432,17,"NY",784,"Aesculus","pavia","red buckeye","Plantae",114555,498,"Colored leaves",2017,10,4,277,2458031,13,2017,10,4,277,2458031,NA
24164,40.665085,-73.963432,17,"NY",784,"Aesculus","pavia","red buckeye","Plantae",114555,504,"Recent fruit or seed drop",2017,9,21,264,2458018,163,2017,10,4,277,2458031,NA
24164,40.665085,-73.963432,17,"NY",784,"Aesculus","pavia","red buckeye","Plantae",114555,516,"Fruits",2017,9,21,264,2458018,163,2017,10,4,277,2458031,NA
23676,46.996738,-94.696556,426,"MN",147,"Aquilegia","canadensis","red columbine","Plantae",115715,390,"Ripe fruits",2017,7,2,183,2457937,NA,2017,8,31,243,2457997,NA
23676,46.996738,-94.696556,426,"MN",147,"Aquilegia","canadensis","red columbine","Plantae",115715,482,"Initial growth (forbs)",2017,4,19,109,2457863,NA,2017,5,23,143,2457897,NA
23676,46.996738,-94.696556,426,"MN",147,"Aquilegia","canadensis","red columbine","Plantae",115715,488,"Leaves (forbs)",2017,4,19,109,2457863,NA,2017,8,17,229,2457983,7
23676,46.996738,-94.696556,426,"MN",147,"Aquilegia","canadensis","red columbine","Plantae",115715,500,"Flowers or flower buds",2017,5,14,134,2457888,3,2017,7,20,201,2457955,9
23676,46.996738,-94.696556,426,"MN",147,"Aquilegia","canadensis","red columbine","Plantae",115715,500,"Flowers or flower buds",2017,8,8,220,2457974,10,2017,8,8,220,2457974,9
23676,46.996738,-94.696556,426,"MN",147,"Aquilegia","canadensis","red columbine","Plantae",115715,501,"Open flowers",2017,5,19,139,2457893,5,2017,7,20,201,2457955,NA
23676,46.996738,-94.696556,426,"MN",147,"Aquilegia","canadensis","red columbine","Plantae",115715,504,"Recent fruit or seed drop",2017,7,9,190,2457944,NA,2017,8,31,243,2457997,NA
23676,46.996738,-94.696556,426,"MN",147,"Aquilegia","canadensis","red columbine","Plantae",115715,516,"Fruits",2017,6,26,177,2457931,9,2017,8,31,243,2457997,NA
25169,30.204744,-93.223564,4,"LA",784,"Aesculus","pavia","red buckeye","Plantae",120456,371,"Breaking leaf buds",2017,1,20,20,2457774,NA,2017,1,20,20,2457774,16
25169,30.204744,-93.223564,4,"LA",784,"Aesculus","pavia","red buckeye","Plantae",120456,467,"Increasing leaf size",2017,2,5,36,2457790,16,2017,2,5,36,2457790,NA
25169,30.204744,-93.223564,4,"LA",784,"Aesculus","pavia","red buckeye","Plantae",120456,483,"Leaves",2017,2,5,36,2457790,16,2017,2,5,36,2457790,NA
25442,38.856335,-77.234962,105,"VA",147,"Aquilegia","canadensis","red columbine","Plantae",122883,390,"Ripe fruits",2017,6,17,168,2457922,40,2017,6,17,168,2457922,NA
25442,38.856335,-77.234962,105,"VA",147,"Aquilegia","canadensis","red columbine","Plantae",122883,482,"Initial growth (forbs)",2017,4,14,104,2457858,NA,2017,5,8,128,2457882,40
25442,38.856335,-77.234962,105,"VA",147,"Aquilegia","canadensis","red columbine","Plantae",122883,488,"Leaves (forbs)",2017,4,14,104,2457858,NA,2017,6,17,168,2457922,NA
25442,38.856335,-77.234962,105,"VA",147,"Aquilegia","canadensis","red columbine","Plantae",122883,500,"Flowers or flower buds",2017,4,20,110,2457864,6,2017,6,17,168,2457922,NA
25442,38.856335,-77.234962,105,"VA",147,"Aquilegia","canadensis","red columbine","Plantae",122883,501,"Open flowers",2017,4,20,110,2457864,6,2017,6,17,168,2457922,NA
25442,38.856335,-77.234962,105,"VA",147,"Aquilegia","canadensis","red columbine","Plantae",122883,504,"Recent fruit or seed drop",2017,6,17,168,2457922,40,2017,6,17,168,2457922,NA
25442,38.856335,-77.234962,105,"VA",147,"Aquilegia","canadensis","red columbine","Plantae",122883,516,"Fruits",2017,6,17,168,2457922,40,2017,6,17,168,2457922,NA
25450,36.380558,-94.222557,384,"AR",147,"Aquilegia","canadensis","red columbine","Plantae",122937,482,"Initial growth (forbs)",2017,2,26,57,2457811,NA,2017,2,26,57,2457811,21
25450,36.380558,-94.222557,384,"AR",147,"Aquilegia","canadensis","red columbine","Plantae",122937,488,"Leaves (forbs)",2017,3,19,78,2457832,21,2017,3,19,78,2457832,NA
19187,35.84726,-83.453552,328,"TN",147,"Aquilegia","canadensis","red columbine","Plantae",123334,390,"Ripe fruits",2017,5,19,139,2457893,27,2017,5,19,139,2457893,NA
19187,35.84726,-83.453552,328,"TN",147,"Aquilegia","canadensis","red columbine","Plantae",123334,482,"Initial growth (forbs)",2017,2,21,52,2457806,NA,2017,2,21,52,2457806,21
19187,35.84726,-83.453552,328,"TN",147,"Aquilegia","canadensis","red columbine","Plantae",123334,488,"Leaves (forbs)",2017,2,21,52,2457806,NA,2017,5,19,139,2457893,NA
19187,35.84726,-83.453552,328,"TN",147,"Aquilegia","canadensis","red columbine","Plantae",123334,500,"Flowers or flower buds",2017,3,14,73,2457827,21,2017,5,19,139,2457893,NA
19187,35.84726,-83.453552,328,"TN",147,"Aquilegia","canadensis","red columbine","Plantae",123334,501,"Open flowers",2017,4,2,92,2457846,9,2017,5,19,139,2457893,NA
19187,35.84726,-83.453552,328,"TN",147,"Aquilegia","canadensis","red columbine","Plantae",123334,504,"Recent fruit or seed drop",2017,5,19,139,2457893,27,2017,5,19,139,2457893,NA
19187,35.84726,-83.453552,328,"TN",147,"Aquilegia","canadensis","red columbine","Plantae",123334,516,"Fruits",2017,4,13,103,2457857,11,2017,5,19,139,2457893,NA
6242,43.348259,-70.546036,5,"ME",147,"Aquilegia","canadensis","red columbine","Plantae",126285,390,"Ripe fruits",2017,7,5,186,2457940,8,2017,8,21,233,2457987,NA
6242,43.348259,-70.546036,5,"ME",147,"Aquilegia","canadensis","red columbine","Plantae",126285,482,"Initial growth (forbs)",2017,4,18,108,2457862,NA,2017,4,18,108,2457862,6
6242,43.348259,-70.546036,5,"ME",147,"Aquilegia","canadensis","red columbine","Plantae",126285,482,"Initial growth (forbs)",2017,5,1,121,2457875,4,2017,5,16,136,2457890,3
6242,43.348259,-70.546036,5,"ME",147,"Aquilegia","canadensis","red columbine","Plantae",126285,488,"Leaves (forbs)",2017,5,1,121,2457875,4,2017,8,21,233,2457987,NA
6242,43.348259,-70.546036,5,"ME",147,"Aquilegia","canadensis","red columbine","Plantae",126285,500,"Flowers or flower buds",2017,5,24,144,2457898,5,2017,6,8,159,2457913,4
6242,43.348259,-70.546036,5,"ME",147,"Aquilegia","canadensis","red columbine","Plantae",126285,500,"Flowers or flower buds",2017,6,22,173,2457927,3,2017,6,27,178,2457932,8
6242,43.348259,-70.546036,5,"ME",147,"Aquilegia","canadensis","red columbine","Plantae",126285,501,"Open flowers",2017,6,27,178,2457932,5,2017,6,27,178,2457932,8
6242,43.348259,-70.546036,5,"ME",147,"Aquilegia","canadensis","red columbine","Plantae",126285,504,"Recent fruit or seed drop",2017,7,5,186,2457940,8,2017,7,5,186,2457940,5
6242,43.348259,-70.546036,5,"ME",147,"Aquilegia","canadensis","red columbine","Plantae",126285,504,"Recent fruit or seed drop",2017,7,24,205,2457959,7,2017,8,21,233,2457987,NA
6242,43.348259,-70.546036,5,"ME",147,"Aquilegia","canadensis","red columbine","Plantae",126285,516,"Fruits",2017,7,5,186,2457940,8,2017,8,21,233,2457987,NA
25869,32.673393,-93.031845,111,"LA",784,"Aesculus","pavia","red buckeye","Plantae",127290,467,"Increasing leaf size",2017,3,15,74,2457828,NA,2017,4,9,99,2457853,NA
25869,32.673393,-93.031845,111,"LA",784,"Aesculus","pavia","red buckeye","Plantae",127290,483,"Leaves",2017,3,4,63,2457817,NA,2017,4,9,99,2457853,NA
25869,32.673393,-93.031845,111,"LA",784,"Aesculus","pavia","red buckeye","Plantae",127290,500,"Flowers or flower buds",2017,3,22,81,2457835,10,2017,3,30,89,2457843,NA
25869,32.673393,-93.031845,111,"LA",784,"Aesculus","pavia","red buckeye","Plantae",127290,501,"Open flowers",2017,4,9,99,2457853,NA,2017,4,9,99,2457853,NA
25452,35.182804,-80.857506,209,"NC",784,"Aesculus","pavia","red buckeye","Plantae",127472,371,"Breaking leaf buds",2017,3,5,64,2457818,NA,2017,3,5,64,2457818,28
25452,35.182804,-80.857506,209,"NC",784,"Aesculus","pavia","red buckeye","Plantae",127472,467,"Increasing leaf size",2017,3,26,85,2457839,21,2017,4,2,92,2457846,NA
25452,35.182804,-80.857506,209,"NC",784,"Aesculus","pavia","red buckeye","Plantae",127472,483,"Leaves",2017,4,2,92,2457846,28,2017,4,2,92,2457846,NA
25452,35.182804,-80.857506,209,"NC",784,"Aesculus","pavia","red buckeye","Plantae",127472,500,"Flowers or flower buds",2017,3,26,85,2457839,21,2017,4,2,92,2457846,NA
25797,30.376991,-97.76033,249,"TX",784,"Aesculus","pavia","red buckeye","Plantae",128146,371,"Breaking leaf buds",2017,3,7,66,2457820,NA,2017,3,7,66,2457820,NA
25797,30.376991,-97.76033,249,"TX",784,"Aesculus","pavia","red buckeye","Plantae",128146,500,"Flowers or flower buds",2017,3,7,66,2457820,NA,2017,3,7,66,2457820,NA
25797,30.376991,-97.76033,249,"TX",784,"Aesculus","pavia","red buckeye","Plantae",128146,501,"Open flowers",2017,3,7,66,2457820,NA,2017,3,7,66,2457820,NA
747,38.949142,-92.350006,210,"MO",784,"Aesculus","pavia","red buckeye","Plantae",128176,371,"Breaking leaf buds",2017,3,17,76,2457830,8,2017,3,17,76,2457830,17
747,38.949142,-92.350006,210,"MO",784,"Aesculus","pavia","red buckeye","Plantae",128176,467,"Increasing leaf size",2017,4,3,93,2457847,17,2017,4,3,93,2457847,NA
747,38.949142,-92.350006,210,"MO",784,"Aesculus","pavia","red buckeye","Plantae",128176,483,"Leaves",2017,4,3,93,2457847,17,2017,4,3,93,2457847,NA
747,38.949142,-92.350006,210,"MO",784,"Aesculus","pavia","red buckeye","Plantae",128176,500,"Flowers or flower buds",2017,4,3,93,2457847,17,2017,4,3,93,2457847,NA
747,38.949142,-92.350006,210,"MO",784,"Aesculus","pavia","red buckeye","Plantae",128177,371,"Breaking leaf buds",2017,4,3,93,2457847,17,2017,4,3,93,2457847,NA
747,38.949142,-92.350006,210,"MO",784,"Aesculus","pavia","red buckeye","Plantae",128177,467,"Increasing leaf size",2017,4,3,93,2457847,17,2017,4,3,93,2457847,NA
747,38.949142,-92.350006,210,"MO",784,"Aesculus","pavia","red buckeye","Plantae",128177,483,"Leaves",2017,4,3,93,2457847,17,2017,4,3,93,2457847,NA
25032,43.745033,-92.307137,369,"MN",147,"Aquilegia","canadensis","red columbine","Plantae",136984,482,"Initial growth (forbs)",2017,5,3,123,2457877,NA,2017,5,3,123,2457877,NA
25032,43.745033,-92.307137,369,"MN",147,"Aquilegia","canadensis","red columbine","Plantae",136984,488,"Leaves (forbs)",2017,5,3,123,2457877,NA,2017,5,3,123,2457877,NA
25032,43.745033,-92.307137,369,"MN",147,"Aquilegia","canadensis","red columbine","Plantae",136984,500,"Flowers or flower buds",2017,5,3,123,2457877,NA,2017,5,3,123,2457877,NA
25032,43.745033,-92.307137,369,"MN",147,"Aquilegia","canadensis","red columbine","Plantae",136984,501,"Open flowers",2017,5,3,123,2457877,NA,2017,5,3,123,2457877,NA
26649,39.647892,-104.88842,1675,"CO",147,"Aquilegia","canadensis","red columbine","Plantae",137024,482,"Initial growth (forbs)",2017,5,5,125,2457879,NA,2017,5,5,125,2457879,NA
26649,39.647892,-104.88842,1675,"CO",147,"Aquilegia","canadensis","red columbine","Plantae",137024,488,"Leaves (forbs)",2017,5,5,125,2457879,NA,2017,5,5,125,2457879,NA
26649,39.647892,-104.88842,1675,"CO",147,"Aquilegia","canadensis","red columbine","Plantae",137024,500,"Flowers or flower buds",2017,5,5,125,2457879,NA,2017,5,5,125,2457879,NA
22851,46.917908,-94.897476,439,"MN",147,"Aquilegia","canadensis","red columbine","Plantae",142078,390,"Ripe fruits",2017,8,7,219,2457973,NA,2017,8,7,219,2457973,NA
22851,46.917908,-94.897476,439,"MN",147,"Aquilegia","canadensis","red columbine","Plantae",142078,488,"Leaves (forbs)",2017,8,7,219,2457973,NA,2017,8,7,219,2457973,NA
22851,46.917908,-94.897476,439,"MN",147,"Aquilegia","canadensis","red columbine","Plantae",142078,501,"Open flowers",2017,8,7,219,2457973,NA,2017,8,7,219,2457973,NA
22851,46.917908,-94.897476,439,"MN",147,"Aquilegia","canadensis","red columbine","Plantae",142078,504,"Recent fruit or seed drop",2017,8,7,219,2457973,NA,2017,8,7,219,2457973,NA
22851,46.917908,-94.897476,439,"MN",147,"Aquilegia","canadensis","red columbine","Plantae",142078,516,"Fruits",2017,8,7,219,2457973,NA,2017,8,7,219,2457973,NA
36439,39.026203,-76.79895,47,"MD",147,"Aquilegia","canadensis","red columbine","Plantae",224421,390,"Ripe fruits",2017,5,14,134,2457888,NA,2017,5,27,147,2457901,NA
36439,39.026203,-76.79895,47,"MD",147,"Aquilegia","canadensis","red columbine","Plantae",224421,500,"Flowers or flower buds",2017,4,14,104,2457858,NA,2017,4,14,104,2457858,NA
36439,39.026203,-76.79895,47,"MD",147,"Aquilegia","canadensis","red columbine","Plantae",224421,501,"Open flowers",2017,4,14,104,2457858,NA,2017,4,14,104,2457858,NA
36439,39.026203,-76.79895,47,"MD",147,"Aquilegia","canadensis","red columbine","Plantae",224421,516,"Fruits",2017,5,14,134,2457888,NA,2017,5,27,147,2457901,NA
2394,45.425339,-93.186249,278,"MN",147,"Aquilegia","canadensis","red columbine","Plantae",3818,390,"Ripe fruits",2018,7,6,187,2458306,15,2018,7,6,187,2458306,11
2394,45.425339,-93.186249,278,"MN",147,"Aquilegia","canadensis","red columbine","Plantae",3818,482,"Initial growth (forbs)",2018,5,16,136,2458255,9,2018,5,16,136,2458255,7
2394,45.425339,-93.186249,278,"MN",147,"Aquilegia","canadensis","red columbine","Plantae",3818,488,"Leaves (forbs)",2018,5,16,136,2458255,9,2018,8,9,221,2458340,7
2394,45.425339,-93.186249,278,"MN",147,"Aquilegia","canadensis","red columbine","Plantae",3818,500,"Flowers or flower buds",2018,5,23,143,2458262,7,2018,6,13,164,2458283,8
2394,45.425339,-93.186249,278,"MN",147,"Aquilegia","canadensis","red columbine","Plantae",3818,501,"Open flowers",2018,5,29,149,2458268,6,2018,6,13,164,2458283,8
2394,45.425339,-93.186249,278,"MN",147,"Aquilegia","canadensis","red columbine","Plantae",3818,504,"Recent fruit or seed drop",2018,7,6,187,2458306,15,2018,7,6,187,2458306,11
2394,45.425339,-93.186249,278,"MN",147,"Aquilegia","canadensis","red columbine","Plantae",3818,516,"Fruits",2018,6,13,164,2458283,8,2018,7,6,187,2458306,11
2099,58.402012,-134.588974,18,"AK",147,"Aquilegia","canadensis","red columbine","Plantae",4262,500,"Flowers or flower buds",2018,6,8,159,2458278,NA,2018,6,8,159,2458278,NA
6242,43.348259,-70.546036,5,"ME",147,"Aquilegia","canadensis","red columbine","Plantae",16523,390,"Ripe fruits",2018,6,26,177,2458296,8,2018,7,20,201,2458320,4
6242,43.348259,-70.546036,5,"ME",147,"Aquilegia","canadensis","red columbine","Plantae",16523,482,"Initial growth (forbs)",2018,4,24,114,2458233,NA,2018,4,24,114,2458233,3
6242,43.348259,-70.546036,5,"ME",147,"Aquilegia","canadensis","red columbine","Plantae",16523,488,"Leaves (forbs)",2018,4,24,114,2458233,NA,2018,7,20,201,2458320,4
6242,43.348259,-70.546036,5,"ME",147,"Aquilegia","canadensis","red columbine","Plantae",16523,488,"Leaves (forbs)",2018,10,16,289,2458408,63,2018,10,16,289,2458408,NA
6242,43.348259,-70.546036,5,"ME",147,"Aquilegia","canadensis","red columbine","Plantae",16523,500,"Flowers or flower buds",2018,5,30,150,2458269,8,2018,6,7,158,2458277,11
6242,43.348259,-70.546036,5,"ME",147,"Aquilegia","canadensis","red columbine","Plantae",16523,501,"Open flowers",2018,6,7,158,2458277,8,2018,6,7,158,2458277,11
6242,43.348259,-70.546036,5,"ME",147,"Aquilegia","canadensis","red columbine","Plantae",16523,504,"Recent fruit or seed drop",2018,6,26,177,2458296,8,2018,6,26,177,2458296,3
6242,43.348259,-70.546036,5,"ME",147,"Aquilegia","canadensis","red columbine","Plantae",16523,504,"Recent fruit or seed drop",2018,7,3,184,2458303,4,2018,7,5,186,2458305,11
6242,43.348259,-70.546036,5,"ME",147,"Aquilegia","canadensis","red columbine","Plantae",16523,504,"Recent fruit or seed drop",2018,7,20,201,2458320,4,2018,7,20,201,2458320,4
6242,43.348259,-70.546036,5,"ME",147,"Aquilegia","canadensis","red columbine","Plantae",16523,516,"Fruits",2018,6,18,169,2458288,11,2018,7,20,201,2458320,4
6242,43.348259,-70.546036,5,"ME",147,"Aquilegia","canadensis","red columbine","Plantae",28506,488,"Leaves (forbs)",2018,4,27,117,2458236,NA,2018,10,16,289,2458408,NA
10585,41.433689,-81.693153,219,"OH",147,"Aquilegia","canadensis","red columbine","Plantae",45124,390,"Ripe fruits",2018,6,21,172,2458291,7,2018,7,5,186,2458305,7
10585,41.433689,-81.693153,219,"OH",147,"Aquilegia","canadensis","red columbine","Plantae",45124,482,"Initial growth (forbs)",2018,3,29,88,2458207,NA,2018,3,29,88,2458207,7
10585,41.433689,-81.693153,219,"OH",147,"Aquilegia","canadensis","red columbine","Plantae",45124,482,"Initial growth (forbs)",2018,4,12,102,2458221,7,2018,5,3,123,2458242,NA
10585,41.433689,-81.693153,219,"OH",147,"Aquilegia","canadensis","red columbine","Plantae",45124,488,"Leaves (forbs)",2018,4,18,108,2458227,6,2018,5,10,130,2458249,NA
10585,41.433689,-81.693153,219,"OH",147,"Aquilegia","canadensis","red columbine","Plantae",45124,500,"Flowers or flower buds",2018,5,10,130,2458249,7,2018,5,17,137,2458256,NA
10585,41.433689,-81.693153,219,"OH",147,"Aquilegia","canadensis","red columbine","Plantae",45124,501,"Open flowers",2018,5,24,144,2458263,7,2018,5,31,151,2458270,7
10585,41.433689,-81.693153,219,"OH",147,"Aquilegia","canadensis","red columbine","Plantae",45124,504,"Recent fruit or seed drop",2018,6,21,172,2458291,NA,2018,7,5,186,2458305,7
10585,41.433689,-81.693153,219,"OH",147,"Aquilegia","canadensis","red columbine","Plantae",45124,516,"Fruits",2018,5,31,151,2458270,7,2018,7,5,186,2458305,7
17574,40.863052,-73.881592,30,"NY",784,"Aesculus","pavia","red buckeye","Plantae",67637,371,"Breaking leaf buds",2018,4,8,98,2458217,14,2018,4,26,116,2458235,164
17574,40.863052,-73.881592,30,"NY",784,"Aesculus","pavia","red buckeye","Plantae",67637,390,"Ripe fruits",2018,10,7,280,2458399,138,2018,10,7,280,2458399,14
17574,40.863052,-73.881592,30,"NY",784,"Aesculus","pavia","red buckeye","Plantae",67637,467,"Increasing leaf size",2018,4,26,116,2458235,6,2018,5,22,142,2458261,138
17574,40.863052,-73.881592,30,"NY",784,"Aesculus","pavia","red buckeye","Plantae",67637,471,"Falling leaves",2018,10,7,280,2458399,138,2018,10,21,294,2458413,14
17574,40.863052,-73.881592,30,"NY",784,"Aesculus","pavia","red buckeye","Plantae",67637,483,"Leaves",2018,4,20,110,2458229,10,2018,10,21,294,2458413,14
17574,40.863052,-73.881592,30,"NY",784,"Aesculus","pavia","red buckeye","Plantae",67637,500,"Flowers or flower buds",2018,3,18,77,2458196,1,2018,3,18,77,2458196,4
17574,40.863052,-73.881592,30,"NY",784,"Aesculus","pavia","red buckeye","Plantae",67637,500,"Flowers or flower buds",2018,4,20,110,2458229,10,2018,5,22,142,2458261,138
17574,40.863052,-73.881592,30,"NY",784,"Aesculus","pavia","red buckeye","Plantae",67637,501,"Open flowers",2018,5,12,132,2458251,16,2018,5,22,142,2458261,138
17574,40.863052,-73.881592,30,"NY",784,"Aesculus","pavia","red buckeye","Plantae",67637,504,"Recent fruit or seed drop",2018,10,14,287,2458406,7,2018,10,21,294,2458413,14
17574,40.863052,-73.881592,30,"NY",784,"Aesculus","pavia","red buckeye","Plantae",67637,516,"Fruits",2018,5,22,142,2458261,10,2018,10,14,287,2458406,7
22681,39.167427,-84.548431,190,"OH",784,"Aesculus","pavia","red buckeye","Plantae",101843,371,"Breaking leaf buds",2018,4,9,99,2458218,NA,2018,4,9,99,2458218,8
22681,39.167427,-84.548431,190,"OH",784,"Aesculus","pavia","red buckeye","Plantae",101843,390,"Ripe fruits",2018,9,7,250,2458369,7,2018,10,5,278,2458397,4
22681,39.167427,-84.548431,190,"OH",784,"Aesculus","pavia","red buckeye","Plantae",101843,467,"Increasing leaf size",2018,4,17,107,2458226,8,2018,4,27,117,2458236,5
22681,39.167427,-84.548431,190,"OH",784,"Aesculus","pavia","red buckeye","Plantae",101843,471,"Falling leaves",2018,7,5,186,2458305,23,2018,10,9,282,2458401,16
22681,39.167427,-84.548431,190,"OH",784,"Aesculus","pavia","red buckeye","Plantae",101843,483,"Leaves",2018,4,17,107,2458226,8,2018,5,15,135,2458254,15
22681,39.167427,-84.548431,190,"OH",784,"Aesculus","pavia","red buckeye","Plantae",101843,483,"Leaves",2018,8,21,233,2458352,47,2018,8,31,243,2458362,7
22681,39.167427,-84.548431,190,"OH",784,"Aesculus","pavia","red buckeye","Plantae",101843,498,"Colored leaves",2018,8,21,233,2458352,47,2018,9,14,257,2458376,6
22681,39.167427,-84.548431,190,"OH",784,"Aesculus","pavia","red buckeye","Plantae",101843,500,"Flowers or flower buds",2018,4,17,107,2458226,8,2018,5,10,130,2458249,5
22681,39.167427,-84.548431,190,"OH",784,"Aesculus","pavia","red buckeye","Plantae",101843,501,"Open flowers",2018,5,2,122,2458241,5,2018,5,10,130,2458249,5
22681,39.167427,-84.548431,190,"OH",784,"Aesculus","pavia","red buckeye","Plantae",101843,504,"Recent fruit or seed drop",2018,9,20,263,2458382,6,2018,10,5,278,2458397,4
22681,39.167427,-84.548431,190,"OH",784,"Aesculus","pavia","red buckeye","Plantae",101843,516,"Fruits",2018,5,15,135,2458254,5,2018,10,5,278,2458397,4
24164,40.665085,-73.963432,17,"NY",784,"Aesculus","pavia","red buckeye","Plantae",114555,390,"Ripe fruits",2018,7,12,193,2458312,47,2018,7,12,193,2458312,6
24164,40.665085,-73.963432,17,"NY",784,"Aesculus","pavia","red buckeye","Plantae",114555,390,"Ripe fruits",2018,9,20,263,2458382,9,2018,10,23,296,2458415,9
24164,40.665085,-73.963432,17,"NY",784,"Aesculus","pavia","red buckeye","Plantae",114555,471,"Falling leaves",2018,9,20,263,2458382,9,2018,10,23,296,2458415,9
24164,40.665085,-73.963432,17,"NY",784,"Aesculus","pavia","red buckeye","Plantae",114555,483,"Leaves",2018,5,26,146,2458265,63,2018,10,23,296,2458415,9
24164,40.665085,-73.963432,17,"NY",784,"Aesculus","pavia","red buckeye","Plantae",114555,498,"Colored leaves",2018,9,20,263,2458382,9,2018,9,20,263,2458382,14
24164,40.665085,-73.963432,17,"NY",784,"Aesculus","pavia","red buckeye","Plantae",114555,498,"Colored leaves",2018,10,23,296,2458415,6,2018,10,23,296,2458415,9
24164,40.665085,-73.963432,17,"NY",784,"Aesculus","pavia","red buckeye","Plantae",114555,500,"Flowers or flower buds",2018,5,26,146,2458265,63,2018,5,26,146,2458265,47
24164,40.665085,-73.963432,17,"NY",784,"Aesculus","pavia","red buckeye","Plantae",114555,504,"Recent fruit or seed drop",2018,10,4,277,2458396,14,2018,10,23,296,2458415,9
24164,40.665085,-73.963432,17,"NY",784,"Aesculus","pavia","red buckeye","Plantae",114555,516,"Fruits",2018,7,12,193,2458312,110,2018,10,17,290,2458409,6
23676,46.996738,-94.696556,426,"MN",147,"Aquilegia","canadensis","red columbine","Plantae",115715,390,"Ripe fruits",2018,7,20,201,2458320,NA,2018,8,4,216,2458335,NA
23676,46.996738,-94.696556,426,"MN",147,"Aquilegia","canadensis","red columbine","Plantae",115715,482,"Initial growth (forbs)",2018,5,13,133,2458252,NA,2018,5,27,147,2458266,NA
23676,46.996738,-94.696556,426,"MN",147,"Aquilegia","canadensis","red columbine","Plantae",115715,488,"Leaves (forbs)",2018,5,13,133,2458252,NA,2018,8,4,216,2458335,21
23676,46.996738,-94.696556,426,"MN",147,"Aquilegia","canadensis","red columbine","Plantae",115715,500,"Flowers or flower buds",2018,5,27,147,2458266,4,2018,7,20,201,2458320,4
23676,46.996738,-94.696556,426,"MN",147,"Aquilegia","canadensis","red columbine","Plantae",115715,501,"Open flowers",2018,5,27,147,2458266,7,2018,7,20,201,2458320,NA
23676,46.996738,-94.696556,426,"MN",147,"Aquilegia","canadensis","red columbine","Plantae",115715,504,"Recent fruit or seed drop",2018,7,20,201,2458320,NA,2018,8,4,216,2458335,NA
23676,46.996738,-94.696556,426,"MN",147,"Aquilegia","canadensis","red columbine","Plantae",115715,516,"Fruits",2018,7,8,189,2458308,17,2018,8,4,216,2458335,NA
25442,38.856335,-77.234962,105,"VA",147,"Aquilegia","canadensis","red columbine","Plantae",122883,390,"Ripe fruits",2018,6,26,177,2458296,NA,2018,6,26,177,2458296,NA
25442,38.856335,-77.234962,105,"VA",147,"Aquilegia","canadensis","red columbine","Plantae",122883,488,"Leaves (forbs)",2018,6,26,177,2458296,NA,2018,6,26,177,2458296,NA
25442,38.856335,-77.234962,105,"VA",147,"Aquilegia","canadensis","red columbine","Plantae",122883,504,"Recent fruit or seed drop",2018,6,26,177,2458296,NA,2018,6,26,177,2458296,NA
19187,35.84726,-83.453552,328,"TN",147,"Aquilegia","canadensis","red columbine","Plantae",123334,482,"Initial growth (forbs)",2018,2,15,46,2458165,NA,2018,2,15,46,2458165,41
19187,35.84726,-83.453552,328,"TN",147,"Aquilegia","canadensis","red columbine","Plantae",123334,488,"Leaves (forbs)",2018,2,15,46,2458165,NA,2018,5,8,128,2458247,NA
19187,35.84726,-83.453552,328,"TN",147,"Aquilegia","canadensis","red columbine","Plantae",123334,500,"Flowers or flower buds",2018,3,28,87,2458206,41,2018,4,12,102,2458221,26
19187,35.84726,-83.453552,328,"TN",147,"Aquilegia","canadensis","red columbine","Plantae",123334,501,"Open flowers",2018,4,12,102,2458221,15,2018,4,12,102,2458221,26
19187,35.84726,-83.453552,328,"TN",147,"Aquilegia","canadensis","red columbine","Plantae",123334,516,"Fruits",2018,5,8,128,2458247,26,2018,5,8,128,2458247,NA
6242,43.348259,-70.546036,5,"ME",147,"Aquilegia","canadensis","red columbine","Plantae",126285,390,"Ripe fruits",2018,7,5,186,2458305,2,2018,7,5,186,2458305,11
6242,43.348259,-70.546036,5,"ME",147,"Aquilegia","canadensis","red columbine","Plantae",126285,488,"Leaves (forbs)",2018,4,27,117,2458236,NA,2018,10,16,289,2458408,NA
6242,43.348259,-70.546036,5,"ME",147,"Aquilegia","canadensis","red columbine","Plantae",126285,500,"Flowers or flower buds",2018,5,22,142,2458261,5,2018,6,7,158,2458277,11
6242,43.348259,-70.546036,5,"ME",147,"Aquilegia","canadensis","red columbine","Plantae",126285,501,"Open flowers",2018,5,30,150,2458269,8,2018,6,7,158,2458277,11
6242,43.348259,-70.546036,5,"ME",147,"Aquilegia","canadensis","red columbine","Plantae",126285,516,"Fruits",2018,6,7,158,2458277,8,2018,7,5,186,2458305,11
26649,39.647892,-104.88842,1675,"CO",147,"Aquilegia","canadensis","red columbine","Plantae",137024,482,"Initial growth (forbs)",2018,5,11,131,2458250,NA,2018,5,11,131,2458250,NA
26649,39.647892,-104.88842,1675,"CO",147,"Aquilegia","canadensis","red columbine","Plantae",137024,488,"Leaves (forbs)",2018,5,11,131,2458250,NA,2018,5,11,131,2458250,NA
28357,30.414719,-88.541824,3,"MS",784,"Aesculus","pavia","red buckeye","Plantae",147491,371,"Breaking leaf buds",2018,2,16,47,2458166,24,2018,2,16,47,2458166,18
28357,30.414719,-88.541824,3,"MS",784,"Aesculus","pavia","red buckeye","Plantae",147491,371,"Breaking leaf buds",2018,3,20,79,2458198,14,2018,3,20,79,2458198,14
28357,30.414719,-88.541824,3,"MS",784,"Aesculus","pavia","red buckeye","Plantae",147491,390,"Ripe fruits",2018,9,20,263,2458382,8,2018,9,20,263,2458382,30
28357,30.414719,-88.541824,3,"MS",784,"Aesculus","pavia","red buckeye","Plantae",147491,467,"Increasing leaf size",2018,3,6,65,2458184,18,2018,3,20,79,2458198,14
28357,30.414719,-88.541824,3,"MS",784,"Aesculus","pavia","red buckeye","Plantae",147491,467,"Increasing leaf size",2018,5,8,128,2458247,14,2018,5,8,128,2458247,65
28357,30.414719,-88.541824,3,"MS",784,"Aesculus","pavia","red buckeye","Plantae",147491,471,"Falling leaves",2018,8,29,241,2458360,48,2018,9,20,263,2458382,30
28357,30.414719,-88.541824,3,"MS",784,"Aesculus","pavia","red buckeye","Plantae",147491,471,"Falling leaves",2018,12,7,341,2458460,16,2018,12,7,341,2458460,14
28357,30.414719,-88.541824,3,"MS",784,"Aesculus","pavia","red buckeye","Plantae",147491,483,"Leaves",2018,3,6,65,2458184,18,2018,9,20,263,2458382,30
28357,30.414719,-88.541824,3,"MS",784,"Aesculus","pavia","red buckeye","Plantae",147491,483,"Leaves",2018,12,7,341,2458460,16,2018,12,7,341,2458460,14
28357,30.414719,-88.541824,3,"MS",784,"Aesculus","pavia","red buckeye","Plantae",147491,498,"Colored leaves",2018,8,29,241,2458360,48,2018,9,20,263,2458382,30
28357,30.414719,-88.541824,3,"MS",784,"Aesculus","pavia","red buckeye","Plantae",147491,498,"Colored leaves",2018,12,7,341,2458460,16,2018,12,7,341,2458460,14
28357,30.414719,-88.541824,3,"MS",784,"Aesculus","pavia","red buckeye","Plantae",147491,500,"Flowers or flower buds",2018,7,12,193,2458312,65,2018,8,29,241,2458360,7
28357,30.414719,-88.541824,3,"MS",784,"Aesculus","pavia","red buckeye","Plantae",147491,516,"Fruits",2018,7,12,193,2458312,65,2018,9,20,263,2458382,30
28357,30.414719,-88.541824,3,"MS",784,"Aesculus","pavia","red buckeye","Plantae",147493,371,"Breaking leaf buds",2018,1,23,23,2458142,NA,2018,2,16,47,2458166,32
28357,30.414719,-88.541824,3,"MS",784,"Aesculus","pavia","red buckeye","Plantae",147493,467,"Increasing leaf size",2018,2,16,47,2458166,24,2018,3,20,79,2458198,14
28357,30.414719,-88.541824,3,"MS",784,"Aesculus","pavia","red buckeye","Plantae",147493,471,"Falling leaves",2018,9,20,263,2458382,8,2018,11,21,325,2458444,16
28357,30.414719,-88.541824,3,"MS",784,"Aesculus","pavia","red buckeye","Plantae",147493,471,"Falling leaves",2018,12,21,355,2458474,14,2018,12,21,355,2458474,NA
28357,30.414719,-88.541824,3,"MS",784,"Aesculus","pavia","red buckeye","Plantae",147493,483,"Leaves",2018,2,16,47,2458166,24,2018,11,21,325,2458444,16
28357,30.414719,-88.541824,3,"MS",784,"Aesculus","pavia","red buckeye","Plantae",147493,498,"Colored leaves",2018,2,16,47,2458166,24,2018,2,16,47,2458166,32
28357,30.414719,-88.541824,3,"MS",784,"Aesculus","pavia","red buckeye","Plantae",147493,498,"Colored leaves",2018,8,29,241,2458360,48,2018,11,21,325,2458444,16
28357,30.414719,-88.541824,3,"MS",784,"Aesculus","pavia","red buckeye","Plantae",147493,500,"Flowers or flower buds",2018,2,16,47,2458166,24,2018,3,20,79,2458198,14
28357,30.414719,-88.541824,3,"MS",784,"Aesculus","pavia","red buckeye","Plantae",147493,500,"Flowers or flower buds",2018,7,12,193,2458312,51,2018,8,29,241,2458360,7
28357,30.414719,-88.541824,3,"MS",784,"Aesculus","pavia","red buckeye","Plantae",147493,501,"Open flowers",2018,3,6,65,2458184,18,2018,3,20,79,2458198,14
28357,30.414719,-88.541824,3,"MS",784,"Aesculus","pavia","red buckeye","Plantae",147493,504,"Recent fruit or seed drop",2018,4,3,93,2458212,14,2018,4,3,93,2458212,21
28357,30.414719,-88.541824,3,"MS",784,"Aesculus","pavia","red buckeye","Plantae",147493,516,"Fruits",2018,3,20,79,2458198,14,2018,4,3,93,2458212,21
28357,30.414719,-88.541824,3,"MS",784,"Aesculus","pavia","red buckeye","Plantae",147494,371,"Breaking leaf buds",2018,1,23,23,2458142,NA,2018,1,23,23,2458142,24
28357,30.414719,-88.541824,3,"MS",784,"Aesculus","pavia","red buckeye","Plantae",147494,371,"Breaking leaf buds",2018,3,20,79,2458198,32,2018,3,20,79,2458198,14
28357,30.414719,-88.541824,3,"MS",784,"Aesculus","pavia","red buckeye","Plantae",147494,467,"Increasing leaf size",2018,2,16,47,2458166,24,2018,3,20,79,2458198,14
28357,30.414719,-88.541824,3,"MS",784,"Aesculus","pavia","red buckeye","Plantae",147494,471,"Falling leaves",2018,9,5,248,2458367,7,2018,9,20,263,2458382,30
28357,30.414719,-88.541824,3,"MS",784,"Aesculus","pavia","red buckeye","Plantae",147494,483,"Leaves",2018,2,16,47,2458166,24,2018,9,20,263,2458382,30
28357,30.414719,-88.541824,3,"MS",784,"Aesculus","pavia","red buckeye","Plantae",147494,498,"Colored leaves",2018,2,16,47,2458166,24,2018,2,16,47,2458166,32
28357,30.414719,-88.541824,3,"MS",784,"Aesculus","pavia","red buckeye","Plantae",147494,498,"Colored leaves",2018,9,5,248,2458367,55,2018,9,20,263,2458382,30
28357,30.414719,-88.541824,3,"MS",784,"Aesculus","pavia","red buckeye","Plantae",147494,500,"Flowers or flower buds",2018,2,16,47,2458166,24,2018,3,6,65,2458184,14
28357,30.414719,-88.541824,3,"MS",784,"Aesculus","pavia","red buckeye","Plantae",147494,500,"Flowers or flower buds",2018,7,12,193,2458312,51,2018,8,29,241,2458360,7
28357,30.414719,-88.541824,3,"MS",784,"Aesculus","pavia","red buckeye","Plantae",147494,501,"Open flowers",2018,3,6,65,2458184,18,2018,3,6,65,2458184,14
28357,30.414719,-88.541824,3,"MS",784,"Aesculus","pavia","red buckeye","Plantae",147494,504,"Recent fruit or seed drop",2018,4,3,93,2458212,14,2018,4,3,93,2458212,21
28357,30.414719,-88.541824,3,"MS",784,"Aesculus","pavia","red buckeye","Plantae",147494,516,"Fruits",2018,3,20,79,2458198,14,2018,7,12,193,2458312,48
28664,38.699406,-90.304901,166,"MO",784,"Aesculus","pavia","red buckeye","Plantae",149923,371,"Breaking leaf buds",2018,4,12,102,2458221,35,2018,4,12,102,2458221,14
28664,38.699406,-90.304901,166,"MO",784,"Aesculus","pavia","red buckeye","Plantae",149923,467,"Increasing leaf size",2018,4,26,116,2458235,14,2018,4,26,116,2458235,5
28664,38.699406,-90.304901,166,"MO",784,"Aesculus","pavia","red buckeye","Plantae",149923,483,"Leaves",2018,4,12,102,2458221,35,2018,5,1,121,2458240,NA
28664,38.699406,-90.304901,166,"MO",784,"Aesculus","pavia","red buckeye","Plantae",149923,500,"Flowers or flower buds",2018,4,26,116,2458235,14,2018,5,1,121,2458240,NA
29404,40.686626,-73.934082,22,"NY",147,"Aquilegia","canadensis","red columbine","Plantae",155319,482,"Initial growth (forbs)",2018,3,1,60,2458179,NA,2018,3,1,60,2458179,NA
29404,40.686626,-73.934082,22,"NY",147,"Aquilegia","canadensis","red columbine","Plantae",155319,488,"Leaves (forbs)",2018,3,1,60,2458179,NA,2018,3,1,60,2458179,NA
29857,41.810211,-71.44944,26,"RI",147,"Aquilegia","canadensis","red columbine","Plantae",160736,482,"Initial growth (forbs)",2018,4,11,101,2458220,15,2018,4,27,117,2458236,NA
29857,41.810211,-71.44944,26,"RI",147,"Aquilegia","canadensis","red columbine","Plantae",160736,488,"Leaves (forbs)",2018,4,27,117,2458236,16,2018,4,27,117,2458236,NA
30092,41.81736,-71.464653,39,"RI",147,"Aquilegia","canadensis","red columbine","Plantae",160750,482,"Initial growth (forbs)",2018,4,11,101,2458220,15,2018,4,27,117,2458236,NA
30092,41.81736,-71.464653,39,"RI",147,"Aquilegia","canadensis","red columbine","Plantae",160750,488,"Leaves (forbs)",2018,4,11,101,2458220,15,2018,4,27,117,2458236,NA
28943,38.789921,-90.313004,170,"MO",147,"Aquilegia","canadensis","red columbine","Plantae",163674,482,"Initial growth (forbs)",2018,4,29,119,2458238,NA,2018,5,1,121,2458240,NA
28943,38.789921,-90.313004,170,"MO",147,"Aquilegia","canadensis","red columbine","Plantae",163674,488,"Leaves (forbs)",2018,4,29,119,2458238,NA,2018,5,1,121,2458240,NA
28943,38.789921,-90.313004,170,"MO",147,"Aquilegia","canadensis","red columbine","Plantae",163674,500,"Flowers or flower buds",2018,4,29,119,2458238,NA,2018,5,1,121,2458240,NA
28943,38.789921,-90.313004,170,"MO",147,"Aquilegia","canadensis","red columbine","Plantae",163674,501,"Open flowers",2018,5,1,121,2458240,2,2018,5,1,121,2458240,NA
30550,40.298672,-83.067963,279,"OH",147,"Aquilegia","canadensis","red columbine","Plantae",165040,390,"Ripe fruits",2018,6,20,171,2458290,23,2018,7,16,197,2458316,8
30550,40.298672,-83.067963,279,"OH",147,"Aquilegia","canadensis","red columbine","Plantae",165040,482,"Initial growth (forbs)",2018,7,24,205,2458324,8,2018,7,24,205,2458324,NA
30550,40.298672,-83.067963,279,"OH",147,"Aquilegia","canadensis","red columbine","Plantae",165040,488,"Leaves (forbs)",2018,5,8,128,2458247,NA,2018,7,16,197,2458316,8
30550,40.298672,-83.067963,279,"OH",147,"Aquilegia","canadensis","red columbine","Plantae",165040,500,"Flowers or flower buds",2018,5,8,128,2458247,NA,2018,5,28,148,2458267,23
30550,40.298672,-83.067963,279,"OH",147,"Aquilegia","canadensis","red columbine","Plantae",165040,501,"Open flowers",2018,5,13,133,2458252,5,2018,5,28,148,2458267,23
30550,40.298672,-83.067963,279,"OH",147,"Aquilegia","canadensis","red columbine","Plantae",165040,504,"Recent fruit or seed drop",2018,6,20,171,2458290,23,2018,7,16,197,2458316,8
30550,40.298672,-83.067963,279,"OH",147,"Aquilegia","canadensis","red columbine","Plantae",165040,516,"Fruits",2018,5,28,148,2458267,15,2018,7,16,197,2458316,8
36439,39.026203,-76.79895,47,"MD",147,"Aquilegia","canadensis","red columbine","Plantae",224421,390,"Ripe fruits",2018,6,11,162,2458281,NA,2018,6,18,169,2458288,NA
36439,39.026203,-76.79895,47,"MD",147,"Aquilegia","canadensis","red columbine","Plantae",224421,500,"Flowers or flower buds",2018,5,5,125,2458244,NA,2018,5,13,133,2458252,NA
36439,39.026203,-76.79895,47,"MD",147,"Aquilegia","canadensis","red columbine","Plantae",224421,501,"Open flowers",2018,5,5,125,2458244,NA,2018,5,13,133,2458252,NA
36439,39.026203,-76.79895,47,"MD",147,"Aquilegia","canadensis","red columbine","Plantae",224421,516,"Fruits",2018,6,11,162,2458281,NA,2018,6,18,169,2458288,NA
1559,39.289673,-123.373718,542,"CA",147,"Aquilegia","canadensis","red columbine","Plantae",2798,482,"Initial growth (forbs)",2019,5,1,121,2458605,NA,2019,5,1,121,2458605,NA
1559,39.289673,-123.373718,542,"CA",147,"Aquilegia","canadensis","red columbine","Plantae",2798,488,"Leaves (forbs)",2019,5,1,121,2458605,NA,2019,5,1,121,2458605,NA
1559,39.289673,-123.373718,542,"CA",147,"Aquilegia","canadensis","red columbine","Plantae",2798,500,"Flowers or flower buds",2019,5,1,121,2458605,NA,2019,5,1,121,2458605,NA
1559,39.289673,-123.373718,542,"CA",147,"Aquilegia","canadensis","red columbine","Plantae",2798,501,"Open flowers",2019,5,1,121,2458605,NA,2019,5,1,121,2458605,NA
2394,45.425339,-93.186249,278,"MN",147,"Aquilegia","canadensis","red columbine","Plantae",3817,390,"Ripe fruits",2019,7,13,194,2458678,21,2019,7,13,194,2458678,NA
2394,45.425339,-93.186249,278,"MN",147,"Aquilegia","canadensis","red columbine","Plantae",3817,488,"Leaves (forbs)",2019,6,7,158,2458642,NA,2019,7,13,194,2458678,NA
2394,45.425339,-93.186249,278,"MN",147,"Aquilegia","canadensis","red columbine","Plantae",3817,500,"Flowers or flower buds",2019,6,7,158,2458642,NA,2019,7,13,194,2458678,NA
2394,45.425339,-93.186249,278,"MN",147,"Aquilegia","canadensis","red columbine","Plantae",3817,501,"Open flowers",2019,6,7,158,2458642,NA,2019,7,13,194,2458678,NA
2394,45.425339,-93.186249,278,"MN",147,"Aquilegia","canadensis","red columbine","Plantae",3817,516,"Fruits",2019,6,22,173,2458657,9,2019,7,13,194,2458678,NA
2394,45.425339,-93.186249,278,"MN",147,"Aquilegia","canadensis","red columbine","Plantae",3818,390,"Ripe fruits",2019,7,13,194,2458678,7,2019,7,13,194,2458678,7
2394,45.425339,-93.186249,278,"MN",147,"Aquilegia","canadensis","red columbine","Plantae",3818,488,"Leaves (forbs)",2019,6,7,158,2458642,NA,2019,10,9,282,2458766,8
2394,45.425339,-93.186249,278,"MN",147,"Aquilegia","canadensis","red columbine","Plantae",3818,500,"Flowers or flower buds",2019,6,7,158,2458642,NA,2019,6,22,173,2458657,14
2394,45.425339,-93.186249,278,"MN",147,"Aquilegia","canadensis","red columbine","Plantae",3818,500,"Flowers or flower buds",2019,7,13,194,2458678,7,2019,7,13,194,2458678,7
2394,45.425339,-93.186249,278,"MN",147,"Aquilegia","canadensis","red columbine","Plantae",3818,501,"Open flowers",2019,6,7,158,2458642,NA,2019,6,22,173,2458657,14
2394,45.425339,-93.186249,278,"MN",147,"Aquilegia","canadensis","red columbine","Plantae",3818,501,"Open flowers",2019,7,13,194,2458678,7,2019,7,13,194,2458678,7
2394,45.425339,-93.186249,278,"MN",147,"Aquilegia","canadensis","red columbine","Plantae",3818,516,"Fruits",2019,6,22,173,2458657,9,2019,6,22,173,2458657,14
2394,45.425339,-93.186249,278,"MN",147,"Aquilegia","canadensis","red columbine","Plantae",3818,516,"Fruits",2019,7,13,194,2458678,7,2019,7,13,194,2458678,7
2394,45.425339,-93.186249,278,"MN",147,"Aquilegia","canadensis","red columbine","Plantae",3900,390,"Ripe fruits",2019,7,13,194,2458678,7,2019,7,13,194,2458678,7
2394,45.425339,-93.186249,278,"MN",147,"Aquilegia","canadensis","red columbine","Plantae",3900,488,"Leaves (forbs)",2019,6,7,158,2458642,NA,2019,10,9,282,2458766,8
2394,45.425339,-93.186249,278,"MN",147,"Aquilegia","canadensis","red columbine","Plantae",3900,500,"Flowers or flower buds",2019,6,7,158,2458642,NA,2019,6,22,173,2458657,14
2394,45.425339,-93.186249,278,"MN",147,"Aquilegia","canadensis","red columbine","Plantae",3900,500,"Flowers or flower buds",2019,7,13,194,2458678,7,2019,7,13,194,2458678,7
2394,45.425339,-93.186249,278,"MN",147,"Aquilegia","canadensis","red columbine","Plantae",3900,501,"Open flowers",2019,6,7,158,2458642,NA,2019,6,22,173,2458657,14
2394,45.425339,-93.186249,278,"MN",147,"Aquilegia","canadensis","red columbine","Plantae",3900,501,"Open flowers",2019,7,13,194,2458678,7,2019,7,13,194,2458678,7
2394,45.425339,-93.186249,278,"MN",147,"Aquilegia","canadensis","red columbine","Plantae",3900,516,"Fruits",2019,6,22,173,2458657,9,2019,6,22,173,2458657,14
2394,45.425339,-93.186249,278,"MN",147,"Aquilegia","canadensis","red columbine","Plantae",3900,516,"Fruits",2019,7,13,194,2458678,7,2019,7,13,194,2458678,7
6242,43.348259,-70.546036,5,"ME",147,"Aquilegia","canadensis","red columbine","Plantae",16523,390,"Ripe fruits",2019,7,17,198,2458682,8,2019,8,10,222,2458706,6
6242,43.348259,-70.546036,5,"ME",147,"Aquilegia","canadensis","red columbine","Plantae",16523,482,"Initial growth (forbs)",2019,4,25,115,2458599,NA,2019,5,28,148,2458632,6
6242,43.348259,-70.546036,5,"ME",147,"Aquilegia","canadensis","red columbine","Plantae",16523,488,"Leaves (forbs)",2019,4,25,115,2458599,NA,2019,8,16,228,2458712,7
6242,43.348259,-70.546036,5,"ME",147,"Aquilegia","canadensis","red columbine","Plantae",16523,488,"Leaves (forbs)",2019,9,4,247,2458731,12,2019,10,18,291,2458775,14
6242,43.348259,-70.546036,5,"ME",147,"Aquilegia","canadensis","red columbine","Plantae",16523,500,"Flowers or flower buds",2019,5,28,148,2458632,8,2019,7,1,182,2458666,8
6242,43.348259,-70.546036,5,"ME",147,"Aquilegia","canadensis","red columbine","Plantae",16523,501,"Open flowers",2019,6,11,162,2458646,8,2019,7,1,182,2458666,8
6242,43.348259,-70.546036,5,"ME",147,"Aquilegia","canadensis","red columbine","Plantae",16523,504,"Recent fruit or seed drop",2019,8,10,222,2458706,11,2019,8,16,228,2458712,7
6242,43.348259,-70.546036,5,"ME",147,"Aquilegia","canadensis","red columbine","Plantae",16523,516,"Fruits",2019,6,18,169,2458653,7,2019,8,10,222,2458706,6
6242,43.348259,-70.546036,5,"ME",147,"Aquilegia","canadensis","red columbine","Plantae",28506,390,"Ripe fruits",2019,7,17,198,2458682,8,2019,8,10,222,2458706,6
6242,43.348259,-70.546036,5,"ME",147,"Aquilegia","canadensis","red columbine","Plantae",28506,482,"Initial growth (forbs)",2019,5,28,148,2458632,8,2019,5,28,148,2458632,6
6242,43.348259,-70.546036,5,"ME",147,"Aquilegia","canadensis","red columbine","Plantae",28506,488,"Leaves (forbs)",2019,5,28,148,2458632,8,2019,5,28,148,2458632,6
6242,43.348259,-70.546036,5,"ME",147,"Aquilegia","canadensis","red columbine","Plantae",28506,488,"Leaves (forbs)",2019,6,11,162,2458646,8,2019,10,18,291,2458775,14
6242,43.348259,-70.546036,5,"ME",147,"Aquilegia","canadensis","red columbine","Plantae",28506,500,"Flowers or flower buds",2019,6,11,162,2458646,8,2019,7,1,182,2458666,8
6242,43.348259,-70.546036,5,"ME",147,"Aquilegia","canadensis","red columbine","Plantae",28506,501,"Open flowers",2019,6,11,162,2458646,8,2019,7,1,182,2458666,8
6242,43.348259,-70.546036,5,"ME",147,"Aquilegia","canadensis","red columbine","Plantae",28506,504,"Recent fruit or seed drop",2019,8,16,228,2458712,6,2019,8,16,228,2458712,7
6242,43.348259,-70.546036,5,"ME",147,"Aquilegia","canadensis","red columbine","Plantae",28506,504,"Recent fruit or seed drop",2019,9,20,263,2458747,16,2019,9,20,263,2458747,7
6242,43.348259,-70.546036,5,"ME",147,"Aquilegia","canadensis","red columbine","Plantae",28506,516,"Fruits",2019,6,18,169,2458653,7,2019,8,10,222,2458706,6
10585,41.433689,-81.693153,219,"OH",147,"Aquilegia","canadensis","red columbine","Plantae",45124,390,"Ripe fruits",2019,7,5,186,2458670,8,2019,7,11,192,2458676,5
10585,41.433689,-81.693153,219,"OH",147,"Aquilegia","canadensis","red columbine","Plantae",45124,482,"Initial growth (forbs)",2019,3,21,80,2458564,NA,2019,3,21,80,2458564,7
10585,41.433689,-81.693153,219,"OH",147,"Aquilegia","canadensis","red columbine","Plantae",45124,482,"Initial growth (forbs)",2019,4,4,94,2458578,7,2019,4,18,108,2458592,NA
10585,41.433689,-81.693153,219,"OH",147,"Aquilegia","canadensis","red columbine","Plantae",45124,488,"Leaves (forbs)",2019,4,11,101,2458585,7,2019,5,2,122,2458606,NA
10585,41.433689,-81.693153,219,"OH",147,"Aquilegia","canadensis","red columbine","Plantae",45124,500,"Flowers or flower buds",2019,5,9,129,2458613,21,2019,7,11,192,2458676,5
10585,41.433689,-81.693153,219,"OH",147,"Aquilegia","canadensis","red columbine","Plantae",45124,501,"Open flowers",2019,5,23,143,2458627,7,2019,5,30,150,2458634,7
10585,41.433689,-81.693153,219,"OH",147,"Aquilegia","canadensis","red columbine","Plantae",45124,501,"Open flowers",2019,6,13,164,2458648,7,2019,6,13,164,2458648,7
10585,41.433689,-81.693153,219,"OH",147,"Aquilegia","canadensis","red columbine","Plantae",45124,504,"Recent fruit or seed drop",2019,7,5,186,2458670,NA,2019,7,11,192,2458676,5
10585,41.433689,-81.693153,219,"OH",147,"Aquilegia","canadensis","red columbine","Plantae",45124,516,"Fruits",2019,5,30,150,2458634,7,2019,7,11,192,2458676,5
17574,40.863052,-73.881592,30,"NY",784,"Aesculus","pavia","red buckeye","Plantae",67637,371,"Breaking leaf buds",2019,4,7,97,2458581,21,2019,4,28,118,2458602,20
17574,40.863052,-73.881592,30,"NY",784,"Aesculus","pavia","red buckeye","Plantae",67637,390,"Ripe fruits",2019,9,1,244,2458728,99,2019,10,11,284,2458768,9
17574,40.863052,-73.881592,30,"NY",784,"Aesculus","pavia","red buckeye","Plantae",67637,467,"Increasing leaf size",2019,4,19,109,2458593,5,2019,5,25,145,2458629,62
17574,40.863052,-73.881592,30,"NY",784,"Aesculus","pavia","red buckeye","Plantae",67637,471,"Falling leaves",2019,9,8,251,2458735,7,2019,10,11,284,2458768,9
17574,40.863052,-73.881592,30,"NY",784,"Aesculus","pavia","red buckeye","Plantae",67637,483,"Leaves",2019,4,14,104,2458588,7,2019,10,11,284,2458768,9
17574,40.863052,-73.881592,30,"NY",784,"Aesculus","pavia","red buckeye","Plantae",67637,498,"Colored leaves",2019,10,11,284,2458768,16,2019,10,11,284,2458768,9
17574,40.863052,-73.881592,30,"NY",784,"Aesculus","pavia","red buckeye","Plantae",67637,500,"Flowers or flower buds",2019,4,14,104,2458588,7,2019,5,18,138,2458622,7
17574,40.863052,-73.881592,30,"NY",784,"Aesculus","pavia","red buckeye","Plantae",67637,501,"Open flowers",2019,4,28,118,2458602,9,2019,5,25,145,2458629,62
17574,40.863052,-73.881592,30,"NY",784,"Aesculus","pavia","red buckeye","Plantae",67637,504,"Recent fruit or seed drop",2019,10,11,284,2458768,16,2019,10,26,299,2458783,7
17574,40.863052,-73.881592,30,"NY",784,"Aesculus","pavia","red buckeye","Plantae",67637,516,"Fruits",2019,5,25,145,2458629,27,2019,10,11,284,2458768,9
22681,39.167427,-84.548431,190,"OH",784,"Aesculus","pavia","red buckeye","Plantae",101843,371,"Breaking leaf buds",2019,3,29,88,2458572,NA,2019,3,29,88,2458572,10
22681,39.167427,-84.548431,190,"OH",784,"Aesculus","pavia","red buckeye","Plantae",101843,390,"Ripe fruits",2019,9,9,252,2458736,21,2019,10,17,290,2458774,NA
22681,39.167427,-84.548431,190,"OH",784,"Aesculus","pavia","red buckeye","Plantae",101843,467,"Increasing leaf size",2019,4,8,98,2458582,10,2019,4,8,98,2458582,7
22681,39.167427,-84.548431,190,"OH",784,"Aesculus","pavia","red buckeye","Plantae",101843,471,"Falling leaves",2019,9,9,252,2458736,21,2019,10,11,284,2458768,6
22681,39.167427,-84.548431,190,"OH",784,"Aesculus","pavia","red buckeye","Plantae",101843,483,"Leaves",2019,4,8,98,2458582,10,2019,10,11,284,2458768,6
22681,39.167427,-84.548431,190,"OH",784,"Aesculus","pavia","red buckeye","Plantae",101843,498,"Colored leaves",2019,9,30,273,2458757,10,2019,10,11,284,2458768,6
22681,39.167427,-84.548431,190,"OH",784,"Aesculus","pavia","red buckeye","Plantae",101843,500,"Flowers or flower buds",2019,4,8,98,2458582,10,2019,5,2,122,2458606,12
22681,39.167427,-84.548431,190,"OH",784,"Aesculus","pavia","red buckeye","Plantae",101843,501,"Open flowers",2019,4,23,113,2458597,5,2019,5,2,122,2458606,12
22681,39.167427,-84.548431,190,"OH",784,"Aesculus","pavia","red buckeye","Plantae",101843,504,"Recent fruit or seed drop",2019,9,20,263,2458747,11,2019,10,17,290,2458774,NA
22681,39.167427,-84.548431,190,"OH",784,"Aesculus","pavia","red buckeye","Plantae",101843,516,"Fruits",2019,5,14,134,2458618,12,2019,10,17,290,2458774,NA
24164,40.665085,-73.963432,17,"NY",784,"Aesculus","pavia","red buckeye","Plantae",114555,371,"Breaking leaf buds",2019,4,10,100,2458584,21,2019,4,10,100,2458584,6
24164,40.665085,-73.963432,17,"NY",784,"Aesculus","pavia","red buckeye","Plantae",114555,467,"Increasing leaf size",2019,4,16,106,2458590,6,2019,4,23,113,2458597,6
24164,40.665085,-73.963432,17,"NY",784,"Aesculus","pavia","red buckeye","Plantae",114555,483,"Leaves",2019,4,16,106,2458590,6,2019,8,15,227,2458711,NA
24164,40.665085,-73.963432,17,"NY",784,"Aesculus","pavia","red buckeye","Plantae",114555,500,"Flowers or flower buds",2019,4,10,100,2458584,21,2019,5,7,127,2458611,9
24164,40.665085,-73.963432,17,"NY",784,"Aesculus","pavia","red buckeye","Plantae",114555,500,"Flowers or flower buds",2019,5,22,142,2458626,6,2019,5,22,142,2458626,7
24164,40.665085,-73.963432,17,"NY",784,"Aesculus","pavia","red buckeye","Plantae",114555,501,"Open flowers",2019,4,29,119,2458603,6,2019,5,16,136,2458620,6
24164,40.665085,-73.963432,17,"NY",784,"Aesculus","pavia","red buckeye","Plantae",114555,516,"Fruits",2019,5,29,149,2458633,7,2019,8,15,227,2458711,NA
23676,46.996738,-94.696556,426,"MN",147,"Aquilegia","canadensis","red columbine","Plantae",115715,390,"Ripe fruits",2019,7,20,201,2458685,28,2019,8,23,235,2458719,NA
23676,46.996738,-94.696556,426,"MN",147,"Aquilegia","canadensis","red columbine","Plantae",115715,482,"Initial growth (forbs)",2019,5,20,140,2458624,NA,2019,5,20,140,2458624,NA
23676,46.996738,-94.696556,426,"MN",147,"Aquilegia","canadensis","red columbine","Plantae",115715,488,"Leaves (forbs)",2019,5,20,140,2458624,NA,2019,8,8,220,2458704,NA
23676,46.996738,-94.696556,426,"MN",147,"Aquilegia","canadensis","red columbine","Plantae",115715,500,"Flowers or flower buds",2019,5,20,140,2458624,NA,2019,7,27,208,2458692,NA
23676,46.996738,-94.696556,426,"MN",147,"Aquilegia","canadensis","red columbine","Plantae",115715,501,"Open flowers",2019,5,31,151,2458635,3,2019,7,27,208,2458692,5
23676,46.996738,-94.696556,426,"MN",147,"Aquilegia","canadensis","red columbine","Plantae",115715,504,"Recent fruit or seed drop",2019,7,27,208,2458692,NA,2019,8,23,235,2458719,NA
23676,46.996738,-94.696556,426,"MN",147,"Aquilegia","canadensis","red columbine","Plantae",115715,516,"Fruits",2019,6,22,173,2458657,4,2019,8,23,235,2458719,NA
25442,38.856335,-77.234962,105,"VA",147,"Aquilegia","canadensis","red columbine","Plantae",122883,390,"Ripe fruits",2019,6,24,175,2458659,NA,2019,6,24,175,2458659,NA
25442,38.856335,-77.234962,105,"VA",147,"Aquilegia","canadensis","red columbine","Plantae",122883,488,"Leaves (forbs)",2019,6,24,175,2458659,NA,2019,6,24,175,2458659,NA
25442,38.856335,-77.234962,105,"VA",147,"Aquilegia","canadensis","red columbine","Plantae",122883,500,"Flowers or flower buds",2019,6,24,175,2458659,NA,2019,6,24,175,2458659,NA
25442,38.856335,-77.234962,105,"VA",147,"Aquilegia","canadensis","red columbine","Plantae",122883,501,"Open flowers",2019,6,24,175,2458659,NA,2019,6,24,175,2458659,NA
25442,38.856335,-77.234962,105,"VA",147,"Aquilegia","canadensis","red columbine","Plantae",122883,504,"Recent fruit or seed drop",2019,6,24,175,2458659,NA,2019,6,24,175,2458659,NA
25442,38.856335,-77.234962,105,"VA",147,"Aquilegia","canadensis","red columbine","Plantae",122883,516,"Fruits",2019,6,24,175,2458659,NA,2019,6,24,175,2458659,NA
19187,35.84726,-83.453552,328,"TN",147,"Aquilegia","canadensis","red columbine","Plantae",123334,482,"Initial growth (forbs)",2019,3,29,88,2458572,NA,2019,4,9,99,2458583,10
19187,35.84726,-83.453552,328,"TN",147,"Aquilegia","canadensis","red columbine","Plantae",123334,488,"Leaves (forbs)",2019,3,29,88,2458572,NA,2019,4,19,109,2458593,NA
19187,35.84726,-83.453552,328,"TN",147,"Aquilegia","canadensis","red columbine","Plantae",123334,500,"Flowers or flower buds",2019,4,9,99,2458583,11,2019,4,19,109,2458593,NA
19187,35.84726,-83.453552,328,"TN",147,"Aquilegia","canadensis","red columbine","Plantae",123334,501,"Open flowers",2019,4,9,99,2458583,11,2019,4,19,109,2458593,NA
19187,35.84726,-83.453552,328,"TN",147,"Aquilegia","canadensis","red columbine","Plantae",123334,516,"Fruits",2019,4,19,109,2458593,10,2019,4,19,109,2458593,NA
6242,43.348259,-70.546036,5,"ME",147,"Aquilegia","canadensis","red columbine","Plantae",126285,390,"Ripe fruits",2019,7,17,198,2458682,8,2019,8,10,222,2458706,6
6242,43.348259,-70.546036,5,"ME",147,"Aquilegia","canadensis","red columbine","Plantae",126285,482,"Initial growth (forbs)",2019,4,25,115,2458599,NA,2019,5,28,148,2458632,6
6242,43.348259,-70.546036,5,"ME",147,"Aquilegia","canadensis","red columbine","Plantae",126285,488,"Leaves (forbs)",2019,4,25,115,2458599,NA,2019,10,11,284,2458768,7
6242,43.348259,-70.546036,5,"ME",147,"Aquilegia","canadensis","red columbine","Plantae",126285,500,"Flowers or flower buds",2019,5,28,148,2458632,8,2019,7,1,182,2458666,8
6242,43.348259,-70.546036,5,"ME",147,"Aquilegia","canadensis","red columbine","Plantae",126285,501,"Open flowers",2019,6,11,162,2458646,8,2019,7,1,182,2458666,8
6242,43.348259,-70.546036,5,"ME",147,"Aquilegia","canadensis","red columbine","Plantae",126285,504,"Recent fruit or seed drop",2019,8,10,222,2458706,11,2019,8,16,228,2458712,7
6242,43.348259,-70.546036,5,"ME",147,"Aquilegia","canadensis","red columbine","Plantae",126285,516,"Fruits",2019,6,18,169,2458653,7,2019,8,10,222,2458706,6
28357,30.414719,-88.541824,3,"MS",784,"Aesculus","pavia","red buckeye","Plantae",147491,371,"Breaking leaf buds",2019,2,16,47,2458531,9,2019,2,28,59,2458543,21
28357,30.414719,-88.541824,3,"MS",784,"Aesculus","pavia","red buckeye","Plantae",147491,467,"Increasing leaf size",2019,2,16,47,2458531,9,2019,6,25,176,2458660,15
28357,30.414719,-88.541824,3,"MS",784,"Aesculus","pavia","red buckeye","Plantae",147491,471,"Falling leaves",2019,9,14,257,2458741,16,2019,10,10,283,2458767,7
28357,30.414719,-88.541824,3,"MS",784,"Aesculus","pavia","red buckeye","Plantae",147491,471,"Falling leaves",2019,10,23,296,2458780,6,2019,10,23,296,2458780,16
28357,30.414719,-88.541824,3,"MS",784,"Aesculus","pavia","red buckeye","Plantae",147491,483,"Leaves",2019,2,16,47,2458531,9,2019,5,16,136,2458620,4
28357,30.414719,-88.541824,3,"MS",784,"Aesculus","pavia","red buckeye","Plantae",147491,483,"Leaves",2019,6,25,176,2458660,36,2019,8,29,241,2458725,16
28357,30.414719,-88.541824,3,"MS",784,"Aesculus","pavia","red buckeye","Plantae",147491,483,"Leaves",2019,10,10,283,2458767,15,2019,10,10,283,2458767,7
28357,30.414719,-88.541824,3,"MS",784,"Aesculus","pavia","red buckeye","Plantae",147491,483,"Leaves",2019,10,23,296,2458780,6,2019,10,23,296,2458780,16
28357,30.414719,-88.541824,3,"MS",784,"Aesculus","pavia","red buckeye","Plantae",147491,498,"Colored leaves",2019,9,25,268,2458752,11,2019,10,10,283,2458767,7
28357,30.414719,-88.541824,3,"MS",784,"Aesculus","pavia","red buckeye","Plantae",147491,498,"Colored leaves",2019,10,23,296,2458780,6,2019,10,23,296,2458780,16
28357,30.414719,-88.541824,3,"MS",784,"Aesculus","pavia","red buckeye","Plantae",147491,500,"Flowers or flower buds",2019,2,7,38,2458522,5,2019,3,21,80,2458564,8
28357,30.414719,-88.541824,3,"MS",784,"Aesculus","pavia","red buckeye","Plantae",147491,501,"Open flowers",2019,3,21,80,2458564,21,2019,3,21,80,2458564,8
28357,30.414719,-88.541824,3,"MS",784,"Aesculus","pavia","red buckeye","Plantae",147491,516,"Fruits",2019,4,18,108,2458592,5,2019,4,27,117,2458601,14
28357,30.414719,-88.541824,3,"MS",784,"Aesculus","pavia","red buckeye","Plantae",147493,371,"Breaking leaf buds",2019,2,7,38,2458522,5,2019,2,7,38,2458522,9
28357,30.414719,-88.541824,3,"MS",784,"Aesculus","pavia","red buckeye","Plantae",147493,467,"Increasing leaf size",2019,2,16,47,2458531,9,2019,4,18,108,2458592,9
28357,30.414719,-88.541824,3,"MS",784,"Aesculus","pavia","red buckeye","Plantae",147493,467,"Increasing leaf size",2019,5,16,136,2458620,5,2019,6,25,176,2458660,15
28357,30.414719,-88.541824,3,"MS",784,"Aesculus","pavia","red buckeye","Plantae",147493,471,"Falling leaves",2019,9,14,257,2458741,16,2019,10,10,283,2458767,7
28357,30.414719,-88.541824,3,"MS",784,"Aesculus","pavia","red buckeye","Plantae",147493,471,"Falling leaves",2019,10,23,296,2458780,6,2019,10,23,296,2458780,16
28357,30.414719,-88.541824,3,"MS",784,"Aesculus","pavia","red buckeye","Plantae",147493,483,"Leaves",2019,2,16,47,2458531,9,2019,5,16,136,2458620,4
28357,30.414719,-88.541824,3,"MS",784,"Aesculus","pavia","red buckeye","Plantae",147493,483,"Leaves",2019,6,25,176,2458660,36,2019,8,29,241,2458725,16
28357,30.414719,-88.541824,3,"MS",784,"Aesculus","pavia","red buckeye","Plantae",147493,483,"Leaves",2019,10,10,283,2458767,15,2019,10,10,283,2458767,7
28357,30.414719,-88.541824,3,"MS",784,"Aesculus","pavia","red buckeye","Plantae",147493,483,"Leaves",2019,10,23,296,2458780,6,2019,10,23,296,2458780,16
28357,30.414719,-88.541824,3,"MS",784,"Aesculus","pavia","red buckeye","Plantae",147493,498,"Colored leaves",2019,8,1,213,2458697,7,2019,8,1,213,2458697,28
28357,30.414719,-88.541824,3,"MS",784,"Aesculus","pavia","red buckeye","Plantae",147493,498,"Colored leaves",2019,9,25,268,2458752,11,2019,10,10,283,2458767,7
28357,30.414719,-88.541824,3,"MS",784,"Aesculus","pavia","red buckeye","Plantae",147493,500,"Flowers or flower buds",2019,2,21,52,2458536,5,2019,3,21,80,2458564,8
28357,30.414719,-88.541824,3,"MS",784,"Aesculus","pavia","red buckeye","Plantae",147493,501,"Open flowers",2019,2,28,59,2458543,7,2019,3,21,80,2458564,8
28357,30.414719,-88.541824,3,"MS",784,"Aesculus","pavia","red buckeye","Plantae",147494,371,"Breaking leaf buds",2019,2,7,38,2458522,5,2019,2,16,47,2458531,5
28357,30.414719,-88.541824,3,"MS",784,"Aesculus","pavia","red buckeye","Plantae",147494,467,"Increasing leaf size",2019,2,16,47,2458531,9,2019,4,18,108,2458592,9
28357,30.414719,-88.541824,3,"MS",784,"Aesculus","pavia","red buckeye","Plantae",147494,467,"Increasing leaf size",2019,5,16,136,2458620,5,2019,6,25,176,2458660,15
28357,30.414719,-88.541824,3,"MS",784,"Aesculus","pavia","red buckeye","Plantae",147494,471,"Falling leaves",2019,9,14,257,2458741,16,2019,9,25,268,2458752,15
28357,30.414719,-88.541824,3,"MS",784,"Aesculus","pavia","red buckeye","Plantae",147494,483,"Leaves",2019,2,16,47,2458531,9,2019,5,16,136,2458620,4
28357,30.414719,-88.541824,3,"MS",784,"Aesculus","pavia","red buckeye","Plantae",147494,483,"Leaves",2019,6,25,176,2458660,36,2019,8,29,241,2458725,16
28357,30.414719,-88.541824,3,"MS",784,"Aesculus","pavia","red buckeye","Plantae",147494,498,"Colored leaves",2019,7,25,206,2458690,15,2019,8,1,213,2458697,44
28357,30.414719,-88.541824,3,"MS",784,"Aesculus","pavia","red buckeye","Plantae",147494,498,"Colored leaves",2019,9,25,268,2458752,11,2019,9,25,268,2458752,15
28357,30.414719,-88.541824,3,"MS",784,"Aesculus","pavia","red buckeye","Plantae",147494,500,"Flowers or flower buds",2019,2,16,47,2458531,9,2019,2,16,47,2458531,5
28943,38.789921,-90.313004,170,"MO",147,"Aquilegia","canadensis","red columbine","Plantae",163674,390,"Ripe fruits",2019,5,30,150,2458634,NA,2019,5,30,150,2458634,34
28943,38.789921,-90.313004,170,"MO",147,"Aquilegia","canadensis","red columbine","Plantae",163674,488,"Leaves (forbs)",2019,7,3,184,2458668,NA,2019,7,3,184,2458668,NA
28943,38.789921,-90.313004,170,"MO",147,"Aquilegia","canadensis","red columbine","Plantae",163674,501,"Open flowers",2019,5,30,150,2458634,NA,2019,5,30,150,2458634,34
28943,38.789921,-90.313004,170,"MO",147,"Aquilegia","canadensis","red columbine","Plantae",163674,504,"Recent fruit or seed drop",2019,7,3,184,2458668,34,2019,7,3,184,2458668,NA
30550,40.298672,-83.067963,279,"OH",147,"Aquilegia","canadensis","red columbine","Plantae",165040,482,"Initial growth (forbs)",2019,4,3,93,2458577,NA,2019,4,22,112,2458596,9
30550,40.298672,-83.067963,279,"OH",147,"Aquilegia","canadensis","red columbine","Plantae",165040,488,"Leaves (forbs)",2019,4,22,112,2458596,19,2019,6,19,170,2458654,NA
30550,40.298672,-83.067963,279,"OH",147,"Aquilegia","canadensis","red columbine","Plantae",165040,500,"Flowers or flower buds",2019,6,19,170,2458654,44,2019,6,19,170,2458654,NA
30550,40.298672,-83.067963,279,"OH",147,"Aquilegia","canadensis","red columbine","Plantae",165040,501,"Open flowers",2019,6,19,170,2458654,44,2019,6,19,170,2458654,NA
30550,40.298672,-83.067963,279,"OH",147,"Aquilegia","canadensis","red columbine","Plantae",165040,516,"Fruits",2019,6,19,170,2458654,44,2019,6,19,170,2458654,NA
31779,47.166275,-122.537384,74,"WA",147,"Aquilegia","canadensis","red columbine","Plantae",174095,482,"Initial growth (forbs)",2019,3,18,77,2458561,NA,2019,3,19,78,2458562,NA
31779,47.166275,-122.537384,74,"WA",147,"Aquilegia","canadensis","red columbine","Plantae",174095,488,"Leaves (forbs)",2019,3,19,78,2458562,1,2019,3,19,78,2458562,NA
30051,44.478752,-84.672668,364,"MI",147,"Aquilegia","canadensis","red columbine","Plantae",180165,482,"Initial growth (forbs)",2019,5,28,148,2458632,NA,2019,5,28,148,2458632,86
30051,44.478752,-84.672668,364,"MI",147,"Aquilegia","canadensis","red columbine","Plantae",180165,488,"Leaves (forbs)",2019,5,28,148,2458632,NA,2019,5,28,148,2458632,86
32655,30.167885,-93.229988,4,"LA",784,"Aesculus","pavia","red buckeye","Plantae",180858,371,"Breaking leaf buds",2019,2,13,44,2458528,7,2019,2,13,44,2458528,3
32655,30.167885,-93.229988,4,"LA",784,"Aesculus","pavia","red buckeye","Plantae",180858,467,"Increasing leaf size",2019,2,6,37,2458521,NA,2019,2,6,37,2458521,7
32655,30.167885,-93.229988,4,"LA",784,"Aesculus","pavia","red buckeye","Plantae",180858,471,"Falling leaves",2019,7,4,185,2458669,25,2019,7,6,187,2458671,7
32655,30.167885,-93.229988,4,"LA",784,"Aesculus","pavia","red buckeye","Plantae",180858,483,"Leaves",2019,2,6,37,2458521,NA,2019,7,6,187,2458671,7
32655,30.167885,-93.229988,4,"LA",784,"Aesculus","pavia","red buckeye","Plantae",180858,498,"Colored leaves",2019,6,9,160,2458644,54,2019,7,6,187,2458671,7
32655,30.167885,-93.229988,4,"LA",784,"Aesculus","pavia","red buckeye","Plantae",180858,500,"Flowers or flower buds",2019,2,6,37,2458521,NA,2019,3,21,80,2458564,80
32655,30.167885,-93.229988,4,"LA",784,"Aesculus","pavia","red buckeye","Plantae",180858,501,"Open flowers",2019,2,20,51,2458535,4,2019,3,21,80,2458564,80
32929,41.411491,-82.072891,209,"OH",147,"Aquilegia","canadensis","red columbine","Plantae",182280,482,"Initial growth (forbs)",2019,5,9,129,2458613,NA,2019,5,13,133,2458617,NA
32929,41.411491,-82.072891,209,"OH",147,"Aquilegia","canadensis","red columbine","Plantae",182280,488,"Leaves (forbs)",2019,5,9,129,2458613,NA,2019,5,13,133,2458617,NA
32929,41.411491,-82.072891,209,"OH",147,"Aquilegia","canadensis","red columbine","Plantae",182280,500,"Flowers or flower buds",2019,5,9,129,2458613,NA,2019,5,9,129,2458613,4
32929,41.411491,-82.072891,209,"OH",147,"Aquilegia","canadensis","red columbine","Plantae",182280,501,"Open flowers",2019,5,9,129,2458613,NA,2019,5,9,129,2458613,4
32833,40.184029,-82.91748,284,"OH",147,"Aquilegia","canadensis","red columbine","Plantae",186261,390,"Ripe fruits",2019,6,7,158,2458642,1,2019,6,7,158,2458642,1
32833,40.184029,-82.91748,284,"OH",147,"Aquilegia","canadensis","red columbine","Plantae",186261,390,"Ripe fruits",2019,6,13,164,2458648,1,2019,6,13,164,2458648,2
32833,40.184029,-82.91748,284,"OH",147,"Aquilegia","canadensis","red columbine","Plantae",186261,390,"Ripe fruits",2019,6,16,167,2458651,1,2019,7,14,195,2458679,1
32833,40.184029,-82.91748,284,"OH",147,"Aquilegia","canadensis","red columbine","Plantae",186261,482,"Initial growth (forbs)",2019,3,15,74,2458558,NA,2019,4,3,93,2458577,1
32833,40.184029,-82.91748,284,"OH",147,"Aquilegia","canadensis","red columbine","Plantae",186261,488,"Leaves (forbs)",2019,4,2,92,2458576,1,2019,11,19,323,2458807,NA
32833,40.184029,-82.91748,284,"OH",147,"Aquilegia","canadensis","red columbine","Plantae",186261,500,"Flowers or flower buds",2019,4,24,114,2458598,2,2019,6,15,166,2458650,1
32833,40.184029,-82.91748,284,"OH",147,"Aquilegia","canadensis","red columbine","Plantae",186261,501,"Open flowers",2019,5,3,123,2458607,1,2019,6,15,166,2458650,1
32833,40.184029,-82.91748,284,"OH",147,"Aquilegia","canadensis","red columbine","Plantae",186261,504,"Recent fruit or seed drop",2019,7,3,184,2458668,1,2019,7,6,187,2458671,1
32833,40.184029,-82.91748,284,"OH",147,"Aquilegia","canadensis","red columbine","Plantae",186261,504,"Recent fruit or seed drop",2019,7,8,189,2458673,1,2019,7,8,189,2458673,1
32833,40.184029,-82.91748,284,"OH",147,"Aquilegia","canadensis","red columbine","Plantae",186261,504,"Recent fruit or seed drop",2019,7,10,191,2458675,1,2019,7,14,195,2458679,1
32833,40.184029,-82.91748,284,"OH",147,"Aquilegia","canadensis","red columbine","Plantae",186261,504,"Recent fruit or seed drop",2019,7,16,197,2458681,1,2019,7,16,197,2458681,1
32833,40.184029,-82.91748,284,"OH",147,"Aquilegia","canadensis","red columbine","Plantae",186261,516,"Fruits",2019,5,26,146,2458630,17,2019,6,11,162,2458646,1
32833,40.184029,-82.91748,284,"OH",147,"Aquilegia","canadensis","red columbine","Plantae",186261,516,"Fruits",2019,6,13,164,2458648,1,2019,6,13,164,2458648,2
32833,40.184029,-82.91748,284,"OH",147,"Aquilegia","canadensis","red columbine","Plantae",186261,516,"Fruits",2019,6,16,167,2458651,1,2019,7,14,195,2458679,1
33468,43.27367,-70.594299,13,"ME",147,"Aquilegia","canadensis","red columbine","Plantae",189799,482,"Initial growth (forbs)",2019,5,2,122,2458606,31,2019,5,2,122,2458606,NA
33468,43.27367,-70.594299,13,"ME",147,"Aquilegia","canadensis","red columbine","Plantae",189799,488,"Leaves (forbs)",2019,5,2,122,2458606,31,2019,5,2,122,2458606,NA
34119,31.437109,-89.431396,75,"MS",784,"Aesculus","pavia","red buckeye","Plantae",198730,471,"Falling leaves",2019,5,19,139,2458623,NA,2019,5,19,139,2458623,NA
34119,31.437109,-89.431396,75,"MS",784,"Aesculus","pavia","red buckeye","Plantae",198730,483,"Leaves",2019,5,19,139,2458623,NA,2019,5,19,139,2458623,NA
34119,31.437109,-89.431396,75,"MS",784,"Aesculus","pavia","red buckeye","Plantae",198730,498,"Colored leaves",2019,5,19,139,2458623,NA,2019,5,19,139,2458623,NA
34119,31.437109,-89.431396,75,"MS",784,"Aesculus","pavia","red buckeye","Plantae",198730,516,"Fruits",2019,5,19,139,2458623,NA,2019,5,19,139,2458623,NA
34119,31.437109,-89.431396,75,"MS",784,"Aesculus","pavia","red buckeye","Plantae",198815,483,"Leaves",2019,5,19,139,2458623,NA,2019,5,19,139,2458623,NA
34119,31.437109,-89.431396,75,"MS",784,"Aesculus","pavia","red buckeye","Plantae",198815,516,"Fruits",2019,5,19,139,2458623,NA,2019,5,19,139,2458623,NA
33923,40.666615,-73.961983,17,"NY",784,"Aesculus","pavia","red buckeye","Plantae",199244,371,"Breaking leaf buds",2019,5,11,131,2458615,7,2019,5,18,138,2458622,NA
33923,40.666615,-73.961983,17,"NY",784,"Aesculus","pavia","red buckeye","Plantae",199244,390,"Ripe fruits",2019,5,18,138,2458622,7,2019,5,18,138,2458622,NA
33923,40.666615,-73.961983,17,"NY",784,"Aesculus","pavia","red buckeye","Plantae",199244,467,"Increasing leaf size",2019,5,11,131,2458615,NA,2019,5,18,138,2458622,NA
33923,40.666615,-73.961983,17,"NY",784,"Aesculus","pavia","red buckeye","Plantae",199244,483,"Leaves",2019,5,11,131,2458615,NA,2019,5,18,138,2458622,NA
33923,40.666615,-73.961983,17,"NY",784,"Aesculus","pavia","red buckeye","Plantae",199244,500,"Flowers or flower buds",2019,5,4,124,2458608,NA,2019,5,18,138,2458622,NA
33923,40.666615,-73.961983,17,"NY",784,"Aesculus","pavia","red buckeye","Plantae",199244,501,"Open flowers",2019,5,4,124,2458608,NA,2019,5,18,138,2458622,NA
33923,40.666615,-73.961983,17,"NY",784,"Aesculus","pavia","red buckeye","Plantae",199244,516,"Fruits",2019,5,11,131,2458615,7,2019,5,18,138,2458622,NA
33012,42.011364,-93.638145,289,"IA",147,"Aquilegia","canadensis","red columbine","Plantae",199988,390,"Ripe fruits",2019,6,24,175,2458659,5,2019,7,29,210,2458694,1
33012,42.011364,-93.638145,289,"IA",147,"Aquilegia","canadensis","red columbine","Plantae",199988,488,"Leaves (forbs)",2019,6,3,154,2458638,NA,2019,9,13,256,2458740,56
33012,42.011364,-93.638145,289,"IA",147,"Aquilegia","canadensis","red columbine","Plantae",199988,500,"Flowers or flower buds",2019,6,3,154,2458638,NA,2019,6,13,164,2458648,4
33012,42.011364,-93.638145,289,"IA",147,"Aquilegia","canadensis","red columbine","Plantae",199988,500,"Flowers or flower buds",2019,7,15,196,2458680,7,2019,7,15,196,2458680,2
33012,42.011364,-93.638145,289,"IA",147,"Aquilegia","canadensis","red columbine","Plantae",199988,500,"Flowers or flower buds",2019,7,29,210,2458694,5,2019,7,30,211,2458695,45
33012,42.011364,-93.638145,289,"IA",147,"Aquilegia","canadensis","red columbine","Plantae",199988,501,"Open flowers",2019,6,3,154,2458638,NA,2019,6,13,164,2458648,4
33012,42.011364,-93.638145,289,"IA",147,"Aquilegia","canadensis","red columbine","Plantae",199988,501,"Open flowers",2019,7,5,186,2458670,4,2019,7,5,186,2458670,3
33012,42.011364,-93.638145,289,"IA",147,"Aquilegia","canadensis","red columbine","Plantae",199988,501,"Open flowers",2019,7,15,196,2458680,7,2019,7,15,196,2458680,2
33012,42.011364,-93.638145,289,"IA",147,"Aquilegia","canadensis","red columbine","Plantae",199988,501,"Open flowers",2019,7,29,210,2458694,5,2019,7,30,211,2458695,45
33012,42.011364,-93.638145,289,"IA",147,"Aquilegia","canadensis","red columbine","Plantae",199988,504,"Recent fruit or seed drop",2019,6,24,175,2458659,5,2019,7,30,211,2458695,45
33012,42.011364,-93.638145,289,"IA",147,"Aquilegia","canadensis","red columbine","Plantae",199988,516,"Fruits",2019,6,3,154,2458638,NA,2019,7,29,210,2458694,1
34356,42.985825,-88.183769,291,"WI",147,"Aquilegia","canadensis","red columbine","Plantae",202249,488,"Leaves (forbs)",2019,6,21,172,2458656,NA,2019,6,21,172,2458656,NA
34356,42.985825,-88.183769,291,"WI",147,"Aquilegia","canadensis","red columbine","Plantae",202249,500,"Flowers or flower buds",2019,6,21,172,2458656,NA,2019,6,21,172,2458656,NA
34356,42.985825,-88.183769,291,"WI",147,"Aquilegia","canadensis","red columbine","Plantae",202249,501,"Open flowers",2019,6,21,172,2458656,NA,2019,6,21,172,2458656,NA
34356,42.985825,-88.183769,291,"WI",147,"Aquilegia","canadensis","red columbine","Plantae",202249,516,"Fruits",2019,6,21,172,2458656,NA,2019,6,21,172,2458656,NA
36439,39.026203,-76.79895,47,"MD",147,"Aquilegia","canadensis","red columbine","Plantae",224421,390,"Ripe fruits",2019,5,20,140,2458624,NA,2019,5,25,145,2458629,NA
36439,39.026203,-76.79895,47,"MD",147,"Aquilegia","canadensis","red columbine","Plantae",224421,500,"Flowers or flower buds",2019,4,27,117,2458601,NA,2019,5,3,123,2458607,NA
36439,39.026203,-76.79895,47,"MD",147,"Aquilegia","canadensis","red columbine","Plantae",224421,501,"Open flowers",2019,4,27,117,2458601,NA,2019,5,3,123,2458607,NA
36439,39.026203,-76.79895,47,"MD",147,"Aquilegia","canadensis","red columbine","Plantae",224421,516,"Fruits",2019,5,20,140,2458624,NA,2019,5,25,145,2458629,NA
2394,45.425339,-93.186249,278,"MN",147,"Aquilegia","canadensis","red columbine","Plantae",3817,488,"Leaves (forbs)",2020,4,21,112,2458961,7,2020,4,21,112,2458961,NA
2394,45.425339,-93.186249,278,"MN",147,"Aquilegia","canadensis","red columbine","Plantae",3818,390,"Ripe fruits",2020,7,13,195,2459044,7,2020,7,13,195,2459044,7
2394,45.425339,-93.186249,278,"MN",147,"Aquilegia","canadensis","red columbine","Plantae",3818,390,"Ripe fruits",2020,9,2,246,2459095,6,2020,9,11,255,2459104,6
2394,45.425339,-93.186249,278,"MN",147,"Aquilegia","canadensis","red columbine","Plantae",3818,488,"Leaves (forbs)",2020,4,21,112,2458961,7,2020,8,27,240,2459089,6
2394,45.425339,-93.186249,278,"MN",147,"Aquilegia","canadensis","red columbine","Plantae",3818,488,"Leaves (forbs)",2020,9,11,255,2459104,9,2020,11,5,310,2459159,NA
2394,45.425339,-93.186249,278,"MN",147,"Aquilegia","canadensis","red columbine","Plantae",3818,500,"Flowers or flower buds",2020,5,29,150,2458999,7,2020,6,8,160,2459009,7
2394,45.425339,-93.186249,278,"MN",147,"Aquilegia","canadensis","red columbine","Plantae",3818,501,"Open flowers",2020,5,29,150,2458999,7,2020,6,8,160,2459009,7
2394,45.425339,-93.186249,278,"MN",147,"Aquilegia","canadensis","red columbine","Plantae",3818,504,"Recent fruit or seed drop",2020,7,13,195,2459044,7,2020,7,13,195,2459044,7
2394,45.425339,-93.186249,278,"MN",147,"Aquilegia","canadensis","red columbine","Plantae",3818,504,"Recent fruit or seed drop",2020,9,11,255,2459104,9,2020,9,17,261,2459110,7
2394,45.425339,-93.186249,278,"MN",147,"Aquilegia","canadensis","red columbine","Plantae",3818,516,"Fruits",2020,6,22,174,2459023,7,2020,6,22,174,2459023,7
2394,45.425339,-93.186249,278,"MN",147,"Aquilegia","canadensis","red columbine","Plantae",3818,516,"Fruits",2020,9,2,246,2459095,6,2020,9,11,255,2459104,6
2394,45.425339,-93.186249,278,"MN",147,"Aquilegia","canadensis","red columbine","Plantae",3900,390,"Ripe fruits",2020,7,13,195,2459044,7,2020,7,13,195,2459044,7
2394,45.425339,-93.186249,278,"MN",147,"Aquilegia","canadensis","red columbine","Plantae",3900,390,"Ripe fruits",2020,9,2,246,2459095,6,2020,9,11,255,2459104,6
2394,45.425339,-93.186249,278,"MN",147,"Aquilegia","canadensis","red columbine","Plantae",3900,488,"Leaves (forbs)",2020,4,21,112,2458961,7,2020,11,5,310,2459159,NA
2394,45.425339,-93.186249,278,"MN",147,"Aquilegia","canadensis","red columbine","Plantae",3900,500,"Flowers or flower buds",2020,6,4,156,2459005,6,2020,6,4,156,2459005,4
2394,45.425339,-93.186249,278,"MN",147,"Aquilegia","canadensis","red columbine","Plantae",3900,501,"Open flowers",2020,6,4,156,2459005,6,2020,6,4,156,2459005,4
2394,45.425339,-93.186249,278,"MN",147,"Aquilegia","canadensis","red columbine","Plantae",3900,504,"Recent fruit or seed drop",2020,7,13,195,2459044,7,2020,7,13,195,2459044,7
2394,45.425339,-93.186249,278,"MN",147,"Aquilegia","canadensis","red columbine","Plantae",3900,504,"Recent fruit or seed drop",2020,9,11,255,2459104,9,2020,9,17,261,2459110,7
2394,45.425339,-93.186249,278,"MN",147,"Aquilegia","canadensis","red columbine","Plantae",3900,516,"Fruits",2020,6,22,174,2459023,7,2020,6,22,174,2459023,7
2394,45.425339,-93.186249,278,"MN",147,"Aquilegia","canadensis","red columbine","Plantae",3900,516,"Fruits",2020,9,2,246,2459095,6,2020,9,11,255,2459104,6
10779,41.662807,-86.211967,213,"IN",147,"Aquilegia","canadensis","red columbine","Plantae",42763,488,"Leaves (forbs)",2020,5,14,135,2458984,NA,2020,5,21,142,2458991,NA
10779,41.662807,-86.211967,213,"IN",147,"Aquilegia","canadensis","red columbine","Plantae",42763,500,"Flowers or flower buds",2020,5,14,135,2458984,NA,2020,5,21,142,2458991,NA
10779,41.662807,-86.211967,213,"IN",147,"Aquilegia","canadensis","red columbine","Plantae",42763,501,"Open flowers",2020,5,21,142,2458991,7,2020,5,21,142,2458991,NA
10585,41.433689,-81.693153,219,"OH",147,"Aquilegia","canadensis","red columbine","Plantae",45124,390,"Ripe fruits",2020,6,18,170,2459019,7,2020,7,9,191,2459040,7
10585,41.433689,-81.693153,219,"OH",147,"Aquilegia","canadensis","red columbine","Plantae",45124,482,"Initial growth (forbs)",2020,3,5,65,2458914,NA,2020,4,20,111,2458960,NA
10585,41.433689,-81.693153,219,"OH",147,"Aquilegia","canadensis","red columbine","Plantae",45124,488,"Leaves (forbs)",2020,3,19,79,2458928,7,2020,5,14,135,2458984,NA
10585,41.433689,-81.693153,219,"OH",147,"Aquilegia","canadensis","red columbine","Plantae",45124,500,"Flowers or flower buds",2020,5,14,135,2458984,7,2020,5,28,149,2458998,28
10585,41.433689,-81.693153,219,"OH",147,"Aquilegia","canadensis","red columbine","Plantae",45124,501,"Open flowers",2020,5,28,149,2458998,7,2020,6,11,163,2459012,7
10585,41.433689,-81.693153,219,"OH",147,"Aquilegia","canadensis","red columbine","Plantae",45124,504,"Recent fruit or seed drop",2020,6,18,170,2459019,NA,2020,7,9,191,2459040,7
10585,41.433689,-81.693153,219,"OH",147,"Aquilegia","canadensis","red columbine","Plantae",45124,516,"Fruits",2020,6,11,163,2459012,7,2020,7,9,191,2459040,7
17574,40.863052,-73.881592,30,"NY",784,"Aesculus","pavia","red buckeye","Plantae",67637,371,"Breaking leaf buds",2020,3,5,65,2458914,53,2020,3,5,65,2458914,NA
20698,39.980965,-75.803207,107,"PA",784,"Aesculus","pavia","red buckeye","Plantae",139358,371,"Breaking leaf buds",2020,4,3,94,2458943,NA,2020,4,3,94,2458943,NA
28357,30.414719,-88.541824,3,"MS",784,"Aesculus","pavia","red buckeye","Plantae",147491,467,"Increasing leaf size",2020,2,27,58,2458907,20,2020,10,2,276,2459125,13
28357,30.414719,-88.541824,3,"MS",784,"Aesculus","pavia","red buckeye","Plantae",147491,471,"Falling leaves",2020,10,2,276,2459125,38,2020,10,15,289,2459138,25
28357,30.414719,-88.541824,3,"MS",784,"Aesculus","pavia","red buckeye","Plantae",147491,483,"Leaves",2020,2,27,58,2458907,20,2020,8,25,238,2459087,38
28357,30.414719,-88.541824,3,"MS",784,"Aesculus","pavia","red buckeye","Plantae",147491,498,"Colored leaves",2020,7,8,190,2459039,26,2020,10,15,289,2459138,25
28357,30.414719,-88.541824,3,"MS",784,"Aesculus","pavia","red buckeye","Plantae",147491,500,"Flowers or flower buds",2020,2,27,58,2458907,20,2020,3,24,84,2458933,22
28357,30.414719,-88.541824,3,"MS",784,"Aesculus","pavia","red buckeye","Plantae",147491,501,"Open flowers",2020,3,4,64,2458913,6,2020,3,24,84,2458933,22
28357,30.414719,-88.541824,3,"MS",784,"Aesculus","pavia","red buckeye","Plantae",147491,516,"Fruits",2020,3,24,84,2458933,20,2020,4,28,119,2458968,45
28357,30.414719,-88.541824,3,"MS",784,"Aesculus","pavia","red buckeye","Plantae",147493,371,"Breaking leaf buds",2020,1,29,29,2458878,14,2020,1,29,29,2458878,9
28357,30.414719,-88.541824,3,"MS",784,"Aesculus","pavia","red buckeye","Plantae",147493,467,"Increasing leaf size",2020,1,29,29,2458878,14,2020,8,25,238,2459087,38
28357,30.414719,-88.541824,3,"MS",784,"Aesculus","pavia","red buckeye","Plantae",147493,471,"Falling leaves",2020,10,2,276,2459125,38,2020,10,2,276,2459125,13
28357,30.414719,-88.541824,3,"MS",784,"Aesculus","pavia","red buckeye","Plantae",147493,483,"Leaves",2020,1,29,29,2458878,14,2020,8,25,238,2459087,51
28357,30.414719,-88.541824,3,"MS",784,"Aesculus","pavia","red buckeye","Plantae",147493,498,"Colored leaves",2020,7,8,190,2459039,26,2020,8,25,238,2459087,38
28357,30.414719,-88.541824,3,"MS",784,"Aesculus","pavia","red buckeye","Plantae",147493,500,"Flowers or flower buds",2020,2,7,38,2458887,9,2020,3,24,84,2458933,22
28357,30.414719,-88.541824,3,"MS",784,"Aesculus","pavia","red buckeye","Plantae",147493,501,"Open flowers",2020,2,27,58,2458907,20,2020,3,24,84,2458933,22
28357,30.414719,-88.541824,3,"MS",784,"Aesculus","pavia","red buckeye","Plantae",147493,516,"Fruits",2020,3,24,84,2458933,20,2020,4,15,106,2458955,13
28357,30.414719,-88.541824,3,"MS",784,"Aesculus","pavia","red buckeye","Plantae",147494,371,"Breaking leaf buds",2020,2,7,38,2458887,9,2020,2,7,38,2458887,20
28357,30.414719,-88.541824,3,"MS",784,"Aesculus","pavia","red buckeye","Plantae",147494,467,"Increasing leaf size",2020,2,27,58,2458907,20,2020,7,8,190,2459039,23
28357,30.414719,-88.541824,3,"MS",784,"Aesculus","pavia","red buckeye","Plantae",147494,467,"Increasing leaf size",2020,8,5,218,2459067,5,2020,8,19,232,2459081,6
28357,30.414719,-88.541824,3,"MS",784,"Aesculus","pavia","red buckeye","Plantae",147494,471,"Falling leaves",2020,8,14,227,2459076,9,2020,8,14,227,2459076,5
28357,30.414719,-88.541824,3,"MS",784,"Aesculus","pavia","red buckeye","Plantae",147494,471,"Falling leaves",2020,10,2,276,2459125,38,2020,10,2,276,2459125,13
28357,30.414719,-88.541824,3,"MS",784,"Aesculus","pavia","red buckeye","Plantae",147494,483,"Leaves",2020,2,27,58,2458907,20,2020,8,25,238,2459087,38
28357,30.414719,-88.541824,3,"MS",784,"Aesculus","pavia","red buckeye","Plantae",147494,498,"Colored leaves",2020,7,8,190,2459039,26,2020,8,25,238,2459087,38
28357,30.414719,-88.541824,3,"MS",784,"Aesculus","pavia","red buckeye","Plantae",147494,500,"Flowers or flower buds",2020,2,27,58,2458907,20,2020,3,4,64,2458913,20
28357,30.414719,-88.541824,3,"MS",784,"Aesculus","pavia","red buckeye","Plantae",147494,501,"Open flowers",2020,2,27,58,2458907,20,2020,3,4,64,2458913,20
28357,30.414719,-88.541824,3,"MS",784,"Aesculus","pavia","red buckeye","Plantae",147494,516,"Fruits",2020,3,24,84,2458933,20,2020,4,28,119,2458968,45
31779,47.166275,-122.537384,74,"WA",147,"Aquilegia","canadensis","red columbine","Plantae",174095,482,"Initial growth (forbs)",2020,2,25,56,2458905,NA,2020,3,17,77,2458926,NA
31779,47.166275,-122.537384,74,"WA",147,"Aquilegia","canadensis","red columbine","Plantae",174095,488,"Leaves (forbs)",2020,2,26,57,2458906,1,2020,3,17,77,2458926,NA
31779,47.166275,-122.537384,74,"WA",147,"Aquilegia","canadensis","red columbine","Plantae",174095,501,"Open flowers",2020,4,23,114,2458963,41,2020,4,23,114,2458963,NA
30051,44.478752,-84.672668,364,"MI",147,"Aquilegia","canadensis","red columbine","Plantae",180165,482,"Initial growth (forbs)",2020,5,16,137,2458986,54,2020,6,1,153,2459002,NA
30051,44.478752,-84.672668,364,"MI",147,"Aquilegia","canadensis","red columbine","Plantae",180165,488,"Leaves (forbs)",2020,5,16,137,2458986,54,2020,6,1,153,2459002,NA
32655,30.167885,-93.229988,4,"LA",784,"Aesculus","pavia","red buckeye","Plantae",180858,371,"Breaking leaf buds",2020,1,4,4,2458853,3,2020,1,25,25,2458874,8
32655,30.167885,-93.229988,4,"LA",784,"Aesculus","pavia","red buckeye","Plantae",180858,467,"Increasing leaf size",2020,1,11,11,2458860,4,2020,2,18,49,2458898,7
32655,30.167885,-93.229988,4,"LA",784,"Aesculus","pavia","red buckeye","Plantae",180858,483,"Leaves",2020,1,11,11,2458860,4,2020,4,2,93,2458942,29
32655,30.167885,-93.229988,4,"LA",784,"Aesculus","pavia","red buckeye","Plantae",180858,483,"Leaves",2020,5,5,126,2458975,4,2020,6,10,162,2459011,NA
32655,30.167885,-93.229988,4,"LA",784,"Aesculus","pavia","red buckeye","Plantae",180858,498,"Colored leaves",2020,5,1,122,2458971,29,2020,6,10,162,2459011,NA
33012,42.011364,-93.638145,289,"IA",147,"Aquilegia","canadensis","red columbine","Plantae",199988,390,"Ripe fruits",2020,6,11,163,2459012,7,2020,6,26,178,2459027,4
33012,42.011364,-93.638145,289,"IA",147,"Aquilegia","canadensis","red columbine","Plantae",199988,390,"Ripe fruits",2020,7,10,192,2459041,3,2020,7,10,192,2459041,13
33012,42.011364,-93.638145,289,"IA",147,"Aquilegia","canadensis","red columbine","Plantae",199988,482,"Initial growth (forbs)",2020,4,8,99,2458948,7,2020,4,15,106,2458955,7
33012,42.011364,-93.638145,289,"IA",147,"Aquilegia","canadensis","red columbine","Plantae",199988,482,"Initial growth (forbs)",2020,4,29,120,2458969,7,2020,4,29,120,2458969,7
33012,42.011364,-93.638145,289,"IA",147,"Aquilegia","canadensis","red columbine","Plantae",199988,488,"Leaves (forbs)",2020,4,8,99,2458948,7,2020,7,10,192,2459041,13
33012,42.011364,-93.638145,289,"IA",147,"Aquilegia","canadensis","red columbine","Plantae",199988,488,"Leaves (forbs)",2020,8,13,226,2459075,21,2020,11,18,323,2459172,15
33012,42.011364,-93.638145,289,"IA",147,"Aquilegia","canadensis","red columbine","Plantae",199988,500,"Flowers or flower buds",2020,4,29,120,2458969,7,2020,6,4,156,2459005,7
33012,42.011364,-93.638145,289,"IA",147,"Aquilegia","canadensis","red columbine","Plantae",199988,500,"Flowers or flower buds",2020,7,7,189,2459038,7,2020,7,7,189,2459038,3
33012,42.011364,-93.638145,289,"IA",147,"Aquilegia","canadensis","red columbine","Plantae",199988,501,"Open flowers",2020,5,13,134,2458983,7,2020,6,4,156,2459005,7
33012,42.011364,-93.638145,289,"IA",147,"Aquilegia","canadensis","red columbine","Plantae",199988,501,"Open flowers",2020,7,7,189,2459038,7,2020,7,7,189,2459038,3
33012,42.011364,-93.638145,289,"IA",147,"Aquilegia","canadensis","red columbine","Plantae",199988,504,"Recent fruit or seed drop",2020,6,11,163,2459012,7,2020,6,30,182,2459031,7
33012,42.011364,-93.638145,289,"IA",147,"Aquilegia","canadensis","red columbine","Plantae",199988,504,"Recent fruit or seed drop",2020,7,10,192,2459041,3,2020,7,23,205,2459054,21
33012,42.011364,-93.638145,289,"IA",147,"Aquilegia","canadensis","red columbine","Plantae",199988,516,"Fruits",2020,6,2,154,2459003,7,2020,6,26,178,2459027,4
33012,42.011364,-93.638145,289,"IA",147,"Aquilegia","canadensis","red columbine","Plantae",199988,516,"Fruits",2020,7,10,192,2459041,3,2020,7,10,192,2459041,13
36380,36.19149,-78.707611,125,"NC",147,"Aquilegia","canadensis","red columbine","Plantae",224953,390,"Ripe fruits",2020,5,25,146,2458995,3,2020,7,24,206,2459055,14
36380,36.19149,-78.707611,125,"NC",147,"Aquilegia","canadensis","red columbine","Plantae",224953,482,"Initial growth (forbs)",2020,2,16,47,2458896,NA,2020,7,24,206,2459055,14
36380,36.19149,-78.707611,125,"NC",147,"Aquilegia","canadensis","red columbine","Plantae",224953,488,"Leaves (forbs)",2020,2,16,47,2458896,NA,2020,7,24,206,2459055,14
36380,36.19149,-78.707611,125,"NC",147,"Aquilegia","canadensis","red columbine","Plantae",224953,488,"Leaves (forbs)",2020,9,17,261,2459110,41,2020,9,22,266,2459115,50
36380,36.19149,-78.707611,125,"NC",147,"Aquilegia","canadensis","red columbine","Plantae",224953,500,"Flowers or flower buds",2020,4,2,93,2458942,7,2020,7,21,203,2459052,3
36380,36.19149,-78.707611,125,"NC",147,"Aquilegia","canadensis","red columbine","Plantae",224953,501,"Open flowers",2020,4,2,93,2458942,7,2020,4,2,93,2458942,6
36380,36.19149,-78.707611,125,"NC",147,"Aquilegia","canadensis","red columbine","Plantae",224953,501,"Open flowers",2020,4,14,105,2458954,6,2020,7,1,183,2459032,7
36380,36.19149,-78.707611,125,"NC",147,"Aquilegia","canadensis","red columbine","Plantae",224953,501,"Open flowers",2020,7,13,195,2459044,5,2020,7,21,203,2459052,3
36380,36.19149,-78.707611,125,"NC",147,"Aquilegia","canadensis","red columbine","Plantae",224953,504,"Recent fruit or seed drop",2020,5,29,150,2458999,2,2020,7,24,206,2459055,14
36380,36.19149,-78.707611,125,"NC",147,"Aquilegia","canadensis","red columbine","Plantae",224953,516,"Fruits",2020,5,5,126,2458975,6,2020,7,24,206,2459055,14
37514,32.520676,-92.129501,26,"LA",784,"Aesculus","pavia","red buckeye","Plantae",231573,371,"Breaking leaf buds",2020,3,13,73,2458922,NA,2020,3,13,73,2458922,NA
37514,32.520676,-92.129501,26,"LA",784,"Aesculus","pavia","red buckeye","Plantae",231573,467,"Increasing leaf size",2020,3,12,72,2458921,NA,2020,3,13,73,2458922,NA
37514,32.520676,-92.129501,26,"LA",784,"Aesculus","pavia","red buckeye","Plantae",231573,483,"Leaves",2020,3,13,73,2458922,NA,2020,3,13,73,2458922,NA
37514,32.520676,-92.129501,26,"LA",784,"Aesculus","pavia","red buckeye","Plantae",231573,500,"Flowers or flower buds",2020,3,12,72,2458921,NA,2020,3,13,73,2458922,NA
37410,32.584236,-91.974403,25,"LA",784,"Aesculus","pavia","red buckeye","Plantae",231645,371,"Breaking leaf buds",2020,11,18,323,2459172,10,2020,11,18,323,2459172,10
37410,32.584236,-91.974403,25,"LA",784,"Aesculus","pavia","red buckeye","Plantae",231645,467,"Increasing leaf size",2020,3,15,75,2458924,NA,2020,5,29,150,2458999,6
37410,32.584236,-91.974403,25,"LA",784,"Aesculus","pavia","red buckeye","Plantae",231645,467,"Increasing leaf size",2020,11,18,323,2459172,10,2020,11,18,323,2459172,10
37410,32.584236,-91.974403,25,"LA",784,"Aesculus","pavia","red buckeye","Plantae",231645,471,"Falling leaves",2020,8,12,225,2459074,15,2020,10,11,285,2459134,7
37410,32.584236,-91.974403,25,"LA",784,"Aesculus","pavia","red buckeye","Plantae",231645,483,"Leaves",2020,3,15,75,2458924,NA,2020,10,11,285,2459134,7
37410,32.584236,-91.974403,25,"LA",784,"Aesculus","pavia","red buckeye","Plantae",231645,483,"Leaves",2020,11,18,323,2459172,10,2020,12,12,347,2459196,NA
37410,32.584236,-91.974403,25,"LA",784,"Aesculus","pavia","red buckeye","Plantae",231645,498,"Colored leaves",2020,5,20,141,2458990,8,2020,10,11,285,2459134,7
37410,32.584236,-91.974403,25,"LA",784,"Aesculus","pavia","red buckeye","Plantae",231645,500,"Flowers or flower buds",2020,3,15,75,2458924,NA,2020,4,15,106,2458955,14
37410,32.584236,-91.974403,25,"LA",784,"Aesculus","pavia","red buckeye","Plantae",231645,501,"Open flowers",2020,3,23,83,2458932,8,2020,4,15,106,2458955,14
37410,32.584236,-91.974403,25,"LA",784,"Aesculus","pavia","red buckeye","Plantae",231645,504,"Recent fruit or seed drop",2020,5,20,141,2458990,8,2020,5,20,141,2458990,15
37410,32.584236,-91.974403,25,"LA",784,"Aesculus","pavia","red buckeye","Plantae",231645,516,"Fruits",2020,4,15,106,2458955,8,2020,4,15,106,2458955,14
37410,32.584236,-91.974403,25,"LA",784,"Aesculus","pavia","red buckeye","Plantae",231645,516,"Fruits",2020,5,12,133,2458982,13,2020,5,29,150,2458999,6
37740,33.515034,-81.747826,146,"SC",784,"Aesculus","pavia","red buckeye","Plantae",233027,483,"Leaves",2020,4,25,116,2458965,NA,2020,6,18,170,2459019,NA
32443,39.90163,-86.175911,242,"IN",784,"Aesculus","pavia","red buckeye","Plantae",233933,371,"Breaking leaf buds",2020,4,1,92,2458941,NA,2020,6,10,162,2459011,14
32443,39.90163,-86.175911,242,"IN",784,"Aesculus","pavia","red buckeye","Plantae",233933,371,"Breaking leaf buds",2020,10,28,302,2459151,56,2020,12,2,337,2459186,NA
32443,39.90163,-86.175911,242,"IN",784,"Aesculus","pavia","red buckeye","Plantae",233933,471,"Falling leaves",2020,10,7,281,2459130,7,2020,10,21,295,2459144,NA
32443,39.90163,-86.175911,242,"IN",784,"Aesculus","pavia","red buckeye","Plantae",233933,498,"Colored leaves",2020,9,30,274,2459123,28,2020,9,30,274,2459123,NA
38034,45.577515,-94.23175,320,"MN",147,"Aquilegia","canadensis","red columbine","Plantae",234464,482,"Initial growth (forbs)",2020,4,15,106,2458955,4,2020,5,11,132,2458981,12
38034,45.577515,-94.23175,320,"MN",147,"Aquilegia","canadensis","red columbine","Plantae",234464,488,"Leaves (forbs)",2020,4,15,106,2458955,NA,2020,5,28,149,2458998,NA
38034,45.577515,-94.23175,320,"MN",147,"Aquilegia","canadensis","red columbine","Plantae",234464,500,"Flowers or flower buds",2020,5,20,141,2458990,2,2020,5,28,149,2458998,NA
38034,45.577515,-94.23175,320,"MN",147,"Aquilegia","canadensis","red columbine","Plantae",234464,501,"Open flowers",2020,5,23,144,2458993,3,2020,5,28,149,2458998,NA
38382,40.870605,-73.883278,20,"NY",147,"Aquilegia","canadensis","red columbine","Plantae",236167,488,"Leaves (forbs)",2020,4,17,108,2458957,NA,2020,4,17,108,2458957,NA
38382,40.870605,-73.883278,20,"NY",147,"Aquilegia","canadensis","red columbine","Plantae",236167,500,"Flowers or flower buds",2020,4,17,108,2458957,NA,2020,4,17,108,2458957,NA
38382,40.870605,-73.883278,20,"NY",147,"Aquilegia","canadensis","red columbine","Plantae",236167,501,"Open flowers",2020,4,17,108,2458957,NA,2020,4,17,108,2458957,NA
38963,40.443729,-86.904205,206,"IN",147,"Aquilegia","canadensis","red columbine","Plantae",242464,390,"Ripe fruits",2020,5,22,143,2458992,7,2020,6,28,180,2459029,NA
38963,40.443729,-86.904205,206,"IN",147,"Aquilegia","canadensis","red columbine","Plantae",242464,488,"Leaves (forbs)",2020,5,15,136,2458985,NA,2020,6,28,180,2459029,NA
38963,40.443729,-86.904205,206,"IN",147,"Aquilegia","canadensis","red columbine","Plantae",242464,500,"Flowers or flower buds",2020,5,15,136,2458985,NA,2020,5,22,143,2458992,7
38963,40.443729,-86.904205,206,"IN",147,"Aquilegia","canadensis","red columbine","Plantae",242464,504,"Recent fruit or seed drop",2020,6,14,166,2459015,9,2020,6,14,166,2459015,7
38963,40.443729,-86.904205,206,"IN",147,"Aquilegia","canadensis","red columbine","Plantae",242464,516,"Fruits",2020,5,22,143,2458992,7,2020,6,28,180,2459029,NA
22029,44.930183,-93.209824,250,"MN",147,"Aquilegia","canadensis","red columbine","Plantae",242504,390,"Ripe fruits",2020,6,19,171,2459020,10,2020,6,19,171,2459020,NA
22029,44.930183,-93.209824,250,"MN",147,"Aquilegia","canadensis","red columbine","Plantae",242504,488,"Leaves (forbs)",2020,5,16,137,2458986,NA,2020,6,19,171,2459020,NA
22029,44.930183,-93.209824,250,"MN",147,"Aquilegia","canadensis","red columbine","Plantae",242504,500,"Flowers or flower buds",2020,5,16,137,2458986,NA,2020,6,9,161,2459010,10
22029,44.930183,-93.209824,250,"MN",147,"Aquilegia","canadensis","red columbine","Plantae",242504,501,"Open flowers",2020,5,17,138,2458987,1,2020,6,9,161,2459010,10
22029,44.930183,-93.209824,250,"MN",147,"Aquilegia","canadensis","red columbine","Plantae",242504,504,"Recent fruit or seed drop",2020,6,19,171,2459020,10,2020,6,19,171,2459020,NA
22029,44.930183,-93.209824,250,"MN",147,"Aquilegia","canadensis","red columbine","Plantae",242504,516,"Fruits",2020,5,28,149,2458998,4,2020,6,19,171,2459020,NA
22029,44.930183,-93.209824,250,"MN",147,"Aquilegia","canadensis","red columbine","Plantae",242505,488,"Leaves (forbs)",2020,5,16,137,2458986,NA,2020,6,19,171,2459020,NA
22029,44.930183,-93.209824,250,"MN",147,"Aquilegia","canadensis","red columbine","Plantae",242505,500,"Flowers or flower buds",2020,5,17,138,2458987,1,2020,6,9,161,2459010,10
22029,44.930183,-93.209824,250,"MN",147,"Aquilegia","canadensis","red columbine","Plantae",242505,501,"Open flowers",2020,5,28,149,2458998,4,2020,6,9,161,2459010,10
22029,44.930183,-93.209824,250,"MN",147,"Aquilegia","canadensis","red columbine","Plantae",242505,516,"Fruits",2020,6,9,161,2459010,9,2020,6,19,171,2459020,NA
2394,45.425339,-93.186249,278,"MN",147,"Aquilegia","canadensis","red columbine","Plantae",3818,482,"Initial growth (forbs)",2021,4,17,107,2459322,NA,2021,5,7,127,2459342,1
2394,45.425339,-93.186249,278,"MN",147,"Aquilegia","canadensis","red columbine","Plantae",3818,488,"Leaves (forbs)",2021,5,3,123,2459338,3,2021,11,15,319,2459534,NA
2394,45.425339,-93.186249,278,"MN",147,"Aquilegia","canadensis","red columbine","Plantae",3818,501,"Open flowers",2021,6,5,156,2459371,7,2021,6,5,156,2459371,7
2394,45.425339,-93.186249,278,"MN",147,"Aquilegia","canadensis","red columbine","Plantae",3900,482,"Initial growth (forbs)",2021,4,17,107,2459322,NA,2021,5,7,127,2459342,1
2394,45.425339,-93.186249,278,"MN",147,"Aquilegia","canadensis","red columbine","Plantae",3900,488,"Leaves (forbs)",2021,4,27,117,2459332,10,2021,6,12,163,2459378,4
2394,45.425339,-93.186249,278,"MN",147,"Aquilegia","canadensis","red columbine","Plantae",3900,488,"Leaves (forbs)",2021,6,19,170,2459385,3,2021,9,27,270,2459485,2
2394,45.425339,-93.186249,278,"MN",147,"Aquilegia","canadensis","red columbine","Plantae",3900,488,"Leaves (forbs)",2021,10,5,278,2459493,6,2021,11,15,319,2459534,NA
2394,45.425339,-93.186249,278,"MN",147,"Aquilegia","canadensis","red columbine","Plantae",3900,500,"Flowers or flower buds",2021,5,29,149,2459364,6,2021,5,29,149,2459364,7
6242,43.348259,-70.546036,5,"ME",147,"Aquilegia","canadensis","red columbine","Plantae",16523,482,"Initial growth (forbs)",2021,3,30,89,2459304,12,2021,4,28,118,2459333,9
6242,43.348259,-70.546036,5,"ME",147,"Aquilegia","canadensis","red columbine","Plantae",16523,488,"Leaves (forbs)",2021,3,30,89,2459304,12,2021,10,12,285,2459500,8
6242,43.348259,-70.546036,5,"ME",147,"Aquilegia","canadensis","red columbine","Plantae",28506,390,"Ripe fruits",2021,7,9,190,2459405,10,2021,7,22,203,2459418,5
6242,43.348259,-70.546036,5,"ME",147,"Aquilegia","canadensis","red columbine","Plantae",28506,482,"Initial growth (forbs)",2021,4,6,96,2459311,7,2021,5,7,127,2459342,12
6242,43.348259,-70.546036,5,"ME",147,"Aquilegia","canadensis","red columbine","Plantae",28506,488,"Leaves (forbs)",2021,4,6,96,2459311,7,2021,10,20,293,2459508,44
6242,43.348259,-70.546036,5,"ME",147,"Aquilegia","canadensis","red columbine","Plantae",28506,500,"Flowers or flower buds",2021,5,19,139,2459354,12,2021,6,8,159,2459374,13
6242,43.348259,-70.546036,5,"ME",147,"Aquilegia","canadensis","red columbine","Plantae",28506,501,"Open flowers",2021,6,2,153,2459368,14,2021,6,8,159,2459374,13
6242,43.348259,-70.546036,5,"ME",147,"Aquilegia","canadensis","red columbine","Plantae",28506,504,"Recent fruit or seed drop",2021,7,22,203,2459418,10,2021,8,5,217,2459432,13
6242,43.348259,-70.546036,5,"ME",147,"Aquilegia","canadensis","red columbine","Plantae",28506,516,"Fruits",2021,6,2,153,2459368,14,2021,7,22,203,2459418,5
10779,41.662807,-86.211967,213,"IN",147,"Aquilegia","canadensis","red columbine","Plantae",42763,482,"Initial growth (forbs)",2021,4,7,97,2459312,NA,2021,4,7,97,2459312,7
10779,41.662807,-86.211967,213,"IN",147,"Aquilegia","canadensis","red columbine","Plantae",42763,488,"Leaves (forbs)",2021,4,7,97,2459312,NA,2021,4,28,118,2459333,NA
10779,41.662807,-86.211967,213,"IN",147,"Aquilegia","canadensis","red columbine","Plantae",42763,500,"Flowers or flower buds",2021,4,28,118,2459333,14,2021,4,28,118,2459333,NA
17574,40.863052,-73.881592,30,"NY",784,"Aesculus","pavia","red buckeye","Plantae",67637,390,"Ripe fruits",2021,9,25,268,2459483,14,2021,10,17,290,2459505,15
17574,40.863052,-73.881592,30,"NY",784,"Aesculus","pavia","red buckeye","Plantae",67637,390,"Ripe fruits",2021,11,2,306,2459521,1,2021,11,2,306,2459521,11
17574,40.863052,-73.881592,30,"NY",784,"Aesculus","pavia","red buckeye","Plantae",67637,467,"Increasing leaf size",2021,7,31,212,2459427,NA,2021,7,31,212,2459427,8
17574,40.863052,-73.881592,30,"NY",784,"Aesculus","pavia","red buckeye","Plantae",67637,471,"Falling leaves",2021,10,17,290,2459505,8,2021,11,13,317,2459532,10
17574,40.863052,-73.881592,30,"NY",784,"Aesculus","pavia","red buckeye","Plantae",67637,483,"Leaves",2021,7,31,212,2459427,NA,2021,11,13,317,2459532,10
17574,40.863052,-73.881592,30,"NY",784,"Aesculus","pavia","red buckeye","Plantae",67637,498,"Colored leaves",2021,10,17,290,2459505,8,2021,11,13,317,2459532,10
17574,40.863052,-73.881592,30,"NY",784,"Aesculus","pavia","red buckeye","Plantae",67637,504,"Recent fruit or seed drop",2021,9,4,247,2459462,20,2021,11,2,306,2459521,11
17574,40.863052,-73.881592,30,"NY",784,"Aesculus","pavia","red buckeye","Plantae",67637,516,"Fruits",2021,7,31,212,2459427,NA,2021,11,2,306,2459521,11
6242,43.348259,-70.546036,5,"ME",147,"Aquilegia","canadensis","red columbine","Plantae",126285,482,"Initial growth (forbs)",2021,4,15,105,2459320,9,2021,5,7,127,2459342,12
6242,43.348259,-70.546036,5,"ME",147,"Aquilegia","canadensis","red columbine","Plantae",126285,488,"Leaves (forbs)",2021,4,15,105,2459320,9,2021,10,12,285,2459500,8
28357,30.414719,-88.541824,3,"MS",784,"Aesculus","pavia","red buckeye","Plantae",147491,371,"Breaking leaf buds",2021,5,14,134,2459349,9,2021,6,4,155,2459370,21
28357,30.414719,-88.541824,3,"MS",784,"Aesculus","pavia","red buckeye","Plantae",147491,467,"Increasing leaf size",2021,3,5,64,2459279,14,2021,6,4,155,2459370,21
28357,30.414719,-88.541824,3,"MS",784,"Aesculus","pavia","red buckeye","Plantae",147491,483,"Leaves",2021,3,5,64,2459279,14,2021,8,7,219,2459434,NA
28357,30.414719,-88.541824,3,"MS",784,"Aesculus","pavia","red buckeye","Plantae",147491,500,"Flowers or flower buds",2021,3,5,64,2459279,14,2021,3,16,75,2459290,50
28357,30.414719,-88.541824,3,"MS",784,"Aesculus","pavia","red buckeye","Plantae",147493,371,"Breaking leaf buds",2021,2,19,50,2459265,43,2021,2,19,50,2459265,14
28357,30.414719,-88.541824,3,"MS",784,"Aesculus","pavia","red buckeye","Plantae",147493,371,"Breaking leaf buds",2021,5,14,134,2459349,9,2021,6,4,155,2459370,21
28357,30.414719,-88.541824,3,"MS",784,"Aesculus","pavia","red buckeye","Plantae",147493,467,"Increasing leaf size",2021,2,19,50,2459265,43,2021,6,25,176,2459391,43
28357,30.414719,-88.541824,3,"MS",784,"Aesculus","pavia","red buckeye","Plantae",147493,483,"Leaves",2021,2,19,50,2459265,43,2021,8,7,219,2459434,NA
28357,30.414719,-88.541824,3,"MS",784,"Aesculus","pavia","red buckeye","Plantae",147493,498,"Colored leaves",2021,8,7,219,2459434,43,2021,8,7,219,2459434,NA
28357,30.414719,-88.541824,3,"MS",784,"Aesculus","pavia","red buckeye","Plantae",147493,500,"Flowers or flower buds",2021,2,19,50,2459265,43,2021,3,16,75,2459290,50
28357,30.414719,-88.541824,3,"MS",784,"Aesculus","pavia","red buckeye","Plantae",147493,501,"Open flowers",2021,3,5,64,2459279,14,2021,3,16,75,2459290,50
28357,30.414719,-88.541824,3,"MS",784,"Aesculus","pavia","red buckeye","Plantae",147494,371,"Breaking leaf buds",2021,2,19,50,2459265,43,2021,3,5,64,2459279,11
28357,30.414719,-88.541824,3,"MS",784,"Aesculus","pavia","red buckeye","Plantae",147494,371,"Breaking leaf buds",2021,5,14,134,2459349,9,2021,6,4,155,2459370,21
28357,30.414719,-88.541824,3,"MS",784,"Aesculus","pavia","red buckeye","Plantae",147494,467,"Increasing leaf size",2021,2,19,50,2459265,43,2021,6,25,176,2459391,43
28357,30.414719,-88.541824,3,"MS",784,"Aesculus","pavia","red buckeye","Plantae",147494,483,"Leaves",2021,2,19,50,2459265,43,2021,8,7,219,2459434,NA
28357,30.414719,-88.541824,3,"MS",784,"Aesculus","pavia","red buckeye","Plantae",147494,498,"Colored leaves",2021,8,7,219,2459434,43,2021,8,7,219,2459434,NA
28357,30.414719,-88.541824,3,"MS",784,"Aesculus","pavia","red buckeye","Plantae",147494,500,"Flowers or flower buds",2021,3,5,64,2459279,57,2021,3,16,75,2459290,50
28357,30.414719,-88.541824,3,"MS",784,"Aesculus","pavia","red buckeye","Plantae",147494,501,"Open flowers",2021,3,16,75,2459290,11,2021,3,16,75,2459290,50
31779,47.166275,-122.537384,74,"WA",147,"Aquilegia","canadensis","red columbine","Plantae",174095,482,"Initial growth (forbs)",2021,2,23,54,2459269,NA,2021,3,11,70,2459285,NA
31779,47.166275,-122.537384,74,"WA",147,"Aquilegia","canadensis","red columbine","Plantae",174095,500,"Flowers or flower buds",2021,4,25,115,2459330,NA,2021,4,25,115,2459330,NA
30051,44.478752,-84.672668,364,"MI",147,"Aquilegia","canadensis","red columbine","Plantae",180165,482,"Initial growth (forbs)",2021,4,29,119,2459334,60,2021,5,8,128,2459343,13
30051,44.478752,-84.672668,364,"MI",147,"Aquilegia","canadensis","red columbine","Plantae",180165,488,"Leaves (forbs)",2021,4,29,119,2459334,60,2021,7,20,201,2459416,NA
30051,44.478752,-84.672668,364,"MI",147,"Aquilegia","canadensis","red columbine","Plantae",180165,500,"Flowers or flower buds",2021,6,19,170,2459385,7,2021,6,19,170,2459385,31
30051,44.478752,-84.672668,364,"MI",147,"Aquilegia","canadensis","red columbine","Plantae",180165,501,"Open flowers",2021,6,12,163,2459378,22,2021,6,19,170,2459385,31
30051,44.478752,-84.672668,364,"MI",147,"Aquilegia","canadensis","red columbine","Plantae",180165,504,"Recent fruit or seed drop",2021,7,20,201,2459416,31,2021,7,20,201,2459416,NA
30051,44.478752,-84.672668,364,"MI",147,"Aquilegia","canadensis","red columbine","Plantae",180165,516,"Fruits",2021,6,19,170,2459385,7,2021,6,19,170,2459385,31
32655,30.167885,-93.229988,4,"LA",784,"Aesculus","pavia","red buckeye","Plantae",180858,483,"Leaves",2021,3,4,63,2459278,46,2021,4,29,119,2459334,193
32655,30.167885,-93.229988,4,"LA",784,"Aesculus","pavia","red buckeye","Plantae",180858,500,"Flowers or flower buds",2021,3,4,63,2459278,46,2021,3,4,63,2459278,56
32655,30.167885,-93.229988,4,"LA",784,"Aesculus","pavia","red buckeye","Plantae",180858,501,"Open flowers",2021,3,4,63,2459278,46,2021,3,4,63,2459278,56
33012,42.011364,-93.638145,289,"IA",147,"Aquilegia","canadensis","red columbine","Plantae",199988,390,"Ripe fruits",2021,6,8,159,2459374,5,2021,7,1,182,2459397,7
33012,42.011364,-93.638145,289,"IA",147,"Aquilegia","canadensis","red columbine","Plantae",199988,482,"Initial growth (forbs)",2021,3,24,83,2459298,7,2021,4,7,97,2459312,7
33012,42.011364,-93.638145,289,"IA",147,"Aquilegia","canadensis","red columbine","Plantae",199988,488,"Leaves (forbs)",2021,3,31,90,2459305,7,2021,12,20,354,2459569,10
33012,42.011364,-93.638145,289,"IA",147,"Aquilegia","canadensis","red columbine","Plantae",199988,500,"Flowers or flower buds",2021,4,14,104,2459319,7,2021,5,21,141,2459356,4
33012,42.011364,-93.638145,289,"IA",147,"Aquilegia","canadensis","red columbine","Plantae",199988,500,"Flowers or flower buds",2021,6,10,161,2459376,2,2021,6,10,161,2459376,5
33012,42.011364,-93.638145,289,"IA",147,"Aquilegia","canadensis","red columbine","Plantae",199988,501,"Open flowers",2021,5,3,123,2459338,11,2021,5,21,141,2459356,4
33012,42.011364,-93.638145,289,"IA",147,"Aquilegia","canadensis","red columbine","Plantae",199988,501,"Open flowers",2021,6,10,161,2459376,2,2021,6,10,161,2459376,5
33012,42.011364,-93.638145,289,"IA",147,"Aquilegia","canadensis","red columbine","Plantae",199988,504,"Recent fruit or seed drop",2021,6,8,159,2459374,5,2021,7,8,189,2459404,5
33012,42.011364,-93.638145,289,"IA",147,"Aquilegia","canadensis","red columbine","Plantae",199988,516,"Fruits",2021,5,21,141,2459356,11,2021,7,1,182,2459397,7
36380,36.19149,-78.707611,125,"NC",147,"Aquilegia","canadensis","red columbine","Plantae",224953,390,"Ripe fruits",2021,6,1,152,2459367,6,2021,6,19,170,2459385,6
36380,36.19149,-78.707611,125,"NC",147,"Aquilegia","canadensis","red columbine","Plantae",224953,482,"Initial growth (forbs)",2021,3,3,62,2459277,NA,2021,6,1,152,2459367,2
36380,36.19149,-78.707611,125,"NC",147,"Aquilegia","canadensis","red columbine","Plantae",224953,488,"Leaves (forbs)",2021,3,3,62,2459277,NA,2021,7,6,187,2459402,1
36380,36.19149,-78.707611,125,"NC",147,"Aquilegia","canadensis","red columbine","Plantae",224953,488,"Leaves (forbs)",2021,7,9,190,2459405,2,2021,7,12,193,2459408,5
36380,36.19149,-78.707611,125,"NC",147,"Aquilegia","canadensis","red columbine","Plantae",224953,488,"Leaves (forbs)",2021,8,1,213,2459428,11,2021,8,1,213,2459428,3
36380,36.19149,-78.707611,125,"NC",147,"Aquilegia","canadensis","red columbine","Plantae",224953,500,"Flowers or flower buds",2021,4,2,92,2459307,10,2021,6,1,152,2459367,2
36380,36.19149,-78.707611,125,"NC",147,"Aquilegia","canadensis","red columbine","Plantae",224953,500,"Flowers or flower buds",2021,6,9,160,2459375,2,2021,6,9,160,2459375,3
36380,36.19149,-78.707611,125,"NC",147,"Aquilegia","canadensis","red columbine","Plantae",224953,501,"Open flowers",2021,4,15,105,2459320,7,2021,6,1,152,2459367,2
36380,36.19149,-78.707611,125,"NC",147,"Aquilegia","canadensis","red columbine","Plantae",224953,504,"Recent fruit or seed drop",2021,6,1,152,2459367,6,2021,7,6,187,2459402,1
36380,36.19149,-78.707611,125,"NC",147,"Aquilegia","canadensis","red columbine","Plantae",224953,516,"Fruits",2021,5,22,142,2459357,4,2021,5,22,142,2459357,4
36380,36.19149,-78.707611,125,"NC",147,"Aquilegia","canadensis","red columbine","Plantae",224953,516,"Fruits",2021,6,1,152,2459367,6,2021,6,14,165,2459380,2
37410,32.584236,-91.974403,25,"LA",784,"Aesculus","pavia","red buckeye","Plantae",231645,371,"Breaking leaf buds",2021,1,30,30,2459245,5,2021,2,17,48,2459263,8
37410,32.584236,-91.974403,25,"LA",784,"Aesculus","pavia","red buckeye","Plantae",231645,371,"Breaking leaf buds",2021,3,5,64,2459279,8,2021,3,19,78,2459293,8
37410,32.584236,-91.974403,25,"LA",784,"Aesculus","pavia","red buckeye","Plantae",231645,371,"Breaking leaf buds",2021,4,4,94,2459309,8,2021,4,4,94,2459309,6
37410,32.584236,-91.974403,25,"LA",784,"Aesculus","pavia","red buckeye","Plantae",231645,390,"Ripe fruits",2021,5,22,142,2459357,17,2021,5,27,147,2459362,8
37410,32.584236,-91.974403,25,"LA",784,"Aesculus","pavia","red buckeye","Plantae",231645,467,"Increasing leaf size",2021,3,5,64,2459279,8,2021,4,26,116,2459331,9
37410,32.584236,-91.974403,25,"LA",784,"Aesculus","pavia","red buckeye","Plantae",231645,471,"Falling leaves",2021,3,12,71,2459286,7,2021,3,19,78,2459293,8
37410,32.584236,-91.974403,25,"LA",784,"Aesculus","pavia","red buckeye","Plantae",231645,471,"Falling leaves",2021,7,24,205,2459420,14,2021,10,3,276,2459491,19
37410,32.584236,-91.974403,25,"LA",784,"Aesculus","pavia","red buckeye","Plantae",231645,483,"Leaves",2021,1,3,3,2459218,NA,2021,10,3,276,2459491,19
37410,32.584236,-91.974403,25,"LA",784,"Aesculus","pavia","red buckeye","Plantae",231645,498,"Colored leaves",2021,1,25,25,2459240,9,2021,1,30,30,2459245,18
37410,32.584236,-91.974403,25,"LA",784,"Aesculus","pavia","red buckeye","Plantae",231645,498,"Colored leaves",2021,2,25,56,2459271,8,2021,3,19,78,2459293,8
37410,32.584236,-91.974403,25,"LA",784,"Aesculus","pavia","red buckeye","Plantae",231645,498,"Colored leaves",2021,5,5,125,2459340,9,2021,10,3,276,2459491,19
37410,32.584236,-91.974403,25,"LA",784,"Aesculus","pavia","red buckeye","Plantae",231645,500,"Flowers or flower buds",2021,2,25,56,2459271,8,2021,5,5,125,2459340,17
37410,32.584236,-91.974403,25,"LA",784,"Aesculus","pavia","red buckeye","Plantae",231645,501,"Open flowers",2021,3,19,78,2459293,7,2021,5,5,125,2459340,17
37410,32.584236,-91.974403,25,"LA",784,"Aesculus","pavia","red buckeye","Plantae",231645,516,"Fruits",2021,4,26,116,2459331,8,2021,6,10,161,2459376,11
32443,39.90163,-86.175911,242,"IN",784,"Aesculus","pavia","red buckeye","Plantae",233933,371,"Breaking leaf buds",2021,2,24,55,2459270,NA,2021,12,14,348,2459563,NA
32443,39.90163,-86.175911,242,"IN",784,"Aesculus","pavia","red buckeye","Plantae",233933,467,"Increasing leaf size",2021,4,23,113,2459328,NA,2021,9,3,246,2459461,NA
32443,39.90163,-86.175911,242,"IN",784,"Aesculus","pavia","red buckeye","Plantae",233933,471,"Falling leaves",2021,10,19,292,2459507,NA,2021,11,17,321,2459536,NA
32443,39.90163,-86.175911,242,"IN",784,"Aesculus","pavia","red buckeye","Plantae",233933,483,"Leaves",2021,4,7,97,2459312,NA,2021,10,13,286,2459501,NA
32443,39.90163,-86.175911,242,"IN",784,"Aesculus","pavia","red buckeye","Plantae",233933,498,"Colored leaves",2021,8,18,230,2459445,NA,2021,11,17,321,2459536,NA
43590,32.679604,-92.205376,35,"LA",784,"Aesculus","pavia","red buckeye","Plantae",265889,467,"Increasing leaf size",2021,3,26,85,2459300,NA,2021,3,26,85,2459300,NA
43590,32.679604,-92.205376,35,"LA",784,"Aesculus","pavia","red buckeye","Plantae",265889,483,"Leaves",2021,3,26,85,2459300,NA,2021,3,26,85,2459300,NA
43590,32.679604,-92.205376,35,"LA",784,"Aesculus","pavia","red buckeye","Plantae",265889,500,"Flowers or flower buds",2021,3,26,85,2459300,NA,2021,3,26,85,2459300,NA
43590,32.679604,-92.205376,35,"LA",784,"Aesculus","pavia","red buckeye","Plantae",265889,501,"Open flowers",2021,3,26,85,2459300,NA,2021,3,26,85,2459300,NA
32443,39.90163,-86.175911,242,"IN",147,"Aquilegia","canadensis","red columbine","Plantae",270024,390,"Ripe fruits",2021,6,16,167,2459382,NA,2021,6,16,167,2459382,NA
32443,39.90163,-86.175911,242,"IN",147,"Aquilegia","canadensis","red columbine","Plantae",270024,488,"Leaves (forbs)",2021,4,28,118,2459333,NA,2021,6,9,160,2459375,NA
32443,39.90163,-86.175911,242,"IN",147,"Aquilegia","canadensis","red columbine","Plantae",270024,500,"Flowers or flower buds",2021,4,28,118,2459333,NA,2021,6,2,153,2459368,NA
32443,39.90163,-86.175911,242,"IN",147,"Aquilegia","canadensis","red columbine","Plantae",270024,501,"Open flowers",2021,4,28,118,2459333,NA,2021,6,2,153,2459368,NA
32443,39.90163,-86.175911,242,"IN",147,"Aquilegia","canadensis","red columbine","Plantae",270024,504,"Recent fruit or seed drop",2021,6,9,160,2459375,NA,2021,6,23,174,2459389,NA
57074,31.8568,-88.160919,42,"AL",784,"Aesculus","pavia","red buckeye","Plantae",356688,471,"Falling leaves",2021,7,1,182,2459397,21,2021,7,1,182,2459397,7
57074,31.8568,-88.160919,42,"AL",784,"Aesculus","pavia","red buckeye","Plantae",356688,471,"Falling leaves",2021,7,29,210,2459425,7,2021,7,29,210,2459425,7
57074,31.8568,-88.160919,42,"AL",784,"Aesculus","pavia","red buckeye","Plantae",356688,483,"Leaves",2021,6,3,154,2459369,NA,2021,9,23,266,2459481,7
57074,31.8568,-88.160919,42,"AL",784,"Aesculus","pavia","red buckeye","Plantae",356688,498,"Colored leaves",2021,6,10,161,2459376,7,2021,7,8,189,2459404,7
57074,31.8568,-88.160919,42,"AL",784,"Aesculus","pavia","red buckeye","Plantae",356688,498,"Colored leaves",2021,7,22,203,2459418,7,2021,7,29,210,2459425,7
57074,31.8568,-88.160919,42,"AL",784,"Aesculus","pavia","red buckeye","Plantae",356688,498,"Colored leaves",2021,9,9,252,2459467,14,2021,9,9,252,2459467,7
57074,31.8568,-88.160919,42,"AL",784,"Aesculus","pavia","red buckeye","Plantae",356688,498,"Colored leaves",2021,9,23,266,2459481,7,2021,9,23,266,2459481,7
57074,31.8568,-88.160919,42,"AL",784,"Aesculus","pavia","red buckeye","Plantae",356689,483,"Leaves",2021,6,3,154,2459369,NA,2021,6,10,161,2459376,21
57074,31.8568,-88.160919,42,"AL",784,"Aesculus","pavia","red buckeye","Plantae",356689,498,"Colored leaves",2021,6,10,161,2459376,7,2021,6,10,161,2459376,21
57074,31.8568,-88.160919,42,"AL",784,"Aesculus","pavia","red buckeye","Plantae",356694,471,"Falling leaves",2021,7,29,210,2459425,7,2021,7,29,210,2459425,7
57074,31.8568,-88.160919,42,"AL",784,"Aesculus","pavia","red buckeye","Plantae",356694,471,"Falling leaves",2021,9,9,252,2459467,14,2021,9,9,252,2459467,7
57074,31.8568,-88.160919,42,"AL",784,"Aesculus","pavia","red buckeye","Plantae",356694,471,"Falling leaves",2021,9,30,273,2459488,7,2021,9,30,273,2459488,7
57074,31.8568,-88.160919,42,"AL",784,"Aesculus","pavia","red buckeye","Plantae",356694,483,"Leaves",2021,6,3,154,2459369,NA,2021,9,30,273,2459488,7
57074,31.8568,-88.160919,42,"AL",784,"Aesculus","pavia","red buckeye","Plantae",356694,498,"Colored leaves",2021,6,10,161,2459376,7,2021,7,8,189,2459404,7
57074,31.8568,-88.160919,42,"AL",784,"Aesculus","pavia","red buckeye","Plantae",356694,498,"Colored leaves",2021,7,22,203,2459418,7,2021,7,29,210,2459425,7
57074,31.8568,-88.160919,42,"AL",784,"Aesculus","pavia","red buckeye","Plantae",356694,498,"Colored leaves",2021,9,9,252,2459467,14,2021,9,9,252,2459467,7
57074,31.8568,-88.160919,42,"AL",784,"Aesculus","pavia","red buckeye","Plantae",356694,498,"Colored leaves",2021,9,23,266,2459481,7,2021,9,30,273,2459488,7
57074,31.8568,-88.160919,42,"AL",784,"Aesculus","pavia","red buckeye","Plantae",356696,471,"Falling leaves",2021,10,21,294,2459509,7,2021,10,21,294,2459509,6
57074,31.8568,-88.160919,42,"AL",784,"Aesculus","pavia","red buckeye","Plantae",356696,483,"Leaves",2021,6,3,154,2459369,NA,2021,8,26,238,2459453,14
57074,31.8568,-88.160919,42,"AL",784,"Aesculus","pavia","red buckeye","Plantae",356696,498,"Colored leaves",2021,7,1,182,2459397,21,2021,7,1,182,2459397,7
57074,31.8568,-88.160919,42,"AL",784,"Aesculus","pavia","red buckeye","Plantae",356696,498,"Colored leaves",2021,7,22,203,2459418,7,2021,7,29,210,2459425,7
57074,31.8568,-88.160919,42,"AL",784,"Aesculus","pavia","red buckeye","Plantae",356701,471,"Falling leaves",2021,7,29,210,2459425,7,2021,7,29,210,2459425,7
57074,31.8568,-88.160919,42,"AL",784,"Aesculus","pavia","red buckeye","Plantae",356701,471,"Falling leaves",2021,9,9,252,2459467,14,2021,9,23,266,2459481,7
57074,31.8568,-88.160919,42,"AL",784,"Aesculus","pavia","red buckeye","Plantae",356701,483,"Leaves",2021,6,3,154,2459369,NA,2021,9,23,266,2459481,7
57074,31.8568,-88.160919,42,"AL",784,"Aesculus","pavia","red buckeye","Plantae",356701,498,"Colored leaves",2021,6,10,161,2459376,7,2021,7,8,189,2459404,7
57074,31.8568,-88.160919,42,"AL",784,"Aesculus","pavia","red buckeye","Plantae",356701,498,"Colored leaves",2021,7,22,203,2459418,7,2021,7,29,210,2459425,7
57074,31.8568,-88.160919,42,"AL",784,"Aesculus","pavia","red buckeye","Plantae",356701,498,"Colored leaves",2021,9,9,252,2459467,14,2021,9,9,252,2459467,7
57074,31.8568,-88.160919,42,"AL",784,"Aesculus","pavia","red buckeye","Plantae",356701,498,"Colored leaves",2021,9,23,266,2459481,7,2021,9,23,266,2459481,7
2394,45.425339,-93.186249,278,"MN",147,"Aquilegia","canadensis","red columbine","Plantae",3818,482,"Initial growth (forbs)",2022,5,18,138,2459718,5,2022,5,18,138,2459718,9
2394,45.425339,-93.186249,278,"MN",147,"Aquilegia","canadensis","red columbine","Plantae",3818,482,"Initial growth (forbs)",2022,6,1,152,2459732,5,2022,6,1,152,2459732,2
2394,45.425339,-93.186249,278,"MN",147,"Aquilegia","canadensis","red columbine","Plantae",3818,482,"Initial growth (forbs)",2022,6,23,174,2459754,7,2022,6,23,174,2459754,10
2394,45.425339,-93.186249,278,"MN",147,"Aquilegia","canadensis","red columbine","Plantae",3818,482,"Initial growth (forbs)",2022,7,12,193,2459773,1,2022,7,12,193,2459773,6
2394,45.425339,-93.186249,278,"MN",147,"Aquilegia","canadensis","red columbine","Plantae",3818,488,"Leaves (forbs)",2022,5,18,138,2459718,5,2022,5,18,138,2459718,9
2394,45.425339,-93.186249,278,"MN",147,"Aquilegia","canadensis","red columbine","Plantae",3818,488,"Leaves (forbs)",2022,6,1,152,2459732,5,2022,11,2,306,2459886,NA
2394,45.425339,-93.186249,278,"MN",147,"Aquilegia","canadensis","red columbine","Plantae",3818,500,"Flowers or flower buds",2022,6,1,152,2459732,5,2022,6,3,154,2459734,13
2394,45.425339,-93.186249,278,"MN",147,"Aquilegia","canadensis","red columbine","Plantae",3900,482,"Initial growth (forbs)",2022,5,13,133,2459713,6,2022,6,1,152,2459732,2
2394,45.425339,-93.186249,278,"MN",147,"Aquilegia","canadensis","red columbine","Plantae",3900,488,"Leaves (forbs)",2022,4,27,117,2459697,1,2022,4,27,117,2459697,5
2394,45.425339,-93.186249,278,"MN",147,"Aquilegia","canadensis","red columbine","Plantae",3900,488,"Leaves (forbs)",2022,5,7,127,2459707,3,2022,11,2,306,2459886,NA
2394,45.425339,-93.186249,278,"MN",147,"Aquilegia","canadensis","red columbine","Plantae",3900,500,"Flowers or flower buds",2022,6,1,152,2459732,5,2022,6,3,154,2459734,13
2394,45.425339,-93.186249,278,"MN",147,"Aquilegia","canadensis","red columbine","Plantae",3900,501,"Open flowers",2022,6,1,152,2459732,5,2022,6,1,152,2459732,2
6242,43.348259,-70.546036,5,"ME",147,"Aquilegia","canadensis","red columbine","Plantae",16523,390,"Ripe fruits",2022,7,20,201,2459781,8,2022,7,20,201,2459781,8
6242,43.348259,-70.546036,5,"ME",147,"Aquilegia","canadensis","red columbine","Plantae",16523,390,"Ripe fruits",2022,9,13,256,2459836,6,2022,9,30,273,2459853,7
6242,43.348259,-70.546036,5,"ME",147,"Aquilegia","canadensis","red columbine","Plantae",16523,482,"Initial growth (forbs)",2022,4,28,118,2459698,83,2022,5,12,132,2459712,21
6242,43.348259,-70.546036,5,"ME",147,"Aquilegia","canadensis","red columbine","Plantae",16523,488,"Leaves (forbs)",2022,4,28,118,2459698,83,2022,10,7,280,2459860,20
6242,43.348259,-70.546036,5,"ME",147,"Aquilegia","canadensis","red columbine","Plantae",16523,500,"Flowers or flower buds",2022,6,2,153,2459733,21,2022,6,28,179,2459759,7
6242,43.348259,-70.546036,5,"ME",147,"Aquilegia","canadensis","red columbine","Plantae",16523,501,"Open flowers",2022,6,22,173,2459753,9,2022,6,22,173,2459753,6
6242,43.348259,-70.546036,5,"ME",147,"Aquilegia","canadensis","red columbine","Plantae",16523,504,"Recent fruit or seed drop",2022,7,28,209,2459789,8,2022,8,24,236,2459816,14
6242,43.348259,-70.546036,5,"ME",147,"Aquilegia","canadensis","red columbine","Plantae",16523,504,"Recent fruit or seed drop",2022,9,13,256,2459836,6,2022,10,7,280,2459860,20
6242,43.348259,-70.546036,5,"ME",147,"Aquilegia","canadensis","red columbine","Plantae",16523,516,"Fruits",2022,7,12,193,2459773,7,2022,7,20,201,2459781,8
6242,43.348259,-70.546036,5,"ME",147,"Aquilegia","canadensis","red columbine","Plantae",28506,482,"Initial growth (forbs)",2022,4,28,118,2459698,83,2022,5,12,132,2459712,21
6242,43.348259,-70.546036,5,"ME",147,"Aquilegia","canadensis","red columbine","Plantae",28506,488,"Leaves (forbs)",2022,4,28,118,2459698,83,2022,5,12,132,2459712,21
6242,43.348259,-70.546036,5,"ME",147,"Aquilegia","canadensis","red columbine","Plantae",28506,488,"Leaves (forbs)",2022,9,13,256,2459836,20,2022,9,13,256,2459836,17
6242,43.348259,-70.546036,5,"ME",147,"Aquilegia","canadensis","red columbine","Plantae",28506,488,"Leaves (forbs)",2022,10,7,280,2459860,7,2022,10,7,280,2459860,20
6242,43.348259,-70.546036,5,"ME",147,"Aquilegia","canadensis","red columbine","Plantae",28506,504,"Recent fruit or seed drop",2022,9,13,256,2459836,20,2022,9,13,256,2459836,17
10585,41.433689,-81.693153,219,"OH",147,"Aquilegia","canadensis","red columbine","Plantae",45124,390,"Ripe fruits",2022,6,9,160,2459740,7,2022,6,16,167,2459747,7
10585,41.433689,-81.693153,219,"OH",147,"Aquilegia","canadensis","red columbine","Plantae",45124,482,"Initial growth (forbs)",2022,3,24,83,2459663,7,2022,4,21,111,2459691,NA
10585,41.433689,-81.693153,219,"OH",147,"Aquilegia","canadensis","red columbine","Plantae",45124,488,"Leaves (forbs)",2022,3,24,83,2459663,NA,2022,5,12,132,2459712,NA
10585,41.433689,-81.693153,219,"OH",147,"Aquilegia","canadensis","red columbine","Plantae",45124,500,"Flowers or flower buds",2022,5,5,125,2459705,7,2022,5,19,139,2459719,NA
10585,41.433689,-81.693153,219,"OH",147,"Aquilegia","canadensis","red columbine","Plantae",45124,501,"Open flowers",2022,5,19,139,2459719,7,2022,5,26,146,2459726,7
10585,41.433689,-81.693153,219,"OH",147,"Aquilegia","canadensis","red columbine","Plantae",45124,504,"Recent fruit or seed drop",2022,6,9,160,2459740,NA,2022,6,16,167,2459747,7
10585,41.433689,-81.693153,219,"OH",147,"Aquilegia","canadensis","red columbine","Plantae",45124,516,"Fruits",2022,6,2,153,2459733,7,2022,6,16,167,2459747,7
17574,40.863052,-73.881592,30,"NY",784,"Aesculus","pavia","red buckeye","Plantae",67637,371,"Breaking leaf buds",2022,3,15,74,2459654,11,2022,4,14,104,2459684,3
17574,40.863052,-73.881592,30,"NY",784,"Aesculus","pavia","red buckeye","Plantae",67637,371,"Breaking leaf buds",2022,5,20,140,2459720,5,2022,5,20,140,2459720,2
17574,40.863052,-73.881592,30,"NY",784,"Aesculus","pavia","red buckeye","Plantae",67637,371,"Breaking leaf buds",2022,5,29,149,2459729,3,2022,6,1,152,2459732,8
17574,40.863052,-73.881592,30,"NY",784,"Aesculus","pavia","red buckeye","Plantae",67637,371,"Breaking leaf buds",2022,6,30,181,2459761,4,2022,6,30,181,2459761,17
17574,40.863052,-73.881592,30,"NY",784,"Aesculus","pavia","red buckeye","Plantae",67637,390,"Ripe fruits",2022,6,9,160,2459740,8,2022,6,9,160,2459740,5
17574,40.863052,-73.881592,30,"NY",784,"Aesculus","pavia","red buckeye","Plantae",67637,390,"Ripe fruits",2022,6,26,177,2459757,2,2022,6,26,177,2459757,4
17574,40.863052,-73.881592,30,"NY",784,"Aesculus","pavia","red buckeye","Plantae",67637,390,"Ripe fruits",2022,7,28,209,2459789,11,2022,10,10,283,2459863,9
17574,40.863052,-73.881592,30,"NY",784,"Aesculus","pavia","red buckeye","Plantae",67637,390,"Ripe fruits",2022,11,26,330,2459910,6,2022,11,26,330,2459910,1
17574,40.863052,-73.881592,30,"NY",784,"Aesculus","pavia","red buckeye","Plantae",67637,467,"Increasing leaf size",2022,3,27,86,2459666,12,2022,3,27,86,2459666,3
17574,40.863052,-73.881592,30,"NY",784,"Aesculus","pavia","red buckeye","Plantae",67637,467,"Increasing leaf size",2022,4,7,97,2459677,8,2022,5,5,125,2459705,10
17574,40.863052,-73.881592,30,"NY",784,"Aesculus","pavia","red buckeye","Plantae",67637,467,"Increasing leaf size",2022,5,20,140,2459720,5,2022,6,14,165,2459745,4
17574,40.863052,-73.881592,30,"NY",784,"Aesculus","pavia","red buckeye","Plantae",67637,467,"Increasing leaf size",2022,6,30,181,2459761,4,2022,6,30,181,2459761,17
17574,40.863052,-73.881592,30,"NY",784,"Aesculus","pavia","red buckeye","Plantae",67637,471,"Falling leaves",2022,10,10,283,2459863,11,2022,11,5,309,2459889,8
17574,40.863052,-73.881592,30,"NY",784,"Aesculus","pavia","red buckeye","Plantae",67637,483,"Leaves",2022,3,27,86,2459666,12,2022,3,27,86,2459666,3
17574,40.863052,-73.881592,30,"NY",784,"Aesculus","pavia","red buckeye","Plantae",67637,483,"Leaves",2022,4,7,97,2459677,8,2022,11,5,309,2459889,8
17574,40.863052,-73.881592,30,"NY",784,"Aesculus","pavia","red buckeye","Plantae",67637,498,"Colored leaves",2022,10,10,283,2459863,11,2022,11,5,309,2459889,8
17574,40.863052,-73.881592,30,"NY",784,"Aesculus","pavia","red buckeye","Plantae",67637,500,"Flowers or flower buds",2022,3,4,63,2459643,NA,2022,3,4,63,2459643,11
17574,40.863052,-73.881592,30,"NY",784,"Aesculus","pavia","red buckeye","Plantae",67637,500,"Flowers or flower buds",2022,4,28,118,2459698,4,2022,5,22,142,2459722,4
17574,40.863052,-73.881592,30,"NY",784,"Aesculus","pavia","red buckeye","Plantae",67637,500,"Flowers or flower buds",2022,6,30,181,2459761,4,2022,6,30,181,2459761,17
17574,40.863052,-73.881592,30,"NY",784,"Aesculus","pavia","red buckeye","Plantae",67637,501,"Open flowers",2022,6,30,181,2459761,4,2022,6,30,181,2459761,17
17574,40.863052,-73.881592,30,"NY",784,"Aesculus","pavia","red buckeye","Plantae",67637,504,"Recent fruit or seed drop",2022,6,9,160,2459740,8,2022,6,9,160,2459740,5
17574,40.863052,-73.881592,30,"NY",784,"Aesculus","pavia","red buckeye","Plantae",67637,504,"Recent fruit or seed drop",2022,9,29,272,2459852,14,2022,10,10,283,2459863,9
17574,40.863052,-73.881592,30,"NY",784,"Aesculus","pavia","red buckeye","Plantae",67637,516,"Fruits",2022,5,15,135,2459715,10,2022,5,15,135,2459715,7
17574,40.863052,-73.881592,30,"NY",784,"Aesculus","pavia","red buckeye","Plantae",67637,516,"Fruits",2022,5,26,146,2459726,4,2022,10,10,283,2459863,9
24164,40.665085,-73.963432,17,"NY",784,"Aesculus","pavia","red buckeye","Plantae",114555,371,"Breaking leaf buds",2022,4,8,98,2459678,14,2022,4,8,98,2459678,6
24164,40.665085,-73.963432,17,"NY",784,"Aesculus","pavia","red buckeye","Plantae",114555,500,"Flowers or flower buds",2022,4,8,98,2459678,14,2022,4,8,98,2459678,6
6242,43.348259,-70.546036,5,"ME",147,"Aquilegia","canadensis","red columbine","Plantae",126285,482,"Initial growth (forbs)",2022,4,28,118,2459698,83,2022,5,12,132,2459712,21
6242,43.348259,-70.546036,5,"ME",147,"Aquilegia","canadensis","red columbine","Plantae",126285,488,"Leaves (forbs)",2022,4,28,118,2459698,83,2022,8,24,236,2459816,14
6242,43.348259,-70.546036,5,"ME",147,"Aquilegia","canadensis","red columbine","Plantae",126285,488,"Leaves (forbs)",2022,9,13,256,2459836,6,2022,10,7,280,2459860,20
6242,43.348259,-70.546036,5,"ME",147,"Aquilegia","canadensis","red columbine","Plantae",126285,500,"Flowers or flower buds",2022,6,2,153,2459733,21,2022,6,7,158,2459738,6
6242,43.348259,-70.546036,5,"ME",147,"Aquilegia","canadensis","red columbine","Plantae",126285,500,"Flowers or flower buds",2022,6,22,173,2459753,9,2022,6,28,179,2459759,7
6242,43.348259,-70.546036,5,"ME",147,"Aquilegia","canadensis","red columbine","Plantae",126285,500,"Flowers or flower buds",2022,8,5,217,2459797,8,2022,8,5,217,2459797,4
6242,43.348259,-70.546036,5,"ME",147,"Aquilegia","canadensis","red columbine","Plantae",126285,501,"Open flowers",2022,6,7,158,2459738,5,2022,6,7,158,2459738,6
6242,43.348259,-70.546036,5,"ME",147,"Aquilegia","canadensis","red columbine","Plantae",126285,501,"Open flowers",2022,8,5,217,2459797,8,2022,8,5,217,2459797,4
6242,43.348259,-70.546036,5,"ME",147,"Aquilegia","canadensis","red columbine","Plantae",126285,504,"Recent fruit or seed drop",2022,7,20,201,2459781,8,2022,8,24,236,2459816,14
6242,43.348259,-70.546036,5,"ME",147,"Aquilegia","canadensis","red columbine","Plantae",126285,504,"Recent fruit or seed drop",2022,9,13,256,2459836,6,2022,9,30,273,2459853,7
6242,43.348259,-70.546036,5,"ME",147,"Aquilegia","canadensis","red columbine","Plantae",126285,516,"Fruits",2022,6,13,164,2459744,6,2022,6,13,164,2459744,9
6242,43.348259,-70.546036,5,"ME",147,"Aquilegia","canadensis","red columbine","Plantae",126285,516,"Fruits",2022,7,12,193,2459773,7,2022,7,20,201,2459781,8
25797,30.376991,-97.76033,249,"TX",784,"Aesculus","pavia","red buckeye","Plantae",128146,371,"Breaking leaf buds",2022,3,28,87,2459667,NA,2022,3,28,87,2459667,NA
25797,30.376991,-97.76033,249,"TX",784,"Aesculus","pavia","red buckeye","Plantae",128146,467,"Increasing leaf size",2022,3,28,87,2459667,NA,2022,3,28,87,2459667,NA
25797,30.376991,-97.76033,249,"TX",784,"Aesculus","pavia","red buckeye","Plantae",128146,483,"Leaves",2022,3,28,87,2459667,NA,2022,3,28,87,2459667,NA
25797,30.376991,-97.76033,249,"TX",784,"Aesculus","pavia","red buckeye","Plantae",128146,500,"Flowers or flower buds",2022,3,28,87,2459667,NA,2022,3,28,87,2459667,NA
25797,30.376991,-97.76033,249,"TX",784,"Aesculus","pavia","red buckeye","Plantae",128146,501,"Open flowers",2022,3,28,87,2459667,NA,2022,3,28,87,2459667,NA
28357,30.414719,-88.541824,3,"MS",784,"Aesculus","pavia","red buckeye","Plantae",147491,467,"Increasing leaf size",2022,6,3,154,2459734,NA,2022,6,3,154,2459734,63
28357,30.414719,-88.541824,3,"MS",784,"Aesculus","pavia","red buckeye","Plantae",147491,483,"Leaves",2022,6,3,154,2459734,NA,2022,8,17,229,2459809,71
28357,30.414719,-88.541824,3,"MS",784,"Aesculus","pavia","red buckeye","Plantae",147493,483,"Leaves",2022,6,3,154,2459734,NA,2022,8,17,229,2459809,71
28357,30.414719,-88.541824,3,"MS",784,"Aesculus","pavia","red buckeye","Plantae",147494,467,"Increasing leaf size",2022,6,3,154,2459734,NA,2022,6,3,154,2459734,63
28357,30.414719,-88.541824,3,"MS",784,"Aesculus","pavia","red buckeye","Plantae",147494,483,"Leaves",2022,6,3,154,2459734,NA,2022,8,17,229,2459809,71
31779,47.166275,-122.537384,74,"WA",147,"Aquilegia","canadensis","red columbine","Plantae",174095,482,"Initial growth (forbs)",2022,2,4,35,2459615,NA,2022,4,28,118,2459698,NA
31779,47.166275,-122.537384,74,"WA",147,"Aquilegia","canadensis","red columbine","Plantae",174095,488,"Leaves (forbs)",2022,2,17,48,2459628,13,2022,4,28,118,2459698,NA
31779,47.166275,-122.537384,74,"WA",147,"Aquilegia","canadensis","red columbine","Plantae",174095,500,"Flowers or flower buds",2022,4,28,118,2459698,55,2022,4,28,118,2459698,NA
31779,47.166275,-122.537384,74,"WA",147,"Aquilegia","canadensis","red columbine","Plantae",174095,501,"Open flowers",2022,5,27,147,2459727,84,2022,5,27,147,2459727,NA
30051,44.478752,-84.672668,364,"MI",147,"Aquilegia","canadensis","red columbine","Plantae",180165,482,"Initial growth (forbs)",2022,5,9,129,2459709,NA,2022,5,9,129,2459709,NA
30051,44.478752,-84.672668,364,"MI",147,"Aquilegia","canadensis","red columbine","Plantae",180165,488,"Leaves (forbs)",2022,5,9,129,2459709,NA,2022,5,9,129,2459709,NA
33012,42.011364,-93.638145,289,"IA",147,"Aquilegia","canadensis","red columbine","Plantae",199988,390,"Ripe fruits",2022,6,14,165,2459745,5,2022,9,28,271,2459851,7
33012,42.011364,-93.638145,289,"IA",147,"Aquilegia","canadensis","red columbine","Plantae",199988,482,"Initial growth (forbs)",2022,4,27,117,2459697,104,2022,5,6,126,2459706,5
33012,42.011364,-93.638145,289,"IA",147,"Aquilegia","canadensis","red columbine","Plantae",199988,488,"Leaves (forbs)",2022,4,27,117,2459697,104,2022,10,26,299,2459879,6
33012,42.011364,-93.638145,289,"IA",147,"Aquilegia","canadensis","red columbine","Plantae",199988,500,"Flowers or flower buds",2022,5,6,126,2459706,9,2022,6,9,160,2459740,5
33012,42.011364,-93.638145,289,"IA",147,"Aquilegia","canadensis","red columbine","Plantae",199988,500,"Flowers or flower buds",2022,6,27,178,2459758,3,2022,7,12,193,2459773,6
33012,42.011364,-93.638145,289,"IA",147,"Aquilegia","canadensis","red columbine","Plantae",199988,501,"Open flowers",2022,5,11,131,2459711,5,2022,6,9,160,2459740,5
33012,42.011364,-93.638145,289,"IA",147,"Aquilegia","canadensis","red columbine","Plantae",199988,501,"Open flowers",2022,6,27,178,2459758,3,2022,7,12,193,2459773,6
33012,42.011364,-93.638145,289,"IA",147,"Aquilegia","canadensis","red columbine","Plantae",199988,504,"Recent fruit or seed drop",2022,6,27,178,2459758,11,2022,10,5,278,2459858,7
33012,42.011364,-93.638145,289,"IA",147,"Aquilegia","canadensis","red columbine","Plantae",199988,516,"Fruits",2022,6,2,153,2459733,2,2022,6,2,153,2459733,5
33012,42.011364,-93.638145,289,"IA",147,"Aquilegia","canadensis","red columbine","Plantae",199988,516,"Fruits",2022,6,14,165,2459745,5,2022,9,28,271,2459851,7
36380,36.19149,-78.707611,125,"NC",147,"Aquilegia","canadensis","red columbine","Plantae",224953,390,"Ripe fruits",2022,5,18,138,2459718,8,2022,6,30,181,2459761,6
36380,36.19149,-78.707611,125,"NC",147,"Aquilegia","canadensis","red columbine","Plantae",224953,482,"Initial growth (forbs)",2022,2,17,48,2459628,8,2022,2,17,48,2459628,6
36380,36.19149,-78.707611,125,"NC",147,"Aquilegia","canadensis","red columbine","Plantae",224953,482,"Initial growth (forbs)",2022,3,2,61,2459641,7,2022,4,27,117,2459697,6
36380,36.19149,-78.707611,125,"NC",147,"Aquilegia","canadensis","red columbine","Plantae",224953,488,"Leaves (forbs)",2022,3,2,61,2459641,7,2022,6,1,152,2459732,8
36380,36.19149,-78.707611,125,"NC",147,"Aquilegia","canadensis","red columbine","Plantae",224953,488,"Leaves (forbs)",2022,6,15,166,2459746,6,2022,6,15,166,2459746,7
36380,36.19149,-78.707611,125,"NC",147,"Aquilegia","canadensis","red columbine","Plantae",224953,488,"Leaves (forbs)",2022,6,30,181,2459761,8,2022,8,31,243,2459823,7
36380,36.19149,-78.707611,125,"NC",147,"Aquilegia","canadensis","red columbine","Plantae",224953,488,"Leaves (forbs)",2022,10,18,291,2459871,6,2022,11,16,320,2459900,NA
36380,36.19149,-78.707611,125,"NC",147,"Aquilegia","canadensis","red columbine","Plantae",224953,500,"Flowers or flower buds",2022,4,14,104,2459684,13,2022,5,25,145,2459725,7
36380,36.19149,-78.707611,125,"NC",147,"Aquilegia","canadensis","red columbine","Plantae",224953,501,"Open flowers",2022,4,14,104,2459684,13,2022,5,25,145,2459725,7
36380,36.19149,-78.707611,125,"NC",147,"Aquilegia","canadensis","red columbine","Plantae",224953,504,"Recent fruit or seed drop",2022,5,18,138,2459718,8,2022,7,6,187,2459767,7
36380,36.19149,-78.707611,125,"NC",147,"Aquilegia","canadensis","red columbine","Plantae",224953,516,"Fruits",2022,4,27,117,2459697,7,2022,6,15,166,2459746,7
36380,36.19149,-78.707611,125,"NC",147,"Aquilegia","canadensis","red columbine","Plantae",224953,516,"Fruits",2022,6,30,181,2459761,8,2022,6,30,181,2459761,6
37410,32.584236,-91.974403,25,"LA",784,"Aesculus","pavia","red buckeye","Plantae",231645,371,"Breaking leaf buds",2022,2,11,42,2459622,NA,2022,2,24,55,2459635,17
37410,32.584236,-91.974403,25,"LA",784,"Aesculus","pavia","red buckeye","Plantae",231645,390,"Ripe fruits",2022,6,19,170,2459750,20,2022,7,9,190,2459770,58
37410,32.584236,-91.974403,25,"LA",784,"Aesculus","pavia","red buckeye","Plantae",231645,467,"Increasing leaf size",2022,2,11,42,2459622,NA,2022,6,27,178,2459758,12
37410,32.584236,-91.974403,25,"LA",784,"Aesculus","pavia","red buckeye","Plantae",231645,471,"Falling leaves",2022,9,5,248,2459828,45,2022,9,5,248,2459828,48
37410,32.584236,-91.974403,25,"LA",784,"Aesculus","pavia","red buckeye","Plantae",231645,483,"Leaves",2022,2,11,42,2459622,NA,2022,9,5,248,2459828,48
37410,32.584236,-91.974403,25,"LA",784,"Aesculus","pavia","red buckeye","Plantae",231645,498,"Colored leaves",2022,6,19,170,2459750,20,2022,9,5,248,2459828,48
37410,32.584236,-91.974403,25,"LA",784,"Aesculus","pavia","red buckeye","Plantae",231645,500,"Flowers or flower buds",2022,2,24,55,2459635,13,2022,5,23,143,2459723,7
37410,32.584236,-91.974403,25,"LA",784,"Aesculus","pavia","red buckeye","Plantae",231645,501,"Open flowers",2022,4,18,108,2459688,31,2022,5,23,143,2459723,7
37410,32.584236,-91.974403,25,"LA",784,"Aesculus","pavia","red buckeye","Plantae",231645,504,"Recent fruit or seed drop",2022,6,19,170,2459750,20,2022,6,19,170,2459750,8
37410,32.584236,-91.974403,25,"LA",784,"Aesculus","pavia","red buckeye","Plantae",231645,504,"Recent fruit or seed drop",2022,9,5,248,2459828,45,2022,9,5,248,2459828,48
37410,32.584236,-91.974403,25,"LA",784,"Aesculus","pavia","red buckeye","Plantae",231645,516,"Fruits",2022,5,9,129,2459709,21,2022,9,5,248,2459828,48
32443,39.90163,-86.175911,242,"IN",784,"Aesculus","pavia","red buckeye","Plantae",233933,371,"Breaking leaf buds",2022,2,21,52,2459632,NA,2022,11,29,333,2459913,NA
32443,39.90163,-86.175911,242,"IN",784,"Aesculus","pavia","red buckeye","Plantae",233933,467,"Increasing leaf size",2022,4,27,117,2459697,NA,2022,8,16,228,2459808,NA
32443,39.90163,-86.175911,242,"IN",784,"Aesculus","pavia","red buckeye","Plantae",233933,471,"Falling leaves",2022,10,18,291,2459871,NA,2022,11,1,305,2459885,NA
32443,39.90163,-86.175911,242,"IN",784,"Aesculus","pavia","red buckeye","Plantae",233933,483,"Leaves",2022,4,12,102,2459682,NA,2022,9,6,249,2459829,NA
32443,39.90163,-86.175911,242,"IN",784,"Aesculus","pavia","red buckeye","Plantae",233933,498,"Colored leaves",2022,8,30,242,2459822,NA,2022,10,18,291,2459871,NA
32443,39.90163,-86.175911,242,"IN",147,"Aquilegia","canadensis","red columbine","Plantae",270024,390,"Ripe fruits",2022,6,1,152,2459732,NA,2022,6,21,172,2459752,NA
32443,39.90163,-86.175911,242,"IN",147,"Aquilegia","canadensis","red columbine","Plantae",270024,482,"Initial growth (forbs)",2022,4,2,92,2459672,NA,2022,4,12,102,2459682,NA
32443,39.90163,-86.175911,242,"IN",147,"Aquilegia","canadensis","red columbine","Plantae",270024,488,"Leaves (forbs)",2022,4,12,102,2459682,NA,2022,9,6,249,2459829,NA
32443,39.90163,-86.175911,242,"IN",147,"Aquilegia","canadensis","red columbine","Plantae",270024,500,"Flowers or flower buds",2022,4,29,119,2459699,NA,2022,5,17,137,2459717,NA
32443,39.90163,-86.175911,242,"IN",147,"Aquilegia","canadensis","red columbine","Plantae",270024,501,"Open flowers",2022,5,17,137,2459717,NA,2022,5,17,137,2459717,NA
32443,39.90163,-86.175911,242,"IN",147,"Aquilegia","canadensis","red columbine","Plantae",270024,516,"Fruits",2022,5,25,145,2459725,NA,2022,5,25,145,2459725,NA
46202,35.16766,-81.05687,199,"NC",784,"Aesculus","pavia","red buckeye","Plantae",283089,371,"Breaking leaf buds",2022,1,19,19,2459599,7,2022,1,19,19,2459599,7
46202,35.16766,-81.05687,199,"NC",784,"Aesculus","pavia","red buckeye","Plantae",283089,371,"Breaking leaf buds",2022,2,2,33,2459613,7,2022,2,2,33,2459613,7
46202,35.16766,-81.05687,199,"NC",784,"Aesculus","pavia","red buckeye","Plantae",283089,371,"Breaking leaf buds",2022,2,16,47,2459627,7,2022,2,16,47,2459627,6
46202,35.16766,-81.05687,199,"NC",784,"Aesculus","pavia","red buckeye","Plantae",283089,371,"Breaking leaf buds",2022,3,14,73,2459653,6,2022,3,15,74,2459654,7
46202,35.16766,-81.05687,199,"NC",784,"Aesculus","pavia","red buckeye","Plantae",283089,390,"Ripe fruits",2022,5,24,144,2459724,7,2022,5,24,144,2459724,7
46202,35.16766,-81.05687,199,"NC",784,"Aesculus","pavia","red buckeye","Plantae",283089,390,"Ripe fruits",2022,9,27,270,2459850,7,2022,10,4,277,2459857,7
46202,35.16766,-81.05687,199,"NC",784,"Aesculus","pavia","red buckeye","Plantae",283089,467,"Increasing leaf size",2022,3,8,67,2459647,7,2022,6,28,179,2459759,7
46202,35.16766,-81.05687,199,"NC",784,"Aesculus","pavia","red buckeye","Plantae",283089,467,"Increasing leaf size",2022,7,12,193,2459773,7,2022,8,9,221,2459801,13
46202,35.16766,-81.05687,199,"NC",784,"Aesculus","pavia","red buckeye","Plantae",283089,467,"Increasing leaf size",2022,8,23,235,2459815,1,2022,8,23,235,2459815,6
46202,35.16766,-81.05687,199,"NC",784,"Aesculus","pavia","red buckeye","Plantae",283089,471,"Falling leaves",2022,6,27,178,2459758,6,2022,6,28,179,2459759,7
46202,35.16766,-81.05687,199,"NC",784,"Aesculus","pavia","red buckeye","Plantae",283089,471,"Falling leaves",2022,8,2,214,2459794,7,2022,8,2,214,2459794,7
46202,35.16766,-81.05687,199,"NC",784,"Aesculus","pavia","red buckeye","Plantae",283089,471,"Falling leaves",2022,8,22,234,2459814,13,2022,8,23,235,2459815,6
46202,35.16766,-81.05687,199,"NC",784,"Aesculus","pavia","red buckeye","Plantae",283089,471,"Falling leaves",2022,9,13,256,2459836,14,2022,9,13,256,2459836,7
46202,35.16766,-81.05687,199,"NC",784,"Aesculus","pavia","red buckeye","Plantae",283089,483,"Leaves",2022,3,8,67,2459647,7,2022,9,13,256,2459836,7
46202,35.16766,-81.05687,199,"NC",784,"Aesculus","pavia","red buckeye","Plantae",283089,498,"Colored leaves",2022,6,21,172,2459752,14,2022,6,28,179,2459759,7
46202,35.16766,-81.05687,199,"NC",784,"Aesculus","pavia","red buckeye","Plantae",283089,498,"Colored leaves",2022,7,12,193,2459773,7,2022,7,12,193,2459773,6
46202,35.16766,-81.05687,199,"NC",784,"Aesculus","pavia","red buckeye","Plantae",283089,498,"Colored leaves",2022,8,2,214,2459794,7,2022,8,2,214,2459794,7
46202,35.16766,-81.05687,199,"NC",784,"Aesculus","pavia","red buckeye","Plantae",283089,498,"Colored leaves",2022,8,22,234,2459814,13,2022,9,13,256,2459836,7
46202,35.16766,-81.05687,199,"NC",784,"Aesculus","pavia","red buckeye","Plantae",283089,500,"Flowers or flower buds",2022,2,2,33,2459613,7,2022,2,2,33,2459613,7
46202,35.16766,-81.05687,199,"NC",784,"Aesculus","pavia","red buckeye","Plantae",283089,500,"Flowers or flower buds",2022,3,1,60,2459640,7,2022,4,19,109,2459689,7
46202,35.16766,-81.05687,199,"NC",784,"Aesculus","pavia","red buckeye","Plantae",283089,500,"Flowers or flower buds",2022,5,24,144,2459724,7,2022,5,24,144,2459724,7
46202,35.16766,-81.05687,199,"NC",784,"Aesculus","pavia","red buckeye","Plantae",283089,501,"Open flowers",2022,3,1,60,2459640,7,2022,3,1,60,2459640,7
46202,35.16766,-81.05687,199,"NC",784,"Aesculus","pavia","red buckeye","Plantae",283089,501,"Open flowers",2022,4,5,95,2459675,7,2022,4,19,109,2459689,7
46202,35.16766,-81.05687,199,"NC",784,"Aesculus","pavia","red buckeye","Plantae",283089,504,"Recent fruit or seed drop",2022,9,27,270,2459850,7,2022,9,27,270,2459850,7
46202,35.16766,-81.05687,199,"NC",784,"Aesculus","pavia","red buckeye","Plantae",283089,516,"Fruits",2022,4,19,109,2459689,7,2022,4,19,109,2459689,7
46202,35.16766,-81.05687,199,"NC",784,"Aesculus","pavia","red buckeye","Plantae",283089,516,"Fruits",2022,5,3,123,2459703,7,2022,5,3,123,2459703,7
46202,35.16766,-81.05687,199,"NC",784,"Aesculus","pavia","red buckeye","Plantae",283089,516,"Fruits",2022,5,24,144,2459724,7,2022,5,24,144,2459724,7
46202,35.16766,-81.05687,199,"NC",784,"Aesculus","pavia","red buckeye","Plantae",283089,516,"Fruits",2022,7,12,193,2459773,7,2022,7,12,193,2459773,6
46202,35.16766,-81.05687,199,"NC",784,"Aesculus","pavia","red buckeye","Plantae",283089,516,"Fruits",2022,8,2,214,2459794,7,2022,8,2,214,2459794,7
46202,35.16766,-81.05687,199,"NC",784,"Aesculus","pavia","red buckeye","Plantae",283089,516,"Fruits",2022,8,22,234,2459814,13,2022,9,20,263,2459843,7
46202,35.16766,-81.05687,199,"NC",784,"Aesculus","pavia","red buckeye","Plantae",283089,516,"Fruits",2022,10,4,277,2459857,7,2022,10,4,277,2459857,7
46202,35.16766,-81.05687,199,"NC",784,"Aesculus","pavia","red buckeye","Plantae",283093,371,"Breaking leaf buds",2022,1,19,19,2459599,7,2022,1,19,19,2459599,7
46202,35.16766,-81.05687,199,"NC",784,"Aesculus","pavia","red buckeye","Plantae",283093,371,"Breaking leaf buds",2022,2,2,33,2459613,7,2022,2,2,33,2459613,7
46202,35.16766,-81.05687,199,"NC",784,"Aesculus","pavia","red buckeye","Plantae",283093,371,"Breaking leaf buds",2022,2,16,47,2459627,7,2022,2,16,47,2459627,6
46202,35.16766,-81.05687,199,"NC",784,"Aesculus","pavia","red buckeye","Plantae",283093,371,"Breaking leaf buds",2022,4,19,109,2459689,7,2022,4,19,109,2459689,7
46202,35.16766,-81.05687,199,"NC",784,"Aesculus","pavia","red buckeye","Plantae",283093,467,"Increasing leaf size",2022,3,8,67,2459647,7,2022,6,7,158,2459738,14
46202,35.16766,-81.05687,199,"NC",784,"Aesculus","pavia","red buckeye","Plantae",283093,467,"Increasing leaf size",2022,6,27,178,2459758,6,2022,6,28,179,2459759,7
46202,35.16766,-81.05687,199,"NC",784,"Aesculus","pavia","red buckeye","Plantae",283093,467,"Increasing leaf size",2022,7,12,193,2459773,7,2022,7,18,199,2459779,8
46202,35.16766,-81.05687,199,"NC",784,"Aesculus","pavia","red buckeye","Plantae",283093,467,"Increasing leaf size",2022,8,9,221,2459801,7,2022,8,9,221,2459801,13
46202,35.16766,-81.05687,199,"NC",784,"Aesculus","pavia","red buckeye","Plantae",283093,471,"Falling leaves",2022,6,27,178,2459758,6,2022,6,28,179,2459759,7
46202,35.16766,-81.05687,199,"NC",784,"Aesculus","pavia","red buckeye","Plantae",283093,471,"Falling leaves",2022,7,26,207,2459787,8,2022,7,26,207,2459787,7
46202,35.16766,-81.05687,199,"NC",784,"Aesculus","pavia","red buckeye","Plantae",283093,471,"Falling leaves",2022,8,22,234,2459814,13,2022,8,23,235,2459815,6
46202,35.16766,-81.05687,199,"NC",784,"Aesculus","pavia","red buckeye","Plantae",283093,483,"Leaves",2022,3,8,67,2459647,7,2022,7,18,199,2459779,8
46202,35.16766,-81.05687,199,"NC",784,"Aesculus","pavia","red buckeye","Plantae",283093,483,"Leaves",2022,8,9,221,2459801,7,2022,8,9,221,2459801,13
46202,35.16766,-81.05687,199,"NC",784,"Aesculus","pavia","red buckeye","Plantae",283093,498,"Colored leaves",2022,6,27,178,2459758,6,2022,6,28,179,2459759,7
46202,35.16766,-81.05687,199,"NC",784,"Aesculus","pavia","red buckeye","Plantae",283093,498,"Colored leaves",2022,7,26,207,2459787,8,2022,7,26,207,2459787,7
46202,35.16766,-81.05687,199,"NC",784,"Aesculus","pavia","red buckeye","Plantae",283093,500,"Flowers or flower buds",2022,3,1,60,2459640,7,2022,3,1,60,2459640,7
46202,35.16766,-81.05687,199,"NC",784,"Aesculus","pavia","red buckeye","Plantae",283093,500,"Flowers or flower buds",2022,3,29,88,2459668,7,2022,3,29,88,2459668,7
46202,35.16766,-81.05687,199,"NC",784,"Aesculus","pavia","red buckeye","Plantae",283093,501,"Open flowers",2022,3,1,60,2459640,7,2022,3,1,60,2459640,7
46202,35.16766,-81.05687,199,"NC",784,"Aesculus","pavia","red buckeye","Plantae",283100,371,"Breaking leaf buds",2022,1,19,19,2459599,7,2022,1,19,19,2459599,7
46202,35.16766,-81.05687,199,"NC",784,"Aesculus","pavia","red buckeye","Plantae",283100,371,"Breaking leaf buds",2022,2,2,33,2459613,7,2022,2,2,33,2459613,7
46202,35.16766,-81.05687,199,"NC",784,"Aesculus","pavia","red buckeye","Plantae",283100,371,"Breaking leaf buds",2022,2,16,47,2459627,7,2022,3,1,60,2459640,7
46202,35.16766,-81.05687,199,"NC",784,"Aesculus","pavia","red buckeye","Plantae",283100,371,"Breaking leaf buds",2022,3,14,73,2459653,6,2022,3,15,74,2459654,7
46202,35.16766,-81.05687,199,"NC",784,"Aesculus","pavia","red buckeye","Plantae",283100,371,"Breaking leaf buds",2022,5,3,123,2459703,7,2022,5,3,123,2459703,7
46202,35.16766,-81.05687,199,"NC",784,"Aesculus","pavia","red buckeye","Plantae",283100,467,"Increasing leaf size",2022,3,8,67,2459647,7,2022,6,7,158,2459738,14
46202,35.16766,-81.05687,199,"NC",784,"Aesculus","pavia","red buckeye","Plantae",283100,467,"Increasing leaf size",2022,6,27,178,2459758,6,2022,6,28,179,2459759,7
46202,35.16766,-81.05687,199,"NC",784,"Aesculus","pavia","red buckeye","Plantae",283100,467,"Increasing leaf size",2022,7,12,193,2459773,7,2022,7,18,199,2459779,8
46202,35.16766,-81.05687,199,"NC",784,"Aesculus","pavia","red buckeye","Plantae",283100,467,"Increasing leaf size",2022,8,2,214,2459794,7,2022,8,9,221,2459801,13
46202,35.16766,-81.05687,199,"NC",784,"Aesculus","pavia","red buckeye","Plantae",283100,467,"Increasing leaf size",2022,8,23,235,2459815,1,2022,8,23,235,2459815,6
46202,35.16766,-81.05687,199,"NC",784,"Aesculus","pavia","red buckeye","Plantae",283100,471,"Falling leaves",2022,6,27,178,2459758,6,2022,6,28,179,2459759,7
46202,35.16766,-81.05687,199,"NC",784,"Aesculus","pavia","red buckeye","Plantae",283100,471,"Falling leaves",2022,7,26,207,2459787,8,2022,8,2,214,2459794,7
46202,35.16766,-81.05687,199,"NC",784,"Aesculus","pavia","red buckeye","Plantae",283100,471,"Falling leaves",2022,8,22,234,2459814,13,2022,8,30,242,2459822,14
46202,35.16766,-81.05687,199,"NC",784,"Aesculus","pavia","red buckeye","Plantae",283100,483,"Leaves",2022,3,1,60,2459640,7,2022,8,30,242,2459822,14
46202,35.16766,-81.05687,199,"NC",784,"Aesculus","pavia","red buckeye","Plantae",283100,498,"Colored leaves",2022,6,21,172,2459752,14,2022,6,28,179,2459759,7
46202,35.16766,-81.05687,199,"NC",784,"Aesculus","pavia","red buckeye","Plantae",283100,498,"Colored leaves",2022,8,2,214,2459794,7,2022,8,2,214,2459794,7
46202,35.16766,-81.05687,199,"NC",784,"Aesculus","pavia","red buckeye","Plantae",283100,500,"Flowers or flower buds",2022,3,1,60,2459640,7,2022,4,19,109,2459689,7
46202,35.16766,-81.05687,199,"NC",784,"Aesculus","pavia","red buckeye","Plantae",283100,501,"Open flowers",2022,4,5,95,2459675,7,2022,4,19,109,2459689,7
27418,42.408268,-84.089417,283,"MI",147,"Aquilegia","canadensis","red columbine","Plantae",285670,482,"Initial growth (forbs)",2022,4,5,95,2459675,NA,2022,5,17,137,2459717,7
27418,42.408268,-84.089417,283,"MI",147,"Aquilegia","canadensis","red columbine","Plantae",285670,488,"Leaves (forbs)",2022,4,8,98,2459678,3,2022,5,30,150,2459730,NA
27418,42.408268,-84.089417,283,"MI",147,"Aquilegia","canadensis","red columbine","Plantae",285670,500,"Flowers or flower buds",2022,5,12,132,2459712,4,2022,5,30,150,2459730,NA
27418,42.408268,-84.089417,283,"MI",147,"Aquilegia","canadensis","red columbine","Plantae",285670,501,"Open flowers",2022,5,24,144,2459724,7,2022,5,30,150,2459730,NA
47319,40.710114,-73.552994,20,"NY",147,"Aquilegia","canadensis","red columbine","Plantae",289633,390,"Ripe fruits",2022,6,19,170,2459750,13,2022,7,5,186,2459766,NA
47319,40.710114,-73.552994,20,"NY",147,"Aquilegia","canadensis","red columbine","Plantae",289633,482,"Initial growth (forbs)",2022,3,17,76,2459656,NA,2022,4,15,105,2459685,8
47319,40.710114,-73.552994,20,"NY",147,"Aquilegia","canadensis","red columbine","Plantae",289633,488,"Leaves (forbs)",2022,3,17,76,2459656,NA,2022,7,5,186,2459766,NA
47319,40.710114,-73.552994,20,"NY",147,"Aquilegia","canadensis","red columbine","Plantae",289633,500,"Flowers or flower buds",2022,5,8,128,2459708,8,2022,6,19,170,2459750,16
47319,40.710114,-73.552994,20,"NY",147,"Aquilegia","canadensis","red columbine","Plantae",289633,501,"Open flowers",2022,5,15,135,2459715,7,2022,6,19,170,2459750,16
47319,40.710114,-73.552994,20,"NY",147,"Aquilegia","canadensis","red columbine","Plantae",289633,504,"Recent fruit or seed drop",2022,7,5,186,2459766,16,2022,7,5,186,2459766,NA
47319,40.710114,-73.552994,20,"NY",147,"Aquilegia","canadensis","red columbine","Plantae",289633,516,"Fruits",2022,5,30,150,2459730,8,2022,7,5,186,2459766,NA
46818,40.718292,-74.015259,3,"NY",147,"Aquilegia","canadensis","red columbine","Plantae",291383,482,"Initial growth (forbs)",2022,4,8,98,2459678,NA,2022,4,8,98,2459678,NA
46818,40.718292,-74.015259,3,"NY",147,"Aquilegia","canadensis","red columbine","Plantae",291383,488,"Leaves (forbs)",2022,4,8,98,2459678,NA,2022,4,8,98,2459678,NA
33069,43.841541,-69.502037,-9,"ME",147,"Aquilegia","canadensis","red columbine","Plantae",292771,390,"Ripe fruits",2022,6,4,155,2459735,15,2022,6,24,175,2459755,NA
33069,43.841541,-69.502037,-9,"ME",147,"Aquilegia","canadensis","red columbine","Plantae",292771,482,"Initial growth (forbs)",2022,4,8,98,2459678,NA,2022,5,20,140,2459720,NA
33069,43.841541,-69.502037,-9,"ME",147,"Aquilegia","canadensis","red columbine","Plantae",292771,488,"Leaves (forbs)",2022,4,20,110,2459690,12,2022,5,20,140,2459720,NA
33069,43.841541,-69.502037,-9,"ME",147,"Aquilegia","canadensis","red columbine","Plantae",292771,500,"Flowers or flower buds",2022,5,7,127,2459707,12,2022,5,20,140,2459720,NA
33069,43.841541,-69.502037,-9,"ME",147,"Aquilegia","canadensis","red columbine","Plantae",292771,501,"Open flowers",2022,5,26,146,2459726,6,2022,5,31,151,2459731,NA
33069,43.841541,-69.502037,-9,"ME",147,"Aquilegia","canadensis","red columbine","Plantae",292771,504,"Recent fruit or seed drop",2022,6,14,165,2459745,10,2022,9,29,272,2459852,NA
33069,43.841541,-69.502037,-9,"ME",147,"Aquilegia","canadensis","red columbine","Plantae",292771,516,"Fruits",2022,5,31,151,2459731,11,2022,5,31,151,2459731,NA
30971,30.391338,-88.775955,2,"MS",784,"Aesculus","pavia","red buckeye","Plantae",301473,471,"Falling leaves",2022,10,21,294,2459874,15,2022,10,21,294,2459874,12
30971,30.391338,-88.775955,2,"MS",784,"Aesculus","pavia","red buckeye","Plantae",301473,483,"Leaves",2022,10,6,279,2459859,NA,2022,10,26,299,2459879,7
30971,30.391338,-88.775955,2,"MS",784,"Aesculus","pavia","red buckeye","Plantae",301473,498,"Colored leaves",2022,10,6,279,2459859,NA,2022,10,26,299,2459879,7
30971,30.391338,-88.775955,2,"MS",784,"Aesculus","pavia","red buckeye","Plantae",301473,500,"Flowers or flower buds",2022,12,9,343,2459923,11,2022,12,15,349,2459929,NA
48908,38.731888,-82.980667,193,"OH",147,"Aquilegia","canadensis","red columbine","Plantae",302741,488,"Leaves (forbs)",2022,10,17,290,2459870,15,2022,10,17,290,2459870,2
48908,38.731888,-82.980667,193,"OH",147,"Aquilegia","canadensis","red columbine","Plantae",302741,500,"Flowers or flower buds",2022,10,17,290,2459870,8,2022,10,17,290,2459870,2
48908,38.731888,-82.980667,193,"OH",147,"Aquilegia","canadensis","red columbine","Plantae",302741,501,"Open flowers",2022,10,17,290,2459870,8,2022,10,17,290,2459870,2
48908,38.731888,-82.980667,193,"OH",147,"Aquilegia","canadensis","red columbine","Plantae",302741,504,"Recent fruit or seed drop",2022,10,19,292,2459872,2,2022,10,19,292,2459872,NA
57074,31.8568,-88.160919,42,"AL",784,"Aesculus","pavia","red buckeye","Plantae",356688,371,"Breaking leaf buds",2022,3,1,60,2459640,14,2022,3,23,82,2459662,7
57074,31.8568,-88.160919,42,"AL",784,"Aesculus","pavia","red buckeye","Plantae",356688,371,"Breaking leaf buds",2022,4,7,97,2459677,8,2022,4,14,104,2459684,6
57074,31.8568,-88.160919,42,"AL",784,"Aesculus","pavia","red buckeye","Plantae",356688,371,"Breaking leaf buds",2022,4,28,118,2459698,8,2022,4,28,118,2459698,7
57074,31.8568,-88.160919,42,"AL",784,"Aesculus","pavia","red buckeye","Plantae",356688,467,"Increasing leaf size",2022,3,10,69,2459649,9,2022,4,28,118,2459698,7
57074,31.8568,-88.160919,42,"AL",784,"Aesculus","pavia","red buckeye","Plantae",356688,471,"Falling leaves",2022,7,21,202,2459782,7,2022,7,21,202,2459782,7
57074,31.8568,-88.160919,42,"AL",784,"Aesculus","pavia","red buckeye","Plantae",356688,471,"Falling leaves",2022,8,25,237,2459817,7,2022,9,28,271,2459851,8
57074,31.8568,-88.160919,42,"AL",784,"Aesculus","pavia","red buckeye","Plantae",356688,483,"Leaves",2022,3,10,69,2459649,9,2022,9,28,271,2459851,8
57074,31.8568,-88.160919,42,"AL",784,"Aesculus","pavia","red buckeye","Plantae",356688,498,"Colored leaves",2022,5,12,132,2459712,7,2022,5,12,132,2459712,7
57074,31.8568,-88.160919,42,"AL",784,"Aesculus","pavia","red buckeye","Plantae",356688,498,"Colored leaves",2022,5,25,145,2459725,6,2022,5,25,145,2459725,8
57074,31.8568,-88.160919,42,"AL",784,"Aesculus","pavia","red buckeye","Plantae",356688,498,"Colored leaves",2022,6,16,167,2459747,8,2022,7,6,187,2459767,8
57074,31.8568,-88.160919,42,"AL",784,"Aesculus","pavia","red buckeye","Plantae",356688,498,"Colored leaves",2022,7,21,202,2459782,7,2022,7,21,202,2459782,7
57074,31.8568,-88.160919,42,"AL",784,"Aesculus","pavia","red buckeye","Plantae",356688,498,"Colored leaves",2022,8,3,215,2459795,6,2022,8,10,222,2459802,8
57074,31.8568,-88.160919,42,"AL",784,"Aesculus","pavia","red buckeye","Plantae",356688,498,"Colored leaves",2022,8,25,237,2459817,7,2022,9,28,271,2459851,8
57074,31.8568,-88.160919,42,"AL",784,"Aesculus","pavia","red buckeye","Plantae",356688,501,"Open flowers",2022,3,30,89,2459669,7,2022,5,5,125,2459705,7
57074,31.8568,-88.160919,42,"AL",784,"Aesculus","pavia","red buckeye","Plantae",356689,371,"Breaking leaf buds",2022,3,10,69,2459649,23,2022,3,10,69,2459649,6
57074,31.8568,-88.160919,42,"AL",784,"Aesculus","pavia","red buckeye","Plantae",356689,467,"Increasing leaf size",2022,3,1,60,2459640,14,2022,3,10,69,2459649,6
57074,31.8568,-88.160919,42,"AL",784,"Aesculus","pavia","red buckeye","Plantae",356689,483,"Leaves",2022,3,1,60,2459640,14,2022,3,10,69,2459649,6
57074,31.8568,-88.160919,42,"AL",784,"Aesculus","pavia","red buckeye","Plantae",356694,371,"Breaking leaf buds",2022,3,1,60,2459640,14,2022,3,16,75,2459655,7
57074,31.8568,-88.160919,42,"AL",784,"Aesculus","pavia","red buckeye","Plantae",356694,467,"Increasing leaf size",2022,3,1,60,2459640,14,2022,4,14,104,2459684,6
57074,31.8568,-88.160919,42,"AL",784,"Aesculus","pavia","red buckeye","Plantae",356694,471,"Falling leaves",2022,5,25,145,2459725,6,2022,5,25,145,2459725,8
57074,31.8568,-88.160919,42,"AL",784,"Aesculus","pavia","red buckeye","Plantae",356694,471,"Falling leaves",2022,7,14,195,2459775,8,2022,7,21,202,2459782,7
57074,31.8568,-88.160919,42,"AL",784,"Aesculus","pavia","red buckeye","Plantae",356694,471,"Falling leaves",2022,8,3,215,2459795,6,2022,8,10,222,2459802,8
57074,31.8568,-88.160919,42,"AL",784,"Aesculus","pavia","red buckeye","Plantae",356694,471,"Falling leaves",2022,8,25,237,2459817,7,2022,10,6,279,2459859,7
57074,31.8568,-88.160919,42,"AL",784,"Aesculus","pavia","red buckeye","Plantae",356694,483,"Leaves",2022,3,1,60,2459640,14,2022,10,6,279,2459859,7
57074,31.8568,-88.160919,42,"AL",784,"Aesculus","pavia","red buckeye","Plantae",356694,498,"Colored leaves",2022,5,25,145,2459725,6,2022,6,16,167,2459747,7
57074,31.8568,-88.160919,42,"AL",784,"Aesculus","pavia","red buckeye","Plantae",356694,498,"Colored leaves",2022,7,6,187,2459767,13,2022,7,21,202,2459782,7
57074,31.8568,-88.160919,42,"AL",784,"Aesculus","pavia","red buckeye","Plantae",356694,498,"Colored leaves",2022,8,3,215,2459795,6,2022,8,10,222,2459802,8
57074,31.8568,-88.160919,42,"AL",784,"Aesculus","pavia","red buckeye","Plantae",356694,498,"Colored leaves",2022,8,25,237,2459817,7,2022,10,6,279,2459859,7
57074,31.8568,-88.160919,42,"AL",784,"Aesculus","pavia","red buckeye","Plantae",356696,371,"Breaking leaf buds",2022,3,1,60,2459640,14,2022,3,10,69,2459649,6
57074,31.8568,-88.160919,42,"AL",784,"Aesculus","pavia","red buckeye","Plantae",356696,371,"Breaking leaf buds",2022,3,23,82,2459662,7,2022,3,30,89,2459669,8
57074,31.8568,-88.160919,42,"AL",784,"Aesculus","pavia","red buckeye","Plantae",356696,371,"Breaking leaf buds",2022,4,14,104,2459684,7,2022,4,14,104,2459684,6
57074,31.8568,-88.160919,42,"AL",784,"Aesculus","pavia","red buckeye","Plantae",356696,371,"Breaking leaf buds",2022,4,28,118,2459698,8,2022,4,28,118,2459698,7
57074,31.8568,-88.160919,42,"AL",784,"Aesculus","pavia","red buckeye","Plantae",356696,467,"Increasing leaf size",2022,3,10,69,2459649,9,2022,4,28,118,2459698,7
57074,31.8568,-88.160919,42,"AL",784,"Aesculus","pavia","red buckeye","Plantae",356696,471,"Falling leaves",2022,9,8,251,2459831,8,2022,9,8,251,2459831,7
57074,31.8568,-88.160919,42,"AL",784,"Aesculus","pavia","red buckeye","Plantae",356696,471,"Falling leaves",2022,9,28,271,2459851,6,2022,10,19,292,2459872,7
57074,31.8568,-88.160919,42,"AL",784,"Aesculus","pavia","red buckeye","Plantae",356696,483,"Leaves",2022,3,10,69,2459649,9,2022,10,19,292,2459872,7
57074,31.8568,-88.160919,42,"AL",784,"Aesculus","pavia","red buckeye","Plantae",356696,498,"Colored leaves",2022,6,8,159,2459739,6,2022,6,16,167,2459747,7
57074,31.8568,-88.160919,42,"AL",784,"Aesculus","pavia","red buckeye","Plantae",356696,498,"Colored leaves",2022,8,25,237,2459817,7,2022,10,19,292,2459872,7
57074,31.8568,-88.160919,42,"AL",784,"Aesculus","pavia","red buckeye","Plantae",356701,371,"Breaking leaf buds",2022,3,1,60,2459640,14,2022,3,23,82,2459662,7
57074,31.8568,-88.160919,42,"AL",784,"Aesculus","pavia","red buckeye","Plantae",356701,467,"Increasing leaf size",2022,3,1,60,2459640,14,2022,4,28,118,2459698,7
57074,31.8568,-88.160919,42,"AL",784,"Aesculus","pavia","red buckeye","Plantae",356701,471,"Falling leaves",2022,5,25,145,2459725,6,2022,5,25,145,2459725,8
57074,31.8568,-88.160919,42,"AL",784,"Aesculus","pavia","red buckeye","Plantae",356701,471,"Falling leaves",2022,7,14,195,2459775,8,2022,7,14,195,2459775,7
57074,31.8568,-88.160919,42,"AL",784,"Aesculus","pavia","red buckeye","Plantae",356701,471,"Falling leaves",2022,8,3,215,2459795,6,2022,8,10,222,2459802,8
57074,31.8568,-88.160919,42,"AL",784,"Aesculus","pavia","red buckeye","Plantae",356701,471,"Falling leaves",2022,8,25,237,2459817,7,2022,9,8,251,2459831,7
57074,31.8568,-88.160919,42,"AL",784,"Aesculus","pavia","red buckeye","Plantae",356701,471,"Falling leaves",2022,9,22,265,2459845,7,2022,9,22,265,2459845,6
57074,31.8568,-88.160919,42,"AL",784,"Aesculus","pavia","red buckeye","Plantae",356701,483,"Leaves",2022,3,1,60,2459640,14,2022,9,22,265,2459845,6
57074,31.8568,-88.160919,42,"AL",784,"Aesculus","pavia","red buckeye","Plantae",356701,498,"Colored leaves",2022,5,12,132,2459712,7,2022,7,21,202,2459782,7
57074,31.8568,-88.160919,42,"AL",784,"Aesculus","pavia","red buckeye","Plantae",356701,498,"Colored leaves",2022,8,3,215,2459795,6,2022,8,10,222,2459802,8
57074,31.8568,-88.160919,42,"AL",784,"Aesculus","pavia","red buckeye","Plantae",356701,498,"Colored leaves",2022,8,25,237,2459817,7,2022,9,8,251,2459831,7
57074,31.8568,-88.160919,42,"AL",784,"Aesculus","pavia","red buckeye","Plantae",356701,498,"Colored leaves",2022,9,22,265,2459845,7,2022,9,22,265,2459845,6
57074,31.8568,-88.160919,42,"AL",784,"Aesculus","pavia","red buckeye","Plantae",356705,471,"Falling leaves",2022,7,21,202,2459782,7,2022,7,21,202,2459782,7
57074,31.8568,-88.160919,42,"AL",784,"Aesculus","pavia","red buckeye","Plantae",356705,483,"Leaves",2022,4,20,110,2459690,NA,2022,8,31,243,2459823,8
57074,31.8568,-88.160919,42,"AL",784,"Aesculus","pavia","red buckeye","Plantae",356705,498,"Colored leaves",2022,5,25,145,2459725,6,2022,7,21,202,2459782,7
57074,31.8568,-88.160919,42,"AL",784,"Aesculus","pavia","red buckeye","Plantae",356705,498,"Colored leaves",2022,8,3,215,2459795,6,2022,8,10,222,2459802,8
57074,31.8568,-88.160919,42,"AL",784,"Aesculus","pavia","red buckeye","Plantae",356705,498,"Colored leaves",2022,8,25,237,2459817,7,2022,8,31,243,2459823,8
2394,45.425339,-93.186249,278,"MN",147,"Aquilegia","canadensis","red columbine","Plantae",3818,482,"Initial growth (forbs)",2023,5,5,125,2460070,22,2023,5,28,148,2460093,38
2394,45.425339,-93.186249,278,"MN",147,"Aquilegia","canadensis","red columbine","Plantae",3818,488,"Leaves (forbs)",2023,5,5,125,2460070,22,2023,11,3,307,2460252,NA
2394,45.425339,-93.186249,278,"MN",147,"Aquilegia","canadensis","red columbine","Plantae",3818,500,"Flowers or flower buds",2023,7,13,194,2460139,8,2023,7,13,194,2460139,8
2394,45.425339,-93.186249,278,"MN",147,"Aquilegia","canadensis","red columbine","Plantae",3818,516,"Fruits",2023,7,5,186,2460131,38,2023,7,13,194,2460139,8
2394,45.425339,-93.186249,278,"MN",147,"Aquilegia","canadensis","red columbine","Plantae",3900,482,"Initial growth (forbs)",2023,5,5,125,2460070,22,2023,5,28,148,2460093,38
2394,45.425339,-93.186249,278,"MN",147,"Aquilegia","canadensis","red columbine","Plantae",3900,488,"Leaves (forbs)",2023,5,5,125,2460070,22,2023,11,3,307,2460252,NA
2394,45.425339,-93.186249,278,"MN",147,"Aquilegia","canadensis","red columbine","Plantae",3900,504,"Recent fruit or seed drop",2023,7,5,186,2460131,38,2023,7,5,186,2460131,8
6242,43.348259,-70.546036,5,"ME",147,"Aquilegia","canadensis","red columbine","Plantae",16523,482,"Initial growth (forbs)",2023,4,13,103,2460048,NA,2023,5,5,125,2460070,125
6242,43.348259,-70.546036,5,"ME",147,"Aquilegia","canadensis","red columbine","Plantae",16523,488,"Leaves (forbs)",2023,4,21,111,2460056,8,2023,5,5,125,2460070,125
6242,43.348259,-70.546036,5,"ME",147,"Aquilegia","canadensis","red columbine","Plantae",28506,482,"Initial growth (forbs)",2023,4,13,103,2460048,NA,2023,5,5,125,2460070,125
6242,43.348259,-70.546036,5,"ME",147,"Aquilegia","canadensis","red columbine","Plantae",28506,488,"Leaves (forbs)",2023,4,13,103,2460048,NA,2023,9,7,250,2460195,7
10585,41.433689,-81.693153,219,"OH",147,"Aquilegia","canadensis","red columbine","Plantae",45124,390,"Ripe fruits",2023,6,29,180,2460125,NA,2023,7,6,187,2460132,14
10585,41.433689,-81.693153,219,"OH",147,"Aquilegia","canadensis","red columbine","Plantae",45124,482,"Initial growth (forbs)",2023,4,6,96,2460041,7,2023,4,6,96,2460041,NA
10585,41.433689,-81.693153,219,"OH",147,"Aquilegia","canadensis","red columbine","Plantae",45124,488,"Leaves (forbs)",2023,4,6,96,2460041,NA,2023,6,1,152,2460097,NA
10585,41.433689,-81.693153,219,"OH",147,"Aquilegia","canadensis","red columbine","Plantae",45124,504,"Recent fruit or seed drop",2023,6,29,180,2460125,NA,2023,7,6,187,2460132,14
10585,41.433689,-81.693153,219,"OH",147,"Aquilegia","canadensis","red columbine","Plantae",45124,516,"Fruits",2023,6,29,180,2460125,NA,2023,7,6,187,2460132,14
17574,40.863052,-73.881592,30,"NY",784,"Aesculus","pavia","red buckeye","Plantae",67637,371,"Breaking leaf buds",2023,3,26,85,2460030,8,2023,4,22,112,2460057,1
17574,40.863052,-73.881592,30,"NY",784,"Aesculus","pavia","red buckeye","Plantae",67637,371,"Breaking leaf buds",2023,4,25,115,2460060,2,2023,4,25,115,2460060,1
17574,40.863052,-73.881592,30,"NY",784,"Aesculus","pavia","red buckeye","Plantae",67637,390,"Ripe fruits",2023,7,7,188,2460133,2,2023,7,15,196,2460141,5
17574,40.863052,-73.881592,30,"NY",784,"Aesculus","pavia","red buckeye","Plantae",67637,390,"Ripe fruits",2023,7,23,204,2460149,3,2023,8,2,214,2460159,1
17574,40.863052,-73.881592,30,"NY",784,"Aesculus","pavia","red buckeye","Plantae",67637,390,"Ripe fruits",2023,8,6,218,2460163,3,2023,8,16,228,2460173,3
17574,40.863052,-73.881592,30,"NY",784,"Aesculus","pavia","red buckeye","Plantae",67637,390,"Ripe fruits",2023,9,12,255,2460200,12,2023,9,12,255,2460200,2
17574,40.863052,-73.881592,30,"NY",784,"Aesculus","pavia","red buckeye","Plantae",67637,390,"Ripe fruits",2023,9,20,263,2460208,6,2023,9,20,263,2460208,2
17574,40.863052,-73.881592,30,"NY",784,"Aesculus","pavia","red buckeye","Plantae",67637,390,"Ripe fruits",2023,9,28,271,2460216,6,2023,10,17,290,2460235,9
17574,40.863052,-73.881592,30,"NY",784,"Aesculus","pavia","red buckeye","Plantae",67637,390,"Ripe fruits",2023,10,31,304,2460249,3,2023,10,31,304,2460249,4
17574,40.863052,-73.881592,30,"NY",784,"Aesculus","pavia","red buckeye","Plantae",67637,390,"Ripe fruits",2023,11,20,324,2460269,5,2023,11,20,324,2460269,10
17574,40.863052,-73.881592,30,"NY",784,"Aesculus","pavia","red buckeye","Plantae",67637,467,"Increasing leaf size",2023,4,2,92,2460037,7,2023,4,2,92,2460037,7
17574,40.863052,-73.881592,30,"NY",784,"Aesculus","pavia","red buckeye","Plantae",67637,467,"Increasing leaf size",2023,4,19,109,2460054,10,2023,5,3,123,2460068,4
17574,40.863052,-73.881592,30,"NY",784,"Aesculus","pavia","red buckeye","Plantae",67637,467,"Increasing leaf size",2023,5,10,130,2460075,3,2023,5,31,151,2460096,7
17574,40.863052,-73.881592,30,"NY",784,"Aesculus","pavia","red buckeye","Plantae",67637,467,"Increasing leaf size",2023,6,25,176,2460121,4,2023,6,25,176,2460121,3
17574,40.863052,-73.881592,30,"NY",784,"Aesculus","pavia","red buckeye","Plantae",67637,467,"Increasing leaf size",2023,7,1,182,2460127,3,2023,7,1,182,2460127,4
17574,40.863052,-73.881592,30,"NY",784,"Aesculus","pavia","red buckeye","Plantae",67637,467,"Increasing leaf size",2023,7,7,188,2460133,2,2023,7,23,204,2460149,3
17574,40.863052,-73.881592,30,"NY",784,"Aesculus","pavia","red buckeye","Plantae",67637,467,"Increasing leaf size",2023,7,30,211,2460156,4,2023,8,2,214,2460159,1
17574,40.863052,-73.881592,30,"NY",784,"Aesculus","pavia","red buckeye","Plantae",67637,467,"Increasing leaf size",2023,8,9,221,2460166,3,2023,8,19,231,2460176,1
17574,40.863052,-73.881592,30,"NY",784,"Aesculus","pavia","red buckeye","Plantae",67637,467,"Increasing leaf size",2023,9,28,271,2460216,6,2023,9,28,271,2460216,5
17574,40.863052,-73.881592,30,"NY",784,"Aesculus","pavia","red buckeye","Plantae",67637,467,"Increasing leaf size",2023,10,11,284,2460229,6,2023,10,11,284,2460229,6
17574,40.863052,-73.881592,30,"NY",784,"Aesculus","pavia","red buckeye","Plantae",67637,471,"Falling leaves",2023,9,28,271,2460216,6,2023,11,12,316,2460261,3
17574,40.863052,-73.881592,30,"NY",784,"Aesculus","pavia","red buckeye","Plantae",67637,483,"Leaves",2023,4,2,92,2460037,7,2023,11,12,316,2460261,3
17574,40.863052,-73.881592,30,"NY",784,"Aesculus","pavia","red buckeye","Plantae",67637,498,"Colored leaves",2023,9,12,255,2460200,12,2023,9,12,255,2460200,2
17574,40.863052,-73.881592,30,"NY",784,"Aesculus","pavia","red buckeye","Plantae",67637,498,"Colored leaves",2023,9,28,271,2460216,6,2023,10,31,304,2460249,4
17574,40.863052,-73.881592,30,"NY",784,"Aesculus","pavia","red buckeye","Plantae",67637,498,"Colored leaves",2023,11,8,312,2460257,4,2023,11,12,316,2460261,3
17574,40.863052,-73.881592,30,"NY",784,"Aesculus","pavia","red buckeye","Plantae",67637,500,"Flowers or flower buds",2023,4,9,99,2460044,7,2023,5,21,141,2460086,6
17574,40.863052,-73.881592,30,"NY",784,"Aesculus","pavia","red buckeye","Plantae",67637,500,"Flowers or flower buds",2023,11,4,308,2460253,4,2023,11,8,312,2460257,4
17574,40.863052,-73.881592,30,"NY",784,"Aesculus","pavia","red buckeye","Plantae",67637,500,"Flowers or flower buds",2023,11,20,324,2460269,5,2023,12,12,346,2460291,NA
17574,40.863052,-73.881592,30,"NY",784,"Aesculus","pavia","red buckeye","Plantae",67637,501,"Open flowers",2023,5,7,127,2460072,11,2023,5,7,127,2460072,3
17574,40.863052,-73.881592,30,"NY",784,"Aesculus","pavia","red buckeye","Plantae",67637,501,"Open flowers",2023,5,13,133,2460078,3,2023,5,13,133,2460078,1
17574,40.863052,-73.881592,30,"NY",784,"Aesculus","pavia","red buckeye","Plantae",67637,501,"Open flowers",2023,5,17,137,2460082,3,2023,5,21,141,2460086,6
17574,40.863052,-73.881592,30,"NY",784,"Aesculus","pavia","red buckeye","Plantae",67637,504,"Recent fruit or seed drop",2023,6,25,176,2460121,4,2023,7,1,182,2460127,4
17574,40.863052,-73.881592,30,"NY",784,"Aesculus","pavia","red buckeye","Plantae",67637,504,"Recent fruit or seed drop",2023,7,7,188,2460133,2,2023,7,7,188,2460133,5
17574,40.863052,-73.881592,30,"NY",784,"Aesculus","pavia","red buckeye","Plantae",67637,504,"Recent fruit or seed drop",2023,8,6,218,2460163,3,2023,8,6,218,2460163,3
17574,40.863052,-73.881592,30,"NY",784,"Aesculus","pavia","red buckeye","Plantae",67637,504,"Recent fruit or seed drop",2023,8,19,231,2460176,3,2023,8,19,231,2460176,1
17574,40.863052,-73.881592,30,"NY",784,"Aesculus","pavia","red buckeye","Plantae",67637,504,"Recent fruit or seed drop",2023,8,31,243,2460188,4,2023,9,12,255,2460200,2
17574,40.863052,-73.881592,30,"NY",784,"Aesculus","pavia","red buckeye","Plantae",67637,504,"Recent fruit or seed drop",2023,9,28,271,2460216,6,2023,10,3,276,2460221,2
17574,40.863052,-73.881592,30,"NY",784,"Aesculus","pavia","red buckeye","Plantae",67637,504,"Recent fruit or seed drop",2023,10,11,284,2460229,6,2023,10,11,284,2460229,15
17574,40.863052,-73.881592,30,"NY",784,"Aesculus","pavia","red buckeye","Plantae",67637,504,"Recent fruit or seed drop",2023,10,31,304,2460249,3,2023,10,31,304,2460249,4
17574,40.863052,-73.881592,30,"NY",784,"Aesculus","pavia","red buckeye","Plantae",67637,504,"Recent fruit or seed drop",2023,11,20,324,2460269,5,2023,11,20,324,2460269,10
17574,40.863052,-73.881592,30,"NY",784,"Aesculus","pavia","red buckeye","Plantae",67637,516,"Fruits",2023,5,13,133,2460078,3,2023,5,13,133,2460078,1
17574,40.863052,-73.881592,30,"NY",784,"Aesculus","pavia","red buckeye","Plantae",67637,516,"Fruits",2023,5,17,137,2460082,3,2023,10,17,290,2460235,9
17574,40.863052,-73.881592,30,"NY",784,"Aesculus","pavia","red buckeye","Plantae",67637,516,"Fruits",2023,10,31,304,2460249,3,2023,10,31,304,2460249,4
17574,40.863052,-73.881592,30,"NY",784,"Aesculus","pavia","red buckeye","Plantae",67637,516,"Fruits",2023,11,20,324,2460269,5,2023,11,20,324,2460269,10
24164,40.665085,-73.963432,17,"NY",784,"Aesculus","pavia","red buckeye","Plantae",114555,371,"Breaking leaf buds",2023,4,28,118,2460063,28,2023,4,28,118,2460063,5
24164,40.665085,-73.963432,17,"NY",784,"Aesculus","pavia","red buckeye","Plantae",114555,390,"Ripe fruits",2023,10,4,277,2460222,146,2023,10,9,282,2460227,10
24164,40.665085,-73.963432,17,"NY",784,"Aesculus","pavia","red buckeye","Plantae",114555,467,"Increasing leaf size",2023,4,28,118,2460063,28,2023,5,11,131,2460076,151
24164,40.665085,-73.963432,17,"NY",784,"Aesculus","pavia","red buckeye","Plantae",114555,471,"Falling leaves",2023,10,4,277,2460222,146,2023,11,2,306,2460251,NA
24164,40.665085,-73.963432,17,"NY",784,"Aesculus","pavia","red buckeye","Plantae",114555,483,"Leaves",2023,4,28,118,2460063,28,2023,10,19,292,2460237,14
24164,40.665085,-73.963432,17,"NY",784,"Aesculus","pavia","red buckeye","Plantae",114555,498,"Colored leaves",2023,10,4,277,2460222,146,2023,10,19,292,2460237,14
24164,40.665085,-73.963432,17,"NY",784,"Aesculus","pavia","red buckeye","Plantae",114555,500,"Flowers or flower buds",2023,3,21,80,2460025,NA,2023,5,11,131,2460076,151
24164,40.665085,-73.963432,17,"NY",784,"Aesculus","pavia","red buckeye","Plantae",114555,500,"Flowers or flower buds",2023,11,2,306,2460251,14,2023,11,2,306,2460251,NA
24164,40.665085,-73.963432,17,"NY",784,"Aesculus","pavia","red buckeye","Plantae",114555,501,"Open flowers",2023,4,28,118,2460063,28,2023,5,11,131,2460076,151
24164,40.665085,-73.963432,17,"NY",784,"Aesculus","pavia","red buckeye","Plantae",114555,504,"Recent fruit or seed drop",2023,10,4,277,2460222,146,2023,11,2,306,2460251,NA
24164,40.665085,-73.963432,17,"NY",784,"Aesculus","pavia","red buckeye","Plantae",114555,516,"Fruits",2023,5,11,131,2460076,6,2023,10,9,282,2460227,10
6242,43.348259,-70.546036,5,"ME",147,"Aquilegia","canadensis","red columbine","Plantae",126285,482,"Initial growth (forbs)",2023,4,13,103,2460048,NA,2023,5,5,125,2460070,125
6242,43.348259,-70.546036,5,"ME",147,"Aquilegia","canadensis","red columbine","Plantae",126285,488,"Leaves (forbs)",2023,4,13,103,2460048,NA,2023,5,5,125,2460070,125
28357,30.414719,-88.541824,3,"MS",784,"Aesculus","pavia","red buckeye","Plantae",147491,371,"Breaking leaf buds",2023,1,11,11,2459956,5,2023,2,28,59,2460004,7
28357,30.414719,-88.541824,3,"MS",784,"Aesculus","pavia","red buckeye","Plantae",147491,371,"Breaking leaf buds",2023,4,18,108,2460053,7,2023,4,18,108,2460053,10
28357,30.414719,-88.541824,3,"MS",784,"Aesculus","pavia","red buckeye","Plantae",147491,371,"Breaking leaf buds",2023,5,9,129,2460074,11,2023,5,9,129,2460074,11
28357,30.414719,-88.541824,3,"MS",784,"Aesculus","pavia","red buckeye","Plantae",147491,371,"Breaking leaf buds",2023,6,21,172,2460117,26,2023,6,21,172,2460117,15
28357,30.414719,-88.541824,3,"MS",784,"Aesculus","pavia","red buckeye","Plantae",147491,390,"Ripe fruits",2023,3,22,81,2460026,7,2023,3,22,81,2460026,7
28357,30.414719,-88.541824,3,"MS",784,"Aesculus","pavia","red buckeye","Plantae",147491,390,"Ripe fruits",2023,4,11,101,2460046,6,2023,4,28,118,2460063,11
28357,30.414719,-88.541824,3,"MS",784,"Aesculus","pavia","red buckeye","Plantae",147491,390,"Ripe fruits",2023,8,29,241,2460186,19,2023,8,31,243,2460188,16
28357,30.414719,-88.541824,3,"MS",784,"Aesculus","pavia","red buckeye","Plantae",147491,467,"Increasing leaf size",2023,2,21,52,2459997,13,2023,5,9,129,2460074,11
28357,30.414719,-88.541824,3,"MS",784,"Aesculus","pavia","red buckeye","Plantae",147491,467,"Increasing leaf size",2023,5,26,146,2460091,6,2023,6,21,172,2460117,15
28357,30.414719,-88.541824,3,"MS",784,"Aesculus","pavia","red buckeye","Plantae",147491,467,"Increasing leaf size",2023,7,19,200,2460145,13,2023,7,19,200,2460145,15
28357,30.414719,-88.541824,3,"MS",784,"Aesculus","pavia","red buckeye","Plantae",147491,467,"Increasing leaf size",2023,8,10,222,2460167,2,2023,8,10,222,2460167,19
28357,30.414719,-88.541824,3,"MS",784,"Aesculus","pavia","red buckeye","Plantae",147491,471,"Falling leaves",2023,8,29,241,2460186,19,2023,8,29,241,2460186,2
28357,30.414719,-88.541824,3,"MS",784,"Aesculus","pavia","red buckeye","Plantae",147491,471,"Falling leaves",2023,9,16,259,2460204,16,2023,10,3,276,2460221,45
28357,30.414719,-88.541824,3,"MS",784,"Aesculus","pavia","red buckeye","Plantae",147491,483,"Leaves",2023,2,8,39,2459984,25,2023,8,31,243,2460188,16
28357,30.414719,-88.541824,3,"MS",784,"Aesculus","pavia","red buckeye","Plantae",147491,483,"Leaves",2023,9,21,264,2460209,5,2023,10,3,276,2460221,45
28357,30.414719,-88.541824,3,"MS",784,"Aesculus","pavia","red buckeye","Plantae",147491,498,"Colored leaves",2023,7,19,200,2460145,13,2023,7,19,200,2460145,15
28357,30.414719,-88.541824,3,"MS",784,"Aesculus","pavia","red buckeye","Plantae",147491,498,"Colored leaves",2023,8,10,222,2460167,2,2023,10,3,276,2460221,45
28357,30.414719,-88.541824,3,"MS",784,"Aesculus","pavia","red buckeye","Plantae",147491,500,"Flowers or flower buds",2023,2,21,52,2459997,13,2023,3,29,88,2460033,7
28357,30.414719,-88.541824,3,"MS",784,"Aesculus","pavia","red buckeye","Plantae",147491,501,"Open flowers",2023,3,7,66,2460011,7,2023,3,29,88,2460033,7
28357,30.414719,-88.541824,3,"MS",784,"Aesculus","pavia","red buckeye","Plantae",147491,504,"Recent fruit or seed drop",2023,4,5,95,2460040,7,2023,4,5,95,2460040,6
28357,30.414719,-88.541824,3,"MS",784,"Aesculus","pavia","red buckeye","Plantae",147491,504,"Recent fruit or seed drop",2023,10,3,276,2460221,12,2023,10,3,276,2460221,45
28357,30.414719,-88.541824,3,"MS",784,"Aesculus","pavia","red buckeye","Plantae",147491,516,"Fruits",2023,3,22,81,2460026,7,2023,4,28,118,2460063,11
28357,30.414719,-88.541824,3,"MS",784,"Aesculus","pavia","red buckeye","Plantae",147491,516,"Fruits",2023,5,26,146,2460091,6,2023,5,26,146,2460091,41
28357,30.414719,-88.541824,3,"MS",784,"Aesculus","pavia","red buckeye","Plantae",147491,516,"Fruits",2023,8,3,215,2460160,15,2023,8,8,220,2460165,2
28357,30.414719,-88.541824,3,"MS",784,"Aesculus","pavia","red buckeye","Plantae",147491,516,"Fruits",2023,8,29,241,2460186,19,2023,9,21,264,2460209,12
28357,30.414719,-88.541824,3,"MS",784,"Aesculus","pavia","red buckeye","Plantae",147493,371,"Breaking leaf buds",2023,1,14,14,2459959,3,2023,1,14,14,2459959,25
28357,30.414719,-88.541824,3,"MS",784,"Aesculus","pavia","red buckeye","Plantae",147493,371,"Breaking leaf buds",2023,2,21,52,2459997,13,2023,2,28,59,2460004,7
28357,30.414719,-88.541824,3,"MS",784,"Aesculus","pavia","red buckeye","Plantae",147493,371,"Breaking leaf buds",2023,4,18,108,2460053,7,2023,4,18,108,2460053,10
28357,30.414719,-88.541824,3,"MS",784,"Aesculus","pavia","red buckeye","Plantae",147493,371,"Breaking leaf buds",2023,5,9,129,2460074,11,2023,5,9,129,2460074,11
28357,30.414719,-88.541824,3,"MS",784,"Aesculus","pavia","red buckeye","Plantae",147493,371,"Breaking leaf buds",2023,5,26,146,2460091,6,2023,6,21,172,2460117,15
28357,30.414719,-88.541824,3,"MS",784,"Aesculus","pavia","red buckeye","Plantae",147493,390,"Ripe fruits",2023,3,15,74,2460019,8,2023,3,22,81,2460026,7
28357,30.414719,-88.541824,3,"MS",784,"Aesculus","pavia","red buckeye","Plantae",147493,390,"Ripe fruits",2023,4,11,101,2460046,6,2023,4,28,118,2460063,11
28357,30.414719,-88.541824,3,"MS",784,"Aesculus","pavia","red buckeye","Plantae",147493,390,"Ripe fruits",2023,7,19,200,2460145,13,2023,7,19,200,2460145,15
28357,30.414719,-88.541824,3,"MS",784,"Aesculus","pavia","red buckeye","Plantae",147493,467,"Increasing leaf size",2023,2,8,39,2459984,25,2023,5,9,129,2460074,11
28357,30.414719,-88.541824,3,"MS",784,"Aesculus","pavia","red buckeye","Plantae",147493,467,"Increasing leaf size",2023,5,26,146,2460091,6,2023,6,21,172,2460117,15
28357,30.414719,-88.541824,3,"MS",784,"Aesculus","pavia","red buckeye","Plantae",147493,467,"Increasing leaf size",2023,7,19,200,2460145,13,2023,7,19,200,2460145,15
28357,30.414719,-88.541824,3,"MS",784,"Aesculus","pavia","red buckeye","Plantae",147493,467,"Increasing leaf size",2023,8,10,222,2460167,2,2023,8,10,222,2460167,19
28357,30.414719,-88.541824,3,"MS",784,"Aesculus","pavia","red buckeye","Plantae",147493,471,"Falling leaves",2023,8,29,241,2460186,19,2023,8,29,241,2460186,2
28357,30.414719,-88.541824,3,"MS",784,"Aesculus","pavia","red buckeye","Plantae",147493,471,"Falling leaves",2023,9,21,264,2460209,5,2023,10,3,276,2460221,45
28357,30.414719,-88.541824,3,"MS",784,"Aesculus","pavia","red buckeye","Plantae",147493,483,"Leaves",2023,2,8,39,2459984,25,2023,10,3,276,2460221,45
28357,30.414719,-88.541824,3,"MS",784,"Aesculus","pavia","red buckeye","Plantae",147493,498,"Colored leaves",2023,7,19,200,2460145,13,2023,7,19,200,2460145,15
28357,30.414719,-88.541824,3,"MS",784,"Aesculus","pavia","red buckeye","Plantae",147493,498,"Colored leaves",2023,8,10,222,2460167,2,2023,10,3,276,2460221,45
28357,30.414719,-88.541824,3,"MS",784,"Aesculus","pavia","red buckeye","Plantae",147493,500,"Flowers or flower buds",2023,2,8,39,2459984,25,2023,3,15,74,2460019,7
28357,30.414719,-88.541824,3,"MS",784,"Aesculus","pavia","red buckeye","Plantae",147493,501,"Open flowers",2023,2,21,52,2459997,13,2023,3,15,74,2460019,7
28357,30.414719,-88.541824,3,"MS",784,"Aesculus","pavia","red buckeye","Plantae",147493,504,"Recent fruit or seed drop",2023,3,15,74,2460019,8,2023,3,15,74,2460019,7
28357,30.414719,-88.541824,3,"MS",784,"Aesculus","pavia","red buckeye","Plantae",147493,504,"Recent fruit or seed drop",2023,10,3,276,2460221,12,2023,10,3,276,2460221,45
28357,30.414719,-88.541824,3,"MS",784,"Aesculus","pavia","red buckeye","Plantae",147493,516,"Fruits",2023,3,7,66,2460011,7,2023,4,28,118,2460063,11
28357,30.414719,-88.541824,3,"MS",784,"Aesculus","pavia","red buckeye","Plantae",147493,516,"Fruits",2023,6,21,172,2460117,26,2023,6,21,172,2460117,15
28357,30.414719,-88.541824,3,"MS",784,"Aesculus","pavia","red buckeye","Plantae",147493,516,"Fruits",2023,7,19,200,2460145,13,2023,7,19,200,2460145,15
28357,30.414719,-88.541824,3,"MS",784,"Aesculus","pavia","red buckeye","Plantae",147493,516,"Fruits",2023,8,29,241,2460186,19,2023,8,29,241,2460186,2
28357,30.414719,-88.541824,3,"MS",784,"Aesculus","pavia","red buckeye","Plantae",147493,516,"Fruits",2023,9,16,259,2460204,16,2023,9,21,264,2460209,12
28357,30.414719,-88.541824,3,"MS",784,"Aesculus","pavia","red buckeye","Plantae",147494,371,"Breaking leaf buds",2023,1,14,14,2459959,3,2023,2,28,59,2460004,7
28357,30.414719,-88.541824,3,"MS",784,"Aesculus","pavia","red buckeye","Plantae",147494,371,"Breaking leaf buds",2023,5,9,129,2460074,11,2023,5,9,129,2460074,11
28357,30.414719,-88.541824,3,"MS",784,"Aesculus","pavia","red buckeye","Plantae",147494,371,"Breaking leaf buds",2023,6,21,172,2460117,26,2023,6,21,172,2460117,15
28357,30.414719,-88.541824,3,"MS",784,"Aesculus","pavia","red buckeye","Plantae",147494,390,"Ripe fruits",2023,3,22,81,2460026,7,2023,3,22,81,2460026,7
28357,30.414719,-88.541824,3,"MS",784,"Aesculus","pavia","red buckeye","Plantae",147494,467,"Increasing leaf size",2023,2,21,52,2459997,13,2023,5,9,129,2460074,11
28357,30.414719,-88.541824,3,"MS",784,"Aesculus","pavia","red buckeye","Plantae",147494,467,"Increasing leaf size",2023,5,26,146,2460091,6,2023,6,21,172,2460117,15
28357,30.414719,-88.541824,3,"MS",784,"Aesculus","pavia","red buckeye","Plantae",147494,467,"Increasing leaf size",2023,7,19,200,2460145,13,2023,7,19,200,2460145,15
28357,30.414719,-88.541824,3,"MS",784,"Aesculus","pavia","red buckeye","Plantae",147494,467,"Increasing leaf size",2023,8,10,222,2460167,2,2023,8,10,222,2460167,19
28357,30.414719,-88.541824,3,"MS",784,"Aesculus","pavia","red buckeye","Plantae",147494,471,"Falling leaves",2023,8,29,241,2460186,19,2023,8,29,241,2460186,2
28357,30.414719,-88.541824,3,"MS",784,"Aesculus","pavia","red buckeye","Plantae",147494,471,"Falling leaves",2023,9,21,264,2460209,5,2023,9,21,264,2460209,12
28357,30.414719,-88.541824,3,"MS",784,"Aesculus","pavia","red buckeye","Plantae",147494,483,"Leaves",2023,2,8,39,2459984,25,2023,10,3,276,2460221,45
28357,30.414719,-88.541824,3,"MS",784,"Aesculus","pavia","red buckeye","Plantae",147494,498,"Colored leaves",2023,7,19,200,2460145,13,2023,7,19,200,2460145,15
28357,30.414719,-88.541824,3,"MS",784,"Aesculus","pavia","red buckeye","Plantae",147494,498,"Colored leaves",2023,8,10,222,2460167,2,2023,10,3,276,2460221,45
28357,30.414719,-88.541824,3,"MS",784,"Aesculus","pavia","red buckeye","Plantae",147494,500,"Flowers or flower buds",2023,2,21,52,2459997,13,2023,3,15,74,2460019,7
28357,30.414719,-88.541824,3,"MS",784,"Aesculus","pavia","red buckeye","Plantae",147494,501,"Open flowers",2023,3,7,66,2460011,7,2023,3,7,66,2460011,8
28357,30.414719,-88.541824,3,"MS",784,"Aesculus","pavia","red buckeye","Plantae",147494,516,"Fruits",2023,3,7,66,2460011,7,2023,3,29,88,2460033,7
31779,47.166275,-122.537384,74,"WA",147,"Aquilegia","canadensis","red columbine","Plantae",174095,482,"Initial growth (forbs)",2023,3,26,85,2460030,NA,2023,4,6,96,2460041,NA
31779,47.166275,-122.537384,74,"WA",147,"Aquilegia","canadensis","red columbine","Plantae",174095,488,"Leaves (forbs)",2023,3,26,85,2460030,NA,2023,4,6,96,2460041,NA
30051,44.478752,-84.672668,364,"MI",147,"Aquilegia","canadensis","red columbine","Plantae",180165,482,"Initial growth (forbs)",2023,4,10,100,2460045,17,2023,4,28,118,2460063,NA
30051,44.478752,-84.672668,364,"MI",147,"Aquilegia","canadensis","red columbine","Plantae",180165,488,"Leaves (forbs)",2023,4,13,103,2460048,3,2023,4,28,118,2460063,NA
33012,42.011364,-93.638145,289,"IA",147,"Aquilegia","canadensis","red columbine","Plantae",199988,390,"Ripe fruits",2023,7,3,184,2460129,14,2023,9,26,269,2460214,6
33012,42.011364,-93.638145,289,"IA",147,"Aquilegia","canadensis","red columbine","Plantae",199988,488,"Leaves (forbs)",2023,4,20,110,2460055,7,2023,11,15,319,2460264,NA
33012,42.011364,-93.638145,289,"IA",147,"Aquilegia","canadensis","red columbine","Plantae",199988,500,"Flowers or flower buds",2023,5,15,135,2460080,11,2023,6,15,166,2460111,4
33012,42.011364,-93.638145,289,"IA",147,"Aquilegia","canadensis","red columbine","Plantae",199988,500,"Flowers or flower buds",2023,7,3,184,2460129,14,2023,7,10,191,2460136,7
33012,42.011364,-93.638145,289,"IA",147,"Aquilegia","canadensis","red columbine","Plantae",199988,501,"Open flowers",2023,5,15,135,2460080,11,2023,6,15,166,2460111,4
33012,42.011364,-93.638145,289,"IA",147,"Aquilegia","canadensis","red columbine","Plantae",199988,501,"Open flowers",2023,7,3,184,2460129,14,2023,7,10,191,2460136,7
33012,42.011364,-93.638145,289,"IA",147,"Aquilegia","canadensis","red columbine","Plantae",199988,504,"Recent fruit or seed drop",2023,7,6,187,2460132,3,2023,7,17,198,2460143,7
33012,42.011364,-93.638145,289,"IA",147,"Aquilegia","canadensis","red columbine","Plantae",199988,504,"Recent fruit or seed drop",2023,8,4,216,2460161,2,2023,8,17,229,2460174,12
33012,42.011364,-93.638145,289,"IA",147,"Aquilegia","canadensis","red columbine","Plantae",199988,504,"Recent fruit or seed drop",2023,9,6,249,2460194,6,2023,9,12,255,2460200,8
33012,42.011364,-93.638145,289,"IA",147,"Aquilegia","canadensis","red columbine","Plantae",199988,504,"Recent fruit or seed drop",2023,10,2,275,2460220,6,2023,10,3,276,2460221,7
33012,42.011364,-93.638145,289,"IA",147,"Aquilegia","canadensis","red columbine","Plantae",199988,516,"Fruits",2023,6,8,159,2460104,3,2023,9,26,269,2460214,6
36380,36.19149,-78.707611,125,"NC",147,"Aquilegia","canadensis","red columbine","Plantae",224953,390,"Ripe fruits",2023,5,14,134,2460079,4,2023,5,31,151,2460096,14
36380,36.19149,-78.707611,125,"NC",147,"Aquilegia","canadensis","red columbine","Plantae",224953,390,"Ripe fruits",2023,8,5,217,2460162,10,2023,8,5,217,2460162,4
36380,36.19149,-78.707611,125,"NC",147,"Aquilegia","canadensis","red columbine","Plantae",224953,482,"Initial growth (forbs)",2023,2,14,45,2459990,6,2023,4,14,104,2460049,5
36380,36.19149,-78.707611,125,"NC",147,"Aquilegia","canadensis","red columbine","Plantae",224953,488,"Leaves (forbs)",2023,2,14,45,2459990,6,2023,8,30,242,2460187,14
36380,36.19149,-78.707611,125,"NC",147,"Aquilegia","canadensis","red columbine","Plantae",224953,488,"Leaves (forbs)",2023,10,5,278,2460223,22,2023,10,5,278,2460223,7
36380,36.19149,-78.707611,125,"NC",147,"Aquilegia","canadensis","red columbine","Plantae",224953,488,"Leaves (forbs)",2023,11,16,320,2460265,35,2023,11,16,320,2460265,NA
36380,36.19149,-78.707611,125,"NC",147,"Aquilegia","canadensis","red columbine","Plantae",224953,500,"Flowers or flower buds",2023,3,15,74,2460019,7,2023,5,10,130,2460075,4
36380,36.19149,-78.707611,125,"NC",147,"Aquilegia","canadensis","red columbine","Plantae",224953,500,"Flowers or flower buds",2023,5,17,137,2460082,3,2023,5,17,137,2460082,4
36380,36.19149,-78.707611,125,"NC",147,"Aquilegia","canadensis","red columbine","Plantae",224953,501,"Open flowers",2023,4,4,94,2460039,6,2023,5,17,137,2460082,4
36380,36.19149,-78.707611,125,"NC",147,"Aquilegia","canadensis","red columbine","Plantae",224953,504,"Recent fruit or seed drop",2023,5,17,137,2460082,3,2023,6,14,165,2460110,7
36380,36.19149,-78.707611,125,"NC",147,"Aquilegia","canadensis","red columbine","Plantae",224953,504,"Recent fruit or seed drop",2023,8,5,217,2460162,10,2023,8,5,217,2460162,4
36380,36.19149,-78.707611,125,"NC",147,"Aquilegia","canadensis","red columbine","Plantae",224953,516,"Fruits",2023,4,22,112,2460057,3,2023,5,31,151,2460096,14
37410,32.584236,-91.974403,25,"LA",784,"Aesculus","pavia","red buckeye","Plantae",231645,371,"Breaking leaf buds",2023,1,26,26,2459971,22,2023,3,17,76,2460021,15
37410,32.584236,-91.974403,25,"LA",784,"Aesculus","pavia","red buckeye","Plantae",231645,371,"Breaking leaf buds",2023,10,1,274,2460219,25,2023,10,1,274,2460219,10
37410,32.584236,-91.974403,25,"LA",784,"Aesculus","pavia","red buckeye","Plantae",231645,467,"Increasing leaf size",2023,2,26,57,2460002,31,2023,5,6,126,2460071,29
37410,32.584236,-91.974403,25,"LA",784,"Aesculus","pavia","red buckeye","Plantae",231645,467,"Increasing leaf size",2023,10,1,274,2460219,25,2023,10,11,284,2460229,58
37410,32.584236,-91.974403,25,"LA",784,"Aesculus","pavia","red buckeye","Plantae",231645,471,"Falling leaves",2023,8,9,221,2460166,16,2023,9,6,249,2460194,25
37410,32.584236,-91.974403,25,"LA",784,"Aesculus","pavia","red buckeye","Plantae",231645,471,"Falling leaves",2023,12,8,342,2460287,58,2023,12,8,342,2460287,NA
37410,32.584236,-91.974403,25,"LA",784,"Aesculus","pavia","red buckeye","Plantae",231645,483,"Leaves",2023,2,26,57,2460002,31,2023,12,8,342,2460287,NA
37410,32.584236,-91.974403,25,"LA",784,"Aesculus","pavia","red buckeye","Plantae",231645,498,"Colored leaves",2023,6,4,155,2460100,29,2023,9,6,249,2460194,25
37410,32.584236,-91.974403,25,"LA",784,"Aesculus","pavia","red buckeye","Plantae",231645,498,"Colored leaves",2023,12,8,342,2460287,58,2023,12,8,342,2460287,NA
37410,32.584236,-91.974403,25,"LA",784,"Aesculus","pavia","red buckeye","Plantae",231645,500,"Flowers or flower buds",2023,2,26,57,2460002,31,2023,4,14,104,2460049,18
32443,39.90163,-86.175911,242,"IN",784,"Aesculus","pavia","red buckeye","Plantae",233933,371,"Breaking leaf buds",2023,2,7,38,2459983,NA,2023,2,7,38,2459983,20
32443,39.90163,-86.175911,242,"IN",784,"Aesculus","pavia","red buckeye","Plantae",233933,371,"Breaking leaf buds",2023,3,11,70,2460015,5,2023,4,3,93,2460038,NA
32443,39.90163,-86.175911,242,"IN",784,"Aesculus","pavia","red buckeye","Plantae",233933,467,"Increasing leaf size",2023,4,10,100,2460045,NA,2023,9,14,257,2460202,5
32443,39.90163,-86.175911,242,"IN",784,"Aesculus","pavia","red buckeye","Plantae",233933,471,"Falling leaves",2023,9,14,257,2460202,NA,2023,10,24,297,2460242,NA
32443,39.90163,-86.175911,242,"IN",784,"Aesculus","pavia","red buckeye","Plantae",233933,483,"Leaves",2023,4,10,100,2460045,7,2023,10,3,276,2460221,8
32443,39.90163,-86.175911,242,"IN",784,"Aesculus","pavia","red buckeye","Plantae",233933,483,"Leaves",2023,10,18,291,2460236,7,2023,10,24,297,2460242,6
32443,39.90163,-86.175911,242,"IN",784,"Aesculus","pavia","red buckeye","Plantae",233933,498,"Colored leaves",2023,8,30,242,2460187,15,2023,10,24,297,2460242,NA
32443,39.90163,-86.175911,242,"IN",147,"Aquilegia","canadensis","red columbine","Plantae",270024,390,"Ripe fruits",2023,6,5,156,2460101,NA,2023,6,5,156,2460101,NA
32443,39.90163,-86.175911,242,"IN",147,"Aquilegia","canadensis","red columbine","Plantae",270024,482,"Initial growth (forbs)",2023,2,28,59,2460004,1,2023,3,21,80,2460025,NA
32443,39.90163,-86.175911,242,"IN",147,"Aquilegia","canadensis","red columbine","Plantae",270024,488,"Leaves (forbs)",2023,2,28,59,2460004,NA,2023,5,24,144,2460089,19
32443,39.90163,-86.175911,242,"IN",147,"Aquilegia","canadensis","red columbine","Plantae",270024,488,"Leaves (forbs)",2023,7,4,185,2460130,8,2023,10,11,284,2460229,7
32443,39.90163,-86.175911,242,"IN",147,"Aquilegia","canadensis","red columbine","Plantae",270024,488,"Leaves (forbs)",2023,10,26,299,2460244,2,2023,11,7,311,2460256,NA
32443,39.90163,-86.175911,242,"IN",147,"Aquilegia","canadensis","red columbine","Plantae",270024,500,"Flowers or flower buds",2023,4,18,108,2460053,8,2023,5,24,144,2460089,19
32443,39.90163,-86.175911,242,"IN",147,"Aquilegia","canadensis","red columbine","Plantae",270024,501,"Open flowers",2023,5,9,129,2460074,6,2023,5,24,144,2460089,NA
46202,35.16766,-81.05687,199,"NC",784,"Aesculus","pavia","red buckeye","Plantae",283089,371,"Breaking leaf buds",2023,2,21,52,2459997,7,2023,2,21,52,2459997,7
46202,35.16766,-81.05687,199,"NC",784,"Aesculus","pavia","red buckeye","Plantae",283089,390,"Ripe fruits",2023,9,12,255,2460200,7,2023,9,12,255,2460200,7
46202,35.16766,-81.05687,199,"NC",784,"Aesculus","pavia","red buckeye","Plantae",283089,467,"Increasing leaf size",2023,2,28,59,2460004,7,2023,5,2,122,2460067,7
46202,35.16766,-81.05687,199,"NC",784,"Aesculus","pavia","red buckeye","Plantae",283089,467,"Increasing leaf size",2023,5,16,136,2460081,7,2023,6,6,157,2460102,7
46202,35.16766,-81.05687,199,"NC",784,"Aesculus","pavia","red buckeye","Plantae",283089,467,"Increasing leaf size",2023,6,27,178,2460123,14,2023,8,22,234,2460179,7
46202,35.16766,-81.05687,199,"NC",784,"Aesculus","pavia","red buckeye","Plantae",283089,471,"Falling leaves",2023,7,4,185,2460130,7,2023,7,4,185,2460130,7
46202,35.16766,-81.05687,199,"NC",784,"Aesculus","pavia","red buckeye","Plantae",283089,471,"Falling leaves",2023,8,8,220,2460165,7,2023,8,29,241,2460186,7
46202,35.16766,-81.05687,199,"NC",784,"Aesculus","pavia","red buckeye","Plantae",283089,471,"Falling leaves",2023,9,19,262,2460207,7,2023,9,26,269,2460214,7
46202,35.16766,-81.05687,199,"NC",784,"Aesculus","pavia","red buckeye","Plantae",283089,483,"Leaves",2023,2,28,59,2460004,7,2023,8,22,234,2460179,7
46202,35.16766,-81.05687,199,"NC",784,"Aesculus","pavia","red buckeye","Plantae",283089,483,"Leaves",2023,9,19,262,2460207,7,2023,9,19,262,2460207,7
46202,35.16766,-81.05687,199,"NC",784,"Aesculus","pavia","red buckeye","Plantae",283089,498,"Colored leaves",2023,6,6,157,2460102,7,2023,6,6,157,2460102,7
46202,35.16766,-81.05687,199,"NC",784,"Aesculus","pavia","red buckeye","Plantae",283089,498,"Colored leaves",2023,6,27,178,2460123,14,2023,7,18,199,2460144,7
46202,35.16766,-81.05687,199,"NC",784,"Aesculus","pavia","red buckeye","Plantae",283089,498,"Colored leaves",2023,8,1,213,2460158,7,2023,8,22,234,2460179,7
46202,35.16766,-81.05687,199,"NC",784,"Aesculus","pavia","red buckeye","Plantae",283089,500,"Flowers or flower buds",2023,2,28,59,2460004,7,2023,4,18,108,2460053,7
46202,35.16766,-81.05687,199,"NC",784,"Aesculus","pavia","red buckeye","Plantae",283089,500,"Flowers or flower buds",2023,11,7,311,2460256,7,2023,11,7,311,2460256,7
46202,35.16766,-81.05687,199,"NC",784,"Aesculus","pavia","red buckeye","Plantae",283089,501,"Open flowers",2023,3,21,80,2460025,7,2023,3,21,80,2460025,7
46202,35.16766,-81.05687,199,"NC",784,"Aesculus","pavia","red buckeye","Plantae",283089,501,"Open flowers",2023,4,4,94,2460039,7,2023,4,18,108,2460053,7
46202,35.16766,-81.05687,199,"NC",784,"Aesculus","pavia","red buckeye","Plantae",283089,504,"Recent fruit or seed drop",2023,10,3,276,2460221,7,2023,10,3,276,2460221,7
46202,35.16766,-81.05687,199,"NC",784,"Aesculus","pavia","red buckeye","Plantae",283089,516,"Fruits",2023,5,2,122,2460067,7,2023,5,2,122,2460067,7
46202,35.16766,-81.05687,199,"NC",784,"Aesculus","pavia","red buckeye","Plantae",283089,516,"Fruits",2023,7,4,185,2460130,7,2023,7,4,185,2460130,7
46202,35.16766,-81.05687,199,"NC",784,"Aesculus","pavia","red buckeye","Plantae",283089,516,"Fruits",2023,8,15,227,2460172,7,2023,9,26,269,2460214,7
46202,35.16766,-81.05687,199,"NC",784,"Aesculus","pavia","red buckeye","Plantae",283093,371,"Breaking leaf buds",2023,2,21,52,2459997,7,2023,2,28,59,2460004,7
46202,35.16766,-81.05687,199,"NC",784,"Aesculus","pavia","red buckeye","Plantae",283093,467,"Increasing leaf size",2023,2,28,59,2460004,7,2023,3,21,80,2460025,7
46202,35.16766,-81.05687,199,"NC",784,"Aesculus","pavia","red buckeye","Plantae",283093,467,"Increasing leaf size",2023,4,4,94,2460039,7,2023,8,22,234,2460179,7
46202,35.16766,-81.05687,199,"NC",784,"Aesculus","pavia","red buckeye","Plantae",283093,467,"Increasing leaf size",2023,9,12,255,2460200,7,2023,9,12,255,2460200,7
46202,35.16766,-81.05687,199,"NC",784,"Aesculus","pavia","red buckeye","Plantae",283093,471,"Falling leaves",2023,8,8,220,2460165,7,2023,8,8,220,2460165,7
46202,35.16766,-81.05687,199,"NC",784,"Aesculus","pavia","red buckeye","Plantae",283093,471,"Falling leaves",2023,8,22,234,2460179,7,2023,8,29,241,2460186,7
46202,35.16766,-81.05687,199,"NC",784,"Aesculus","pavia","red buckeye","Plantae",283093,483,"Leaves",2023,2,28,59,2460004,7,2023,8,22,234,2460179,7
46202,35.16766,-81.05687,199,"NC",784,"Aesculus","pavia","red buckeye","Plantae",283093,483,"Leaves",2023,9,12,255,2460200,7,2023,9,12,255,2460200,7
46202,35.16766,-81.05687,199,"NC",784,"Aesculus","pavia","red buckeye","Plantae",283093,498,"Colored leaves",2023,7,4,185,2460130,21,2023,8,29,241,2460186,7
46202,35.16766,-81.05687,199,"NC",784,"Aesculus","pavia","red buckeye","Plantae",283093,498,"Colored leaves",2023,9,12,255,2460200,7,2023,9,12,255,2460200,7
46202,35.16766,-81.05687,199,"NC",784,"Aesculus","pavia","red buckeye","Plantae",283093,500,"Flowers or flower buds",2023,2,28,59,2460004,7,2023,3,21,80,2460025,7
46202,35.16766,-81.05687,199,"NC",784,"Aesculus","pavia","red buckeye","Plantae",283093,500,"Flowers or flower buds",2023,4,4,94,2460039,7,2023,4,18,108,2460053,7
46202,35.16766,-81.05687,199,"NC",784,"Aesculus","pavia","red buckeye","Plantae",283093,501,"Open flowers",2023,3,28,87,2460032,7,2023,4,18,108,2460053,7
46202,35.16766,-81.05687,199,"NC",784,"Aesculus","pavia","red buckeye","Plantae",283100,371,"Breaking leaf buds",2023,2,21,52,2459997,7,2023,2,28,59,2460004,7
46202,35.16766,-81.05687,199,"NC",784,"Aesculus","pavia","red buckeye","Plantae",283100,467,"Increasing leaf size",2023,2,28,59,2460004,7,2023,3,21,80,2460025,7
46202,35.16766,-81.05687,199,"NC",784,"Aesculus","pavia","red buckeye","Plantae",283100,467,"Increasing leaf size",2023,4,4,94,2460039,7,2023,6,13,164,2460109,14
46202,35.16766,-81.05687,199,"NC",784,"Aesculus","pavia","red buckeye","Plantae",283100,467,"Increasing leaf size",2023,7,4,185,2460130,7,2023,8,22,234,2460179,7
46202,35.16766,-81.05687,199,"NC",784,"Aesculus","pavia","red buckeye","Plantae",283100,467,"Increasing leaf size",2023,9,5,248,2460193,7,2023,10,3,276,2460221,7
46202,35.16766,-81.05687,199,"NC",784,"Aesculus","pavia","red buckeye","Plantae",283100,471,"Falling leaves",2023,7,4,185,2460130,7,2023,7,4,185,2460130,7
46202,35.16766,-81.05687,199,"NC",784,"Aesculus","pavia","red buckeye","Plantae",283100,471,"Falling leaves",2023,7,18,199,2460144,7,2023,7,18,199,2460144,7
46202,35.16766,-81.05687,199,"NC",784,"Aesculus","pavia","red buckeye","Plantae",283100,471,"Falling leaves",2023,8,8,220,2460165,7,2023,8,15,227,2460172,7
46202,35.16766,-81.05687,199,"NC",784,"Aesculus","pavia","red buckeye","Plantae",283100,471,"Falling leaves",2023,8,29,241,2460186,7,2023,8,29,241,2460186,7
46202,35.16766,-81.05687,199,"NC",784,"Aesculus","pavia","red buckeye","Plantae",283100,471,"Falling leaves",2023,9,26,269,2460214,14,2023,9,26,269,2460214,7
46202,35.16766,-81.05687,199,"NC",784,"Aesculus","pavia","red buckeye","Plantae",283100,471,"Falling leaves",2023,10,10,283,2460228,7,2023,10,10,283,2460228,7
46202,35.16766,-81.05687,199,"NC",784,"Aesculus","pavia","red buckeye","Plantae",283100,483,"Leaves",2023,2,28,59,2460004,7,2023,10,10,283,2460228,7
46202,35.16766,-81.05687,199,"NC",784,"Aesculus","pavia","red buckeye","Plantae",283100,498,"Colored leaves",2023,6,6,157,2460102,7,2023,6,6,157,2460102,7
46202,35.16766,-81.05687,199,"NC",784,"Aesculus","pavia","red buckeye","Plantae",283100,498,"Colored leaves",2023,6,27,178,2460123,14,2023,9,5,248,2460193,7
46202,35.16766,-81.05687,199,"NC",784,"Aesculus","pavia","red buckeye","Plantae",283100,498,"Colored leaves",2023,9,26,269,2460214,14,2023,10,10,283,2460228,7
46202,35.16766,-81.05687,199,"NC",784,"Aesculus","pavia","red buckeye","Plantae",283100,500,"Flowers or flower buds",2023,2,28,59,2460004,7,2023,3,21,80,2460025,7
46202,35.16766,-81.05687,199,"NC",784,"Aesculus","pavia","red buckeye","Plantae",283100,500,"Flowers or flower buds",2023,4,4,94,2460039,7,2023,4,18,108,2460053,7
46202,35.16766,-81.05687,199,"NC",784,"Aesculus","pavia","red buckeye","Plantae",283100,501,"Open flowers",2023,3,21,80,2460025,7,2023,4,18,108,2460053,7
46202,35.16766,-81.05687,199,"NC",784,"Aesculus","pavia","red buckeye","Plantae",283100,516,"Fruits",2023,5,2,122,2460067,7,2023,5,2,122,2460067,7
33069,43.841541,-69.502037,-9,"ME",147,"Aquilegia","canadensis","red columbine","Plantae",292771,390,"Ripe fruits",2023,5,29,149,2460094,33,2023,5,29,149,2460094,177
33069,43.841541,-69.502037,-9,"ME",147,"Aquilegia","canadensis","red columbine","Plantae",292771,482,"Initial growth (forbs)",2023,4,6,96,2460041,17,2023,8,21,233,2460178,93
33069,43.841541,-69.502037,-9,"ME",147,"Aquilegia","canadensis","red columbine","Plantae",292771,488,"Leaves (forbs)",2023,4,15,105,2460050,9,2023,8,21,233,2460178,93
33069,43.841541,-69.502037,-9,"ME",147,"Aquilegia","canadensis","red columbine","Plantae",292771,500,"Flowers or flower buds",2023,5,6,126,2460071,10,2023,5,15,135,2460080,191
33069,43.841541,-69.502037,-9,"ME",147,"Aquilegia","canadensis","red columbine","Plantae",292771,501,"Open flowers",2023,5,15,135,2460080,9,2023,5,23,143,2460088,183
33069,43.841541,-69.502037,-9,"ME",147,"Aquilegia","canadensis","red columbine","Plantae",292771,504,"Recent fruit or seed drop",2023,6,15,166,2460111,17,2023,8,21,233,2460178,93
33069,43.841541,-69.502037,-9,"ME",147,"Aquilegia","canadensis","red columbine","Plantae",292771,516,"Fruits",2023,5,23,143,2460088,8,2023,5,23,143,2460088,183
30971,30.391338,-88.775955,2,"MS",784,"Aesculus","pavia","red buckeye","Plantae",301473,371,"Breaking leaf buds",2023,1,20,20,2459965,8,2023,1,27,27,2459972,6
30971,30.391338,-88.775955,2,"MS",784,"Aesculus","pavia","red buckeye","Plantae",301473,467,"Increasing leaf size",2023,1,20,20,2459965,8,2023,5,31,151,2460096,9
30971,30.391338,-88.775955,2,"MS",784,"Aesculus","pavia","red buckeye","Plantae",301473,471,"Falling leaves",2023,9,21,264,2460209,8,2023,10,5,278,2460223,8
30971,30.391338,-88.775955,2,"MS",784,"Aesculus","pavia","red buckeye","Plantae",301473,483,"Leaves",2023,1,20,20,2459965,8,2023,10,5,278,2460223,8
30971,30.391338,-88.775955,2,"MS",784,"Aesculus","pavia","red buckeye","Plantae",301473,498,"Colored leaves",2023,8,31,243,2460188,13,2023,10,5,278,2460223,8
30971,30.391338,-88.775955,2,"MS",784,"Aesculus","pavia","red buckeye","Plantae",301473,500,"Flowers or flower buds",2023,1,5,5,2459950,NA,2023,1,12,12,2459957,8
30971,30.391338,-88.775955,2,"MS",784,"Aesculus","pavia","red buckeye","Plantae",301473,500,"Flowers or flower buds",2023,2,2,33,2459978,13,2023,3,2,61,2460006,7
30971,30.391338,-88.775955,2,"MS",784,"Aesculus","pavia","red buckeye","Plantae",301473,501,"Open flowers",2023,3,2,61,2460006,15,2023,3,2,61,2460006,7
30971,30.391338,-88.775955,2,"MS",784,"Aesculus","pavia","red buckeye","Plantae",301473,516,"Fruits",2023,8,14,226,2460171,10,2023,8,14,226,2460171,4
48555,33.813538,-84.28347,307,"GA",147,"Aquilegia","canadensis","red columbine","Plantae",305071,390,"Ripe fruits",2023,5,22,142,2460087,6,2023,6,7,158,2460103,10
48555,33.813538,-84.28347,307,"GA",147,"Aquilegia","canadensis","red columbine","Plantae",305071,482,"Initial growth (forbs)",2023,2,8,39,2459984,7,2023,2,25,56,2460001,3
48555,33.813538,-84.28347,307,"GA",147,"Aquilegia","canadensis","red columbine","Plantae",305071,482,"Initial growth (forbs)",2023,5,1,121,2460066,6,2023,5,6,126,2460071,10
48555,33.813538,-84.28347,307,"GA",147,"Aquilegia","canadensis","red columbine","Plantae",305071,488,"Leaves (forbs)",2023,1,2,2,2459947,NA,2023,12,15,349,2460294,NA
48555,33.813538,-84.28347,307,"GA",147,"Aquilegia","canadensis","red columbine","Plantae",305071,500,"Flowers or flower buds",2023,3,3,62,2460007,3,2023,3,3,62,2460007,3
48555,33.813538,-84.28347,307,"GA",147,"Aquilegia","canadensis","red columbine","Plantae",305071,500,"Flowers or flower buds",2023,3,30,89,2460034,5,2023,5,6,126,2460071,10
48555,33.813538,-84.28347,307,"GA",147,"Aquilegia","canadensis","red columbine","Plantae",305071,501,"Open flowers",2023,4,9,99,2460044,5,2023,5,6,126,2460071,10
48555,33.813538,-84.28347,307,"GA",147,"Aquilegia","canadensis","red columbine","Plantae",305071,504,"Recent fruit or seed drop",2023,5,22,142,2460087,6,2023,6,7,158,2460103,10
48555,33.813538,-84.28347,307,"GA",147,"Aquilegia","canadensis","red columbine","Plantae",305071,516,"Fruits",2023,5,1,121,2460066,6,2023,6,7,158,2460103,10
50299,29.972042,-90.048286,1,"LA",784,"Aesculus","pavia","red buckeye","Plantae",306236,371,"Breaking leaf buds",2023,2,13,44,2459989,NA,2023,2,13,44,2459989,8
50299,29.972042,-90.048286,1,"LA",784,"Aesculus","pavia","red buckeye","Plantae",306236,467,"Increasing leaf size",2023,2,21,52,2459997,8,2023,3,21,80,2460025,NA
50299,29.972042,-90.048286,1,"LA",784,"Aesculus","pavia","red buckeye","Plantae",306236,483,"Leaves",2023,2,21,52,2459997,8,2023,3,21,80,2460025,NA
50299,29.972042,-90.048286,1,"LA",784,"Aesculus","pavia","red buckeye","Plantae",306236,500,"Flowers or flower buds",2023,2,21,52,2459997,8,2023,3,21,80,2460025,NA
50299,29.972042,-90.048286,1,"LA",784,"Aesculus","pavia","red buckeye","Plantae",306236,501,"Open flowers",2023,3,5,64,2460009,7,2023,3,21,80,2460025,NA
50041,38.938599,-77.177887,82,"VA",147,"Aquilegia","canadensis","red columbine","Plantae",307443,482,"Initial growth (forbs)",2023,4,11,101,2460046,22,2023,4,16,106,2460051,NA
50041,38.938599,-77.177887,82,"VA",147,"Aquilegia","canadensis","red columbine","Plantae",307443,488,"Leaves (forbs)",2023,4,11,101,2460046,22,2023,4,16,106,2460051,NA
51055,42.874382,-88.457558,280,"WI",147,"Aquilegia","canadensis","red columbine","Plantae",310343,482,"Initial growth (forbs)",2023,4,15,105,2460050,8,2023,4,15,105,2460050,NA
51462,39.980137,-82.413101,291,"OH",784,"Aesculus","pavia","red buckeye","Plantae",313468,371,"Breaking leaf buds",2023,4,10,100,2460045,5,2023,4,10,100,2460045,NA
51462,39.980137,-82.413101,291,"OH",784,"Aesculus","pavia","red buckeye","Plantae",313468,467,"Increasing leaf size",2023,4,10,100,2460045,5,2023,4,10,100,2460045,NA
51462,39.980137,-82.413101,291,"OH",784,"Aesculus","pavia","red buckeye","Plantae",313468,483,"Leaves",2023,4,10,100,2460045,5,2023,4,10,100,2460045,NA
51462,39.980137,-82.413101,291,"OH",784,"Aesculus","pavia","red buckeye","Plantae",313468,500,"Flowers or flower buds",2023,4,5,95,2460040,NA,2023,4,10,100,2460045,NA
46830,35.986279,-78.929886,114,"NC",784,"Aesculus","pavia","red buckeye","Plantae",314892,483,"Leaves",2023,4,15,105,2460050,NA,2023,4,15,105,2460050,NA
51212,41.25,-72.835701,8,"CT",147,"Aquilegia","canadensis","red columbine","Plantae",317704,482,"Initial growth (forbs)",2023,5,21,141,2460086,NA,2023,5,21,141,2460086,NA
51212,41.25,-72.835701,8,"CT",147,"Aquilegia","canadensis","red columbine","Plantae",317704,488,"Leaves (forbs)",2023,5,21,141,2460086,NA,2023,5,21,141,2460086,NA
51212,41.25,-72.835701,8,"CT",147,"Aquilegia","canadensis","red columbine","Plantae",317704,500,"Flowers or flower buds",2023,5,21,141,2460086,NA,2023,5,21,141,2460086,NA
51212,41.25,-72.835701,8,"CT",147,"Aquilegia","canadensis","red columbine","Plantae",317704,501,"Open flowers",2023,5,21,141,2460086,NA,2023,5,21,141,2460086,NA
52341,39.223499,-86.0942,256,"IN",147,"Aquilegia","canadensis","red columbine","Plantae",318369,390,"Ripe fruits",2023,6,20,171,2460116,8,2023,6,20,171,2460116,NA
52341,39.223499,-86.0942,256,"IN",147,"Aquilegia","canadensis","red columbine","Plantae",318369,488,"Leaves (forbs)",2023,6,12,163,2460108,NA,2023,6,20,171,2460116,NA
52341,39.223499,-86.0942,256,"IN",147,"Aquilegia","canadensis","red columbine","Plantae",318369,500,"Flowers or flower buds",2023,6,12,163,2460108,NA,2023,6,12,163,2460108,8
52341,39.223499,-86.0942,256,"IN",147,"Aquilegia","canadensis","red columbine","Plantae",318369,501,"Open flowers",2023,6,12,163,2460108,NA,2023,6,12,163,2460108,8
52341,39.223499,-86.0942,256,"IN",147,"Aquilegia","canadensis","red columbine","Plantae",318369,516,"Fruits",2023,6,12,163,2460108,NA,2023,6,20,171,2460116,NA
57074,31.8568,-88.160919,42,"AL",784,"Aesculus","pavia","red buckeye","Plantae",356688,371,"Breaking leaf buds",2023,3,1,60,2460005,6,2023,3,1,60,2460005,9
57074,31.8568,-88.160919,42,"AL",784,"Aesculus","pavia","red buckeye","Plantae",356688,467,"Increasing leaf size",2023,3,1,60,2460005,6,2023,3,23,82,2460027,7
57074,31.8568,-88.160919,42,"AL",784,"Aesculus","pavia","red buckeye","Plantae",356688,471,"Falling leaves",2023,6,15,166,2460111,8,2023,6,15,166,2460111,7
57074,31.8568,-88.160919,42,"AL",784,"Aesculus","pavia","red buckeye","Plantae",356688,471,"Falling leaves",2023,7,6,187,2460132,7,2023,7,6,187,2460132,7
57074,31.8568,-88.160919,42,"AL",784,"Aesculus","pavia","red buckeye","Plantae",356688,471,"Falling leaves",2023,7,20,201,2460146,7,2023,8,24,236,2460181,7
57074,31.8568,-88.160919,42,"AL",784,"Aesculus","pavia","red buckeye","Plantae",356688,471,"Falling leaves",2023,9,14,257,2460202,7,2023,10,18,291,2460236,8
57074,31.8568,-88.160919,42,"AL",784,"Aesculus","pavia","red buckeye","Plantae",356688,483,"Leaves",2023,3,1,60,2460005,6,2023,10,18,291,2460236,8
57074,31.8568,-88.160919,42,"AL",784,"Aesculus","pavia","red buckeye","Plantae",356688,498,"Colored leaves",2023,4,13,103,2460048,8,2023,4,13,103,2460048,8
57074,31.8568,-88.160919,42,"AL",784,"Aesculus","pavia","red buckeye","Plantae",356688,498,"Colored leaves",2023,5,18,138,2460083,8,2023,6,1,152,2460097,6
57074,31.8568,-88.160919,42,"AL",784,"Aesculus","pavia","red buckeye","Plantae",356688,498,"Colored leaves",2023,6,15,166,2460111,8,2023,6,15,166,2460111,7
57074,31.8568,-88.160919,42,"AL",784,"Aesculus","pavia","red buckeye","Plantae",356688,498,"Colored leaves",2023,7,6,187,2460132,7,2023,7,6,187,2460132,7
57074,31.8568,-88.160919,42,"AL",784,"Aesculus","pavia","red buckeye","Plantae",356688,498,"Colored leaves",2023,7,20,201,2460146,7,2023,8,24,236,2460181,7
57074,31.8568,-88.160919,42,"AL",784,"Aesculus","pavia","red buckeye","Plantae",356688,498,"Colored leaves",2023,9,14,257,2460202,7,2023,10,18,291,2460236,8
57074,31.8568,-88.160919,42,"AL",784,"Aesculus","pavia","red buckeye","Plantae",356688,501,"Open flowers",2023,3,23,82,2460027,7,2023,4,21,111,2460056,5
57074,31.8568,-88.160919,42,"AL",784,"Aesculus","pavia","red buckeye","Plantae",356694,371,"Breaking leaf buds",2023,2,16,47,2459992,8,2023,3,1,60,2460005,9
57074,31.8568,-88.160919,42,"AL",784,"Aesculus","pavia","red buckeye","Plantae",356694,371,"Breaking leaf buds",2023,3,23,82,2460027,7,2023,3,23,82,2460027,7
57074,31.8568,-88.160919,42,"AL",784,"Aesculus","pavia","red buckeye","Plantae",356694,467,"Increasing leaf size",2023,2,23,54,2459999,7,2023,3,23,82,2460027,7
57074,31.8568,-88.160919,42,"AL",784,"Aesculus","pavia","red buckeye","Plantae",356694,471,"Falling leaves",2023,5,24,144,2460089,6,2023,6,15,166,2460111,7
57074,31.8568,-88.160919,42,"AL",784,"Aesculus","pavia","red buckeye","Plantae",356694,471,"Falling leaves",2023,7,6,187,2460132,7,2023,7,6,187,2460132,7
57074,31.8568,-88.160919,42,"AL",784,"Aesculus","pavia","red buckeye","Plantae",356694,471,"Falling leaves",2023,7,27,208,2460153,7,2023,8,24,236,2460181,7
57074,31.8568,-88.160919,42,"AL",784,"Aesculus","pavia","red buckeye","Plantae",356694,471,"Falling leaves",2023,9,14,257,2460202,7,2023,10,5,278,2460223,7
57074,31.8568,-88.160919,42,"AL",784,"Aesculus","pavia","red buckeye","Plantae",356694,483,"Leaves",2023,2,23,54,2459999,7,2023,10,5,278,2460223,7
57074,31.8568,-88.160919,42,"AL",784,"Aesculus","pavia","red buckeye","Plantae",356694,498,"Colored leaves",2023,5,3,123,2460068,7,2023,5,3,123,2460068,7
57074,31.8568,-88.160919,42,"AL",784,"Aesculus","pavia","red buckeye","Plantae",356694,498,"Colored leaves",2023,5,18,138,2460083,8,2023,6,1,152,2460097,6
57074,31.8568,-88.160919,42,"AL",784,"Aesculus","pavia","red buckeye","Plantae",356694,498,"Colored leaves",2023,6,15,166,2460111,8,2023,6,22,173,2460118,7
57074,31.8568,-88.160919,42,"AL",784,"Aesculus","pavia","red buckeye","Plantae",356694,498,"Colored leaves",2023,7,6,187,2460132,7,2023,7,6,187,2460132,7
57074,31.8568,-88.160919,42,"AL",784,"Aesculus","pavia","red buckeye","Plantae",356694,498,"Colored leaves",2023,7,20,201,2460146,7,2023,10,5,278,2460223,7
57074,31.8568,-88.160919,42,"AL",784,"Aesculus","pavia","red buckeye","Plantae",356696,371,"Breaking leaf buds",2023,2,16,47,2459992,8,2023,2,23,54,2459999,6
57074,31.8568,-88.160919,42,"AL",784,"Aesculus","pavia","red buckeye","Plantae",356696,467,"Increasing leaf size",2023,2,23,54,2459999,7,2023,3,16,75,2460020,14
57074,31.8568,-88.160919,42,"AL",784,"Aesculus","pavia","red buckeye","Plantae",356696,467,"Increasing leaf size",2023,4,5,95,2460040,6,2023,4,13,103,2460048,8
57074,31.8568,-88.160919,42,"AL",784,"Aesculus","pavia","red buckeye","Plantae",356696,467,"Increasing leaf size",2023,4,26,116,2460061,5,2023,4,26,116,2460061,7
57074,31.8568,-88.160919,42,"AL",784,"Aesculus","pavia","red buckeye","Plantae",356696,471,"Falling leaves",2023,9,21,264,2460209,7,2023,9,21,264,2460209,7
57074,31.8568,-88.160919,42,"AL",784,"Aesculus","pavia","red buckeye","Plantae",356696,483,"Leaves",2023,2,23,54,2459999,7,2023,3,16,75,2460020,14
57074,31.8568,-88.160919,42,"AL",784,"Aesculus","pavia","red buckeye","Plantae",356696,483,"Leaves",2023,4,5,95,2460040,6,2023,10,5,278,2460223,7
57074,31.8568,-88.160919,42,"AL",784,"Aesculus","pavia","red buckeye","Plantae",356696,498,"Colored leaves",2023,9,14,257,2460202,7,2023,9,14,257,2460202,7
57074,31.8568,-88.160919,42,"AL",784,"Aesculus","pavia","red buckeye","Plantae",356701,371,"Breaking leaf buds",2023,2,16,47,2459992,8,2023,3,1,60,2460005,9
57074,31.8568,-88.160919,42,"AL",784,"Aesculus","pavia","red buckeye","Plantae",356701,467,"Increasing leaf size",2023,2,16,47,2459992,8,2023,3,23,82,2460027,7
57074,31.8568,-88.160919,42,"AL",784,"Aesculus","pavia","red buckeye","Plantae",356701,471,"Falling leaves",2023,5,18,138,2460083,8,2023,6,15,166,2460111,7
57074,31.8568,-88.160919,42,"AL",784,"Aesculus","pavia","red buckeye","Plantae",356701,471,"Falling leaves",2023,7,6,187,2460132,7,2023,7,6,187,2460132,7
57074,31.8568,-88.160919,42,"AL",784,"Aesculus","pavia","red buckeye","Plantae",356701,471,"Falling leaves",2023,7,20,201,2460146,7,2023,9,14,257,2460202,7
57074,31.8568,-88.160919,42,"AL",784,"Aesculus","pavia","red buckeye","Plantae",356701,483,"Leaves",2023,2,16,47,2459992,8,2023,9,21,264,2460209,7
57074,31.8568,-88.160919,42,"AL",784,"Aesculus","pavia","red buckeye","Plantae",356701,498,"Colored leaves",2023,5,3,123,2460068,7,2023,6,22,173,2460118,7
57074,31.8568,-88.160919,42,"AL",784,"Aesculus","pavia","red buckeye","Plantae",356701,498,"Colored leaves",2023,7,6,187,2460132,7,2023,9,21,264,2460209,7
57074,31.8568,-88.160919,42,"AL",784,"Aesculus","pavia","red buckeye","Plantae",356705,371,"Breaking leaf buds",2023,2,8,39,2459984,NA,2023,2,23,54,2459999,6
57074,31.8568,-88.160919,42,"AL",784,"Aesculus","pavia","red buckeye","Plantae",356705,467,"Increasing leaf size",2023,2,8,39,2459984,NA,2023,3,23,82,2460027,7
57074,31.8568,-88.160919,42,"AL",784,"Aesculus","pavia","red buckeye","Plantae",356705,471,"Falling leaves",2023,6,15,166,2460111,8,2023,6,15,166,2460111,7
57074,31.8568,-88.160919,42,"AL",784,"Aesculus","pavia","red buckeye","Plantae",356705,471,"Falling leaves",2023,7,27,208,2460153,7,2023,8,24,236,2460181,7
57074,31.8568,-88.160919,42,"AL",784,"Aesculus","pavia","red buckeye","Plantae",356705,483,"Leaves",2023,2,8,39,2459984,NA,2023,8,24,236,2460181,7
57074,31.8568,-88.160919,42,"AL",784,"Aesculus","pavia","red buckeye","Plantae",356705,498,"Colored leaves",2023,6,1,152,2460097,8,2023,6,1,152,2460097,6
57074,31.8568,-88.160919,42,"AL",784,"Aesculus","pavia","red buckeye","Plantae",356705,498,"Colored leaves",2023,6,15,166,2460111,8,2023,6,15,166,2460111,7
57074,31.8568,-88.160919,42,"AL",784,"Aesculus","pavia","red buckeye","Plantae",356705,498,"Colored leaves",2023,7,27,208,2460153,7,2023,8,24,236,2460181,7
2394,45.425339,-93.186249,278,"MN",147,"Aquilegia","canadensis","red columbine","Plantae",3818,482,"Initial growth (forbs)",2024,5,16,137,2460447,6,2024,5,23,144,2460454,7
2394,45.425339,-93.186249,278,"MN",147,"Aquilegia","canadensis","red columbine","Plantae",3818,488,"Leaves (forbs)",2024,5,10,131,2460441,30,2024,10,21,295,2460605,NA
2394,45.425339,-93.186249,278,"MN",147,"Aquilegia","canadensis","red columbine","Plantae",3818,500,"Flowers or flower buds",2024,5,30,151,2460461,7,2024,5,30,151,2460461,19
2394,45.425339,-93.186249,278,"MN",147,"Aquilegia","canadensis","red columbine","Plantae",3818,501,"Open flowers",2024,5,30,151,2460461,7,2024,5,30,151,2460461,19
2394,45.425339,-93.186249,278,"MN",147,"Aquilegia","canadensis","red columbine","Plantae",3900,482,"Initial growth (forbs)",2024,5,10,131,2460441,30,2024,5,23,144,2460454,7
2394,45.425339,-93.186249,278,"MN",147,"Aquilegia","canadensis","red columbine","Plantae",3900,488,"Leaves (forbs)",2024,5,10,131,2460441,30,2024,8,6,219,2460529,6
2394,45.425339,-93.186249,278,"MN",147,"Aquilegia","canadensis","red columbine","Plantae",3900,488,"Leaves (forbs)",2024,8,19,232,2460542,7,2024,10,16,290,2460600,5
10585,41.433689,-81.693153,219,"OH",147,"Aquilegia","canadensis","red columbine","Plantae",45124,390,"Ripe fruits",2024,6,13,165,2460475,NA,2024,6,20,172,2460482,7
10585,41.433689,-81.693153,219,"OH",147,"Aquilegia","canadensis","red columbine","Plantae",45124,504,"Recent fruit or seed drop",2024,6,13,165,2460475,NA,2024,6,20,172,2460482,7
10585,41.433689,-81.693153,219,"OH",147,"Aquilegia","canadensis","red columbine","Plantae",45124,516,"Fruits",2024,6,13,165,2460475,NA,2024,6,20,172,2460482,7
17574,40.863052,-73.881592,30,"NY",784,"Aesculus","pavia","red buckeye","Plantae",67637,371,"Breaking leaf buds",2024,4,28,119,2460429,6,2024,4,28,119,2460429,9
17574,40.863052,-73.881592,30,"NY",784,"Aesculus","pavia","red buckeye","Plantae",67637,390,"Ripe fruits",2024,6,4,156,2460466,9,2024,6,4,156,2460466,4
17574,40.863052,-73.881592,30,"NY",784,"Aesculus","pavia","red buckeye","Plantae",67637,390,"Ripe fruits",2024,6,20,172,2460482,12,2024,9,2,246,2460556,9
17574,40.863052,-73.881592,30,"NY",784,"Aesculus","pavia","red buckeye","Plantae",67637,390,"Ripe fruits",2024,10,8,282,2460592,17,2024,10,14,288,2460598,6
17574,40.863052,-73.881592,30,"NY",784,"Aesculus","pavia","red buckeye","Plantae",67637,390,"Ripe fruits",2024,10,27,301,2460611,7,2024,10,27,301,2460611,20
17574,40.863052,-73.881592,30,"NY",784,"Aesculus","pavia","red buckeye","Plantae",67637,467,"Increasing leaf size",2024,3,31,91,2460401,5,2024,5,19,140,2460450,7
17574,40.863052,-73.881592,30,"NY",784,"Aesculus","pavia","red buckeye","Plantae",67637,467,"Increasing leaf size",2024,6,4,156,2460466,9,2024,7,9,191,2460501,5
17574,40.863052,-73.881592,30,"NY",784,"Aesculus","pavia","red buckeye","Plantae",67637,467,"Increasing leaf size",2024,7,27,209,2460519,4,2024,8,2,215,2460525,9
17574,40.863052,-73.881592,30,"NY",784,"Aesculus","pavia","red buckeye","Plantae",67637,467,"Increasing leaf size",2024,8,15,228,2460538,4,2024,8,22,235,2460545,11
17574,40.863052,-73.881592,30,"NY",784,"Aesculus","pavia","red buckeye","Plantae",67637,467,"Increasing leaf size",2024,9,5,249,2460559,3,2024,9,11,255,2460565,10
17574,40.863052,-73.881592,30,"NY",784,"Aesculus","pavia","red buckeye","Plantae",67637,471,"Falling leaves",2024,9,5,249,2460559,3,2024,11,16,321,2460631,NA
17574,40.863052,-73.881592,30,"NY",784,"Aesculus","pavia","red buckeye","Plantae",67637,483,"Leaves",2024,3,31,91,2460401,5,2024,11,16,321,2460631,NA
17574,40.863052,-73.881592,30,"NY",784,"Aesculus","pavia","red buckeye","Plantae",67637,498,"Colored leaves",2024,9,21,265,2460575,10,2024,10,27,301,2460611,20
17574,40.863052,-73.881592,30,"NY",784,"Aesculus","pavia","red buckeye","Plantae",67637,500,"Flowers or flower buds",2024,3,1,61,2460371,NA,2024,5,19,140,2460450,7
17574,40.863052,-73.881592,30,"NY",784,"Aesculus","pavia","red buckeye","Plantae",67637,501,"Open flowers",2024,5,7,128,2460438,9,2024,5,19,140,2460450,7
17574,40.863052,-73.881592,30,"NY",784,"Aesculus","pavia","red buckeye","Plantae",67637,504,"Recent fruit or seed drop",2024,6,8,160,2460470,4,2024,7,14,196,2460506,13
17574,40.863052,-73.881592,30,"NY",784,"Aesculus","pavia","red buckeye","Plantae",67637,504,"Recent fruit or seed drop",2024,9,11,255,2460565,20,2024,10,14,288,2460598,6
17574,40.863052,-73.881592,30,"NY",784,"Aesculus","pavia","red buckeye","Plantae",67637,516,"Fruits",2024,5,11,132,2460442,4,2024,10,14,288,2460598,6
17574,40.863052,-73.881592,30,"NY",784,"Aesculus","pavia","red buckeye","Plantae",67637,516,"Fruits",2024,10,27,301,2460611,7,2024,10,27,301,2460611,20
31779,47.166275,-122.537384,74,"WA",147,"Aquilegia","canadensis","red columbine","Plantae",174095,482,"Initial growth (forbs)",2024,2,5,36,2460346,NA,2024,4,4,95,2460405,NA
31779,47.166275,-122.537384,74,"WA",147,"Aquilegia","canadensis","red columbine","Plantae",174095,488,"Leaves (forbs)",2024,2,5,36,2460346,NA,2024,4,4,95,2460405,NA
31779,47.166275,-122.537384,74,"WA",147,"Aquilegia","canadensis","red columbine","Plantae",174095,500,"Flowers or flower buds",2024,4,4,95,2460405,59,2024,4,4,95,2460405,NA
30051,44.478752,-84.672668,364,"MI",147,"Aquilegia","canadensis","red columbine","Plantae",180165,488,"Leaves (forbs)",2024,6,25,177,2460487,8,2024,9,7,251,2460561,5
30051,44.478752,-84.672668,364,"MI",147,"Aquilegia","canadensis","red columbine","Plantae",180165,488,"Leaves (forbs)",2024,9,22,266,2460576,10,2024,10,4,278,2460588,18
33012,42.011364,-93.638145,289,"IA",147,"Aquilegia","canadensis","red columbine","Plantae",199988,390,"Ripe fruits",2024,5,31,152,2460462,3,2024,11,6,311,2460621,NA
33012,42.011364,-93.638145,289,"IA",147,"Aquilegia","canadensis","red columbine","Plantae",199988,482,"Initial growth (forbs)",2024,4,10,101,2460411,7,2024,4,23,114,2460424,7
33012,42.011364,-93.638145,289,"IA",147,"Aquilegia","canadensis","red columbine","Plantae",199988,488,"Leaves (forbs)",2024,4,10,101,2460411,7,2024,11,6,311,2460621,NA
33012,42.011364,-93.638145,289,"IA",147,"Aquilegia","canadensis","red columbine","Plantae",199988,500,"Flowers or flower buds",2024,4,23,114,2460424,6,2024,6,7,159,2460469,3
33012,42.011364,-93.638145,289,"IA",147,"Aquilegia","canadensis","red columbine","Plantae",199988,500,"Flowers or flower buds",2024,6,27,179,2460489,6,2024,7,16,198,2460508,7
33012,42.011364,-93.638145,289,"IA",147,"Aquilegia","canadensis","red columbine","Plantae",199988,500,"Flowers or flower buds",2024,7,26,208,2460518,3,2024,7,26,208,2460518,4
33012,42.011364,-93.638145,289,"IA",147,"Aquilegia","canadensis","red columbine","Plantae",199988,501,"Open flowers",2024,4,30,121,2460431,7,2024,6,7,159,2460469,3
33012,42.011364,-93.638145,289,"IA",147,"Aquilegia","canadensis","red columbine","Plantae",199988,501,"Open flowers",2024,6,27,179,2460489,6,2024,7,16,198,2460508,7
33012,42.011364,-93.638145,289,"IA",147,"Aquilegia","canadensis","red columbine","Plantae",199988,504,"Recent fruit or seed drop",2024,6,7,159,2460469,3,2024,6,7,159,2460469,3
33012,42.011364,-93.638145,289,"IA",147,"Aquilegia","canadensis","red columbine","Plantae",199988,504,"Recent fruit or seed drop",2024,6,13,165,2460475,3,2024,6,27,179,2460489,5
33012,42.011364,-93.638145,289,"IA",147,"Aquilegia","canadensis","red columbine","Plantae",199988,504,"Recent fruit or seed drop",2024,7,5,187,2460497,3,2024,9,4,248,2460558,7
33012,42.011364,-93.638145,289,"IA",147,"Aquilegia","canadensis","red columbine","Plantae",199988,504,"Recent fruit or seed drop",2024,10,30,304,2460614,7,2024,10,30,304,2460614,7
33012,42.011364,-93.638145,289,"IA",147,"Aquilegia","canadensis","red columbine","Plantae",199988,516,"Fruits",2024,5,20,141,2460451,4,2024,11,6,311,2460621,NA
37410,32.584236,-91.974403,25,"LA",784,"Aesculus","pavia","red buckeye","Plantae",231645,371,"Breaking leaf buds",2024,2,7,38,2460348,9,2024,2,7,38,2460348,23
37410,32.584236,-91.974403,25,"LA",784,"Aesculus","pavia","red buckeye","Plantae",231645,390,"Ripe fruits",2024,8,2,215,2460525,30,2024,8,31,244,2460554,NA
37410,32.584236,-91.974403,25,"LA",784,"Aesculus","pavia","red buckeye","Plantae",231645,467,"Increasing leaf size",2024,2,7,38,2460348,9,2024,3,16,76,2460386,34
37410,32.584236,-91.974403,25,"LA",784,"Aesculus","pavia","red buckeye","Plantae",231645,467,"Increasing leaf size",2024,5,20,141,2460451,31,2024,5,20,141,2460451,37
37410,32.584236,-91.974403,25,"LA",784,"Aesculus","pavia","red buckeye","Plantae",231645,471,"Falling leaves",2024,7,3,185,2460495,7,2024,8,2,215,2460525,29
37410,32.584236,-91.974403,25,"LA",784,"Aesculus","pavia","red buckeye","Plantae",231645,483,"Leaves",2024,1,8,8,2460318,NA,2024,1,8,8,2460318,21
37410,32.584236,-91.974403,25,"LA",784,"Aesculus","pavia","red buckeye","Plantae",231645,483,"Leaves",2024,2,7,38,2460348,9,2024,8,2,215,2460525,29
37410,32.584236,-91.974403,25,"LA",784,"Aesculus","pavia","red buckeye","Plantae",231645,498,"Colored leaves",2024,1,8,8,2460318,NA,2024,1,8,8,2460318,21
37410,32.584236,-91.974403,25,"LA",784,"Aesculus","pavia","red buckeye","Plantae",231645,498,"Colored leaves",2024,5,20,141,2460451,31,2024,8,2,215,2460525,29
37410,32.584236,-91.974403,25,"LA",784,"Aesculus","pavia","red buckeye","Plantae",231645,500,"Flowers or flower buds",2024,3,1,61,2460371,23,2024,4,19,110,2460420,31
37410,32.584236,-91.974403,25,"LA",784,"Aesculus","pavia","red buckeye","Plantae",231645,501,"Open flowers",2024,3,16,76,2460386,15,2024,4,19,110,2460420,31
37410,32.584236,-91.974403,25,"LA",784,"Aesculus","pavia","red buckeye","Plantae",231645,516,"Fruits",2024,5,20,141,2460451,31,2024,8,31,244,2460554,NA
32443,39.90163,-86.175911,242,"IN",784,"Aesculus","pavia","red buckeye","Plantae",233933,371,"Breaking leaf buds",2024,3,27,87,2460397,7,2024,4,3,94,2460404,NA
32443,39.90163,-86.175911,242,"IN",784,"Aesculus","pavia","red buckeye","Plantae",233933,467,"Increasing leaf size",2024,4,3,94,2460404,NA,2024,8,28,241,2460551,7
32443,39.90163,-86.175911,242,"IN",784,"Aesculus","pavia","red buckeye","Plantae",233933,467,"Increasing leaf size",2024,9,11,255,2460565,7,2024,9,11,255,2460565,7
32443,39.90163,-86.175911,242,"IN",784,"Aesculus","pavia","red buckeye","Plantae",233933,471,"Falling leaves",2024,9,18,262,2460572,NA,2024,11,16,321,2460631,NA
32443,39.90163,-86.175911,242,"IN",784,"Aesculus","pavia","red buckeye","Plantae",233933,483,"Leaves",2024,4,3,94,2460404,7,2024,10,30,304,2460614,7
32443,39.90163,-86.175911,242,"IN",784,"Aesculus","pavia","red buckeye","Plantae",233933,483,"Leaves",2024,11,16,321,2460631,10,2024,11,16,321,2460631,4
32443,39.90163,-86.175911,242,"IN",784,"Aesculus","pavia","red buckeye","Plantae",233933,498,"Colored leaves",2024,8,28,241,2460551,NA,2024,11,16,321,2460631,NA
32443,39.90163,-86.175911,242,"IN",147,"Aquilegia","canadensis","red columbine","Plantae",270024,390,"Ripe fruits",2024,5,22,143,2460453,7,2024,5,22,143,2460453,NA
32443,39.90163,-86.175911,242,"IN",147,"Aquilegia","canadensis","red columbine","Plantae",270024,482,"Initial growth (forbs)",2024,3,13,73,2460383,7,2024,3,13,73,2460383,NA
32443,39.90163,-86.175911,242,"IN",147,"Aquilegia","canadensis","red columbine","Plantae",270024,488,"Leaves (forbs)",2024,3,13,73,2460383,28,2024,5,22,143,2460453,7
32443,39.90163,-86.175911,242,"IN",147,"Aquilegia","canadensis","red columbine","Plantae",270024,488,"Leaves (forbs)",2024,10,30,304,2460614,7,2024,11,16,321,2460631,4
32443,39.90163,-86.175911,242,"IN",147,"Aquilegia","canadensis","red columbine","Plantae",270024,500,"Flowers or flower buds",2024,4,17,108,2460418,6,2024,5,8,129,2460439,7
32443,39.90163,-86.175911,242,"IN",147,"Aquilegia","canadensis","red columbine","Plantae",270024,501,"Open flowers",2024,4,17,108,2460418,NA,2024,5,8,129,2460439,NA
32443,39.90163,-86.175911,242,"IN",147,"Aquilegia","canadensis","red columbine","Plantae",270024,504,"Recent fruit or seed drop",2024,5,22,143,2460453,NA,2024,5,22,143,2460453,NA
32443,39.90163,-86.175911,242,"IN",147,"Aquilegia","canadensis","red columbine","Plantae",270024,516,"Fruits",2024,5,15,136,2460446,7,2024,5,22,143,2460453,14
46202,35.16766,-81.05687,199,"NC",784,"Aesculus","pavia","red buckeye","Plantae",283089,371,"Breaking leaf buds",2024,3,26,86,2460396,7,2024,3,26,86,2460396,7
46202,35.16766,-81.05687,199,"NC",784,"Aesculus","pavia","red buckeye","Plantae",283089,371,"Breaking leaf buds",2024,11,19,324,2460634,7,2024,11,26,331,2460641,7
46202,35.16766,-81.05687,199,"NC",784,"Aesculus","pavia","red buckeye","Plantae",283089,371,"Breaking leaf buds",2024,12,10,345,2460655,7,2024,12,17,352,2460662,NA
46202,35.16766,-81.05687,199,"NC",784,"Aesculus","pavia","red buckeye","Plantae",283089,467,"Increasing leaf size",2024,3,12,72,2460382,14,2024,4,16,107,2460417,7
46202,35.16766,-81.05687,199,"NC",784,"Aesculus","pavia","red buckeye","Plantae",283089,467,"Increasing leaf size",2024,4,30,121,2460431,7,2024,7,2,184,2460494,7
46202,35.16766,-81.05687,199,"NC",784,"Aesculus","pavia","red buckeye","Plantae",283089,471,"Falling leaves",2024,6,18,170,2460480,7,2024,6,18,170,2460480,7
46202,35.16766,-81.05687,199,"NC",784,"Aesculus","pavia","red buckeye","Plantae",283089,471,"Falling leaves",2024,7,9,191,2460501,7,2024,7,9,191,2460501,7
46202,35.16766,-81.05687,199,"NC",784,"Aesculus","pavia","red buckeye","Plantae",283089,471,"Falling leaves",2024,7,23,205,2460515,7,2024,8,27,240,2460550,7
46202,35.16766,-81.05687,199,"NC",784,"Aesculus","pavia","red buckeye","Plantae",283089,483,"Leaves",2024,3,12,72,2460382,14,2024,8,27,240,2460550,7
46202,35.16766,-81.05687,199,"NC",784,"Aesculus","pavia","red buckeye","Plantae",283089,498,"Colored leaves",2024,6,11,163,2460473,21,2024,6,11,163,2460473,7
46202,35.16766,-81.05687,199,"NC",784,"Aesculus","pavia","red buckeye","Plantae",283089,498,"Colored leaves",2024,6,25,177,2460487,7,2024,7,16,198,2460508,7
46202,35.16766,-81.05687,199,"NC",784,"Aesculus","pavia","red buckeye","Plantae",283089,498,"Colored leaves",2024,8,6,219,2460529,7,2024,8,6,219,2460529,14
46202,35.16766,-81.05687,199,"NC",784,"Aesculus","pavia","red buckeye","Plantae",283089,498,"Colored leaves",2024,8,27,240,2460550,7,2024,8,27,240,2460550,7
46202,35.16766,-81.05687,199,"NC",784,"Aesculus","pavia","red buckeye","Plantae",283089,500,"Flowers or flower buds",2024,3,12,72,2460382,14,2024,3,19,79,2460389,7
46202,35.16766,-81.05687,199,"NC",784,"Aesculus","pavia","red buckeye","Plantae",283089,500,"Flowers or flower buds",2024,4,2,93,2460403,7,2024,4,23,114,2460424,7
46202,35.16766,-81.05687,199,"NC",784,"Aesculus","pavia","red buckeye","Plantae",283089,500,"Flowers or flower buds",2024,11,12,317,2460627,7,2024,11,12,317,2460627,7
46202,35.16766,-81.05687,199,"NC",784,"Aesculus","pavia","red buckeye","Plantae",283089,500,"Flowers or flower buds",2024,12,3,338,2460648,7,2024,12,3,338,2460648,7
46202,35.16766,-81.05687,199,"NC",784,"Aesculus","pavia","red buckeye","Plantae",283089,501,"Open flowers",2024,3,26,86,2460396,7,2024,4,16,107,2460417,7
46202,35.16766,-81.05687,199,"NC",784,"Aesculus","pavia","red buckeye","Plantae",283089,504,"Recent fruit or seed drop",2024,4,23,114,2460424,7,2024,4,23,114,2460424,7
46202,35.16766,-81.05687,199,"NC",784,"Aesculus","pavia","red buckeye","Plantae",283089,516,"Fruits",2024,4,16,107,2460417,14,2024,5,6,127,2460437,15
46202,35.16766,-81.05687,199,"NC",784,"Aesculus","pavia","red buckeye","Plantae",283089,516,"Fruits",2024,6,25,177,2460487,7,2024,6,25,177,2460487,7
46202,35.16766,-81.05687,199,"NC",784,"Aesculus","pavia","red buckeye","Plantae",283089,516,"Fruits",2024,7,9,191,2460501,7,2024,7,23,205,2460515,7
46202,35.16766,-81.05687,199,"NC",784,"Aesculus","pavia","red buckeye","Plantae",283093,371,"Breaking leaf buds",2024,3,5,65,2460375,7,2024,3,5,65,2460375,7
46202,35.16766,-81.05687,199,"NC",784,"Aesculus","pavia","red buckeye","Plantae",283093,371,"Breaking leaf buds",2024,11,19,324,2460634,7,2024,11,26,331,2460641,7
46202,35.16766,-81.05687,199,"NC",784,"Aesculus","pavia","red buckeye","Plantae",283093,371,"Breaking leaf buds",2024,12,17,352,2460662,7,2024,12,17,352,2460662,NA
46202,35.16766,-81.05687,199,"NC",784,"Aesculus","pavia","red buckeye","Plantae",283093,467,"Increasing leaf size",2024,3,12,72,2460382,7,2024,3,19,79,2460389,7
46202,35.16766,-81.05687,199,"NC",784,"Aesculus","pavia","red buckeye","Plantae",283093,467,"Increasing leaf size",2024,4,2,93,2460403,7,2024,4,16,107,2460417,7
46202,35.16766,-81.05687,199,"NC",784,"Aesculus","pavia","red buckeye","Plantae",283093,467,"Increasing leaf size",2024,4,30,121,2460431,7,2024,7,2,184,2460494,7
46202,35.16766,-81.05687,199,"NC",784,"Aesculus","pavia","red buckeye","Plantae",283093,471,"Falling leaves",2024,6,25,177,2460487,7,2024,6,25,177,2460487,7
46202,35.16766,-81.05687,199,"NC",784,"Aesculus","pavia","red buckeye","Plantae",283093,471,"Falling leaves",2024,7,23,205,2460515,14,2024,7,30,212,2460522,7
46202,35.16766,-81.05687,199,"NC",784,"Aesculus","pavia","red buckeye","Plantae",283093,483,"Leaves",2024,3,12,72,2460382,7,2024,3,19,79,2460389,7
46202,35.16766,-81.05687,199,"NC",784,"Aesculus","pavia","red buckeye","Plantae",283093,483,"Leaves",2024,4,2,93,2460403,7,2024,8,6,219,2460529,14
46202,35.16766,-81.05687,199,"NC",784,"Aesculus","pavia","red buckeye","Plantae",283093,498,"Colored leaves",2024,6,11,163,2460473,36,2024,6,11,163,2460473,7
46202,35.16766,-81.05687,199,"NC",784,"Aesculus","pavia","red buckeye","Plantae",283093,498,"Colored leaves",2024,6,25,177,2460487,7,2024,7,16,198,2460508,7
46202,35.16766,-81.05687,199,"NC",784,"Aesculus","pavia","red buckeye","Plantae",283093,500,"Flowers or flower buds",2024,3,5,65,2460375,7,2024,3,19,79,2460389,7
46202,35.16766,-81.05687,199,"NC",784,"Aesculus","pavia","red buckeye","Plantae",283093,500,"Flowers or flower buds",2024,4,2,93,2460403,7,2024,4,16,107,2460417,7
46202,35.16766,-81.05687,199,"NC",784,"Aesculus","pavia","red buckeye","Plantae",283093,501,"Open flowers",2024,4,16,107,2460417,14,2024,4,16,107,2460417,7
46202,35.16766,-81.05687,199,"NC",784,"Aesculus","pavia","red buckeye","Plantae",283093,516,"Fruits",2024,4,23,114,2460424,7,2024,4,23,114,2460424,7
46202,35.16766,-81.05687,199,"NC",784,"Aesculus","pavia","red buckeye","Plantae",283093,516,"Fruits",2024,6,25,177,2460487,7,2024,6,25,177,2460487,7
46202,35.16766,-81.05687,199,"NC",784,"Aesculus","pavia","red buckeye","Plantae",283093,516,"Fruits",2024,7,9,191,2460501,7,2024,7,16,198,2460508,7
46202,35.16766,-81.05687,199,"NC",784,"Aesculus","pavia","red buckeye","Plantae",283100,371,"Breaking leaf buds",2024,3,5,65,2460375,7,2024,3,12,72,2460382,7
46202,35.16766,-81.05687,199,"NC",784,"Aesculus","pavia","red buckeye","Plantae",283100,371,"Breaking leaf buds",2024,4,2,93,2460403,7,2024,4,2,93,2460403,14
46202,35.16766,-81.05687,199,"NC",784,"Aesculus","pavia","red buckeye","Plantae",283100,371,"Breaking leaf buds",2024,7,2,184,2460494,7,2024,7,2,184,2460494,7
46202,35.16766,-81.05687,199,"NC",784,"Aesculus","pavia","red buckeye","Plantae",283100,371,"Breaking leaf buds",2024,11,19,324,2460634,7,2024,11,19,324,2460634,14
46202,35.16766,-81.05687,199,"NC",784,"Aesculus","pavia","red buckeye","Plantae",283100,371,"Breaking leaf buds",2024,12,10,345,2460655,7,2024,12,17,352,2460662,NA
46202,35.16766,-81.05687,199,"NC",784,"Aesculus","pavia","red buckeye","Plantae",283100,467,"Increasing leaf size",2024,3,12,72,2460382,14,2024,7,9,191,2460501,7
46202,35.16766,-81.05687,199,"NC",784,"Aesculus","pavia","red buckeye","Plantae",283100,471,"Falling leaves",2024,6,18,170,2460480,7,2024,6,18,170,2460480,7
46202,35.16766,-81.05687,199,"NC",784,"Aesculus","pavia","red buckeye","Plantae",283100,471,"Falling leaves",2024,7,9,191,2460501,7,2024,7,9,191,2460501,7
46202,35.16766,-81.05687,199,"NC",784,"Aesculus","pavia","red buckeye","Plantae",283100,471,"Falling leaves",2024,7,23,205,2460515,7,2024,7,23,205,2460515,7
46202,35.16766,-81.05687,199,"NC",784,"Aesculus","pavia","red buckeye","Plantae",283100,471,"Falling leaves",2024,9,24,268,2460578,14,2024,10,1,275,2460585,4
46202,35.16766,-81.05687,199,"NC",784,"Aesculus","pavia","red buckeye","Plantae",283100,471,"Falling leaves",2024,10,22,296,2460606,7,2024,10,22,296,2460606,7
46202,35.16766,-81.05687,199,"NC",784,"Aesculus","pavia","red buckeye","Plantae",283100,483,"Leaves",2024,3,12,72,2460382,14,2024,8,20,233,2460543,7
46202,35.16766,-81.05687,199,"NC",784,"Aesculus","pavia","red buckeye","Plantae",283100,483,"Leaves",2024,9,10,254,2460564,7,2024,10,22,296,2460606,7
46202,35.16766,-81.05687,199,"NC",784,"Aesculus","pavia","red buckeye","Plantae",283100,498,"Colored leaves",2024,6,25,177,2460487,7,2024,6,25,177,2460487,7
46202,35.16766,-81.05687,199,"NC",784,"Aesculus","pavia","red buckeye","Plantae",283100,498,"Colored leaves",2024,7,9,191,2460501,7,2024,7,16,198,2460508,7
46202,35.16766,-81.05687,199,"NC",784,"Aesculus","pavia","red buckeye","Plantae",283100,498,"Colored leaves",2024,9,10,254,2460564,7,2024,10,22,296,2460606,7
46202,35.16766,-81.05687,199,"NC",784,"Aesculus","pavia","red buckeye","Plantae",283100,500,"Flowers or flower buds",2024,3,19,79,2460389,7,2024,4,16,107,2460417,7
46202,35.16766,-81.05687,199,"NC",784,"Aesculus","pavia","red buckeye","Plantae",283100,500,"Flowers or flower buds",2024,11,5,310,2460620,7,2024,11,12,317,2460627,7
46202,35.16766,-81.05687,199,"NC",784,"Aesculus","pavia","red buckeye","Plantae",283100,500,"Flowers or flower buds",2024,12,3,338,2460648,14,2024,12,3,338,2460648,7
46202,35.16766,-81.05687,199,"NC",784,"Aesculus","pavia","red buckeye","Plantae",283100,501,"Open flowers",2024,4,2,93,2460403,7,2024,4,16,107,2460417,7
46202,35.16766,-81.05687,199,"NC",784,"Aesculus","pavia","red buckeye","Plantae",283100,504,"Recent fruit or seed drop",2024,7,9,191,2460501,7,2024,7,9,191,2460501,7
46202,35.16766,-81.05687,199,"NC",784,"Aesculus","pavia","red buckeye","Plantae",283100,516,"Fruits",2024,4,30,121,2460431,7,2024,5,6,127,2460437,15
46202,35.16766,-81.05687,199,"NC",784,"Aesculus","pavia","red buckeye","Plantae",283100,516,"Fruits",2024,6,25,177,2460487,7,2024,7,2,184,2460494,7
46202,35.16766,-81.05687,199,"NC",784,"Aesculus","pavia","red buckeye","Plantae",283100,516,"Fruits",2024,7,16,198,2460508,7,2024,8,6,219,2460529,14
33069,43.841541,-69.502037,-9,"ME",147,"Aquilegia","canadensis","red columbine","Plantae",292771,390,"Ripe fruits",2024,6,14,166,2460476,52,2024,6,14,166,2460476,NA
33069,43.841541,-69.502037,-9,"ME",147,"Aquilegia","canadensis","red columbine","Plantae",292771,482,"Initial growth (forbs)",2024,4,23,114,2460424,NA,2024,4,23,114,2460424,NA
33069,43.841541,-69.502037,-9,"ME",147,"Aquilegia","canadensis","red columbine","Plantae",292771,488,"Leaves (forbs)",2024,4,23,114,2460424,NA,2024,4,23,114,2460424,NA
33069,43.841541,-69.502037,-9,"ME",147,"Aquilegia","canadensis","red columbine","Plantae",292771,500,"Flowers or flower buds",2024,6,2,154,2460464,40,2024,6,2,154,2460464,NA
33069,43.841541,-69.502037,-9,"ME",147,"Aquilegia","canadensis","red columbine","Plantae",292771,501,"Open flowers",2024,6,2,154,2460464,40,2024,6,2,154,2460464,NA
33069,43.841541,-69.502037,-9,"ME",147,"Aquilegia","canadensis","red columbine","Plantae",292771,504,"Recent fruit or seed drop",2024,6,14,166,2460476,52,2024,6,30,182,2460492,NA
33069,43.841541,-69.502037,-9,"ME",147,"Aquilegia","canadensis","red columbine","Plantae",292771,516,"Fruits",2024,6,14,166,2460476,12,2024,6,14,166,2460476,NA
30971,30.391338,-88.775955,2,"MS",784,"Aesculus","pavia","red buckeye","Plantae",301473,371,"Breaking leaf buds",2024,4,18,109,2460419,1,2024,4,18,109,2460419,7
30971,30.391338,-88.775955,2,"MS",784,"Aesculus","pavia","red buckeye","Plantae",301473,467,"Increasing leaf size",2024,4,18,109,2460419,1,2024,4,18,109,2460419,34
30971,30.391338,-88.775955,2,"MS",784,"Aesculus","pavia","red buckeye","Plantae",301473,483,"Leaves",2024,3,8,68,2460378,NA,2024,5,31,152,2460462,203
30971,30.391338,-88.775955,2,"MS",784,"Aesculus","pavia","red buckeye","Plantae",301473,500,"Flowers or flower buds",2024,3,8,68,2460378,NA,2024,3,13,73,2460383,8
30971,30.391338,-88.775955,2,"MS",784,"Aesculus","pavia","red buckeye","Plantae",301473,501,"Open flowers",2024,3,8,68,2460378,NA,2024,3,13,73,2460383,8
48555,33.813538,-84.28347,307,"GA",147,"Aquilegia","canadensis","red columbine","Plantae",305071,390,"Ripe fruits",2024,5,11,132,2460442,16,2024,6,16,168,2460478,8
48555,33.813538,-84.28347,307,"GA",147,"Aquilegia","canadensis","red columbine","Plantae",305071,482,"Initial growth (forbs)",2024,2,20,51,2460361,21,2024,4,25,116,2460426,16
48555,33.813538,-84.28347,307,"GA",147,"Aquilegia","canadensis","red columbine","Plantae",305071,488,"Leaves (forbs)",2024,1,2,2,2460312,NA,2024,1,2,2,2460312,28
48555,33.813538,-84.28347,307,"GA",147,"Aquilegia","canadensis","red columbine","Plantae",305071,488,"Leaves (forbs)",2024,2,20,51,2460361,21,2024,12,13,348,2460658,NA
48555,33.813538,-84.28347,307,"GA",147,"Aquilegia","canadensis","red columbine","Plantae",305071,500,"Flowers or flower buds",2024,3,20,80,2460390,10,2024,5,11,132,2460442,8
48555,33.813538,-84.28347,307,"GA",147,"Aquilegia","canadensis","red columbine","Plantae",305071,501,"Open flowers",2024,3,28,88,2460398,8,2024,5,11,132,2460442,8
48555,33.813538,-84.28347,307,"GA",147,"Aquilegia","canadensis","red columbine","Plantae",305071,504,"Recent fruit or seed drop",2024,5,11,132,2460442,16,2024,6,24,176,2460486,5
48555,33.813538,-84.28347,307,"GA",147,"Aquilegia","canadensis","red columbine","Plantae",305071,516,"Fruits",2024,4,25,116,2460426,9,2024,6,16,168,2460478,8
50299,29.972042,-90.048286,1,"LA",784,"Aesculus","pavia","red buckeye","Plantae",306236,371,"Breaking leaf buds",2024,2,26,57,2460367,NA,2024,2,26,57,2460367,6
50299,29.972042,-90.048286,1,"LA",784,"Aesculus","pavia","red buckeye","Plantae",306236,371,"Breaking leaf buds",2024,3,11,71,2460381,8,2024,3,11,71,2460381,NA
50299,29.972042,-90.048286,1,"LA",784,"Aesculus","pavia","red buckeye","Plantae",306236,467,"Increasing leaf size",2024,2,26,57,2460367,NA,2024,3,11,71,2460381,NA
50299,29.972042,-90.048286,1,"LA",784,"Aesculus","pavia","red buckeye","Plantae",306236,483,"Leaves",2024,2,26,57,2460367,NA,2024,3,11,71,2460381,NA
50299,29.972042,-90.048286,1,"LA",784,"Aesculus","pavia","red buckeye","Plantae",306236,500,"Flowers or flower buds",2024,2,26,57,2460367,NA,2024,3,11,71,2460381,NA
50299,29.972042,-90.048286,1,"LA",784,"Aesculus","pavia","red buckeye","Plantae",306236,501,"Open flowers",2024,3,11,71,2460381,8,2024,3,11,71,2460381,NA
53776,30.450026,-84.262054,43,"FL",784,"Aesculus","pavia","red buckeye","Plantae",326945,371,"Breaking leaf buds",2024,2,20,51,2460361,6,2024,3,1,61,2460371,6
53776,30.450026,-84.262054,43,"FL",784,"Aesculus","pavia","red buckeye","Plantae",326945,467,"Increasing leaf size",2024,2,20,51,2460361,6,2024,3,23,83,2460393,8
53776,30.450026,-84.262054,43,"FL",784,"Aesculus","pavia","red buckeye","Plantae",326945,483,"Leaves",2024,2,20,51,2460361,6,2024,4,17,108,2460418,NA
53776,30.450026,-84.262054,43,"FL",784,"Aesculus","pavia","red buckeye","Plantae",326945,500,"Flowers or flower buds",2024,2,25,56,2460366,5,2024,3,23,83,2460393,8
53776,30.450026,-84.262054,43,"FL",784,"Aesculus","pavia","red buckeye","Plantae",326945,501,"Open flowers",2024,3,7,67,2460377,6,2024,3,23,83,2460393,8
34665,38.999882,-86.59021,248,"IN",147,"Aquilegia","canadensis","red columbine","Plantae",331098,390,"Ripe fruits",2024,5,22,143,2460453,41,2024,5,22,143,2460453,49
34665,38.999882,-86.59021,248,"IN",147,"Aquilegia","canadensis","red columbine","Plantae",331098,482,"Initial growth (forbs)",2024,3,24,84,2460394,NA,2024,4,11,102,2460412,41
34665,38.999882,-86.59021,248,"IN",147,"Aquilegia","canadensis","red columbine","Plantae",331098,488,"Leaves (forbs)",2024,3,24,84,2460394,NA,2024,5,22,143,2460453,49
34665,38.999882,-86.59021,248,"IN",147,"Aquilegia","canadensis","red columbine","Plantae",331098,488,"Leaves (forbs)",2024,9,16,260,2460570,17,2024,9,16,260,2460570,10
34665,38.999882,-86.59021,248,"IN",147,"Aquilegia","canadensis","red columbine","Plantae",331098,504,"Recent fruit or seed drop",2024,5,22,143,2460453,41,2024,5,22,143,2460453,49
34665,38.999882,-86.59021,248,"IN",147,"Aquilegia","canadensis","red columbine","Plantae",331098,516,"Fruits",2024,5,22,143,2460453,41,2024,5,22,143,2460453,49
34665,38.999882,-86.59021,248,"IN",147,"Aquilegia","canadensis","red columbine","Plantae",331099,488,"Leaves (forbs)",2024,5,22,143,2460453,NA,2024,5,22,143,2460453,49
30971,30.391338,-88.775955,2,"MS",784,"Aesculus","pavia","red buckeye","Plantae",332481,467,"Increasing leaf size",2024,4,18,109,2460419,NA,2024,4,18,109,2460419,34
30971,30.391338,-88.775955,2,"MS",784,"Aesculus","pavia","red buckeye","Plantae",332481,483,"Leaves",2024,4,18,109,2460419,NA,2024,5,31,152,2460462,NA
10585,41.433689,-81.693153,219,"OH",147,"Aquilegia","canadensis","red columbine","Plantae",332804,390,"Ripe fruits",2024,5,30,151,2460461,7,2024,6,13,165,2460475,NA
10585,41.433689,-81.693153,219,"OH",147,"Aquilegia","canadensis","red columbine","Plantae",332804,482,"Initial growth (forbs)",2024,4,18,109,2460419,NA,2024,4,18,109,2460419,NA
10585,41.433689,-81.693153,219,"OH",147,"Aquilegia","canadensis","red columbine","Plantae",332804,488,"Leaves (forbs)",2024,4,18,109,2460419,NA,2024,5,2,123,2460433,NA
10585,41.433689,-81.693153,219,"OH",147,"Aquilegia","canadensis","red columbine","Plantae",332804,500,"Flowers or flower buds",2024,4,25,116,2460426,7,2024,5,2,123,2460433,NA
10585,41.433689,-81.693153,219,"OH",147,"Aquilegia","canadensis","red columbine","Plantae",332804,501,"Open flowers",2024,5,2,123,2460433,7,2024,5,23,144,2460454,7
10585,41.433689,-81.693153,219,"OH",147,"Aquilegia","canadensis","red columbine","Plantae",332804,504,"Recent fruit or seed drop",2024,5,30,151,2460461,NA,2024,6,13,165,2460475,NA
10585,41.433689,-81.693153,219,"OH",147,"Aquilegia","canadensis","red columbine","Plantae",332804,516,"Fruits",2024,5,23,144,2460454,7,2024,6,13,165,2460475,NA
57074,31.8568,-88.160919,42,"AL",784,"Aesculus","pavia","red buckeye","Plantae",356688,371,"Breaking leaf buds",2024,3,6,66,2460376,6,2024,3,14,74,2460384,7
57074,31.8568,-88.160919,42,"AL",784,"Aesculus","pavia","red buckeye","Plantae",356688,371,"Breaking leaf buds",2024,3,27,87,2460397,6,2024,3,27,87,2460397,6
57074,31.8568,-88.160919,42,"AL",784,"Aesculus","pavia","red buckeye","Plantae",356688,467,"Increasing leaf size",2024,3,14,74,2460384,8,2024,4,17,108,2460418,8
57074,31.8568,-88.160919,42,"AL",784,"Aesculus","pavia","red buckeye","Plantae",356688,471,"Falling leaves",2024,6,27,179,2460489,7,2024,7,3,185,2460495,8
57074,31.8568,-88.160919,42,"AL",784,"Aesculus","pavia","red buckeye","Plantae",356688,471,"Falling leaves",2024,8,1,214,2460524,7,2024,9,19,263,2460573,8
57074,31.8568,-88.160919,42,"AL",784,"Aesculus","pavia","red buckeye","Plantae",356688,483,"Leaves",2024,3,14,74,2460384,8,2024,9,27,271,2460581,6
57074,31.8568,-88.160919,42,"AL",784,"Aesculus","pavia","red buckeye","Plantae",356688,498,"Colored leaves",2024,5,22,143,2460453,6,2024,5,22,143,2460453,8
57074,31.8568,-88.160919,42,"AL",784,"Aesculus","pavia","red buckeye","Plantae",356688,498,"Colored leaves",2024,6,20,172,2460482,7,2024,9,27,271,2460581,6
57074,31.8568,-88.160919,42,"AL",784,"Aesculus","pavia","red buckeye","Plantae",356688,501,"Open flowers",2024,4,2,93,2460403,6,2024,5,2,123,2460433,7
57074,31.8568,-88.160919,42,"AL",784,"Aesculus","pavia","red buckeye","Plantae",356694,371,"Breaking leaf buds",2024,2,14,45,2460355,6,2024,2,14,45,2460355,8
57074,31.8568,-88.160919,42,"AL",784,"Aesculus","pavia","red buckeye","Plantae",356694,371,"Breaking leaf buds",2024,2,29,60,2460370,7,2024,3,6,66,2460376,8
57074,31.8568,-88.160919,42,"AL",784,"Aesculus","pavia","red buckeye","Plantae",356694,467,"Increasing leaf size",2024,2,29,60,2460370,7,2024,4,2,93,2460403,6
57074,31.8568,-88.160919,42,"AL",784,"Aesculus","pavia","red buckeye","Plantae",356694,471,"Falling leaves",2024,6,20,172,2460482,7,2024,7,11,193,2460503,7
57074,31.8568,-88.160919,42,"AL",784,"Aesculus","pavia","red buckeye","Plantae",356694,471,"Falling leaves",2024,7,25,207,2460517,7,2024,8,14,227,2460537,6
57074,31.8568,-88.160919,42,"AL",784,"Aesculus","pavia","red buckeye","Plantae",356694,471,"Falling leaves",2024,8,28,241,2460551,8,2024,8,28,241,2460551,8
57074,31.8568,-88.160919,42,"AL",784,"Aesculus","pavia","red buckeye","Plantae",356694,483,"Leaves",2024,2,29,60,2460370,7,2024,8,28,241,2460551,8
57074,31.8568,-88.160919,42,"AL",784,"Aesculus","pavia","red buckeye","Plantae",356694,498,"Colored leaves",2024,5,30,151,2460461,8,2024,5,30,151,2460461,7
57074,31.8568,-88.160919,42,"AL",784,"Aesculus","pavia","red buckeye","Plantae",356694,498,"Colored leaves",2024,6,20,172,2460482,7,2024,8,28,241,2460551,8
57074,31.8568,-88.160919,42,"AL",784,"Aesculus","pavia","red buckeye","Plantae",356694,501,"Open flowers",2024,3,21,81,2460391,7,2024,4,2,93,2460403,6
57074,31.8568,-88.160919,42,"AL",784,"Aesculus","pavia","red buckeye","Plantae",356696,371,"Breaking leaf buds",2024,2,29,60,2460370,7,2024,3,6,66,2460376,8
57074,31.8568,-88.160919,42,"AL",784,"Aesculus","pavia","red buckeye","Plantae",356696,467,"Increasing leaf size",2024,2,29,60,2460370,7,2024,4,2,93,2460403,6
57074,31.8568,-88.160919,42,"AL",784,"Aesculus","pavia","red buckeye","Plantae",356696,471,"Falling leaves",2024,6,27,179,2460489,7,2024,6,27,179,2460489,6
57074,31.8568,-88.160919,42,"AL",784,"Aesculus","pavia","red buckeye","Plantae",356696,471,"Falling leaves",2024,8,14,227,2460537,6,2024,8,28,241,2460551,8
57074,31.8568,-88.160919,42,"AL",784,"Aesculus","pavia","red buckeye","Plantae",356696,483,"Leaves",2024,2,29,60,2460370,7,2024,8,28,241,2460551,8
57074,31.8568,-88.160919,42,"AL",784,"Aesculus","pavia","red buckeye","Plantae",356696,498,"Colored leaves",2024,6,20,172,2460482,7,2024,7,11,193,2460503,7
57074,31.8568,-88.160919,42,"AL",784,"Aesculus","pavia","red buckeye","Plantae",356696,498,"Colored leaves",2024,8,14,227,2460537,6,2024,8,28,241,2460551,8
57074,31.8568,-88.160919,42,"AL",784,"Aesculus","pavia","red buckeye","Plantae",356701,371,"Breaking leaf buds",2024,2,14,45,2460355,6,2024,3,6,66,2460376,8
57074,31.8568,-88.160919,42,"AL",784,"Aesculus","pavia","red buckeye","Plantae",356701,467,"Increasing leaf size",2024,2,22,53,2460363,8,2024,4,8,99,2460409,9
57074,31.8568,-88.160919,42,"AL",784,"Aesculus","pavia","red buckeye","Plantae",356701,471,"Falling leaves",2024,5,30,151,2460461,8,2024,6,6,158,2460468,7
57074,31.8568,-88.160919,42,"AL",784,"Aesculus","pavia","red buckeye","Plantae",356701,471,"Falling leaves",2024,6,20,172,2460482,7,2024,9,5,249,2460559,7
57074,31.8568,-88.160919,42,"AL",784,"Aesculus","pavia","red buckeye","Plantae",356701,483,"Leaves",2024,2,22,53,2460363,8,2024,9,12,256,2460566,7
57074,31.8568,-88.160919,42,"AL",784,"Aesculus","pavia","red buckeye","Plantae",356701,498,"Colored leaves",2024,5,22,143,2460453,6,2024,9,12,256,2460566,7
57074,31.8568,-88.160919,42,"AL",784,"Aesculus","pavia","red buckeye","Plantae",356705,371,"Breaking leaf buds",2024,2,22,53,2460363,14,2024,2,22,53,2460363,7
57074,31.8568,-88.160919,42,"AL",784,"Aesculus","pavia","red buckeye","Plantae",356705,467,"Increasing leaf size",2024,2,14,45,2460355,6,2024,4,2,93,2460403,6
57074,31.8568,-88.160919,42,"AL",784,"Aesculus","pavia","red buckeye","Plantae",356705,471,"Falling leaves",2024,5,30,151,2460461,8,2024,5,30,151,2460461,7
57074,31.8568,-88.160919,42,"AL",784,"Aesculus","pavia","red buckeye","Plantae",356705,471,"Falling leaves",2024,6,20,172,2460482,7,2024,7,11,193,2460503,7
57074,31.8568,-88.160919,42,"AL",784,"Aesculus","pavia","red buckeye","Plantae",356705,471,"Falling leaves",2024,7,25,207,2460517,7,2024,8,1,214,2460524,7
57074,31.8568,-88.160919,42,"AL",784,"Aesculus","pavia","red buckeye","Plantae",356705,471,"Falling leaves",2024,8,14,227,2460537,6,2024,8,14,227,2460537,6
57074,31.8568,-88.160919,42,"AL",784,"Aesculus","pavia","red buckeye","Plantae",356705,483,"Leaves",2024,2,14,45,2460355,6,2024,8,14,227,2460537,6
57074,31.8568,-88.160919,42,"AL",784,"Aesculus","pavia","red buckeye","Plantae",356705,498,"Colored leaves",2024,5,22,143,2460453,6,2024,8,14,227,2460537,6
2394,45.425339,-93.186249,278,"MN",147,"Aquilegia","canadensis","red columbine","Plantae",3817,482,"Initial growth (forbs)",2025,4,23,113,2460789,30,2025,4,23,113,2460789,NA
2394,45.425339,-93.186249,278,"MN",147,"Aquilegia","canadensis","red columbine","Plantae",3817,488,"Leaves (forbs)",2025,4,23,113,2460789,30,2025,4,23,113,2460789,NA
2394,45.425339,-93.186249,278,"MN",147,"Aquilegia","canadensis","red columbine","Plantae",3818,482,"Initial growth (forbs)",2025,4,23,113,2460789,4,2025,4,23,113,2460789,NA
2394,45.425339,-93.186249,278,"MN",147,"Aquilegia","canadensis","red columbine","Plantae",3900,482,"Initial growth (forbs)",2025,4,30,120,2460796,11,2025,5,25,145,2460821,NA
2394,45.425339,-93.186249,278,"MN",147,"Aquilegia","canadensis","red columbine","Plantae",3900,488,"Leaves (forbs)",2025,5,12,132,2460808,12,2025,5,25,145,2460821,NA
10585,41.433689,-81.693153,219,"OH",147,"Aquilegia","canadensis","red columbine","Plantae",45124,390,"Ripe fruits",2025,6,19,170,2460846,7,2025,6,26,177,2460853,7
10585,41.433689,-81.693153,219,"OH",147,"Aquilegia","canadensis","red columbine","Plantae",45124,482,"Initial growth (forbs)",2025,5,15,135,2460811,35,2025,5,15,135,2460811,7
10585,41.433689,-81.693153,219,"OH",147,"Aquilegia","canadensis","red columbine","Plantae",45124,488,"Leaves (forbs)",2025,5,15,135,2460811,35,2025,7,3,184,2460860,NA
10585,41.433689,-81.693153,219,"OH",147,"Aquilegia","canadensis","red columbine","Plantae",45124,500,"Flowers or flower buds",2025,5,15,135,2460811,35,2025,6,12,163,2460839,7
10585,41.433689,-81.693153,219,"OH",147,"Aquilegia","canadensis","red columbine","Plantae",45124,501,"Open flowers",2025,5,22,142,2460818,7,2025,6,12,163,2460839,7
10585,41.433689,-81.693153,219,"OH",147,"Aquilegia","canadensis","red columbine","Plantae",45124,504,"Recent fruit or seed drop",2025,6,19,170,2460846,7,2025,6,26,177,2460853,7
10585,41.433689,-81.693153,219,"OH",147,"Aquilegia","canadensis","red columbine","Plantae",45124,516,"Fruits",2025,6,5,156,2460832,7,2025,6,26,177,2460853,7
17574,40.863052,-73.881592,30,"NY",784,"Aesculus","pavia","red buckeye","Plantae",67637,371,"Breaking leaf buds",2025,3,23,82,2460758,79,2025,3,29,88,2460764,12
17574,40.863052,-73.881592,30,"NY",784,"Aesculus","pavia","red buckeye","Plantae",67637,371,"Breaking leaf buds",2025,5,25,145,2460821,7,2025,5,25,145,2460821,4
17574,40.863052,-73.881592,30,"NY",784,"Aesculus","pavia","red buckeye","Plantae",67637,371,"Breaking leaf buds",2025,6,15,166,2460842,2,2025,6,21,172,2460848,8
17574,40.863052,-73.881592,30,"NY",784,"Aesculus","pavia","red buckeye","Plantae",67637,371,"Breaking leaf buds",2025,7,9,190,2460866,5,2025,7,9,190,2460866,4
17574,40.863052,-73.881592,30,"NY",784,"Aesculus","pavia","red buckeye","Plantae",67637,390,"Ripe fruits",2025,6,19,170,2460846,4,2025,6,19,170,2460846,2
17574,40.863052,-73.881592,30,"NY",784,"Aesculus","pavia","red buckeye","Plantae",67637,390,"Ripe fruits",2025,6,29,180,2460856,8,2025,7,4,185,2460861,5
17574,40.863052,-73.881592,30,"NY",784,"Aesculus","pavia","red buckeye","Plantae",67637,390,"Ripe fruits",2025,7,13,194,2460870,4,2025,7,13,194,2460870,7
17574,40.863052,-73.881592,30,"NY",784,"Aesculus","pavia","red buckeye","Plantae",67637,390,"Ripe fruits",2025,8,16,228,2460904,7,2025,8,16,228,2460904,35
17574,40.863052,-73.881592,30,"NY",784,"Aesculus","pavia","red buckeye","Plantae",67637,467,"Increasing leaf size",2025,4,10,100,2460776,12,2025,8,16,228,2460904,21
17574,40.863052,-73.881592,30,"NY",784,"Aesculus","pavia","red buckeye","Plantae",67637,471,"Falling leaves",2025,8,16,228,2460904,7,2025,11,7,311,2460987,NA
17574,40.863052,-73.881592,30,"NY",784,"Aesculus","pavia","red buckeye","Plantae",67637,483,"Leaves",2025,4,10,100,2460776,12,2025,11,7,311,2460987,NA
17574,40.863052,-73.881592,30,"NY",784,"Aesculus","pavia","red buckeye","Plantae",67637,498,"Colored leaves",2025,9,6,249,2460925,21,2025,11,7,311,2460987,NA
17574,40.863052,-73.881592,30,"NY",784,"Aesculus","pavia","red buckeye","Plantae",67637,500,"Flowers or flower buds",2025,3,23,82,2460758,79,2025,5,18,138,2460814,7
17574,40.863052,-73.881592,30,"NY",784,"Aesculus","pavia","red buckeye","Plantae",67637,501,"Open flowers",2025,5,11,131,2460807,7,2025,5,18,138,2460814,7
17574,40.863052,-73.881592,30,"NY",784,"Aesculus","pavia","red buckeye","Plantae",67637,504,"Recent fruit or seed drop",2025,5,4,124,2460800,3,2025,5,4,124,2460800,7
17574,40.863052,-73.881592,30,"NY",784,"Aesculus","pavia","red buckeye","Plantae",67637,504,"Recent fruit or seed drop",2025,7,20,201,2460877,7,2025,7,20,201,2460877,20
17574,40.863052,-73.881592,30,"NY",784,"Aesculus","pavia","red buckeye","Plantae",67637,504,"Recent fruit or seed drop",2025,9,6,249,2460925,21,2025,9,6,249,2460925,14
17574,40.863052,-73.881592,30,"NY",784,"Aesculus","pavia","red buckeye","Plantae",67637,516,"Fruits",2025,5,15,135,2460811,4,2025,10,12,285,2460961,6
24164,40.665085,-73.963432,17,"NY",784,"Aesculus","pavia","red buckeye","Plantae",114555,390,"Ripe fruits",2025,9,18,261,2460937,90,2025,10,10,283,2460959,NA
24164,40.665085,-73.963432,17,"NY",784,"Aesculus","pavia","red buckeye","Plantae",114555,471,"Falling leaves",2025,10,10,283,2460959,22,2025,10,10,283,2460959,NA
24164,40.665085,-73.963432,17,"NY",784,"Aesculus","pavia","red buckeye","Plantae",114555,483,"Leaves",2025,6,13,164,2460840,NA,2025,10,10,283,2460959,NA
24164,40.665085,-73.963432,17,"NY",784,"Aesculus","pavia","red buckeye","Plantae",114555,498,"Colored leaves",2025,10,10,283,2460959,22,2025,10,10,283,2460959,NA
24164,40.665085,-73.963432,17,"NY",784,"Aesculus","pavia","red buckeye","Plantae",114555,504,"Recent fruit or seed drop",2025,9,18,261,2460937,90,2025,10,10,283,2460959,NA
24164,40.665085,-73.963432,17,"NY",784,"Aesculus","pavia","red buckeye","Plantae",114555,516,"Fruits",2025,6,13,164,2460840,NA,2025,10,10,283,2460959,NA
28357,30.414719,-88.541824,3,"MS",784,"Aesculus","pavia","red buckeye","Plantae",147491,467,"Increasing leaf size",2025,8,5,217,2460893,NA,2025,8,5,217,2460893,70
28357,30.414719,-88.541824,3,"MS",784,"Aesculus","pavia","red buckeye","Plantae",147491,471,"Falling leaves",2025,10,14,287,2460963,70,2025,10,28,301,2460977,7
28357,30.414719,-88.541824,3,"MS",784,"Aesculus","pavia","red buckeye","Plantae",147491,483,"Leaves",2025,8,5,217,2460893,NA,2025,10,14,287,2460963,8
28357,30.414719,-88.541824,3,"MS",784,"Aesculus","pavia","red buckeye","Plantae",147491,498,"Colored leaves",2025,8,5,217,2460893,NA,2025,10,14,287,2460963,8
28357,30.414719,-88.541824,3,"MS",784,"Aesculus","pavia","red buckeye","Plantae",147493,467,"Increasing leaf size",2025,8,5,217,2460893,NA,2025,8,5,217,2460893,70
28357,30.414719,-88.541824,3,"MS",784,"Aesculus","pavia","red buckeye","Plantae",147493,467,"Increasing leaf size",2025,10,22,295,2460971,8,2025,10,28,301,2460977,7
28357,30.414719,-88.541824,3,"MS",784,"Aesculus","pavia","red buckeye","Plantae",147493,471,"Falling leaves",2025,10,14,287,2460963,70,2025,11,4,308,2460984,NA
28357,30.414719,-88.541824,3,"MS",784,"Aesculus","pavia","red buckeye","Plantae",147493,483,"Leaves",2025,8,5,217,2460893,NA,2025,11,4,308,2460984,NA
28357,30.414719,-88.541824,3,"MS",784,"Aesculus","pavia","red buckeye","Plantae",147493,498,"Colored leaves",2025,8,5,217,2460893,NA,2025,11,4,308,2460984,NA
28357,30.414719,-88.541824,3,"MS",784,"Aesculus","pavia","red buckeye","Plantae",147494,390,"Ripe fruits",2025,9,19,262,2460938,45,2025,9,19,262,2460938,25
28357,30.414719,-88.541824,3,"MS",784,"Aesculus","pavia","red buckeye","Plantae",147494,467,"Increasing leaf size",2025,8,5,217,2460893,NA,2025,10,28,301,2460977,7
28357,30.414719,-88.541824,3,"MS",784,"Aesculus","pavia","red buckeye","Plantae",147494,471,"Falling leaves",2025,9,19,262,2460938,45,2025,11,4,308,2460984,NA
28357,30.414719,-88.541824,3,"MS",784,"Aesculus","pavia","red buckeye","Plantae",147494,483,"Leaves",2025,8,5,217,2460893,NA,2025,11,4,308,2460984,NA
28357,30.414719,-88.541824,3,"MS",784,"Aesculus","pavia","red buckeye","Plantae",147494,498,"Colored leaves",2025,8,5,217,2460893,NA,2025,11,4,308,2460984,NA
28357,30.414719,-88.541824,3,"MS",784,"Aesculus","pavia","red buckeye","Plantae",147494,504,"Recent fruit or seed drop",2025,10,22,295,2460971,8,2025,10,28,301,2460977,7
28357,30.414719,-88.541824,3,"MS",784,"Aesculus","pavia","red buckeye","Plantae",147494,516,"Fruits",2025,8,5,217,2460893,NA,2025,9,19,262,2460938,25
31779,47.166275,-122.537384,74,"WA",147,"Aquilegia","canadensis","red columbine","Plantae",174095,482,"Initial growth (forbs)",2025,3,10,69,2460745,NA,2025,4,16,106,2460782,NA
31779,47.166275,-122.537384,74,"WA",147,"Aquilegia","canadensis","red columbine","Plantae",174095,488,"Leaves (forbs)",2025,3,10,69,2460745,NA,2025,4,16,106,2460782,NA
31779,47.166275,-122.537384,74,"WA",147,"Aquilegia","canadensis","red columbine","Plantae",174095,501,"Open flowers",2025,5,8,128,2460804,22,2025,5,8,128,2460804,NA
30051,44.478752,-84.672668,364,"MI",147,"Aquilegia","canadensis","red columbine","Plantae",180165,482,"Initial growth (forbs)",2025,5,9,129,2460805,12,2025,5,9,129,2460805,9
30051,44.478752,-84.672668,364,"MI",147,"Aquilegia","canadensis","red columbine","Plantae",180165,488,"Leaves (forbs)",2025,5,9,129,2460805,12,2025,6,8,159,2460835,NA
30051,44.478752,-84.672668,364,"MI",147,"Aquilegia","canadensis","red columbine","Plantae",180165,500,"Flowers or flower buds",2025,6,8,159,2460835,7,2025,6,8,159,2460835,NA
30051,44.478752,-84.672668,364,"MI",147,"Aquilegia","canadensis","red columbine","Plantae",180165,501,"Open flowers",2025,6,8,159,2460835,7,2025,6,8,159,2460835,NA
33012,42.011364,-93.638145,289,"IA",147,"Aquilegia","canadensis","red columbine","Plantae",199988,390,"Ripe fruits",2025,7,2,183,2460859,7,2025,11,11,315,2460991,NA
33012,42.011364,-93.638145,289,"IA",147,"Aquilegia","canadensis","red columbine","Plantae",199988,482,"Initial growth (forbs)",2025,4,9,99,2460775,NA,2025,4,9,99,2460775,7
33012,42.011364,-93.638145,289,"IA",147,"Aquilegia","canadensis","red columbine","Plantae",199988,482,"Initial growth (forbs)",2025,4,23,113,2460789,7,2025,5,21,141,2460817,7
33012,42.011364,-93.638145,289,"IA",147,"Aquilegia","canadensis","red columbine","Plantae",199988,488,"Leaves (forbs)",2025,4,9,99,2460775,NA,2025,4,9,99,2460775,7
33012,42.011364,-93.638145,289,"IA",147,"Aquilegia","canadensis","red columbine","Plantae",199988,488,"Leaves (forbs)",2025,4,23,113,2460789,7,2025,11,11,315,2460991,NA
33012,42.011364,-93.638145,289,"IA",147,"Aquilegia","canadensis","red columbine","Plantae",199988,500,"Flowers or flower buds",2025,4,23,113,2460789,14,2025,6,11,162,2460838,7
33012,42.011364,-93.638145,289,"IA",147,"Aquilegia","canadensis","red columbine","Plantae",199988,500,"Flowers or flower buds",2025,7,23,204,2460880,7,2025,7,23,204,2460880,7
33012,42.011364,-93.638145,289,"IA",147,"Aquilegia","canadensis","red columbine","Plantae",199988,501,"Open flowers",2025,4,30,120,2460796,7,2025,6,11,162,2460838,7
33012,42.011364,-93.638145,289,"IA",147,"Aquilegia","canadensis","red columbine","Plantae",199988,501,"Open flowers",2025,7,16,197,2460873,7,2025,7,23,204,2460880,7
33012,42.011364,-93.638145,289,"IA",147,"Aquilegia","canadensis","red columbine","Plantae",199988,504,"Recent fruit or seed drop",2025,7,2,183,2460859,7,2025,7,2,183,2460859,7
33012,42.011364,-93.638145,289,"IA",147,"Aquilegia","canadensis","red columbine","Plantae",199988,504,"Recent fruit or seed drop",2025,8,6,218,2460894,7,2025,8,26,238,2460914,7
33012,42.011364,-93.638145,289,"IA",147,"Aquilegia","canadensis","red columbine","Plantae",199988,504,"Recent fruit or seed drop",2025,9,9,252,2460928,7,2025,9,16,259,2460935,7
33012,42.011364,-93.638145,289,"IA",147,"Aquilegia","canadensis","red columbine","Plantae",199988,516,"Fruits",2025,6,18,169,2460845,7,2025,11,11,315,2460991,NA
37410,32.584236,-91.974403,25,"LA",784,"Aesculus","pavia","red buckeye","Plantae",231645,390,"Ripe fruits",2025,10,25,298,2460974,158,2025,10,31,304,2460980,NA
37410,32.584236,-91.974403,25,"LA",784,"Aesculus","pavia","red buckeye","Plantae",231645,467,"Increasing leaf size",2025,3,14,73,2460749,NA,2025,4,6,96,2460772,44
37410,32.584236,-91.974403,25,"LA",784,"Aesculus","pavia","red buckeye","Plantae",231645,483,"Leaves",2025,3,14,73,2460749,NA,2025,10,31,304,2460980,NA
37410,32.584236,-91.974403,25,"LA",784,"Aesculus","pavia","red buckeye","Plantae",231645,500,"Flowers or flower buds",2025,3,14,73,2460749,NA,2025,5,20,140,2460816,158
37410,32.584236,-91.974403,25,"LA",784,"Aesculus","pavia","red buckeye","Plantae",231645,501,"Open flowers",2025,3,22,81,2460757,8,2025,5,20,140,2460816,158
37410,32.584236,-91.974403,25,"LA",784,"Aesculus","pavia","red buckeye","Plantae",231645,504,"Recent fruit or seed drop",2025,10,25,298,2460974,158,2025,10,25,298,2460974,6
37410,32.584236,-91.974403,25,"LA",784,"Aesculus","pavia","red buckeye","Plantae",231645,516,"Fruits",2025,5,20,140,2460816,44,2025,10,31,304,2460980,NA
32443,39.90163,-86.175911,242,"IN",784,"Aesculus","pavia","red buckeye","Plantae",233933,371,"Breaking leaf buds",2025,4,2,92,2460768,7,2025,4,9,99,2460775,NA
32443,39.90163,-86.175911,242,"IN",784,"Aesculus","pavia","red buckeye","Plantae",233933,467,"Increasing leaf size",2025,4,9,99,2460775,NA,2025,9,3,246,2460922,7
32443,39.90163,-86.175911,242,"IN",784,"Aesculus","pavia","red buckeye","Plantae",233933,471,"Falling leaves",2025,9,3,246,2460922,NA,2025,9,16,259,2460935,NA
32443,39.90163,-86.175911,242,"IN",784,"Aesculus","pavia","red buckeye","Plantae",233933,483,"Leaves",2025,4,9,99,2460775,3,2025,9,16,259,2460935,7
32443,39.90163,-86.175911,242,"IN",784,"Aesculus","pavia","red buckeye","Plantae",233933,498,"Colored leaves",2025,9,3,246,2460922,NA,2025,9,16,259,2460935,NA
32443,39.90163,-86.175911,242,"IN",147,"Aquilegia","canadensis","red columbine","Plantae",270024,390,"Ripe fruits",2025,5,7,127,2460803,NA,2025,6,11,162,2460838,NA
32443,39.90163,-86.175911,242,"IN",147,"Aquilegia","canadensis","red columbine","Plantae",270024,482,"Initial growth (forbs)",2025,3,26,85,2460761,14,2025,4,2,92,2460768,NA
32443,39.90163,-86.175911,242,"IN",147,"Aquilegia","canadensis","red columbine","Plantae",270024,488,"Leaves (forbs)",2025,3,18,77,2460753,NA,2025,6,18,169,2460845,7
32443,39.90163,-86.175911,242,"IN",147,"Aquilegia","canadensis","red columbine","Plantae",270024,488,"Leaves (forbs)",2025,10,1,274,2460950,8,2025,10,23,296,2460972,6
32443,39.90163,-86.175911,242,"IN",147,"Aquilegia","canadensis","red columbine","Plantae",270024,500,"Flowers or flower buds",2025,4,27,117,2460793,4,2025,5,14,134,2460810,7
32443,39.90163,-86.175911,242,"IN",147,"Aquilegia","canadensis","red columbine","Plantae",270024,501,"Open flowers",2025,4,27,117,2460793,NA,2025,5,14,134,2460810,NA
32443,39.90163,-86.175911,242,"IN",147,"Aquilegia","canadensis","red columbine","Plantae",270024,504,"Recent fruit or seed drop",2025,5,7,127,2460803,NA,2025,6,11,162,2460838,NA
32443,39.90163,-86.175911,242,"IN",147,"Aquilegia","canadensis","red columbine","Plantae",270024,516,"Fruits",2025,5,7,127,2460803,7,2025,6,11,162,2460838,14
46202,35.16766,-81.05687,199,"NC",784,"Aesculus","pavia","red buckeye","Plantae",283089,371,"Breaking leaf buds",2025,3,11,70,2460746,7,2025,3,25,84,2460760,7
46202,35.16766,-81.05687,199,"NC",784,"Aesculus","pavia","red buckeye","Plantae",283089,467,"Increasing leaf size",2025,3,18,77,2460753,7,2025,5,20,140,2460816,14
46202,35.16766,-81.05687,199,"NC",784,"Aesculus","pavia","red buckeye","Plantae",283089,467,"Increasing leaf size",2025,10,7,280,2460956,14,2025,10,7,280,2460956,7
46202,35.16766,-81.05687,199,"NC",784,"Aesculus","pavia","red buckeye","Plantae",283089,483,"Leaves",2025,3,18,77,2460753,7,2025,8,19,231,2460907,7
46202,35.16766,-81.05687,199,"NC",784,"Aesculus","pavia","red buckeye","Plantae",283089,483,"Leaves",2025,10,7,280,2460956,14,2025,10,7,280,2460956,7
46202,35.16766,-81.05687,199,"NC",784,"Aesculus","pavia","red buckeye","Plantae",283089,498,"Colored leaves",2025,6,3,154,2460830,14,2025,6,24,175,2460851,7
46202,35.16766,-81.05687,199,"NC",784,"Aesculus","pavia","red buckeye","Plantae",283089,498,"Colored leaves",2025,7,8,189,2460865,7,2025,7,15,196,2460872,7
46202,35.16766,-81.05687,199,"NC",784,"Aesculus","pavia","red buckeye","Plantae",283089,498,"Colored leaves",2025,10,7,280,2460956,14,2025,10,7,280,2460956,7
46202,35.16766,-81.05687,199,"NC",784,"Aesculus","pavia","red buckeye","Plantae",283089,500,"Flowers or flower buds",2025,3,18,77,2460753,7,2025,4,22,112,2460788,7
46202,35.16766,-81.05687,199,"NC",784,"Aesculus","pavia","red buckeye","Plantae",283089,501,"Open flowers",2025,4,8,98,2460774,7,2025,4,22,112,2460788,7
46202,35.16766,-81.05687,199,"NC",784,"Aesculus","pavia","red buckeye","Plantae",283093,371,"Breaking leaf buds",2025,2,25,56,2460732,7,2025,3,11,70,2460746,7
46202,35.16766,-81.05687,199,"NC",784,"Aesculus","pavia","red buckeye","Plantae",283093,467,"Increasing leaf size",2025,3,18,77,2460753,7,2025,5,20,140,2460816,14
46202,35.16766,-81.05687,199,"NC",784,"Aesculus","pavia","red buckeye","Plantae",283093,471,"Falling leaves",2025,7,15,196,2460872,14,2025,7,15,196,2460872,7
46202,35.16766,-81.05687,199,"NC",784,"Aesculus","pavia","red buckeye","Plantae",283093,483,"Leaves",2025,3,11,70,2460746,7,2025,8,19,231,2460907,7
46202,35.16766,-81.05687,199,"NC",784,"Aesculus","pavia","red buckeye","Plantae",283093,498,"Colored leaves",2025,5,20,140,2460816,7,2025,6,24,175,2460851,7
46202,35.16766,-81.05687,199,"NC",784,"Aesculus","pavia","red buckeye","Plantae",283093,498,"Colored leaves",2025,7,15,196,2460872,14,2025,7,29,210,2460886,21
46202,35.16766,-81.05687,199,"NC",784,"Aesculus","pavia","red buckeye","Plantae",283093,500,"Flowers or flower buds",2025,3,11,70,2460746,7,2025,4,15,105,2460781,7
46202,35.16766,-81.05687,199,"NC",784,"Aesculus","pavia","red buckeye","Plantae",283093,501,"Open flowers",2025,4,8,98,2460774,7,2025,4,15,105,2460781,7
46202,35.16766,-81.05687,199,"NC",784,"Aesculus","pavia","red buckeye","Plantae",283100,371,"Breaking leaf buds",2025,3,4,63,2460739,7,2025,3,18,77,2460753,7
46202,35.16766,-81.05687,199,"NC",784,"Aesculus","pavia","red buckeye","Plantae",283100,467,"Increasing leaf size",2025,3,18,77,2460753,7,2025,4,15,105,2460781,7
46202,35.16766,-81.05687,199,"NC",784,"Aesculus","pavia","red buckeye","Plantae",283100,467,"Increasing leaf size",2025,4,29,119,2460795,7,2025,5,20,140,2460816,14
46202,35.16766,-81.05687,199,"NC",784,"Aesculus","pavia","red buckeye","Plantae",283100,471,"Falling leaves",2025,7,8,189,2460865,7,2025,8,19,231,2460907,7
46202,35.16766,-81.05687,199,"NC",784,"Aesculus","pavia","red buckeye","Plantae",283100,471,"Falling leaves",2025,9,9,252,2460928,7,2025,9,16,259,2460935,7
46202,35.16766,-81.05687,199,"NC",784,"Aesculus","pavia","red buckeye","Plantae",283100,483,"Leaves",2025,3,11,70,2460746,7,2025,9,16,259,2460935,7
46202,35.16766,-81.05687,199,"NC",784,"Aesculus","pavia","red buckeye","Plantae",283100,498,"Colored leaves",2025,5,20,140,2460816,7,2025,7,1,182,2460858,7
46202,35.16766,-81.05687,199,"NC",784,"Aesculus","pavia","red buckeye","Plantae",283100,498,"Colored leaves",2025,7,15,196,2460872,7,2025,7,29,210,2460886,21
46202,35.16766,-81.05687,199,"NC",784,"Aesculus","pavia","red buckeye","Plantae",283100,498,"Colored leaves",2025,8,26,238,2460914,7,2025,9,2,245,2460921,7
46202,35.16766,-81.05687,199,"NC",784,"Aesculus","pavia","red buckeye","Plantae",283100,498,"Colored leaves",2025,9,16,259,2460935,7,2025,9,16,259,2460935,7
46202,35.16766,-81.05687,199,"NC",784,"Aesculus","pavia","red buckeye","Plantae",283100,500,"Flowers or flower buds",2025,3,18,77,2460753,7,2025,4,22,112,2460788,7
46202,35.16766,-81.05687,199,"NC",784,"Aesculus","pavia","red buckeye","Plantae",283100,501,"Open flowers",2025,4,8,98,2460774,7,2025,4,8,98,2460774,7
46202,35.16766,-81.05687,199,"NC",784,"Aesculus","pavia","red buckeye","Plantae",283100,501,"Open flowers",2025,4,22,112,2460788,7,2025,4,22,112,2460788,7
33069,43.841541,-69.502037,-9,"ME",147,"Aquilegia","canadensis","red columbine","Plantae",292771,501,"Open flowers",2025,6,12,163,2460839,NA,2025,6,12,163,2460839,NA
33069,43.841541,-69.502037,-9,"ME",147,"Aquilegia","canadensis","red columbine","Plantae",292771,504,"Recent fruit or seed drop",2025,7,2,183,2460859,NA,2025,7,22,203,2460879,NA
33069,43.841541,-69.502037,-9,"ME",147,"Aquilegia","canadensis","red columbine","Plantae",292771,516,"Fruits",2025,6,24,175,2460851,12,2025,6,24,175,2460851,NA
48555,33.813538,-84.28347,307,"GA",147,"Aquilegia","canadensis","red columbine","Plantae",305071,390,"Ripe fruits",2025,5,19,139,2460815,8,2025,5,19,139,2460815,15
48555,33.813538,-84.28347,307,"GA",147,"Aquilegia","canadensis","red columbine","Plantae",305071,390,"Ripe fruits",2025,6,17,168,2460844,14,2025,6,28,179,2460855,13
48555,33.813538,-84.28347,307,"GA",147,"Aquilegia","canadensis","red columbine","Plantae",305071,482,"Initial growth (forbs)",2025,1,16,16,2460692,NA,2025,2,5,36,2460712,27
48555,33.813538,-84.28347,307,"GA",147,"Aquilegia","canadensis","red columbine","Plantae",305071,488,"Leaves (forbs)",2025,1,16,16,2460692,NA,2025,11,8,312,2460988,NA
48555,33.813538,-84.28347,307,"GA",147,"Aquilegia","canadensis","red columbine","Plantae",305071,500,"Flowers or flower buds",2025,3,4,63,2460739,14,2025,4,22,112,2460788,19
48555,33.813538,-84.28347,307,"GA",147,"Aquilegia","canadensis","red columbine","Plantae",305071,501,"Open flowers",2025,3,15,74,2460750,11,2025,4,22,112,2460788,19
48555,33.813538,-84.28347,307,"GA",147,"Aquilegia","canadensis","red columbine","Plantae",305071,504,"Recent fruit or seed drop",2025,7,11,192,2460868,24,2025,8,1,213,2460889,13
48555,33.813538,-84.28347,307,"GA",147,"Aquilegia","canadensis","red columbine","Plantae",305071,516,"Fruits",2025,4,22,112,2460788,14,2025,5,19,139,2460815,15
48555,33.813538,-84.28347,307,"GA",147,"Aquilegia","canadensis","red columbine","Plantae",305071,516,"Fruits",2025,6,17,168,2460844,14,2025,6,28,179,2460855,13
10585,41.433689,-81.693153,219,"OH",147,"Aquilegia","canadensis","red columbine","Plantae",332804,390,"Ripe fruits",2025,6,5,156,2460832,7,2025,6,5,156,2460832,NA
10585,41.433689,-81.693153,219,"OH",147,"Aquilegia","canadensis","red columbine","Plantae",332804,482,"Initial growth (forbs)",2025,5,1,121,2460797,14,2025,5,15,135,2460811,7
10585,41.433689,-81.693153,219,"OH",147,"Aquilegia","canadensis","red columbine","Plantae",332804,488,"Leaves (forbs)",2025,5,1,121,2460797,14,2025,6,5,156,2460832,NA
10585,41.433689,-81.693153,219,"OH",147,"Aquilegia","canadensis","red columbine","Plantae",332804,500,"Flowers or flower buds",2025,5,22,142,2460818,7,2025,6,5,156,2460832,NA
10585,41.433689,-81.693153,219,"OH",147,"Aquilegia","canadensis","red columbine","Plantae",332804,501,"Open flowers",2025,5,22,142,2460818,7,2025,6,5,156,2460832,NA
10585,41.433689,-81.693153,219,"OH",147,"Aquilegia","canadensis","red columbine","Plantae",332804,504,"Recent fruit or seed drop",2025,6,5,156,2460832,7,2025,6,5,156,2460832,NA
10585,41.433689,-81.693153,219,"OH",147,"Aquilegia","canadensis","red columbine","Plantae",332804,516,"Fruits",2025,5,22,142,2460818,7,2025,6,5,156,2460832,NA
48555,33.813538,-84.28347,307,"GA",784,"Aesculus","pavia","red buckeye","Plantae",346694,371,"Breaking leaf buds",2025,2,5,36,2460712,20,2025,2,18,49,2460725,14
48555,33.813538,-84.28347,307,"GA",784,"Aesculus","pavia","red buckeye","Plantae",346694,371,"Breaking leaf buds",2025,3,15,74,2460750,11,2025,3,15,74,2460750,14
48555,33.813538,-84.28347,307,"GA",784,"Aesculus","pavia","red buckeye","Plantae",346694,371,"Breaking leaf buds",2025,4,8,98,2460774,10,2025,4,8,98,2460774,14
48555,33.813538,-84.28347,307,"GA",784,"Aesculus","pavia","red buckeye","Plantae",346694,371,"Breaking leaf buds",2025,6,3,154,2460830,15,2025,6,3,154,2460830,14
48555,33.813538,-84.28347,307,"GA",784,"Aesculus","pavia","red buckeye","Plantae",346694,371,"Breaking leaf buds",2025,9,13,256,2460932,15,2025,9,13,256,2460932,19
48555,33.813538,-84.28347,307,"GA",784,"Aesculus","pavia","red buckeye","Plantae",346694,371,"Breaking leaf buds",2025,11,8,312,2460988,21,2025,11,8,312,2460988,NA
48555,33.813538,-84.28347,307,"GA",784,"Aesculus","pavia","red buckeye","Plantae",346694,467,"Increasing leaf size",2025,2,18,49,2460725,13,2025,4,8,98,2460774,14
48555,33.813538,-84.28347,307,"GA",784,"Aesculus","pavia","red buckeye","Plantae",346694,467,"Increasing leaf size",2025,6,3,154,2460830,15,2025,7,11,192,2460868,9
48555,33.813538,-84.28347,307,"GA",784,"Aesculus","pavia","red buckeye","Plantae",346694,471,"Falling leaves",2025,8,29,241,2460917,15,2025,9,13,256,2460932,19
48555,33.813538,-84.28347,307,"GA",784,"Aesculus","pavia","red buckeye","Plantae",346694,483,"Leaves",2025,2,18,49,2460725,13,2025,9,13,256,2460932,19
48555,33.813538,-84.28347,307,"GA",784,"Aesculus","pavia","red buckeye","Plantae",346694,498,"Colored leaves",2025,8,1,213,2460889,12,2025,9,13,256,2460932,19
48555,33.813538,-84.28347,307,"GA",784,"Aesculus","pavia","red buckeye","Plantae",346694,500,"Flowers or flower buds",2025,3,4,63,2460739,14,2025,4,8,98,2460774,14
48555,33.813538,-84.28347,307,"GA",784,"Aesculus","pavia","red buckeye","Plantae",346694,501,"Open flowers",2025,4,8,98,2460774,10,2025,4,8,98,2460774,14
48555,33.813538,-84.28347,307,"GA",784,"Aesculus","pavia","red buckeye","Plantae",346694,516,"Fruits",2025,4,22,112,2460788,14,2025,5,19,139,2460815,15
56668,40.32856,-74.943733,48,NA,147,"Aquilegia","canadensis","red columbine","Plantae",348373,390,"Ripe fruits",2025,5,29,149,2460825,10,2025,6,26,177,2460853,3
56668,40.32856,-74.943733,48,NA,147,"Aquilegia","canadensis","red columbine","Plantae",348373,390,"Ripe fruits",2025,7,5,186,2460862,6,2025,8,8,220,2460896,2
56668,40.32856,-74.943733,48,NA,147,"Aquilegia","canadensis","red columbine","Plantae",348373,482,"Initial growth (forbs)",2025,2,28,59,2460735,NA,2025,3,19,78,2460754,1
56668,40.32856,-74.943733,48,NA,147,"Aquilegia","canadensis","red columbine","Plantae",348373,482,"Initial growth (forbs)",2025,3,25,84,2460760,2,2025,5,1,121,2460797,1
56668,40.32856,-74.943733,48,NA,147,"Aquilegia","canadensis","red columbine","Plantae",348373,482,"Initial growth (forbs)",2025,5,7,127,2460803,5,2025,5,8,128,2460804,4
56668,40.32856,-74.943733,48,NA,147,"Aquilegia","canadensis","red columbine","Plantae",348373,488,"Leaves (forbs)",2025,2,28,59,2460735,NA,2025,3,9,68,2460744,3
56668,40.32856,-74.943733,48,NA,147,"Aquilegia","canadensis","red columbine","Plantae",348373,488,"Leaves (forbs)",2025,3,16,75,2460751,4,2025,3,19,78,2460754,1
56668,40.32856,-74.943733,48,NA,147,"Aquilegia","canadensis","red columbine","Plantae",348373,488,"Leaves (forbs)",2025,3,25,84,2460760,2,2025,5,12,132,2460808,2
56668,40.32856,-74.943733,48,NA,147,"Aquilegia","canadensis","red columbine","Plantae",348373,488,"Leaves (forbs)",2025,5,16,136,2460812,2,2025,9,26,269,2460945,3
56668,40.32856,-74.943733,48,NA,147,"Aquilegia","canadensis","red columbine","Plantae",348373,488,"Leaves (forbs)",2025,10,4,277,2460953,5,2025,10,17,290,2460966,NA
56668,40.32856,-74.943733,48,NA,147,"Aquilegia","canadensis","red columbine","Plantae",348373,500,"Flowers or flower buds",2025,3,31,90,2460766,2,2025,5,8,128,2460804,4
56668,40.32856,-74.943733,48,NA,147,"Aquilegia","canadensis","red columbine","Plantae",348373,500,"Flowers or flower buds",2025,5,14,134,2460810,2,2025,5,16,136,2460812,1
56668,40.32856,-74.943733,48,NA,147,"Aquilegia","canadensis","red columbine","Plantae",348373,500,"Flowers or flower buds",2025,5,29,149,2460825,10,2025,5,29,149,2460825,2
56668,40.32856,-74.943733,48,NA,147,"Aquilegia","canadensis","red columbine","Plantae",348373,500,"Flowers or flower buds",2025,8,10,222,2460898,2,2025,8,10,222,2460898,20
56668,40.32856,-74.943733,48,NA,147,"Aquilegia","canadensis","red columbine","Plantae",348373,501,"Open flowers",2025,4,21,111,2460787,5,2025,5,17,137,2460813,2
56668,40.32856,-74.943733,48,NA,147,"Aquilegia","canadensis","red columbine","Plantae",348373,501,"Open flowers",2025,7,5,186,2460862,6,2025,7,5,186,2460862,18
56668,40.32856,-74.943733,48,NA,147,"Aquilegia","canadensis","red columbine","Plantae",348373,504,"Recent fruit or seed drop",2025,5,31,151,2460827,2,2025,8,10,222,2460898,20
56668,40.32856,-74.943733,48,NA,147,"Aquilegia","canadensis","red columbine","Plantae",348373,504,"Recent fruit or seed drop",2025,9,10,253,2460929,11,2025,9,15,258,2460934,3
56668,40.32856,-74.943733,48,NA,147,"Aquilegia","canadensis","red columbine","Plantae",348373,516,"Fruits",2025,5,1,121,2460797,3,2025,6,26,177,2460853,3
56668,40.32856,-74.943733,48,NA,147,"Aquilegia","canadensis","red columbine","Plantae",348373,516,"Fruits",2025,7,5,186,2460862,6,2025,7,5,186,2460862,18
56668,40.32856,-74.943733,48,NA,147,"Aquilegia","canadensis","red columbine","Plantae",348373,516,"Fruits",2025,8,3,215,2460891,4,2025,8,3,215,2460891,5
2540,41.255749,-73.456375,181,"CT",147,"Aquilegia","canadensis","red columbine","Plantae",349624,390,"Ripe fruits",2025,6,11,162,2460838,5,2025,6,11,162,2460838,1
2540,41.255749,-73.456375,181,"CT",147,"Aquilegia","canadensis","red columbine","Plantae",349624,390,"Ripe fruits",2025,6,19,170,2460846,1,2025,6,19,170,2460846,1
2540,41.255749,-73.456375,181,"CT",147,"Aquilegia","canadensis","red columbine","Plantae",349624,390,"Ripe fruits",2025,6,26,177,2460853,6,2025,6,26,177,2460853,1
2540,41.255749,-73.456375,181,"CT",147,"Aquilegia","canadensis","red columbine","Plantae",349624,390,"Ripe fruits",2025,7,2,183,2460859,5,2025,7,2,183,2460859,2
2540,41.255749,-73.456375,181,"CT",147,"Aquilegia","canadensis","red columbine","Plantae",349624,390,"Ripe fruits",2025,7,16,197,2460873,5,2025,7,16,197,2460873,8
2540,41.255749,-73.456375,181,"CT",147,"Aquilegia","canadensis","red columbine","Plantae",349624,390,"Ripe fruits",2025,8,6,218,2460894,4,2025,8,6,218,2460894,4
2540,41.255749,-73.456375,181,"CT",147,"Aquilegia","canadensis","red columbine","Plantae",349624,482,"Initial growth (forbs)",2025,4,1,91,2460767,6,2025,4,1,91,2460767,6
2540,41.255749,-73.456375,181,"CT",147,"Aquilegia","canadensis","red columbine","Plantae",349624,482,"Initial growth (forbs)",2025,5,24,144,2460820,1,2025,5,29,149,2460825,1
2540,41.255749,-73.456375,181,"CT",147,"Aquilegia","canadensis","red columbine","Plantae",349624,488,"Leaves (forbs)",2025,4,1,91,2460767,6,2025,7,16,197,2460873,2
2540,41.255749,-73.456375,181,"CT",147,"Aquilegia","canadensis","red columbine","Plantae",349624,488,"Leaves (forbs)",2025,8,6,218,2460894,4,2025,8,10,222,2460898,7
2540,41.255749,-73.456375,181,"CT",147,"Aquilegia","canadensis","red columbine","Plantae",349624,488,"Leaves (forbs)",2025,8,20,232,2460908,3,2025,8,20,232,2460908,1
2540,41.255749,-73.456375,181,"CT",147,"Aquilegia","canadensis","red columbine","Plantae",349624,500,"Flowers or flower buds",2025,4,7,97,2460773,6,2025,5,7,127,2460803,1
2540,41.255749,-73.456375,181,"CT",147,"Aquilegia","canadensis","red columbine","Plantae",349624,500,"Flowers or flower buds",2025,5,14,134,2460810,6,2025,5,14,134,2460810,4
2540,41.255749,-73.456375,181,"CT",147,"Aquilegia","canadensis","red columbine","Plantae",349624,500,"Flowers or flower buds",2025,6,18,169,2460845,6,2025,6,18,169,2460845,1
2540,41.255749,-73.456375,181,"CT",147,"Aquilegia","canadensis","red columbine","Plantae",349624,501,"Open flowers",2025,4,24,114,2460790,7,2025,5,14,134,2460810,4
2540,41.255749,-73.456375,181,"CT",147,"Aquilegia","canadensis","red columbine","Plantae",349624,504,"Recent fruit or seed drop",2025,6,19,170,2460846,1,2025,6,19,170,2460846,1
2540,41.255749,-73.456375,181,"CT",147,"Aquilegia","canadensis","red columbine","Plantae",349624,504,"Recent fruit or seed drop",2025,6,26,177,2460853,6,2025,6,26,177,2460853,1
2540,41.255749,-73.456375,181,"CT",147,"Aquilegia","canadensis","red columbine","Plantae",349624,504,"Recent fruit or seed drop",2025,7,2,183,2460859,5,2025,7,2,183,2460859,2
2540,41.255749,-73.456375,181,"CT",147,"Aquilegia","canadensis","red columbine","Plantae",349624,504,"Recent fruit or seed drop",2025,7,16,197,2460873,5,2025,7,16,197,2460873,2
2540,41.255749,-73.456375,181,"CT",147,"Aquilegia","canadensis","red columbine","Plantae",349624,516,"Fruits",2025,5,7,127,2460803,7,2025,5,7,127,2460803,1
2540,41.255749,-73.456375,181,"CT",147,"Aquilegia","canadensis","red columbine","Plantae",349624,516,"Fruits",2025,5,14,134,2460810,6,2025,5,14,134,2460810,4
2540,41.255749,-73.456375,181,"CT",147,"Aquilegia","canadensis","red columbine","Plantae",349624,516,"Fruits",2025,5,21,141,2460817,3,2025,5,21,141,2460817,2
2540,41.255749,-73.456375,181,"CT",147,"Aquilegia","canadensis","red columbine","Plantae",349624,516,"Fruits",2025,5,29,149,2460825,5,2025,5,29,149,2460825,1
2540,41.255749,-73.456375,181,"CT",147,"Aquilegia","canadensis","red columbine","Plantae",349624,516,"Fruits",2025,6,11,162,2460838,5,2025,6,11,162,2460838,1
2540,41.255749,-73.456375,181,"CT",147,"Aquilegia","canadensis","red columbine","Plantae",349624,516,"Fruits",2025,6,19,170,2460846,1,2025,6,19,170,2460846,1
2540,41.255749,-73.456375,181,"CT",147,"Aquilegia","canadensis","red columbine","Plantae",349624,516,"Fruits",2025,6,26,177,2460853,6,2025,7,2,183,2460859,2
2540,41.255749,-73.456375,181,"CT",147,"Aquilegia","canadensis","red columbine","Plantae",349624,516,"Fruits",2025,7,16,197,2460873,5,2025,7,16,197,2460873,2
56491,29.929379,-96.824203,110,"TX",784,"Aesculus","pavia","red buckeye","Plantae",350135,467,"Increasing leaf size",2025,3,6,65,2460741,NA,2025,3,6,65,2460741,NA
56491,29.929379,-96.824203,110,"TX",784,"Aesculus","pavia","red buckeye","Plantae",350135,483,"Leaves",2025,3,6,65,2460741,NA,2025,3,6,65,2460741,NA
56200,32.872311,-96.739296,168,"TX",784,"Aesculus","pavia","red buckeye","Plantae",350307,467,"Increasing leaf size",2025,3,9,68,2460744,NA,2025,3,9,68,2460744,NA
56200,32.872311,-96.739296,168,"TX",784,"Aesculus","pavia","red buckeye","Plantae",350307,483,"Leaves",2025,3,9,68,2460744,NA,2025,3,9,68,2460744,NA
56200,32.872311,-96.739296,168,"TX",784,"Aesculus","pavia","red buckeye","Plantae",350307,500,"Flowers or flower buds",2025,3,9,68,2460744,NA,2025,3,9,68,2460744,NA
56807,43.183388,-87.987007,209,NA,147,"Aquilegia","canadensis","red columbine","Plantae",351286,482,"Initial growth (forbs)",2025,3,27,86,2460762,2,2025,3,29,88,2460764,5
56807,43.183388,-87.987007,209,NA,147,"Aquilegia","canadensis","red columbine","Plantae",351286,488,"Leaves (forbs)",2025,3,29,88,2460764,4,2025,5,31,151,2460827,6
56807,43.183388,-87.987007,209,NA,147,"Aquilegia","canadensis","red columbine","Plantae",351286,488,"Leaves (forbs)",2025,6,22,173,2460849,16,2025,8,6,218,2460894,NA
56807,43.183388,-87.987007,209,NA,147,"Aquilegia","canadensis","red columbine","Plantae",351286,500,"Flowers or flower buds",2025,5,13,133,2460809,7,2025,6,22,173,2460849,5
56807,43.183388,-87.987007,209,NA,147,"Aquilegia","canadensis","red columbine","Plantae",351286,501,"Open flowers",2025,5,23,143,2460819,8,2025,6,22,173,2460849,5
56807,43.183388,-87.987007,209,NA,147,"Aquilegia","canadensis","red columbine","Plantae",351286,504,"Recent fruit or seed drop",2025,6,27,178,2460854,21,2025,6,27,178,2460854,13
56921,42.471622,-76.457161,296,NA,147,"Aquilegia","canadensis","red columbine","Plantae",351693,482,"Initial growth (forbs)",2025,4,17,107,2460783,10,2025,4,25,115,2460791,NA
56921,42.471622,-76.457161,296,NA,147,"Aquilegia","canadensis","red columbine","Plantae",351693,488,"Leaves (forbs)",2025,4,17,107,2460783,10,2025,4,25,115,2460791,NA
56979,35.907791,-83.957542,282,NA,147,"Aquilegia","canadensis","red columbine","Plantae",351770,482,"Initial growth (forbs)",2025,3,24,83,2460759,NA,2025,3,24,83,2460759,NA
56979,35.907791,-83.957542,282,NA,147,"Aquilegia","canadensis","red columbine","Plantae",351770,488,"Leaves (forbs)",2025,3,24,83,2460759,NA,2025,3,24,83,2460759,NA
57074,31.8568,-88.160919,42,"AL",784,"Aesculus","pavia","red buckeye","Plantae",356688,471,"Falling leaves",2025,8,5,217,2460893,6,2025,9,11,254,2460930,NA
57074,31.8568,-88.160919,42,"AL",784,"Aesculus","pavia","red buckeye","Plantae",356688,483,"Leaves",2025,4,3,93,2460769,49,2025,9,11,254,2460930,NA
57074,31.8568,-88.160919,42,"AL",784,"Aesculus","pavia","red buckeye","Plantae",356688,498,"Colored leaves",2025,7,3,184,2460860,21,2025,9,11,254,2460930,NA
57074,31.8568,-88.160919,42,"AL",784,"Aesculus","pavia","red buckeye","Plantae",356688,501,"Open flowers",2025,4,3,93,2460769,49,2025,4,3,93,2460769,63
57074,31.8568,-88.160919,42,"AL",784,"Aesculus","pavia","red buckeye","Plantae",356694,471,"Falling leaves",2025,9,4,247,2460923,30,2025,9,11,254,2460930,NA
57074,31.8568,-88.160919,42,"AL",784,"Aesculus","pavia","red buckeye","Plantae",356694,483,"Leaves",2025,4,3,93,2460769,49,2025,9,11,254,2460930,NA
57074,31.8568,-88.160919,42,"AL",784,"Aesculus","pavia","red buckeye","Plantae",356694,498,"Colored leaves",2025,7,3,184,2460860,21,2025,9,11,254,2460930,NA
57074,31.8568,-88.160919,42,"AL",784,"Aesculus","pavia","red buckeye","Plantae",356694,501,"Open flowers",2025,4,3,93,2460769,49,2025,4,3,93,2460769,63
57074,31.8568,-88.160919,42,"AL",784,"Aesculus","pavia","red buckeye","Plantae",356696,467,"Increasing leaf size",2025,6,12,163,2460839,7,2025,6,12,163,2460839,21
57074,31.8568,-88.160919,42,"AL",784,"Aesculus","pavia","red buckeye","Plantae",356696,483,"Leaves",2025,4,3,93,2460769,49,2025,4,3,93,2460769,63
57074,31.8568,-88.160919,42,"AL",784,"Aesculus","pavia","red buckeye","Plantae",356696,483,"Leaves",2025,6,12,163,2460839,7,2025,6,12,163,2460839,21
57074,31.8568,-88.160919,42,"AL",784,"Aesculus","pavia","red buckeye","Plantae",356701,371,"Breaking leaf buds",2025,2,13,44,2460720,9,2025,2,13,44,2460720,49
57074,31.8568,-88.160919,42,"AL",784,"Aesculus","pavia","red buckeye","Plantae",356701,471,"Falling leaves",2025,9,4,247,2460923,30,2025,9,11,254,2460930,NA
57074,31.8568,-88.160919,42,"AL",784,"Aesculus","pavia","red buckeye","Plantae",356701,483,"Leaves",2025,4,3,93,2460769,49,2025,9,11,254,2460930,NA
57074,31.8568,-88.160919,42,"AL",784,"Aesculus","pavia","red buckeye","Plantae",356701,498,"Colored leaves",2025,7,3,184,2460860,21,2025,9,11,254,2460930,NA
57074,31.8568,-88.160919,42,"AL",784,"Aesculus","pavia","red buckeye","Plantae",356705,483,"Leaves",2025,4,3,93,2460769,49,2025,7,30,211,2460887,6
57074,31.8568,-88.160919,42,"AL",784,"Aesculus","pavia","red buckeye","Plantae",356705,498,"Colored leaves",2025,7,3,184,2460860,21,2025,7,30,211,2460887,6
56869,42.081501,-88.414902,278,NA,147,"Aquilegia","canadensis","red columbine","Plantae",362110,482,"Initial growth (forbs)",2025,3,28,87,2460763,NA,2025,4,23,113,2460789,NA
56869,42.081501,-88.414902,278,NA,147,"Aquilegia","canadensis","red columbine","Plantae",362110,488,"Leaves (forbs)",2025,3,28,87,2460763,NA,2025,4,23,113,2460789,NA
57165,39.872498,-86.462639,285,NA,784,"Aesculus","pavia","red buckeye","Plantae",362240,371,"Breaking leaf buds",2025,3,30,89,2460765,NA,2025,3,30,89,2460765,NA
57165,39.872498,-86.462639,285,NA,784,"Aesculus","pavia","red buckeye","Plantae",362240,467,"Increasing leaf size",2025,3,30,89,2460765,NA,2025,3,30,89,2460765,NA
57165,39.872498,-86.462639,285,NA,784,"Aesculus","pavia","red buckeye","Plantae",362240,483,"Leaves",2025,3,30,89,2460765,NA,2025,3,30,89,2460765,NA
57165,39.872498,-86.462639,285,NA,784,"Aesculus","pavia","red buckeye","Plantae",362240,500,"Flowers or flower buds",2025,3,30,89,2460765,NA,2025,3,30,89,2460765,NA
57165,39.872498,-86.462639,285,NA,784,"Aesculus","pavia","red buckeye","Plantae",362241,371,"Breaking leaf buds",2025,3,30,89,2460765,NA,2025,3,30,89,2460765,NA
57165,39.872498,-86.462639,285,NA,784,"Aesculus","pavia","red buckeye","Plantae",362241,467,"Increasing leaf size",2025,3,30,89,2460765,NA,2025,3,30,89,2460765,NA
57165,39.872498,-86.462639,285,NA,784,"Aesculus","pavia","red buckeye","Plantae",362241,483,"Leaves",2025,3,30,89,2460765,NA,2025,3,30,89,2460765,NA
57174,41.150799,-73.976196,74,NA,147,"Aquilegia","canadensis","red columbine","Plantae",362259,482,"Initial growth (forbs)",2025,3,30,89,2460765,NA,2025,3,30,89,2460765,NA
57174,41.150799,-73.976196,74,NA,147,"Aquilegia","canadensis","red columbine","Plantae",362259,488,"Leaves (forbs)",2025,3,30,89,2460765,NA,2025,3,30,89,2460765,NA
57176,34.035896,-80.980515,85,NA,147,"Aquilegia","canadensis","red columbine","Plantae",362265,482,"Initial growth (forbs)",2025,3,31,90,2460766,NA,2025,4,2,92,2460768,NA
57176,34.035896,-80.980515,85,NA,147,"Aquilegia","canadensis","red columbine","Plantae",362265,488,"Leaves (forbs)",2025,3,31,90,2460766,NA,2025,4,2,92,2460768,NA
57205,40.664127,-73.962486,5,"NY",784,"Aesculus","pavia","red buckeye","Plantae",362514,371,"Breaking leaf buds",2025,4,3,93,2460769,9,2025,4,18,108,2460784,11
57205,40.664127,-73.962486,5,"NY",784,"Aesculus","pavia","red buckeye","Plantae",362514,467,"Increasing leaf size",2025,4,18,108,2460784,15,2025,4,29,119,2460795,NA
57205,40.664127,-73.962486,5,"NY",784,"Aesculus","pavia","red buckeye","Plantae",362514,483,"Leaves",2025,4,3,93,2460769,9,2025,4,29,119,2460795,NA
57205,40.664127,-73.962486,5,"NY",784,"Aesculus","pavia","red buckeye","Plantae",362514,500,"Flowers or flower buds",2025,4,3,93,2460769,NA,2025,4,29,119,2460795,NA
57205,40.664127,-73.962486,5,"NY",784,"Aesculus","pavia","red buckeye","Plantae",362514,501,"Open flowers",2025,4,29,119,2460795,11,2025,4,29,119,2460795,NA
56900,43.803825,-91.232445,202,NA,147,"Aquilegia","canadensis","red columbine","Plantae",362629,482,"Initial growth (forbs)",2025,4,5,95,2460771,NA,2025,4,5,95,2460771,NA
56900,43.803825,-91.232445,202,NA,147,"Aquilegia","canadensis","red columbine","Plantae",362629,488,"Leaves (forbs)",2025,4,5,95,2460771,NA,2025,4,5,95,2460771,NA
57247,42.867371,-73.817406,97,NA,147,"Aquilegia","canadensis","red columbine","Plantae",363030,390,"Ripe fruits",2025,6,13,164,2460840,NA,2025,6,13,164,2460840,7
57247,42.867371,-73.817406,97,NA,147,"Aquilegia","canadensis","red columbine","Plantae",363030,482,"Initial growth (forbs)",2025,4,14,104,2460780,NA,2025,4,14,104,2460780,NA
57247,42.867371,-73.817406,97,NA,147,"Aquilegia","canadensis","red columbine","Plantae",363030,488,"Leaves (forbs)",2025,4,14,104,2460780,NA,2025,5,10,130,2460806,NA
57247,42.867371,-73.817406,97,NA,147,"Aquilegia","canadensis","red columbine","Plantae",363030,500,"Flowers or flower buds",2025,5,10,130,2460806,5,2025,5,30,150,2460826,NA
57247,42.867371,-73.817406,97,NA,147,"Aquilegia","canadensis","red columbine","Plantae",363030,501,"Open flowers",2025,5,21,141,2460817,5,2025,6,13,164,2460840,NA
57247,42.867371,-73.817406,97,NA,147,"Aquilegia","canadensis","red columbine","Plantae",363030,504,"Recent fruit or seed drop",2025,6,13,164,2460840,NA,2025,7,4,185,2460861,NA
57247,42.867371,-73.817406,97,NA,147,"Aquilegia","canadensis","red columbine","Plantae",363030,516,"Fruits",2025,6,13,164,2460840,19,2025,6,27,178,2460854,NA
57343,43.650906,-79.436241,106,NA,147,"Aquilegia","canadensis","red columbine","Plantae",363457,482,"Initial growth (forbs)",2025,4,15,105,2460781,NA,2025,5,11,131,2460807,NA
57343,43.650906,-79.436241,106,NA,147,"Aquilegia","canadensis","red columbine","Plantae",363457,488,"Leaves (forbs)",2025,4,19,109,2460785,NA,2025,5,11,131,2460807,NA
57343,43.650906,-79.436241,106,NA,147,"Aquilegia","canadensis","red columbine","Plantae",363457,500,"Flowers or flower buds",2025,5,11,131,2460807,5,2025,5,11,131,2460807,NA
57448,42.544052,-72.604378,63,NA,784,"Aesculus","pavia","red buckeye","Plantae",364605,371,"Breaking leaf buds",2025,4,15,105,2460781,NA,2025,4,15,105,2460781,NA
56109,42.21748,-73.860977,20,NA,147,"Aquilegia","canadensis","red columbine","Plantae",364638,482,"Initial growth (forbs)",2025,4,24,114,2460790,NA,2025,5,1,121,2460797,NA
56109,42.21748,-73.860977,20,NA,147,"Aquilegia","canadensis","red columbine","Plantae",364638,488,"Leaves (forbs)",2025,4,24,114,2460790,NA,2025,5,1,121,2460797,NA
57720,33.612999,-97.13588,226,NA,147,"Aquilegia","canadensis","red columbine","Plantae",365789,488,"Leaves (forbs)",2025,5,19,139,2460815,NA,2025,6,17,168,2460844,NA
57720,33.612999,-97.13588,226,NA,147,"Aquilegia","canadensis","red columbine","Plantae",365789,500,"Flowers or flower buds",2025,5,19,139,2460815,NA,2025,6,1,152,2460828,16
57720,33.612999,-97.13588,226,NA,147,"Aquilegia","canadensis","red columbine","Plantae",365789,501,"Open flowers",2025,5,19,139,2460815,NA,2025,6,1,152,2460828,16
57720,33.612999,-97.13588,226,NA,147,"Aquilegia","canadensis","red columbine","Plantae",365789,516,"Fruits",2025,6,1,152,2460828,13,2025,6,17,168,2460844,NA
57719,33.612999,-97.13588,226,NA,147,"Aquilegia","canadensis","red columbine","Plantae",366190,390,"Ripe fruits",2025,8,5,217,2460893,NA,2025,8,22,234,2460910,12
57719,33.612999,-97.13588,226,NA,147,"Aquilegia","canadensis","red columbine","Plantae",366190,488,"Leaves (forbs)",2025,6,3,154,2460830,NA,2025,8,15,227,2460903,NA
57719,33.612999,-97.13588,226,NA,147,"Aquilegia","canadensis","red columbine","Plantae",366190,500,"Flowers or flower buds",2025,6,3,154,2460830,NA,2025,6,17,168,2460844,29
57719,33.612999,-97.13588,226,NA,147,"Aquilegia","canadensis","red columbine","Plantae",366190,500,"Flowers or flower buds",2025,8,15,227,2460903,5,2025,8,22,234,2460910,12
57719,33.612999,-97.13588,226,NA,147,"Aquilegia","canadensis","red columbine","Plantae",366190,501,"Open flowers",2025,6,3,154,2460830,NA,2025,6,17,168,2460844,29
57719,33.612999,-97.13588,226,NA,147,"Aquilegia","canadensis","red columbine","Plantae",366190,501,"Open flowers",2025,8,15,227,2460903,5,2025,8,15,227,2460903,7
57719,33.612999,-97.13588,226,NA,147,"Aquilegia","canadensis","red columbine","Plantae",366190,504,"Recent fruit or seed drop",2025,8,5,217,2460893,NA,2025,8,15,227,2460903,7
57719,33.612999,-97.13588,226,NA,147,"Aquilegia","canadensis","red columbine","Plantae",366190,516,"Fruits",2025,6,3,154,2460830,NA,2025,8,5,217,2460893,5
57719,33.612999,-97.13588,226,NA,147,"Aquilegia","canadensis","red columbine","Plantae",366190,516,"Fruits",2025,8,15,227,2460903,5,2025,8,22,234,2460910,12
57997,40.081284,-80.687874,211,NA,147,"Aquilegia","canadensis","red columbine","Plantae",367582,488,"Leaves (forbs)",2025,7,10,191,2460867,NA,2025,7,10,191,2460867,NA
58055,38.579262,-90.34552,169,NA,784,"Aesculus","pavia","red buckeye","Plantae",367866,390,"Ripe fruits",2025,8,7,219,2460895,NA,2025,8,7,219,2460895,NA
37523,32.604904,-92.050537,24,"LA",784,"Aesculus","pavia","red buckeye","Plantae",369672,390,"Ripe fruits",2025,10,18,291,2460967,NA,2025,10,18,291,2460967,NA
37523,32.604904,-92.050537,24,"LA",784,"Aesculus","pavia","red buckeye","Plantae",369672,516,"Fruits",2025,10,18,291,2460967,NA,2025,10,18,291,2460967,NA
430,42.323002,-71.647003,92,"MA",147,"Aquilegia","canadensis","red columbine","Plantae",1035,201,"Open flowers (1 location)",2008,5,18,139,2454605,NA,2008,5,18,139,2454605,NA
1062,43.227459,-76.121017,117,"NY",147,"Aquilegia","canadensis","red columbine","Plantae",1247,201,"Open flowers (1 location)",2009,5,17,137,2454969,21,2009,6,21,172,2455004,NA
1062,43.227459,-76.121017,117,"NY",147,"Aquilegia","canadensis","red columbine","Plantae",1247,482,"Initial growth (forbs)",2009,4,5,95,2454927,8,2009,6,21,172,2455004,NA
1062,43.227459,-76.121017,117,"NY",147,"Aquilegia","canadensis","red columbine","Plantae",1247,488,"Leaves (forbs)",2009,4,26,116,2454948,14,2009,6,21,172,2455004,NA
1127,42.979267,-70.957291,16,"NH",147,"Aquilegia","canadensis","red columbine","Plantae",1563,482,"Initial growth (forbs)",2009,3,19,78,2454910,3,2009,3,22,81,2454913,2
1127,42.979267,-70.957291,16,"NH",147,"Aquilegia","canadensis","red columbine","Plantae",1563,488,"Leaves (forbs)",2009,3,19,78,2454910,3,2009,3,22,81,2454913,2
1127,42.979267,-70.957291,16,"NH",147,"Aquilegia","canadensis","red columbine","Plantae",1563,488,"Leaves (forbs)",2009,4,24,114,2454946,21,2009,5,1,121,2454953,NA
414,44.277962,-70.315315,109,"ME",147,"Aquilegia","canadensis","red columbine","Plantae",2022,201,"Open flowers (1 location)",2009,5,19,139,2454971,5,2009,6,5,156,2454988,NA
414,44.277962,-70.315315,109,"ME",147,"Aquilegia","canadensis","red columbine","Plantae",2022,202,"Ripe fruits (1 location)",2009,6,5,156,2454988,17,2009,6,5,156,2454988,NA
414,44.277962,-70.315315,109,"ME",147,"Aquilegia","canadensis","red columbine","Plantae",2022,482,"Initial growth (forbs)",2009,4,11,101,2454933,2,2009,4,11,101,2454933,5
414,44.277962,-70.315315,109,"ME",147,"Aquilegia","canadensis","red columbine","Plantae",2022,488,"Leaves (forbs)",2009,4,16,106,2454938,5,2009,6,5,156,2454988,NA
1371,42.362041,-88.003029,237,"IL",147,"Aquilegia","canadensis","red columbine","Plantae",2175,482,"Initial growth (forbs)",2009,3,14,73,2454905,NA,2009,3,18,77,2454909,NA
1371,42.362041,-88.003029,237,"IL",147,"Aquilegia","canadensis","red columbine","Plantae",2175,488,"Leaves (forbs)",2009,3,18,77,2454909,NA,2009,3,18,77,2454909,NA
1513,33.849293,-84.386894,278,"GA",147,"Aquilegia","canadensis","red columbine","Plantae",2669,201,"Open flowers (1 location)",2009,3,29,88,2454920,NA,2009,4,21,111,2454943,NA
1513,33.849293,-84.386894,278,"GA",147,"Aquilegia","canadensis","red columbine","Plantae",2669,202,"Ripe fruits (1 location)",2009,4,21,111,2454943,22,2009,4,21,111,2454943,NA
1513,33.849293,-84.386894,278,"GA",147,"Aquilegia","canadensis","red columbine","Plantae",2669,482,"Initial growth (forbs)",2009,3,29,88,2454920,NA,2009,4,21,111,2454943,NA
1513,33.849293,-84.386894,278,"GA",147,"Aquilegia","canadensis","red columbine","Plantae",2669,488,"Leaves (forbs)",2009,3,29,88,2454920,NA,2009,4,21,111,2454943,NA
1559,39.289673,-123.373718,542,"CA",147,"Aquilegia","canadensis","red columbine","Plantae",2798,200,"All leaves withered (herbaceous and grasses)",2009,10,13,286,2455118,NA,2009,11,25,329,2455161,NA
1559,39.289673,-123.373718,542,"CA",147,"Aquilegia","canadensis","red columbine","Plantae",2798,201,"Open flowers (1 location)",2009,10,13,286,2455118,190,2009,10,13,286,2455118,NA
1559,39.289673,-123.373718,542,"CA",147,"Aquilegia","canadensis","red columbine","Plantae",2798,482,"Initial growth (forbs)",2009,3,30,89,2454921,NA,2009,10,13,286,2455118,NA
1559,39.289673,-123.373718,542,"CA",147,"Aquilegia","canadensis","red columbine","Plantae",2798,488,"Leaves (forbs)",2009,3,30,89,2454921,NA,2009,10,13,286,2455118,NA
2394,45.425339,-93.186249,278,"MN",147,"Aquilegia","canadensis","red columbine","Plantae",3817,200,"All leaves withered (herbaceous and grasses)",2009,8,21,233,2455065,18,2009,8,21,233,2455065,NA
2394,45.425339,-93.186249,278,"MN",147,"Aquilegia","canadensis","red columbine","Plantae",3817,201,"Open flowers (1 location)",2009,5,26,146,2454978,7,2009,6,2,153,2454985,8
2394,45.425339,-93.186249,278,"MN",147,"Aquilegia","canadensis","red columbine","Plantae",3817,202,"Ripe fruits (1 location)",2009,7,7,188,2455020,21,2009,8,21,233,2455065,NA
2394,45.425339,-93.186249,278,"MN",147,"Aquilegia","canadensis","red columbine","Plantae",3817,482,"Initial growth (forbs)",2009,5,19,139,2454971,NA,2009,7,7,188,2455020,13
2394,45.425339,-93.186249,278,"MN",147,"Aquilegia","canadensis","red columbine","Plantae",3817,488,"Leaves (forbs)",2009,5,19,139,2454971,NA,2009,8,3,215,2455047,18
2394,45.425339,-93.186249,278,"MN",147,"Aquilegia","canadensis","red columbine","Plantae",3818,200,"All leaves withered (herbaceous and grasses)",2009,8,21,233,2455065,18,2009,8,21,233,2455065,NA
2394,45.425339,-93.186249,278,"MN",147,"Aquilegia","canadensis","red columbine","Plantae",3818,201,"Open flowers (1 location)",2009,5,19,139,2454971,4,2009,5,26,146,2454978,7
2394,45.425339,-93.186249,278,"MN",147,"Aquilegia","canadensis","red columbine","Plantae",3818,202,"Ripe fruits (1 location)",2009,7,7,188,2455020,21,2009,7,7,188,2455020,13
2394,45.425339,-93.186249,278,"MN",147,"Aquilegia","canadensis","red columbine","Plantae",3818,482,"Initial growth (forbs)",2009,5,15,135,2454967,NA,2009,6,16,167,2454999,21
2394,45.425339,-93.186249,278,"MN",147,"Aquilegia","canadensis","red columbine","Plantae",3818,488,"Leaves (forbs)",2009,5,15,135,2454967,NA,2009,8,3,215,2455047,18
2394,45.425339,-93.186249,278,"MN",147,"Aquilegia","canadensis","red columbine","Plantae",3900,200,"All leaves withered (herbaceous and grasses)",2009,8,31,243,2455075,10,2009,8,31,243,2455075,NA
2394,45.425339,-93.186249,278,"MN",147,"Aquilegia","canadensis","red columbine","Plantae",3900,201,"Open flowers (1 location)",2009,5,19,139,2454971,4,2009,6,2,153,2454985,8
2394,45.425339,-93.186249,278,"MN",147,"Aquilegia","canadensis","red columbine","Plantae",3900,202,"Ripe fruits (1 location)",2009,7,7,188,2455020,21,2009,8,31,243,2455075,NA
2394,45.425339,-93.186249,278,"MN",147,"Aquilegia","canadensis","red columbine","Plantae",3900,482,"Initial growth (forbs)",2009,5,15,135,2454967,NA,2009,6,16,167,2454999,21
2394,45.425339,-93.186249,278,"MN",147,"Aquilegia","canadensis","red columbine","Plantae",3900,488,"Leaves (forbs)",2009,5,15,135,2454967,NA,2009,8,21,233,2455065,10
1069,38.010864,-122.688927,151,"CA",147,"Aquilegia","canadensis","red columbine","Plantae",5640,482,"Initial growth (forbs)",2009,3,8,67,2454899,NA,2009,3,8,67,2454899,NA
1069,38.010864,-122.688927,151,"CA",147,"Aquilegia","canadensis","red columbine","Plantae",5640,488,"Leaves (forbs)",2009,3,8,67,2454899,NA,2009,3,8,67,2454899,NA
1559,39.289673,-123.373718,542,"CA",147,"Aquilegia","canadensis","red columbine","Plantae",2798,200,"All leaves withered (herbaceous and grasses)",2010,6,4,155,2455352,NA,2010,6,4,155,2455352,NA
1559,39.289673,-123.373718,542,"CA",147,"Aquilegia","canadensis","red columbine","Plantae",2798,482,"Initial growth (forbs)",2010,4,17,107,2455304,NA,2010,4,17,107,2455304,NA
1559,39.289673,-123.373718,542,"CA",147,"Aquilegia","canadensis","red columbine","Plantae",2798,488,"Leaves (forbs)",2010,4,17,107,2455304,NA,2010,6,4,155,2455352,NA
2394,45.425339,-93.186249,278,"MN",147,"Aquilegia","canadensis","red columbine","Plantae",3817,200,"All leaves withered (herbaceous and grasses)",2010,9,8,251,2455448,7,2010,9,8,251,2455448,NA
2394,45.425339,-93.186249,278,"MN",147,"Aquilegia","canadensis","red columbine","Plantae",3817,201,"Open flowers (1 location)",2010,5,26,146,2455343,7,2010,6,1,152,2455349,7
2394,45.425339,-93.186249,278,"MN",147,"Aquilegia","canadensis","red columbine","Plantae",3817,482,"Initial growth (forbs)",2010,4,5,95,2455292,5,2010,4,30,120,2455317,14
2394,45.425339,-93.186249,278,"MN",147,"Aquilegia","canadensis","red columbine","Plantae",3817,482,"Initial growth (forbs)",2010,5,26,146,2455343,7,2010,6,1,152,2455349,7
2394,45.425339,-93.186249,278,"MN",147,"Aquilegia","canadensis","red columbine","Plantae",3817,488,"Leaves (forbs)",2010,4,12,102,2455299,3,2010,9,1,244,2455441,7
2394,45.425339,-93.186249,278,"MN",147,"Aquilegia","canadensis","red columbine","Plantae",3818,200,"All leaves withered (herbaceous and grasses)",2010,9,8,251,2455448,7,2010,9,8,251,2455448,NA
2394,45.425339,-93.186249,278,"MN",147,"Aquilegia","canadensis","red columbine","Plantae",3818,201,"Open flowers (1 location)",2010,5,26,146,2455343,7,2010,6,1,152,2455349,7
2394,45.425339,-93.186249,278,"MN",147,"Aquilegia","canadensis","red columbine","Plantae",3818,202,"Ripe fruits (1 location)",2010,6,30,181,2455378,8,2010,8,12,224,2455421,6
2394,45.425339,-93.186249,278,"MN",147,"Aquilegia","canadensis","red columbine","Plantae",3818,482,"Initial growth (forbs)",2010,4,5,95,2455292,5,2010,5,14,134,2455331,5
2394,45.425339,-93.186249,278,"MN",147,"Aquilegia","canadensis","red columbine","Plantae",3818,488,"Leaves (forbs)",2010,4,5,95,2455292,5,2010,9,1,244,2455441,7
2394,45.425339,-93.186249,278,"MN",147,"Aquilegia","canadensis","red columbine","Plantae",3900,201,"Open flowers (1 location)",2010,5,26,146,2455343,7,2010,5,26,146,2455343,6
2394,45.425339,-93.186249,278,"MN",147,"Aquilegia","canadensis","red columbine","Plantae",3900,202,"Ripe fruits (1 location)",2010,6,30,181,2455378,8,2010,8,12,224,2455421,6
2394,45.425339,-93.186249,278,"MN",147,"Aquilegia","canadensis","red columbine","Plantae",3900,482,"Initial growth (forbs)",2010,4,5,95,2455292,5,2010,4,30,120,2455317,14
2394,45.425339,-93.186249,278,"MN",147,"Aquilegia","canadensis","red columbine","Plantae",3900,482,"Initial growth (forbs)",2010,5,19,139,2455336,5,2010,6,8,159,2455356,8
2394,45.425339,-93.186249,278,"MN",147,"Aquilegia","canadensis","red columbine","Plantae",3900,488,"Leaves (forbs)",2010,4,12,102,2455299,3,2010,8,18,230,2455427,7
2394,45.425339,-93.186249,278,"MN",147,"Aquilegia","canadensis","red columbine","Plantae",3900,488,"Leaves (forbs)",2010,10,15,288,2455485,51,2010,10,29,302,2455499,NA
1950,42.779064,-87.854195,218,"WI",147,"Aquilegia","canadensis","red columbine","Plantae",4133,482,"Initial growth (forbs)",2010,4,21,111,2455308,NA,2010,4,21,111,2455308,NA
1950,42.779064,-87.854195,218,"WI",147,"Aquilegia","canadensis","red columbine","Plantae",4133,488,"Leaves (forbs)",2010,4,21,111,2455308,NA,2010,4,21,111,2455308,NA
2674,45.076584,-93.194885,270,"MN",147,"Aquilegia","canadensis","red columbine","Plantae",6136,482,"Initial growth (forbs)",2010,4,23,113,2455310,NA,2010,4,23,113,2455310,NA
2674,45.076584,-93.194885,270,"MN",147,"Aquilegia","canadensis","red columbine","Plantae",6136,488,"Leaves (forbs)",2010,4,23,113,2455310,NA,2010,4,23,113,2455310,NA
2674,45.076584,-93.194885,270,"MN",147,"Aquilegia","canadensis","red columbine","Plantae",6137,482,"Initial growth (forbs)",2010,4,23,113,2455310,NA,2010,4,23,113,2455310,NA
2674,45.076584,-93.194885,270,"MN",147,"Aquilegia","canadensis","red columbine","Plantae",6137,488,"Leaves (forbs)",2010,4,23,113,2455310,NA,2010,4,23,113,2455310,NA
2674,45.076584,-93.194885,270,"MN",147,"Aquilegia","canadensis","red columbine","Plantae",6138,482,"Initial growth (forbs)",2010,4,23,113,2455310,NA,2010,4,23,113,2455310,NA
2674,45.076584,-93.194885,270,"MN",147,"Aquilegia","canadensis","red columbine","Plantae",6138,488,"Leaves (forbs)",2010,4,23,113,2455310,NA,2010,4,23,113,2455310,NA
6,43.040955,-76.212914,172,"NY",147,"Aquilegia","canadensis","red columbine","Plantae",6393,201,"Open flowers (1 location)",2010,5,20,140,2455337,4,2010,6,19,170,2455367,8
6,43.040955,-76.212914,172,"NY",147,"Aquilegia","canadensis","red columbine","Plantae",6393,202,"Ripe fruits (1 location)",2010,6,10,161,2455358,3,2010,6,10,161,2455358,5
6,43.040955,-76.212914,172,"NY",147,"Aquilegia","canadensis","red columbine","Plantae",6393,202,"Ripe fruits (1 location)",2010,7,15,196,2455393,18,2010,8,9,221,2455418,29
6,43.040955,-76.212914,172,"NY",147,"Aquilegia","canadensis","red columbine","Plantae",6393,488,"Leaves (forbs)",2010,5,16,136,2455333,NA,2010,7,15,196,2455393,15
6,43.040955,-76.212914,172,"NY",147,"Aquilegia","canadensis","red columbine","Plantae",6393,488,"Leaves (forbs)",2010,9,7,250,2455447,29,2010,9,7,250,2455447,NA
1559,39.289673,-123.373718,542,"CA",147,"Aquilegia","canadensis","red columbine","Plantae",2798,482,"Initial growth (forbs)",2011,2,16,47,2455609,NA,2011,2,16,47,2455609,NA
1559,39.289673,-123.373718,542,"CA",147,"Aquilegia","canadensis","red columbine","Plantae",2798,488,"Leaves (forbs)",2011,2,16,47,2455609,NA,2011,2,16,47,2455609,NA
2394,45.425339,-93.186249,278,"MN",147,"Aquilegia","canadensis","red columbine","Plantae",3817,390,"Ripe fruits",2011,7,11,192,2455754,6,2011,7,11,192,2455754,11
2394,45.425339,-93.186249,278,"MN",147,"Aquilegia","canadensis","red columbine","Plantae",3817,482,"Initial growth (forbs)",2011,4,25,115,2455677,3,2011,6,20,171,2455733,7
2394,45.425339,-93.186249,278,"MN",147,"Aquilegia","canadensis","red columbine","Plantae",3817,488,"Leaves (forbs)",2011,4,25,115,2455677,3,2011,9,13,256,2455818,3
2394,45.425339,-93.186249,278,"MN",147,"Aquilegia","canadensis","red columbine","Plantae",3817,500,"Flowers or flower buds",2011,6,6,157,2455719,6,2011,6,6,157,2455719,7
2394,45.425339,-93.186249,278,"MN",147,"Aquilegia","canadensis","red columbine","Plantae",3817,501,"Open flowers",2011,6,6,157,2455719,6,2011,6,6,157,2455719,7
2394,45.425339,-93.186249,278,"MN",147,"Aquilegia","canadensis","red columbine","Plantae",3817,504,"Recent fruit or seed drop",2011,7,22,203,2455765,11,2011,7,22,203,2455765,5
2394,45.425339,-93.186249,278,"MN",147,"Aquilegia","canadensis","red columbine","Plantae",3817,516,"Fruits",2011,6,13,164,2455726,7,2011,7,11,192,2455754,11
2394,45.425339,-93.186249,278,"MN",147,"Aquilegia","canadensis","red columbine","Plantae",3818,390,"Ripe fruits",2011,7,11,192,2455754,6,2011,7,11,192,2455754,11
2394,45.425339,-93.186249,278,"MN",147,"Aquilegia","canadensis","red columbine","Plantae",3818,482,"Initial growth (forbs)",2011,5,6,126,2455688,3,2011,5,31,151,2455713,6
2394,45.425339,-93.186249,278,"MN",147,"Aquilegia","canadensis","red columbine","Plantae",3818,488,"Leaves (forbs)",2011,5,6,126,2455688,3,2011,9,13,256,2455818,3
2394,45.425339,-93.186249,278,"MN",147,"Aquilegia","canadensis","red columbine","Plantae",3818,500,"Flowers or flower buds",2011,5,24,144,2455706,4,2011,6,6,157,2455719,7
2394,45.425339,-93.186249,278,"MN",147,"Aquilegia","canadensis","red columbine","Plantae",3818,501,"Open flowers",2011,5,31,151,2455713,5,2011,6,6,157,2455719,7
2394,45.425339,-93.186249,278,"MN",147,"Aquilegia","canadensis","red columbine","Plantae",3818,504,"Recent fruit or seed drop",2011,7,22,203,2455765,11,2011,7,22,203,2455765,5
2394,45.425339,-93.186249,278,"MN",147,"Aquilegia","canadensis","red columbine","Plantae",3818,516,"Fruits",2011,6,13,164,2455726,7,2011,7,11,192,2455754,11
2394,45.425339,-93.186249,278,"MN",147,"Aquilegia","canadensis","red columbine","Plantae",3900,390,"Ripe fruits",2011,7,5,186,2455748,8,2011,7,11,192,2455754,11
2394,45.425339,-93.186249,278,"MN",147,"Aquilegia","canadensis","red columbine","Plantae",3900,482,"Initial growth (forbs)",2011,4,25,115,2455677,3,2011,5,31,151,2455713,6
2394,45.425339,-93.186249,278,"MN",147,"Aquilegia","canadensis","red columbine","Plantae",3900,488,"Leaves (forbs)",2011,4,29,119,2455681,4,2011,7,11,192,2455754,11
2394,45.425339,-93.186249,278,"MN",147,"Aquilegia","canadensis","red columbine","Plantae",3900,500,"Flowers or flower buds",2011,5,16,136,2455698,6,2011,6,6,157,2455719,7
2394,45.425339,-93.186249,278,"MN",147,"Aquilegia","canadensis","red columbine","Plantae",3900,501,"Open flowers",2011,5,31,151,2455713,5,2011,6,6,157,2455719,7
2394,45.425339,-93.186249,278,"MN",147,"Aquilegia","canadensis","red columbine","Plantae",3900,504,"Recent fruit or seed drop",2011,7,5,186,2455748,8,2011,7,11,192,2455754,11
2394,45.425339,-93.186249,278,"MN",147,"Aquilegia","canadensis","red columbine","Plantae",3900,516,"Fruits",2011,6,6,157,2455719,6,2011,7,11,192,2455754,11
2099,58.402012,-134.588974,18,"AK",147,"Aquilegia","canadensis","red columbine","Plantae",4262,482,"Initial growth (forbs)",2011,4,24,114,2455676,NA,2011,4,24,114,2455676,NA
6,43.040955,-76.212914,172,"NY",147,"Aquilegia","canadensis","red columbine","Plantae",6393,488,"Leaves (forbs)",2011,4,25,115,2455677,NA,2011,6,19,170,2455732,NA
6,43.040955,-76.212914,172,"NY",147,"Aquilegia","canadensis","red columbine","Plantae",6393,500,"Flowers or flower buds",2011,5,22,142,2455704,4,2011,6,19,170,2455732,NA
6,43.040955,-76.212914,172,"NY",147,"Aquilegia","canadensis","red columbine","Plantae",6393,501,"Open flowers",2011,5,22,142,2455704,4,2011,6,19,170,2455732,NA
6,43.040955,-76.212914,172,"NY",147,"Aquilegia","canadensis","red columbine","Plantae",6393,516,"Fruits",2011,6,19,170,2455732,20,2011,6,19,170,2455732,NA
5266,40.802853,-76.032104,318,"PA",147,"Aquilegia","canadensis","red columbine","Plantae",10582,390,"Ripe fruits",2011,6,4,155,2455717,7,2011,6,9,160,2455722,NA
5266,40.802853,-76.032104,318,"PA",147,"Aquilegia","canadensis","red columbine","Plantae",10582,482,"Initial growth (forbs)",2011,4,26,116,2455678,4,2011,5,12,132,2455694,3
5266,40.802853,-76.032104,318,"PA",147,"Aquilegia","canadensis","red columbine","Plantae",10582,488,"Leaves (forbs)",2011,4,26,116,2455678,4,2011,6,4,155,2455717,5
5266,40.802853,-76.032104,318,"PA",147,"Aquilegia","canadensis","red columbine","Plantae",10582,500,"Flowers or flower buds",2011,5,8,128,2455690,3,2011,6,4,155,2455717,5
5266,40.802853,-76.032104,318,"PA",147,"Aquilegia","canadensis","red columbine","Plantae",10582,501,"Open flowers",2011,5,12,132,2455694,4,2011,6,4,155,2455717,5
5266,40.802853,-76.032104,318,"PA",147,"Aquilegia","canadensis","red columbine","Plantae",10582,504,"Recent fruit or seed drop",2011,6,9,160,2455722,5,2011,6,9,160,2455722,NA
5266,40.802853,-76.032104,318,"PA",147,"Aquilegia","canadensis","red columbine","Plantae",10582,516,"Fruits",2011,6,4,155,2455717,7,2011,6,9,160,2455722,NA
2394,45.425339,-93.186249,278,"MN",147,"Aquilegia","canadensis","red columbine","Plantae",3817,482,"Initial growth (forbs)",2012,4,5,96,2456023,9,2012,5,8,129,2456056,8
2394,45.425339,-93.186249,278,"MN",147,"Aquilegia","canadensis","red columbine","Plantae",3817,488,"Leaves (forbs)",2012,4,5,96,2456023,9,2012,8,21,234,2456161,15
2394,45.425339,-93.186249,278,"MN",147,"Aquilegia","canadensis","red columbine","Plantae",3818,482,"Initial growth (forbs)",2012,3,22,82,2456009,7,2012,5,16,137,2456064,10
2394,45.425339,-93.186249,278,"MN",147,"Aquilegia","canadensis","red columbine","Plantae",3818,488,"Leaves (forbs)",2012,3,22,82,2456009,7,2012,10,8,282,2456209,NA
2394,45.425339,-93.186249,278,"MN",147,"Aquilegia","canadensis","red columbine","Plantae",3900,482,"Initial growth (forbs)",2012,3,27,87,2456014,5,2012,6,19,171,2456098,17
2394,45.425339,-93.186249,278,"MN",147,"Aquilegia","canadensis","red columbine","Plantae",3900,488,"Leaves (forbs)",2012,3,27,87,2456014,5,2012,8,21,234,2456161,15
2099,58.402012,-134.588974,18,"AK",147,"Aquilegia","canadensis","red columbine","Plantae",4262,390,"Ripe fruits",2012,9,3,247,2456174,77,2012,9,3,247,2456174,NA
2099,58.402012,-134.588974,18,"AK",147,"Aquilegia","canadensis","red columbine","Plantae",4262,504,"Recent fruit or seed drop",2012,9,3,247,2456174,77,2012,9,3,247,2456174,NA
5266,40.802853,-76.032104,318,"PA",147,"Aquilegia","canadensis","red columbine","Plantae",10582,482,"Initial growth (forbs)",2012,4,2,93,2456020,7,2012,4,2,93,2456020,7
5266,40.802853,-76.032104,318,"PA",147,"Aquilegia","canadensis","red columbine","Plantae",10582,488,"Leaves (forbs)",2012,4,2,93,2456020,7,2012,4,15,106,2456033,NA
5266,40.802853,-76.032104,318,"PA",147,"Aquilegia","canadensis","red columbine","Plantae",10582,500,"Flowers or flower buds",2012,4,15,106,2456033,6,2012,4,15,106,2456033,NA
6242,43.348259,-70.546036,5,"ME",147,"Aquilegia","canadensis","red columbine","Plantae",16523,390,"Ripe fruits",2012,6,25,177,2456104,4,2012,7,9,191,2456118,3
6242,43.348259,-70.546036,5,"ME",147,"Aquilegia","canadensis","red columbine","Plantae",16523,390,"Ripe fruits",2012,7,16,198,2456125,4,2012,7,23,205,2456132,4
6242,43.348259,-70.546036,5,"ME",147,"Aquilegia","canadensis","red columbine","Plantae",16523,390,"Ripe fruits",2012,7,30,212,2456139,3,2012,8,2,215,2456142,4
6242,43.348259,-70.546036,5,"ME",147,"Aquilegia","canadensis","red columbine","Plantae",16523,488,"Leaves (forbs)",2012,5,31,152,2456079,NA,2012,10,9,283,2456210,2
6242,43.348259,-70.546036,5,"ME",147,"Aquilegia","canadensis","red columbine","Plantae",16523,500,"Flowers or flower buds",2012,5,31,152,2456079,NA,2012,6,12,164,2456091,2
6242,43.348259,-70.546036,5,"ME",147,"Aquilegia","canadensis","red columbine","Plantae",16523,500,"Flowers or flower buds",2012,6,18,170,2456097,4,2012,6,18,170,2456097,3
6242,43.348259,-70.546036,5,"ME",147,"Aquilegia","canadensis","red columbine","Plantae",16523,501,"Open flowers",2012,5,31,152,2456079,NA,2012,6,12,164,2456091,2
6242,43.348259,-70.546036,5,"ME",147,"Aquilegia","canadensis","red columbine","Plantae",16523,504,"Recent fruit or seed drop",2012,6,25,177,2456104,4,2012,7,16,198,2456125,7
6242,43.348259,-70.546036,5,"ME",147,"Aquilegia","canadensis","red columbine","Plantae",16523,504,"Recent fruit or seed drop",2012,7,30,212,2456139,3,2012,8,2,215,2456142,4
6242,43.348259,-70.546036,5,"ME",147,"Aquilegia","canadensis","red columbine","Plantae",16523,516,"Fruits",2012,6,7,159,2456086,3,2012,7,9,191,2456118,3
6242,43.348259,-70.546036,5,"ME",147,"Aquilegia","canadensis","red columbine","Plantae",16523,516,"Fruits",2012,7,16,198,2456125,4,2012,7,23,205,2456132,4
6242,43.348259,-70.546036,5,"ME",147,"Aquilegia","canadensis","red columbine","Plantae",16523,516,"Fruits",2012,7,30,212,2456139,3,2012,8,2,215,2456142,4
1029,42.457664,-82.964958,188,"MI",147,"Aquilegia","canadensis","red columbine","Plantae",21167,482,"Initial growth (forbs)",2012,3,14,74,2456001,NA,2012,3,17,77,2456004,NA
1029,42.457664,-82.964958,188,"MI",147,"Aquilegia","canadensis","red columbine","Plantae",21167,488,"Leaves (forbs)",2012,3,14,74,2456001,NA,2012,3,17,77,2456004,NA
6600,43.072197,-87.895683,200,"WI",147,"Aquilegia","canadensis","red columbine","Plantae",21203,482,"Initial growth (forbs)",2012,3,14,74,2456001,NA,2012,4,8,99,2456026,NA
6600,43.072197,-87.895683,200,"WI",147,"Aquilegia","canadensis","red columbine","Plantae",21203,488,"Leaves (forbs)",2012,3,14,74,2456001,NA,2012,4,18,109,2456036,NA
6600,43.072197,-87.895683,200,"WI",147,"Aquilegia","canadensis","red columbine","Plantae",21203,500,"Flowers or flower buds",2012,4,8,99,2456026,4,2012,4,18,109,2456036,NA
8276,35.814579,-78.788826,138,"NC",147,"Aquilegia","canadensis","red columbine","Plantae",23822,390,"Ripe fruits",2012,5,8,129,2456056,33,2012,5,8,129,2456056,NA
8276,35.814579,-78.788826,138,"NC",147,"Aquilegia","canadensis","red columbine","Plantae",23822,500,"Flowers or flower buds",2012,4,4,95,2456022,NA,2012,5,8,129,2456056,NA
8276,35.814579,-78.788826,138,"NC",147,"Aquilegia","canadensis","red columbine","Plantae",23822,501,"Open flowers",2012,4,4,95,2456022,NA,2012,5,8,129,2456056,NA
8276,35.814579,-78.788826,138,"NC",147,"Aquilegia","canadensis","red columbine","Plantae",23822,504,"Recent fruit or seed drop",2012,5,8,129,2456056,33,2012,5,8,129,2456056,NA
8276,35.814579,-78.788826,138,"NC",147,"Aquilegia","canadensis","red columbine","Plantae",23822,516,"Fruits",2012,4,5,96,2456023,1,2012,5,8,129,2456056,NA
8462,43.090698,-89.843498,298,"WI",147,"Aquilegia","canadensis","red columbine","Plantae",25671,482,"Initial growth (forbs)",2012,4,19,110,2456037,NA,2012,5,13,134,2456061,NA
8462,43.090698,-89.843498,298,"WI",147,"Aquilegia","canadensis","red columbine","Plantae",25671,488,"Leaves (forbs)",2012,4,19,110,2456037,NA,2012,5,13,134,2456061,NA
8462,43.090698,-89.843498,298,"WI",147,"Aquilegia","canadensis","red columbine","Plantae",25671,500,"Flowers or flower buds",2012,4,19,110,2456037,NA,2012,5,13,134,2456061,NA
8462,43.090698,-89.843498,298,"WI",147,"Aquilegia","canadensis","red columbine","Plantae",25671,501,"Open flowers",2012,4,19,110,2456037,NA,2012,5,13,134,2456061,NA
8462,43.090698,-89.843498,298,"WI",147,"Aquilegia","canadensis","red columbine","Plantae",25671,516,"Fruits",2012,5,13,134,2456061,24,2012,5,13,134,2456061,NA
8462,43.090698,-89.843498,298,"WI",147,"Aquilegia","canadensis","red columbine","Plantae",25672,482,"Initial growth (forbs)",2012,4,19,110,2456037,NA,2012,5,13,134,2456061,NA
8462,43.090698,-89.843498,298,"WI",147,"Aquilegia","canadensis","red columbine","Plantae",25672,488,"Leaves (forbs)",2012,4,19,110,2456037,NA,2012,5,13,134,2456061,NA
8462,43.090698,-89.843498,298,"WI",147,"Aquilegia","canadensis","red columbine","Plantae",25672,500,"Flowers or flower buds",2012,4,19,110,2456037,NA,2012,5,13,134,2456061,NA
8462,43.090698,-89.843498,298,"WI",147,"Aquilegia","canadensis","red columbine","Plantae",25672,501,"Open flowers",2012,5,13,134,2456061,24,2012,5,13,134,2456061,NA
8462,43.090698,-89.843498,298,"WI",147,"Aquilegia","canadensis","red columbine","Plantae",25672,516,"Fruits",2012,5,13,134,2456061,24,2012,5,13,134,2456061,NA
6242,43.348259,-70.546036,5,"ME",147,"Aquilegia","canadensis","red columbine","Plantae",28506,390,"Ripe fruits",2012,6,28,180,2456107,3,2012,7,9,191,2456118,3
6242,43.348259,-70.546036,5,"ME",147,"Aquilegia","canadensis","red columbine","Plantae",28506,390,"Ripe fruits",2012,7,16,198,2456125,4,2012,8,20,233,2456160,3
6242,43.348259,-70.546036,5,"ME",147,"Aquilegia","canadensis","red columbine","Plantae",28506,488,"Leaves (forbs)",2012,6,4,156,2456083,NA,2012,10,1,275,2456202,3
6242,43.348259,-70.546036,5,"ME",147,"Aquilegia","canadensis","red columbine","Plantae",28506,500,"Flowers or flower buds",2012,6,7,159,2456086,3,2012,6,18,170,2456097,3
6242,43.348259,-70.546036,5,"ME",147,"Aquilegia","canadensis","red columbine","Plantae",28506,501,"Open flowers",2012,6,14,166,2456093,2,2012,6,18,170,2456097,3
6242,43.348259,-70.546036,5,"ME",147,"Aquilegia","canadensis","red columbine","Plantae",28506,504,"Recent fruit or seed drop",2012,6,28,180,2456107,3,2012,8,6,219,2456146,3
6242,43.348259,-70.546036,5,"ME",147,"Aquilegia","canadensis","red columbine","Plantae",28506,504,"Recent fruit or seed drop",2012,8,13,226,2456153,4,2012,8,13,226,2456153,3
6242,43.348259,-70.546036,5,"ME",147,"Aquilegia","canadensis","red columbine","Plantae",28506,504,"Recent fruit or seed drop",2012,8,23,236,2456163,3,2012,8,23,236,2456163,4
6242,43.348259,-70.546036,5,"ME",147,"Aquilegia","canadensis","red columbine","Plantae",28506,516,"Fruits",2012,6,4,156,2456083,NA,2012,6,7,159,2456086,5
6242,43.348259,-70.546036,5,"ME",147,"Aquilegia","canadensis","red columbine","Plantae",28506,516,"Fruits",2012,6,14,166,2456093,2,2012,7,9,191,2456118,3
6242,43.348259,-70.546036,5,"ME",147,"Aquilegia","canadensis","red columbine","Plantae",28506,516,"Fruits",2012,7,16,198,2456125,4,2012,8,20,233,2456160,3
6242,43.348259,-70.546036,5,"ME",147,"Aquilegia","canadensis","red columbine","Plantae",28507,482,"Initial growth (forbs)",2012,7,16,198,2456125,4,2012,7,16,198,2456125,7
6242,43.348259,-70.546036,5,"ME",147,"Aquilegia","canadensis","red columbine","Plantae",28507,488,"Leaves (forbs)",2012,6,4,156,2456083,NA,2012,10,11,285,2456212,NA
6242,43.348259,-70.546036,5,"ME",147,"Aquilegia","canadensis","red columbine","Plantae",28507,500,"Flowers or flower buds",2012,6,4,156,2456083,NA,2012,6,4,156,2456083,3
36439,39.026203,-76.79895,47,"MD",147,"Aquilegia","canadensis","red columbine","Plantae",224421,390,"Ripe fruits",2012,4,26,117,2456044,NA,2012,5,18,139,2456066,NA
36439,39.026203,-76.79895,47,"MD",147,"Aquilegia","canadensis","red columbine","Plantae",224421,500,"Flowers or flower buds",2012,3,27,87,2456014,NA,2012,4,4,95,2456022,NA
36439,39.026203,-76.79895,47,"MD",147,"Aquilegia","canadensis","red columbine","Plantae",224421,501,"Open flowers",2012,3,27,87,2456014,NA,2012,4,4,95,2456022,NA
36439,39.026203,-76.79895,47,"MD",147,"Aquilegia","canadensis","red columbine","Plantae",224421,516,"Fruits",2012,4,26,117,2456044,NA,2012,5,18,139,2456066,NA
2394,45.425339,-93.186249,278,"MN",147,"Aquilegia","canadensis","red columbine","Plantae",3817,482,"Initial growth (forbs)",2013,5,16,136,2456429,11,2013,5,24,144,2456437,5
2394,45.425339,-93.186249,278,"MN",147,"Aquilegia","canadensis","red columbine","Plantae",3817,488,"Leaves (forbs)",2013,5,16,136,2456429,11,2013,8,7,219,2456512,13
2394,45.425339,-93.186249,278,"MN",147,"Aquilegia","canadensis","red columbine","Plantae",3817,500,"Flowers or flower buds",2013,6,20,171,2456464,9,2013,6,20,171,2456464,8
2394,45.425339,-93.186249,278,"MN",147,"Aquilegia","canadensis","red columbine","Plantae",3818,482,"Initial growth (forbs)",2013,5,16,136,2456429,11,2013,6,7,158,2456451,4
2394,45.425339,-93.186249,278,"MN",147,"Aquilegia","canadensis","red columbine","Plantae",3818,488,"Leaves (forbs)",2013,5,16,136,2456429,11,2013,11,5,309,2456602,7
2394,45.425339,-93.186249,278,"MN",147,"Aquilegia","canadensis","red columbine","Plantae",3900,482,"Initial growth (forbs)",2013,5,16,136,2456429,11,2013,6,7,158,2456451,4
2394,45.425339,-93.186249,278,"MN",147,"Aquilegia","canadensis","red columbine","Plantae",3900,488,"Leaves (forbs)",2013,5,16,136,2456429,11,2013,8,7,219,2456512,13
2099,58.402012,-134.588974,18,"AK",147,"Aquilegia","canadensis","red columbine","Plantae",4262,390,"Ripe fruits",2013,8,19,231,2456524,66,2013,8,19,231,2456524,NA
2099,58.402012,-134.588974,18,"AK",147,"Aquilegia","canadensis","red columbine","Plantae",4262,482,"Initial growth (forbs)",2013,5,14,134,2456427,27,2013,5,14,134,2456427,NA
2099,58.402012,-134.588974,18,"AK",147,"Aquilegia","canadensis","red columbine","Plantae",4262,488,"Leaves (forbs)",2013,5,14,134,2456427,27,2013,5,14,134,2456427,NA
2099,58.402012,-134.588974,18,"AK",147,"Aquilegia","canadensis","red columbine","Plantae",4262,501,"Open flowers",2013,6,14,165,2456458,31,2013,6,14,165,2456458,NA
2099,58.402012,-134.588974,18,"AK",147,"Aquilegia","canadensis","red columbine","Plantae",4262,504,"Recent fruit or seed drop",2013,8,19,231,2456524,66,2013,8,19,231,2456524,NA
6242,43.348259,-70.546036,5,"ME",147,"Aquilegia","canadensis","red columbine","Plantae",16523,390,"Ripe fruits",2013,7,5,186,2456479,4,2013,8,27,239,2456532,3
6242,43.348259,-70.546036,5,"ME",147,"Aquilegia","canadensis","red columbine","Plantae",16523,390,"Ripe fruits",2013,9,4,247,2456540,5,2013,9,27,270,2456563,NA
6242,43.348259,-70.546036,5,"ME",147,"Aquilegia","canadensis","red columbine","Plantae",16523,482,"Initial growth (forbs)",2013,4,1,91,2456384,NA,2013,4,5,95,2456388,4
6242,43.348259,-70.546036,5,"ME",147,"Aquilegia","canadensis","red columbine","Plantae",16523,482,"Initial growth (forbs)",2013,4,24,114,2456407,5,2013,4,24,114,2456407,6
6242,43.348259,-70.546036,5,"ME",147,"Aquilegia","canadensis","red columbine","Plantae",16523,488,"Leaves (forbs)",2013,4,30,120,2456413,6,2013,9,27,270,2456563,NA
6242,43.348259,-70.546036,5,"ME",147,"Aquilegia","canadensis","red columbine","Plantae",16523,500,"Flowers or flower buds",2013,5,17,137,2456430,3,2013,6,7,158,2456451,3
6242,43.348259,-70.546036,5,"ME",147,"Aquilegia","canadensis","red columbine","Plantae",16523,500,"Flowers or flower buds",2013,6,13,164,2456457,3,2013,7,1,182,2456475,4
6242,43.348259,-70.546036,5,"ME",147,"Aquilegia","canadensis","red columbine","Plantae",16523,501,"Open flowers",2013,6,4,155,2456448,4,2013,6,7,158,2456451,3
6242,43.348259,-70.546036,5,"ME",147,"Aquilegia","canadensis","red columbine","Plantae",16523,501,"Open flowers",2013,6,13,164,2456457,3,2013,6,25,176,2456469,3
6242,43.348259,-70.546036,5,"ME",147,"Aquilegia","canadensis","red columbine","Plantae",16523,501,"Open flowers",2013,7,1,182,2456475,3,2013,7,1,182,2456475,4
6242,43.348259,-70.546036,5,"ME",147,"Aquilegia","canadensis","red columbine","Plantae",16523,504,"Recent fruit or seed drop",2013,7,12,193,2456486,3,2013,8,6,218,2456511,3
6242,43.348259,-70.546036,5,"ME",147,"Aquilegia","canadensis","red columbine","Plantae",16523,504,"Recent fruit or seed drop",2013,8,20,232,2456525,8,2013,8,23,235,2456528,4
6242,43.348259,-70.546036,5,"ME",147,"Aquilegia","canadensis","red columbine","Plantae",16523,504,"Recent fruit or seed drop",2013,9,24,267,2456560,4,2013,9,27,270,2456563,NA
6242,43.348259,-70.546036,5,"ME",147,"Aquilegia","canadensis","red columbine","Plantae",16523,516,"Fruits",2013,6,18,169,2456462,5,2013,9,27,270,2456563,NA
6600,43.072197,-87.895683,200,"WI",147,"Aquilegia","canadensis","red columbine","Plantae",21203,488,"Leaves (forbs)",2013,4,30,120,2456413,NA,2013,4,30,120,2456413,NA
6600,43.072197,-87.895683,200,"WI",147,"Aquilegia","canadensis","red columbine","Plantae",21203,500,"Flowers or flower buds",2013,5,19,139,2456432,NA,2013,5,19,139,2456432,NA
6600,43.072197,-87.895683,200,"WI",147,"Aquilegia","canadensis","red columbine","Plantae",21203,501,"Open flowers",2013,5,19,139,2456432,NA,2013,5,19,139,2456432,NA
6242,43.348259,-70.546036,5,"ME",147,"Aquilegia","canadensis","red columbine","Plantae",28506,390,"Ripe fruits",2013,7,9,190,2456483,4,2013,8,20,232,2456525,3
6242,43.348259,-70.546036,5,"ME",147,"Aquilegia","canadensis","red columbine","Plantae",28506,482,"Initial growth (forbs)",2013,4,19,109,2456402,3,2013,4,24,114,2456407,6
6242,43.348259,-70.546036,5,"ME",147,"Aquilegia","canadensis","red columbine","Plantae",28506,482,"Initial growth (forbs)",2013,5,7,127,2456420,4,2013,5,14,134,2456427,3
6242,43.348259,-70.546036,5,"ME",147,"Aquilegia","canadensis","red columbine","Plantae",28506,488,"Leaves (forbs)",2013,4,30,120,2456413,6,2013,5,3,123,2456416,4
6242,43.348259,-70.546036,5,"ME",147,"Aquilegia","canadensis","red columbine","Plantae",28506,488,"Leaves (forbs)",2013,5,14,134,2456427,7,2013,9,27,270,2456563,NA
6242,43.348259,-70.546036,5,"ME",147,"Aquilegia","canadensis","red columbine","Plantae",28506,500,"Flowers or flower buds",2013,5,17,137,2456430,3,2013,6,21,172,2456465,4
6242,43.348259,-70.546036,5,"ME",147,"Aquilegia","canadensis","red columbine","Plantae",28506,501,"Open flowers",2013,5,31,151,2456444,2,2013,5,31,151,2456444,4
6242,43.348259,-70.546036,5,"ME",147,"Aquilegia","canadensis","red columbine","Plantae",28506,501,"Open flowers",2013,6,13,164,2456457,3,2013,6,21,172,2456465,4
6242,43.348259,-70.546036,5,"ME",147,"Aquilegia","canadensis","red columbine","Plantae",28506,504,"Recent fruit or seed drop",2013,7,12,193,2456486,3,2013,7,19,200,2456493,4
6242,43.348259,-70.546036,5,"ME",147,"Aquilegia","canadensis","red columbine","Plantae",28506,504,"Recent fruit or seed drop",2013,7,26,207,2456500,3,2013,7,30,211,2456504,3
6242,43.348259,-70.546036,5,"ME",147,"Aquilegia","canadensis","red columbine","Plantae",28506,504,"Recent fruit or seed drop",2013,8,6,218,2456511,4,2013,8,12,224,2456517,8
6242,43.348259,-70.546036,5,"ME",147,"Aquilegia","canadensis","red columbine","Plantae",28506,516,"Fruits",2013,6,13,164,2456457,3,2013,8,20,232,2456525,3
6242,43.348259,-70.546036,5,"ME",147,"Aquilegia","canadensis","red columbine","Plantae",28507,482,"Initial growth (forbs)",2013,4,24,114,2456407,5,2013,5,3,123,2456416,4
6242,43.348259,-70.546036,5,"ME",147,"Aquilegia","canadensis","red columbine","Plantae",28507,488,"Leaves (forbs)",2013,5,3,123,2456416,3,2013,9,27,270,2456563,NA
9513,36.127724,-86.808548,166,"TN",147,"Aquilegia","canadensis","red columbine","Plantae",35188,501,"Open flowers",2013,4,9,99,2456392,NA,2013,4,9,99,2456392,NA
9813,29.765047,-95.452187,18,"TX",784,"Aesculus","pavia","red buckeye","Plantae",37202,371,"Breaking leaf buds",2013,3,30,89,2456382,34,2013,3,30,89,2456382,36
9813,29.765047,-95.452187,18,"TX",784,"Aesculus","pavia","red buckeye","Plantae",37202,467,"Increasing leaf size",2013,2,24,55,2456348,NA,2013,5,19,139,2456432,13
9813,29.765047,-95.452187,18,"TX",784,"Aesculus","pavia","red buckeye","Plantae",37202,471,"Falling leaves",2013,7,14,195,2456488,15,2013,9,14,257,2456550,NA
9813,29.765047,-95.452187,18,"TX",784,"Aesculus","pavia","red buckeye","Plantae",37202,483,"Leaves",2013,2,24,55,2456348,NA,2013,9,14,257,2456550,NA
9813,29.765047,-95.452187,18,"TX",784,"Aesculus","pavia","red buckeye","Plantae",37202,500,"Flowers or flower buds",2013,2,24,55,2456348,NA,2013,3,30,89,2456382,36
9813,29.765047,-95.452187,18,"TX",784,"Aesculus","pavia","red buckeye","Plantae",37202,501,"Open flowers",2013,2,24,55,2456348,NA,2013,3,30,89,2456382,36
9851,29.766973,-95.452667,18,"TX",784,"Aesculus","pavia","red buckeye","Plantae",37313,371,"Breaking leaf buds",2013,3,17,76,2456369,NA,2013,3,17,76,2456369,NA
5174,37.538078,-77.554939,75,"VA",784,"Aesculus","pavia","red buckeye","Plantae",38263,483,"Leaves",2013,5,21,141,2456434,69,2013,5,21,141,2456434,NA
5174,37.538078,-77.554939,75,"VA",784,"Aesculus","pavia","red buckeye","Plantae",38263,500,"Flowers or flower buds",2013,3,13,72,2456365,2,2013,3,13,72,2456365,69
5174,37.538078,-77.554939,75,"VA",784,"Aesculus","pavia","red buckeye","Plantae",38263,516,"Fruits",2013,5,21,141,2456434,69,2013,5,21,141,2456434,NA
10779,41.662807,-86.211967,213,"IN",147,"Aquilegia","canadensis","red columbine","Plantae",42763,482,"Initial growth (forbs)",2013,4,20,110,2456403,NA,2013,6,2,153,2456446,NA
10779,41.662807,-86.211967,213,"IN",147,"Aquilegia","canadensis","red columbine","Plantae",42763,488,"Leaves (forbs)",2013,4,20,110,2456403,NA,2013,6,2,153,2456446,NA
10779,41.662807,-86.211967,213,"IN",147,"Aquilegia","canadensis","red columbine","Plantae",42763,500,"Flowers or flower buds",2013,5,4,124,2456417,7,2013,6,2,153,2456446,NA
10779,41.662807,-86.211967,213,"IN",147,"Aquilegia","canadensis","red columbine","Plantae",42763,501,"Open flowers",2013,5,9,129,2456422,5,2013,6,2,153,2456446,NA
10779,41.662807,-86.211967,213,"IN",147,"Aquilegia","canadensis","red columbine","Plantae",42763,516,"Fruits",2013,5,23,143,2456436,14,2013,6,2,153,2456446,NA
10936,38.802597,-76.691757,22,"MD",147,"Aquilegia","canadensis","red columbine","Plantae",43621,390,"Ripe fruits",2013,5,29,149,2456442,7,2013,6,6,157,2456450,4
10936,38.802597,-76.691757,22,"MD",147,"Aquilegia","canadensis","red columbine","Plantae",43621,488,"Leaves (forbs)",2013,5,22,142,2456435,NA,2013,9,19,262,2456555,NA
10936,38.802597,-76.691757,22,"MD",147,"Aquilegia","canadensis","red columbine","Plantae",43621,500,"Flowers or flower buds",2013,5,22,142,2456435,NA,2013,5,22,142,2456435,7
10936,38.802597,-76.691757,22,"MD",147,"Aquilegia","canadensis","red columbine","Plantae",43621,501,"Open flowers",2013,5,22,142,2456435,NA,2013,5,22,142,2456435,7
10936,38.802597,-76.691757,22,"MD",147,"Aquilegia","canadensis","red columbine","Plantae",43621,504,"Recent fruit or seed drop",2013,5,29,149,2456442,7,2013,6,21,172,2456465,7
10936,38.802597,-76.691757,22,"MD",147,"Aquilegia","canadensis","red columbine","Plantae",43621,516,"Fruits",2013,5,22,142,2456435,NA,2013,6,4,155,2456448,2
10585,41.433689,-81.693153,219,"OH",147,"Aquilegia","canadensis","red columbine","Plantae",45124,390,"Ripe fruits",2013,6,13,164,2456457,31,2013,6,13,164,2456457,14
10585,41.433689,-81.693153,219,"OH",147,"Aquilegia","canadensis","red columbine","Plantae",45124,488,"Leaves (forbs)",2013,5,2,122,2456415,14,2013,6,13,164,2456457,NA
10585,41.433689,-81.693153,219,"OH",147,"Aquilegia","canadensis","red columbine","Plantae",45124,500,"Flowers or flower buds",2013,5,2,122,2456415,14,2013,5,13,133,2456426,31
10585,41.433689,-81.693153,219,"OH",147,"Aquilegia","canadensis","red columbine","Plantae",45124,501,"Open flowers",2013,5,9,129,2456422,7,2013,6,13,164,2456457,NA
10585,41.433689,-81.693153,219,"OH",147,"Aquilegia","canadensis","red columbine","Plantae",45124,504,"Recent fruit or seed drop",2013,6,13,164,2456457,31,2013,6,13,164,2456457,14
10585,41.433689,-81.693153,219,"OH",147,"Aquilegia","canadensis","red columbine","Plantae",45124,516,"Fruits",2013,6,13,164,2456457,31,2013,6,13,164,2456457,14
10585,41.433689,-81.693153,219,"OH",147,"Aquilegia","canadensis","red columbine","Plantae",45124,516,"Fruits",2013,7,1,182,2456475,4,2013,7,1,182,2456475,NA
9483,35.57608,-82.496262,627,"NC",147,"Aquilegia","canadensis","red columbine","Plantae",46109,482,"Initial growth (forbs)",2013,7,26,207,2456500,28,2013,7,26,207,2456500,NA
9483,35.57608,-82.496262,627,"NC",147,"Aquilegia","canadensis","red columbine","Plantae",46109,488,"Leaves (forbs)",2013,6,28,179,2456472,NA,2013,7,26,207,2456500,NA
9483,35.57608,-82.496262,627,"NC",147,"Aquilegia","canadensis","red columbine","Plantae",46109,500,"Flowers or flower buds",2013,6,28,179,2456472,NA,2013,6,28,179,2456472,28
9483,35.57608,-82.496262,627,"NC",147,"Aquilegia","canadensis","red columbine","Plantae",46109,501,"Open flowers",2013,7,26,207,2456500,28,2013,7,26,207,2456500,NA
9368,43.373749,-73.782425,243,"NY",147,"Aquilegia","canadensis","red columbine","Plantae",46188,488,"Leaves (forbs)",2013,5,30,150,2456443,NA,2013,6,11,162,2456455,86
9368,43.373749,-73.782425,243,"NY",147,"Aquilegia","canadensis","red columbine","Plantae",46188,500,"Flowers or flower buds",2013,5,30,150,2456443,NA,2013,6,11,162,2456455,86
9368,43.373749,-73.782425,243,"NY",147,"Aquilegia","canadensis","red columbine","Plantae",46188,501,"Open flowers",2013,5,30,150,2456443,NA,2013,6,11,162,2456455,86
16271,40.863483,-73.880661,29,"NY",784,"Aesculus","pavia","red buckeye","Plantae",60275,371,"Breaking leaf buds",2013,4,24,114,2456407,NA,2013,4,24,114,2456407,7
16271,40.863483,-73.880661,29,"NY",784,"Aesculus","pavia","red buckeye","Plantae",60275,390,"Ripe fruits",2013,10,10,283,2456576,7,2013,10,10,283,2456576,7
16271,40.863483,-73.880661,29,"NY",784,"Aesculus","pavia","red buckeye","Plantae",60275,471,"Falling leaves",2013,10,10,283,2456576,7,2013,11,7,311,2456604,7
16271,40.863483,-73.880661,29,"NY",784,"Aesculus","pavia","red buckeye","Plantae",60275,483,"Leaves",2013,4,24,114,2456407,NA,2013,11,7,311,2456604,7
16271,40.863483,-73.880661,29,"NY",784,"Aesculus","pavia","red buckeye","Plantae",60275,498,"Colored leaves",2013,9,26,269,2456562,7,2013,11,7,311,2456604,7
16271,40.863483,-73.880661,29,"NY",784,"Aesculus","pavia","red buckeye","Plantae",60275,500,"Flowers or flower buds",2013,4,24,114,2456407,NA,2013,5,16,136,2456429,6
16271,40.863483,-73.880661,29,"NY",784,"Aesculus","pavia","red buckeye","Plantae",60275,500,"Flowers or flower buds",2013,6,12,163,2456456,6,2013,6,12,163,2456456,8
16271,40.863483,-73.880661,29,"NY",784,"Aesculus","pavia","red buckeye","Plantae",60275,500,"Flowers or flower buds",2013,7,25,206,2456499,7,2013,7,25,206,2456499,7
16271,40.863483,-73.880661,29,"NY",784,"Aesculus","pavia","red buckeye","Plantae",60275,501,"Open flowers",2013,5,16,136,2456429,15,2013,5,30,150,2456443,7
16271,40.863483,-73.880661,29,"NY",784,"Aesculus","pavia","red buckeye","Plantae",60275,501,"Open flowers",2013,6,12,163,2456456,6,2013,6,12,163,2456456,8
16271,40.863483,-73.880661,29,"NY",784,"Aesculus","pavia","red buckeye","Plantae",60275,501,"Open flowers",2013,7,25,206,2456499,7,2013,7,25,206,2456499,7
16271,40.863483,-73.880661,29,"NY",784,"Aesculus","pavia","red buckeye","Plantae",60275,504,"Recent fruit or seed drop",2013,10,10,283,2456576,7,2013,10,10,283,2456576,7
16271,40.863483,-73.880661,29,"NY",784,"Aesculus","pavia","red buckeye","Plantae",60275,516,"Fruits",2013,5,22,142,2456435,6,2013,10,10,283,2456576,7
36439,39.026203,-76.79895,47,"MD",147,"Aquilegia","canadensis","red columbine","Plantae",224421,390,"Ripe fruits",2013,6,6,157,2456450,NA,2013,6,12,163,2456456,NA
36439,39.026203,-76.79895,47,"MD",147,"Aquilegia","canadensis","red columbine","Plantae",224421,500,"Flowers or flower buds",2013,4,14,104,2456397,NA,2013,4,25,115,2456408,NA
36439,39.026203,-76.79895,47,"MD",147,"Aquilegia","canadensis","red columbine","Plantae",224421,501,"Open flowers",2013,4,14,104,2456397,NA,2013,4,25,115,2456408,NA
36439,39.026203,-76.79895,47,"MD",147,"Aquilegia","canadensis","red columbine","Plantae",224421,516,"Fruits",2013,6,6,157,2456450,NA,2013,6,12,163,2456456,NA
1559,39.289673,-123.373718,542,"CA",147,"Aquilegia","canadensis","red columbine","Plantae",2798,482,"Initial growth (forbs)",2014,3,9,68,2456726,NA,2014,5,9,129,2456787,NA
1559,39.289673,-123.373718,542,"CA",147,"Aquilegia","canadensis","red columbine","Plantae",2798,488,"Leaves (forbs)",2014,3,9,68,2456726,NA,2014,5,9,129,2456787,NA
1559,39.289673,-123.373718,542,"CA",147,"Aquilegia","canadensis","red columbine","Plantae",2798,500,"Flowers or flower buds",2014,5,9,129,2456787,36,2014,5,9,129,2456787,NA
1559,39.289673,-123.373718,542,"CA",147,"Aquilegia","canadensis","red columbine","Plantae",2798,501,"Open flowers",2014,5,9,129,2456787,36,2014,5,9,129,2456787,NA
2394,45.425339,-93.186249,278,"MN",147,"Aquilegia","canadensis","red columbine","Plantae",3817,482,"Initial growth (forbs)",2014,5,7,127,2456785,6,2014,5,30,150,2456808,11
2394,45.425339,-93.186249,278,"MN",147,"Aquilegia","canadensis","red columbine","Plantae",3817,488,"Leaves (forbs)",2014,5,7,127,2456785,6,2014,6,24,175,2456833,NA
2394,45.425339,-93.186249,278,"MN",147,"Aquilegia","canadensis","red columbine","Plantae",3818,390,"Ripe fruits",2014,6,24,175,2456833,14,2014,6,24,175,2456833,9
2394,45.425339,-93.186249,278,"MN",147,"Aquilegia","canadensis","red columbine","Plantae",3818,482,"Initial growth (forbs)",2014,5,1,121,2456779,NA,2014,5,30,150,2456808,11
2394,45.425339,-93.186249,278,"MN",147,"Aquilegia","canadensis","red columbine","Plantae",3818,488,"Leaves (forbs)",2014,5,7,127,2456785,6,2014,8,28,240,2456898,8
2394,45.425339,-93.186249,278,"MN",147,"Aquilegia","canadensis","red columbine","Plantae",3818,500,"Flowers or flower buds",2014,5,22,142,2456800,9,2014,6,10,161,2456819,14
2394,45.425339,-93.186249,278,"MN",147,"Aquilegia","canadensis","red columbine","Plantae",3818,501,"Open flowers",2014,5,30,150,2456808,8,2014,6,10,161,2456819,14
2394,45.425339,-93.186249,278,"MN",147,"Aquilegia","canadensis","red columbine","Plantae",3818,516,"Fruits",2014,7,3,184,2456842,9,2014,7,11,192,2456850,14
2394,45.425339,-93.186249,278,"MN",147,"Aquilegia","canadensis","red columbine","Plantae",3900,482,"Initial growth (forbs)",2014,5,7,127,2456785,6,2014,5,13,133,2456791,NA
2394,45.425339,-93.186249,278,"MN",147,"Aquilegia","canadensis","red columbine","Plantae",3900,488,"Leaves (forbs)",2014,5,7,127,2456785,6,2014,5,13,133,2456791,NA
6,43.040955,-76.212914,172,"NY",147,"Aquilegia","canadensis","red columbine","Plantae",6393,488,"Leaves (forbs)",2014,4,21,111,2456769,4,2014,5,8,128,2456786,NA
6242,43.348259,-70.546036,5,"ME",147,"Aquilegia","canadensis","red columbine","Plantae",16523,390,"Ripe fruits",2014,7,18,199,2456857,10,2014,9,23,266,2456924,6
6242,43.348259,-70.546036,5,"ME",147,"Aquilegia","canadensis","red columbine","Plantae",16523,390,"Ripe fruits",2014,10,9,282,2456940,10,2014,10,9,282,2456940,6
6242,43.348259,-70.546036,5,"ME",147,"Aquilegia","canadensis","red columbine","Plantae",16523,482,"Initial growth (forbs)",2014,5,6,126,2456784,NA,2014,7,22,203,2456861,9
6242,43.348259,-70.546036,5,"ME",147,"Aquilegia","canadensis","red columbine","Plantae",16523,482,"Initial growth (forbs)",2014,8,8,220,2456878,8,2014,9,8,251,2456909,7
6242,43.348259,-70.546036,5,"ME",147,"Aquilegia","canadensis","red columbine","Plantae",16523,488,"Leaves (forbs)",2014,5,6,126,2456784,NA,2014,7,22,203,2456861,9
6242,43.348259,-70.546036,5,"ME",147,"Aquilegia","canadensis","red columbine","Plantae",16523,488,"Leaves (forbs)",2014,8,8,220,2456878,8,2014,9,8,251,2456909,7
6242,43.348259,-70.546036,5,"ME",147,"Aquilegia","canadensis","red columbine","Plantae",16523,500,"Flowers or flower buds",2014,5,27,147,2456805,5,2014,7,2,183,2456841,6
6242,43.348259,-70.546036,5,"ME",147,"Aquilegia","canadensis","red columbine","Plantae",16523,501,"Open flowers",2014,6,18,169,2456827,6,2014,7,2,183,2456841,6
6242,43.348259,-70.546036,5,"ME",147,"Aquilegia","canadensis","red columbine","Plantae",16523,504,"Recent fruit or seed drop",2014,8,22,234,2456892,4,2014,8,26,238,2456896,8
6242,43.348259,-70.546036,5,"ME",147,"Aquilegia","canadensis","red columbine","Plantae",16523,504,"Recent fruit or seed drop",2014,9,8,251,2456909,5,2014,9,8,251,2456909,7
6242,43.348259,-70.546036,5,"ME",147,"Aquilegia","canadensis","red columbine","Plantae",16523,516,"Fruits",2014,6,23,174,2456832,5,2014,9,23,266,2456924,6
6242,43.348259,-70.546036,5,"ME",147,"Aquilegia","canadensis","red columbine","Plantae",16523,516,"Fruits",2014,10,9,282,2456940,10,2014,10,9,282,2456940,6
6600,43.072197,-87.895683,200,"WI",147,"Aquilegia","canadensis","red columbine","Plantae",21203,488,"Leaves (forbs)",2014,5,26,146,2456804,NA,2014,5,26,146,2456804,NA
6600,43.072197,-87.895683,200,"WI",147,"Aquilegia","canadensis","red columbine","Plantae",21203,500,"Flowers or flower buds",2014,5,26,146,2456804,NA,2014,5,26,146,2456804,NA
6600,43.072197,-87.895683,200,"WI",147,"Aquilegia","canadensis","red columbine","Plantae",21203,501,"Open flowers",2014,5,26,146,2456804,NA,2014,5,26,146,2456804,NA
771,42.026855,-73.136116,427,"CT",147,"Aquilegia","canadensis","red columbine","Plantae",23447,482,"Initial growth (forbs)",2014,5,2,122,2456780,NA,2014,5,2,122,2456780,NA
771,42.026855,-73.136116,427,"CT",147,"Aquilegia","canadensis","red columbine","Plantae",23447,488,"Leaves (forbs)",2014,5,2,122,2456780,NA,2014,5,2,122,2456780,NA
6242,43.348259,-70.546036,5,"ME",147,"Aquilegia","canadensis","red columbine","Plantae",28506,390,"Ripe fruits",2014,7,18,199,2456857,10,2014,9,15,258,2456916,14
6242,43.348259,-70.546036,5,"ME",147,"Aquilegia","canadensis","red columbine","Plantae",28506,482,"Initial growth (forbs)",2014,5,6,126,2456784,NA,2014,9,8,251,2456909,7
6242,43.348259,-70.546036,5,"ME",147,"Aquilegia","canadensis","red columbine","Plantae",28506,488,"Leaves (forbs)",2014,5,6,126,2456784,NA,2014,9,8,251,2456909,7
6242,43.348259,-70.546036,5,"ME",147,"Aquilegia","canadensis","red columbine","Plantae",28506,500,"Flowers or flower buds",2014,5,27,147,2456805,5,2014,6,23,174,2456832,9
6242,43.348259,-70.546036,5,"ME",147,"Aquilegia","canadensis","red columbine","Plantae",28506,501,"Open flowers",2014,6,7,158,2456816,5,2014,6,23,174,2456832,9
6242,43.348259,-70.546036,5,"ME",147,"Aquilegia","canadensis","red columbine","Plantae",28506,516,"Fruits",2014,6,18,169,2456827,6,2014,9,23,266,2456924,6
6242,43.348259,-70.546036,5,"ME",147,"Aquilegia","canadensis","red columbine","Plantae",28506,516,"Fruits",2014,10,9,282,2456940,10,2014,10,9,282,2456940,6
6242,43.348259,-70.546036,5,"ME",147,"Aquilegia","canadensis","red columbine","Plantae",28507,482,"Initial growth (forbs)",2014,5,12,132,2456790,3,2014,8,18,230,2456888,4
6242,43.348259,-70.546036,5,"ME",147,"Aquilegia","canadensis","red columbine","Plantae",28507,482,"Initial growth (forbs)",2014,8,26,238,2456896,4,2014,9,23,266,2456924,6
6242,43.348259,-70.546036,5,"ME",147,"Aquilegia","canadensis","red columbine","Plantae",28507,482,"Initial growth (forbs)",2014,10,9,282,2456940,10,2014,10,9,282,2456940,6
6242,43.348259,-70.546036,5,"ME",147,"Aquilegia","canadensis","red columbine","Plantae",28507,488,"Leaves (forbs)",2014,5,12,132,2456790,3,2014,9,23,266,2456924,6
6242,43.348259,-70.546036,5,"ME",147,"Aquilegia","canadensis","red columbine","Plantae",28507,488,"Leaves (forbs)",2014,10,9,282,2456940,10,2014,10,9,282,2456940,6
9851,29.766973,-95.452667,18,"TX",784,"Aesculus","pavia","red buckeye","Plantae",37313,371,"Breaking leaf buds",2014,3,8,67,2456725,NA,2014,3,8,67,2456725,46
9851,29.766973,-95.452667,18,"TX",784,"Aesculus","pavia","red buckeye","Plantae",37313,467,"Increasing leaf size",2014,3,8,67,2456725,NA,2014,4,26,116,2456774,224
9851,29.766973,-95.452667,18,"TX",784,"Aesculus","pavia","red buckeye","Plantae",37313,483,"Leaves",2014,3,8,67,2456725,NA,2014,4,26,116,2456774,224
9851,29.766973,-95.452667,18,"TX",784,"Aesculus","pavia","red buckeye","Plantae",37313,500,"Flowers or flower buds",2014,3,8,67,2456725,NA,2014,3,8,67,2456725,46
9851,29.766973,-95.452667,18,"TX",784,"Aesculus","pavia","red buckeye","Plantae",37313,501,"Open flowers",2014,4,26,116,2456774,3,2014,4,26,116,2456774,224
9851,29.766973,-95.452667,18,"TX",784,"Aesculus","pavia","red buckeye","Plantae",37313,516,"Fruits",2014,4,23,113,2456771,46,2014,4,23,113,2456771,3
5174,37.538078,-77.554939,75,"VA",784,"Aesculus","pavia","red buckeye","Plantae",38263,500,"Flowers or flower buds",2014,3,23,82,2456740,NA,2014,4,1,91,2456749,NA
10585,41.433689,-81.693153,219,"OH",147,"Aquilegia","canadensis","red columbine","Plantae",45124,390,"Ripe fruits",2014,6,17,168,2456826,8,2014,7,7,188,2456846,7
10585,41.433689,-81.693153,219,"OH",147,"Aquilegia","canadensis","red columbine","Plantae",45124,482,"Initial growth (forbs)",2014,4,29,119,2456777,5,2014,5,6,126,2456784,NA
10585,41.433689,-81.693153,219,"OH",147,"Aquilegia","canadensis","red columbine","Plantae",45124,488,"Leaves (forbs)",2014,4,29,119,2456777,NA,2014,5,20,140,2456798,NA
10585,41.433689,-81.693153,219,"OH",147,"Aquilegia","canadensis","red columbine","Plantae",45124,500,"Flowers or flower buds",2014,5,13,133,2456791,7,2014,5,20,140,2456798,NA
10585,41.433689,-81.693153,219,"OH",147,"Aquilegia","canadensis","red columbine","Plantae",45124,501,"Open flowers",2014,5,20,140,2456798,7,2014,6,3,154,2456812,6
10585,41.433689,-81.693153,219,"OH",147,"Aquilegia","canadensis","red columbine","Plantae",45124,504,"Recent fruit or seed drop",2014,6,17,168,2456826,NA,2014,7,7,188,2456846,7
10585,41.433689,-81.693153,219,"OH",147,"Aquilegia","canadensis","red columbine","Plantae",45124,516,"Fruits",2014,6,3,154,2456812,7,2014,7,7,188,2456846,7
16803,39.031384,-94.635841,289,"KS",147,"Aquilegia","canadensis","red columbine","Plantae",64302,390,"Ripe fruits",2014,6,2,153,2456811,9,2014,6,20,171,2456829,41
16803,39.031384,-94.635841,289,"KS",147,"Aquilegia","canadensis","red columbine","Plantae",64302,482,"Initial growth (forbs)",2014,2,28,59,2456717,1,2014,8,20,232,2456890,NA
16803,39.031384,-94.635841,289,"KS",147,"Aquilegia","canadensis","red columbine","Plantae",64302,488,"Leaves (forbs)",2014,2,28,59,2456717,1,2014,8,20,232,2456890,NA
16803,39.031384,-94.635841,289,"KS",147,"Aquilegia","canadensis","red columbine","Plantae",64302,500,"Flowers or flower buds",2014,4,28,118,2456776,9,2014,5,14,134,2456792,10
16803,39.031384,-94.635841,289,"KS",147,"Aquilegia","canadensis","red columbine","Plantae",64302,500,"Flowers or flower buds",2014,6,2,153,2456811,9,2014,6,14,165,2456823,2
16803,39.031384,-94.635841,289,"KS",147,"Aquilegia","canadensis","red columbine","Plantae",64302,501,"Open flowers",2014,5,6,126,2456784,6,2014,6,20,171,2456829,41
16803,39.031384,-94.635841,289,"KS",147,"Aquilegia","canadensis","red columbine","Plantae",64302,504,"Recent fruit or seed drop",2014,6,2,153,2456811,9,2014,6,20,171,2456829,41
16803,39.031384,-94.635841,289,"KS",147,"Aquilegia","canadensis","red columbine","Plantae",64302,516,"Fruits",2014,5,11,131,2456789,5,2014,6,20,171,2456829,41
17241,42.82711,-73.710182,81,"NY",147,"Aquilegia","canadensis","red columbine","Plantae",67175,482,"Initial growth (forbs)",2014,4,12,102,2456760,NA,2014,5,11,131,2456789,NA
17241,42.82711,-73.710182,81,"NY",147,"Aquilegia","canadensis","red columbine","Plantae",67175,488,"Leaves (forbs)",2014,4,12,102,2456760,NA,2014,5,11,131,2456789,NA
17241,42.82711,-73.710182,81,"NY",147,"Aquilegia","canadensis","red columbine","Plantae",67175,500,"Flowers or flower buds",2014,5,3,123,2456781,7,2014,5,11,131,2456789,NA
17574,40.863052,-73.881592,30,"NY",784,"Aesculus","pavia","red buckeye","Plantae",67637,371,"Breaking leaf buds",2014,4,9,99,2456757,NA,2014,5,1,121,2456779,6
17574,40.863052,-73.881592,30,"NY",784,"Aesculus","pavia","red buckeye","Plantae",67637,483,"Leaves",2014,4,17,107,2456765,NA,2014,8,21,233,2456891,NA
17574,40.863052,-73.881592,30,"NY",784,"Aesculus","pavia","red buckeye","Plantae",67637,500,"Flowers or flower buds",2014,5,1,121,2456779,7,2014,5,1,121,2456779,6
17574,40.863052,-73.881592,30,"NY",784,"Aesculus","pavia","red buckeye","Plantae",67637,500,"Flowers or flower buds",2014,5,21,141,2456799,14,2014,5,29,149,2456807,6
17574,40.863052,-73.881592,30,"NY",784,"Aesculus","pavia","red buckeye","Plantae",67637,501,"Open flowers",2014,5,21,141,2456799,14,2014,5,29,149,2456807,20
17574,40.863052,-73.881592,30,"NY",784,"Aesculus","pavia","red buckeye","Plantae",67637,516,"Fruits",2014,5,21,141,2456799,14,2014,8,21,233,2456891,NA
36439,39.026203,-76.79895,47,"MD",147,"Aquilegia","canadensis","red columbine","Plantae",224421,390,"Ripe fruits",2014,6,10,161,2456819,NA,2014,6,15,166,2456824,NA
36439,39.026203,-76.79895,47,"MD",147,"Aquilegia","canadensis","red columbine","Plantae",224421,500,"Flowers or flower buds",2014,4,27,117,2456775,NA,2014,5,8,128,2456786,NA
36439,39.026203,-76.79895,47,"MD",147,"Aquilegia","canadensis","red columbine","Plantae",224421,501,"Open flowers",2014,4,27,117,2456775,NA,2014,5,8,128,2456786,NA
36439,39.026203,-76.79895,47,"MD",147,"Aquilegia","canadensis","red columbine","Plantae",224421,516,"Fruits",2014,6,10,161,2456819,NA,2014,6,15,166,2456824,NA
1559,39.289673,-123.373718,542,"CA",147,"Aquilegia","canadensis","red columbine","Plantae",2798,482,"Initial growth (forbs)",2015,2,18,49,2457072,NA,2015,5,6,126,2457149,NA
1559,39.289673,-123.373718,542,"CA",147,"Aquilegia","canadensis","red columbine","Plantae",2798,488,"Leaves (forbs)",2015,2,18,49,2457072,NA,2015,5,6,126,2457149,NA
1559,39.289673,-123.373718,542,"CA",147,"Aquilegia","canadensis","red columbine","Plantae",2798,500,"Flowers or flower buds",2015,5,6,126,2457149,57,2015,5,6,126,2457149,NA
1559,39.289673,-123.373718,542,"CA",147,"Aquilegia","canadensis","red columbine","Plantae",2798,501,"Open flowers",2015,5,6,126,2457149,57,2015,5,6,126,2457149,NA
2394,45.425339,-93.186249,278,"MN",147,"Aquilegia","canadensis","red columbine","Plantae",3818,482,"Initial growth (forbs)",2015,4,29,119,2457142,7,2015,5,6,126,2457149,9
2394,45.425339,-93.186249,278,"MN",147,"Aquilegia","canadensis","red columbine","Plantae",3818,488,"Leaves (forbs)",2015,4,29,119,2457142,7,2015,8,14,226,2457249,7
2394,45.425339,-93.186249,278,"MN",147,"Aquilegia","canadensis","red columbine","Plantae",3818,500,"Flowers or flower buds",2015,6,2,153,2457176,14,2015,6,23,174,2457197,14
2394,45.425339,-93.186249,278,"MN",147,"Aquilegia","canadensis","red columbine","Plantae",3818,501,"Open flowers",2015,6,2,153,2457176,14,2015,6,23,174,2457197,14
2099,58.402012,-134.588974,18,"AK",147,"Aquilegia","canadensis","red columbine","Plantae",4262,500,"Flowers or flower buds",2015,5,28,148,2457171,NA,2015,5,28,148,2457171,NA
6242,43.348259,-70.546036,5,"ME",147,"Aquilegia","canadensis","red columbine","Plantae",16523,482,"Initial growth (forbs)",2015,5,7,127,2457150,2,2015,5,7,127,2457150,5
6242,43.348259,-70.546036,5,"ME",147,"Aquilegia","canadensis","red columbine","Plantae",16523,488,"Leaves (forbs)",2015,5,7,127,2457150,2,2015,10,30,303,2457326,NA
6600,43.072197,-87.895683,200,"WI",147,"Aquilegia","canadensis","red columbine","Plantae",21203,482,"Initial growth (forbs)",2015,4,19,109,2457132,NA,2015,4,19,109,2457132,NA
6242,43.348259,-70.546036,5,"ME",147,"Aquilegia","canadensis","red columbine","Plantae",28506,390,"Ripe fruits",2015,7,21,202,2457225,6,2015,7,28,209,2457232,3
6242,43.348259,-70.546036,5,"ME",147,"Aquilegia","canadensis","red columbine","Plantae",28506,482,"Initial growth (forbs)",2015,5,5,125,2457148,4,2015,5,7,127,2457150,5
6242,43.348259,-70.546036,5,"ME",147,"Aquilegia","canadensis","red columbine","Plantae",28506,488,"Leaves (forbs)",2015,5,5,125,2457148,4,2015,10,13,286,2457309,1
6242,43.348259,-70.546036,5,"ME",147,"Aquilegia","canadensis","red columbine","Plantae",28506,488,"Leaves (forbs)",2015,10,16,289,2457312,2,2015,10,23,296,2457319,2
6242,43.348259,-70.546036,5,"ME",147,"Aquilegia","canadensis","red columbine","Plantae",28506,488,"Leaves (forbs)",2015,10,27,300,2457323,2,2015,10,27,300,2457323,1
6242,43.348259,-70.546036,5,"ME",147,"Aquilegia","canadensis","red columbine","Plantae",28506,488,"Leaves (forbs)",2015,10,30,303,2457326,2,2015,10,30,303,2457326,NA
6242,43.348259,-70.546036,5,"ME",147,"Aquilegia","canadensis","red columbine","Plantae",28506,500,"Flowers or flower buds",2015,5,22,142,2457165,2,2015,6,9,160,2457183,3
6242,43.348259,-70.546036,5,"ME",147,"Aquilegia","canadensis","red columbine","Plantae",28506,501,"Open flowers",2015,6,5,156,2457179,7,2015,6,5,156,2457179,4
6242,43.348259,-70.546036,5,"ME",147,"Aquilegia","canadensis","red columbine","Plantae",28506,504,"Recent fruit or seed drop",2015,7,31,212,2457235,3,2015,7,31,212,2457235,4
6242,43.348259,-70.546036,5,"ME",147,"Aquilegia","canadensis","red columbine","Plantae",28506,516,"Fruits",2015,6,15,166,2457189,3,2015,7,9,190,2457213,6
6242,43.348259,-70.546036,5,"ME",147,"Aquilegia","canadensis","red columbine","Plantae",28506,516,"Fruits",2015,7,21,202,2457225,6,2015,7,21,202,2457225,3
6242,43.348259,-70.546036,5,"ME",147,"Aquilegia","canadensis","red columbine","Plantae",28507,482,"Initial growth (forbs)",2015,5,7,127,2457150,2,2015,5,7,127,2457150,5
6242,43.348259,-70.546036,5,"ME",147,"Aquilegia","canadensis","red columbine","Plantae",28507,488,"Leaves (forbs)",2015,5,7,127,2457150,2,2015,9,25,268,2457291,11
10585,41.433689,-81.693153,219,"OH",147,"Aquilegia","canadensis","red columbine","Plantae",45124,390,"Ripe fruits",2015,7,2,183,2457206,7,2015,7,16,197,2457220,5
10585,41.433689,-81.693153,219,"OH",147,"Aquilegia","canadensis","red columbine","Plantae",45124,482,"Initial growth (forbs)",2015,4,16,106,2457129,NA,2015,4,23,113,2457136,NA
10585,41.433689,-81.693153,219,"OH",147,"Aquilegia","canadensis","red columbine","Plantae",45124,488,"Leaves (forbs)",2015,4,16,106,2457129,NA,2015,5,14,134,2457157,NA
10585,41.433689,-81.693153,219,"OH",147,"Aquilegia","canadensis","red columbine","Plantae",45124,500,"Flowers or flower buds",2015,5,14,134,2457157,7,2015,5,28,148,2457171,NA
10585,41.433689,-81.693153,219,"OH",147,"Aquilegia","canadensis","red columbine","Plantae",45124,501,"Open flowers",2015,5,14,134,2457157,NA,2015,6,11,162,2457185,7
10585,41.433689,-81.693153,219,"OH",147,"Aquilegia","canadensis","red columbine","Plantae",45124,504,"Recent fruit or seed drop",2015,7,2,183,2457206,NA,2015,7,16,197,2457220,5
10585,41.433689,-81.693153,219,"OH",147,"Aquilegia","canadensis","red columbine","Plantae",45124,516,"Fruits",2015,5,28,148,2457171,7,2015,7,16,197,2457220,5
17574,40.863052,-73.881592,30,"NY",784,"Aesculus","pavia","red buckeye","Plantae",67637,371,"Breaking leaf buds",2015,4,9,99,2457122,7,2015,4,30,120,2457143,7
17574,40.863052,-73.881592,30,"NY",784,"Aesculus","pavia","red buckeye","Plantae",67637,371,"Breaking leaf buds",2015,5,14,134,2457157,7,2015,5,21,141,2457164,7
17574,40.863052,-73.881592,30,"NY",784,"Aesculus","pavia","red buckeye","Plantae",67637,390,"Ripe fruits",2015,7,16,197,2457220,15,2015,7,23,204,2457227,14
17574,40.863052,-73.881592,30,"NY",784,"Aesculus","pavia","red buckeye","Plantae",67637,467,"Increasing leaf size",2015,4,22,112,2457135,6,2015,6,26,177,2457200,5
17574,40.863052,-73.881592,30,"NY",784,"Aesculus","pavia","red buckeye","Plantae",67637,483,"Leaves",2015,4,22,112,2457135,6,2015,6,4,155,2457178,14
17574,40.863052,-73.881592,30,"NY",784,"Aesculus","pavia","red buckeye","Plantae",67637,483,"Leaves",2015,7,1,182,2457205,5,2015,10,8,281,2457304,NA
17574,40.863052,-73.881592,30,"NY",784,"Aesculus","pavia","red buckeye","Plantae",67637,504,"Recent fruit or seed drop",2015,7,16,197,2457220,15,2015,7,16,197,2457220,7
17574,40.863052,-73.881592,30,"NY",784,"Aesculus","pavia","red buckeye","Plantae",67637,516,"Fruits",2015,5,21,141,2457164,7,2015,7,23,204,2457227,14
19434,32.558018,-94.728218,117,"TX",784,"Aesculus","pavia","red buckeye","Plantae",77623,371,"Breaking leaf buds",2015,3,16,75,2457098,58,2015,3,16,75,2457098,69
19434,32.558018,-94.728218,117,"TX",784,"Aesculus","pavia","red buckeye","Plantae",77623,483,"Leaves",2015,3,16,75,2457098,58,2015,5,28,148,2457171,58
19434,32.558018,-94.728218,117,"TX",784,"Aesculus","pavia","red buckeye","Plantae",77623,498,"Colored leaves",2015,5,28,148,2457171,4,2015,5,28,148,2457171,58
19649,30.292294,-95.320061,52,"TX",784,"Aesculus","pavia","red buckeye","Plantae",79192,371,"Breaking leaf buds",2015,3,3,62,2457085,10,2015,3,3,62,2457085,16
19649,30.292294,-95.320061,52,"TX",784,"Aesculus","pavia","red buckeye","Plantae",79192,467,"Increasing leaf size",2015,2,21,52,2457075,14,2015,3,19,78,2457101,NA
19649,30.292294,-95.320061,52,"TX",784,"Aesculus","pavia","red buckeye","Plantae",79192,483,"Leaves",2015,2,21,52,2457075,14,2015,3,19,78,2457101,NA
19649,30.292294,-95.320061,52,"TX",784,"Aesculus","pavia","red buckeye","Plantae",79192,500,"Flowers or flower buds",2015,3,19,78,2457101,26,2015,3,19,78,2457101,NA
19993,39.235359,-84.473312,209,"OH",147,"Aquilegia","canadensis","red columbine","Plantae",82517,482,"Initial growth (forbs)",2015,3,14,73,2457096,NA,2015,3,22,81,2457104,7
19993,39.235359,-84.473312,209,"OH",147,"Aquilegia","canadensis","red columbine","Plantae",82517,488,"Leaves (forbs)",2015,3,14,73,2457096,NA,2015,4,19,109,2457132,2
19993,39.235359,-84.473312,209,"OH",147,"Aquilegia","canadensis","red columbine","Plantae",82517,500,"Flowers or flower buds",2015,4,21,111,2457134,2,2015,5,23,143,2457166,NA
19993,39.235359,-84.473312,209,"OH",147,"Aquilegia","canadensis","red columbine","Plantae",82517,501,"Open flowers",2015,5,9,129,2457152,18,2015,5,23,143,2457166,NA
19993,39.235359,-84.473312,209,"OH",147,"Aquilegia","canadensis","red columbine","Plantae",82517,516,"Fruits",2015,5,23,143,2457166,32,2015,5,23,143,2457166,NA
36439,39.026203,-76.79895,47,"MD",147,"Aquilegia","canadensis","red columbine","Plantae",224421,390,"Ripe fruits",2015,6,2,153,2457176,NA,2015,6,13,164,2457187,NA
36439,39.026203,-76.79895,47,"MD",147,"Aquilegia","canadensis","red columbine","Plantae",224421,500,"Flowers or flower buds",2015,5,2,122,2457145,NA,2015,5,8,128,2457151,NA
36439,39.026203,-76.79895,47,"MD",147,"Aquilegia","canadensis","red columbine","Plantae",224421,501,"Open flowers",2015,5,2,122,2457145,NA,2015,5,8,128,2457151,NA
36439,39.026203,-76.79895,47,"MD",147,"Aquilegia","canadensis","red columbine","Plantae",224421,516,"Fruits",2015,6,2,153,2457176,NA,2015,6,13,164,2457187,NA
1559,39.289673,-123.373718,542,"CA",147,"Aquilegia","canadensis","red columbine","Plantae",2798,482,"Initial growth (forbs)",2016,3,18,78,2457466,NA,2016,3,18,78,2457466,NA
1559,39.289673,-123.373718,542,"CA",147,"Aquilegia","canadensis","red columbine","Plantae",2798,488,"Leaves (forbs)",2016,3,18,78,2457466,NA,2016,3,18,78,2457466,NA
2394,45.425339,-93.186249,278,"MN",147,"Aquilegia","canadensis","red columbine","Plantae",3818,390,"Ripe fruits",2016,6,22,174,2457562,7,2016,6,22,174,2457562,13
2394,45.425339,-93.186249,278,"MN",147,"Aquilegia","canadensis","red columbine","Plantae",3818,482,"Initial growth (forbs)",2016,5,9,130,2457518,12,2016,5,9,130,2457518,7
2394,45.425339,-93.186249,278,"MN",147,"Aquilegia","canadensis","red columbine","Plantae",3818,488,"Leaves (forbs)",2016,5,9,130,2457518,12,2016,8,17,230,2457618,21
2394,45.425339,-93.186249,278,"MN",147,"Aquilegia","canadensis","red columbine","Plantae",3818,500,"Flowers or flower buds",2016,5,16,137,2457525,7,2016,6,1,153,2457541,7
2394,45.425339,-93.186249,278,"MN",147,"Aquilegia","canadensis","red columbine","Plantae",3818,501,"Open flowers",2016,6,1,153,2457541,16,2016,6,1,153,2457541,7
2394,45.425339,-93.186249,278,"MN",147,"Aquilegia","canadensis","red columbine","Plantae",3818,504,"Recent fruit or seed drop",2016,6,22,174,2457562,7,2016,6,22,174,2457562,13
2394,45.425339,-93.186249,278,"MN",147,"Aquilegia","canadensis","red columbine","Plantae",3818,516,"Fruits",2016,6,8,160,2457548,7,2016,6,22,174,2457562,13
6242,43.348259,-70.546036,5,"ME",147,"Aquilegia","canadensis","red columbine","Plantae",16523,390,"Ripe fruits",2016,7,25,207,2457595,10,2016,8,2,215,2457603,17
6242,43.348259,-70.546036,5,"ME",147,"Aquilegia","canadensis","red columbine","Plantae",16523,488,"Leaves (forbs)",2016,4,25,116,2457504,3,2016,7,29,211,2457599,4
6242,43.348259,-70.546036,5,"ME",147,"Aquilegia","canadensis","red columbine","Plantae",16523,488,"Leaves (forbs)",2016,8,19,232,2457620,17,2016,10,28,302,2457690,NA
6242,43.348259,-70.546036,5,"ME",147,"Aquilegia","canadensis","red columbine","Plantae",16523,500,"Flowers or flower buds",2016,5,31,152,2457540,4,2016,6,14,166,2457554,3
6242,43.348259,-70.546036,5,"ME",147,"Aquilegia","canadensis","red columbine","Plantae",16523,501,"Open flowers",2016,6,3,155,2457543,3,2016,6,14,166,2457554,3
6242,43.348259,-70.546036,5,"ME",147,"Aquilegia","canadensis","red columbine","Plantae",16523,504,"Recent fruit or seed drop",2016,7,25,207,2457595,10,2016,8,19,232,2457620,5
6242,43.348259,-70.546036,5,"ME",147,"Aquilegia","canadensis","red columbine","Plantae",16523,516,"Fruits",2016,6,21,173,2457561,4,2016,7,7,189,2457577,8
6242,43.348259,-70.546036,5,"ME",147,"Aquilegia","canadensis","red columbine","Plantae",16523,516,"Fruits",2016,7,25,207,2457595,10,2016,8,2,215,2457603,17
6242,43.348259,-70.546036,5,"ME",147,"Aquilegia","canadensis","red columbine","Plantae",28506,488,"Leaves (forbs)",2016,4,22,113,2457501,4,2016,10,11,285,2457673,3
6242,43.348259,-70.546036,5,"ME",147,"Aquilegia","canadensis","red columbine","Plantae",28507,488,"Leaves (forbs)",2016,4,18,109,2457497,6,2016,6,30,182,2457570,7
10585,41.433689,-81.693153,219,"OH",147,"Aquilegia","canadensis","red columbine","Plantae",45124,482,"Initial growth (forbs)",2016,4,7,98,2457486,7,2016,4,21,112,2457500,NA
10585,41.433689,-81.693153,219,"OH",147,"Aquilegia","canadensis","red columbine","Plantae",45124,488,"Leaves (forbs)",2016,4,7,98,2457486,NA,2016,6,9,161,2457549,NA
17061,35.074306,-92.462051,93,"AR",784,"Aesculus","pavia","red buckeye","Plantae",64960,371,"Breaking leaf buds",2016,2,24,55,2457443,14,2016,3,6,66,2457454,4
17061,35.074306,-92.462051,93,"AR",784,"Aesculus","pavia","red buckeye","Plantae",64960,390,"Ripe fruits",2016,4,29,120,2457508,6,2016,4,29,120,2457508,21
17061,35.074306,-92.462051,93,"AR",784,"Aesculus","pavia","red buckeye","Plantae",64960,467,"Increasing leaf size",2016,2,24,55,2457443,14,2016,4,6,97,2457485,7
17061,35.074306,-92.462051,93,"AR",784,"Aesculus","pavia","red buckeye","Plantae",64960,483,"Leaves",2016,2,24,55,2457443,14,2016,5,20,141,2457529,203
17061,35.074306,-92.462051,93,"AR",784,"Aesculus","pavia","red buckeye","Plantae",64960,500,"Flowers or flower buds",2016,3,2,62,2457450,7,2016,4,23,114,2457502,6
17061,35.074306,-92.462051,93,"AR",784,"Aesculus","pavia","red buckeye","Plantae",64960,501,"Open flowers",2016,3,31,91,2457479,21,2016,4,23,114,2457502,6
17061,35.074306,-92.462051,93,"AR",784,"Aesculus","pavia","red buckeye","Plantae",64960,504,"Recent fruit or seed drop",2016,4,23,114,2457502,10,2016,4,29,120,2457508,21
17061,35.074306,-92.462051,93,"AR",784,"Aesculus","pavia","red buckeye","Plantae",64960,516,"Fruits",2016,4,6,97,2457485,6,2016,4,13,104,2457492,10
17061,35.074306,-92.462051,93,"AR",784,"Aesculus","pavia","red buckeye","Plantae",64960,516,"Fruits",2016,4,29,120,2457508,6,2016,5,20,141,2457529,203
17574,40.863052,-73.881592,30,"NY",784,"Aesculus","pavia","red buckeye","Plantae",67637,371,"Breaking leaf buds",2016,3,5,65,2457453,NA,2016,4,23,114,2457502,7
17574,40.863052,-73.881592,30,"NY",784,"Aesculus","pavia","red buckeye","Plantae",67637,390,"Ripe fruits",2016,9,11,255,2457643,78,2016,10,14,288,2457676,9
17574,40.863052,-73.881592,30,"NY",784,"Aesculus","pavia","red buckeye","Plantae",67637,467,"Increasing leaf size",2016,4,9,100,2457488,14,2016,5,12,133,2457521,2
17574,40.863052,-73.881592,30,"NY",784,"Aesculus","pavia","red buckeye","Plantae",67637,467,"Increasing leaf size",2016,6,1,153,2457541,18,2016,6,25,177,2457565,34
17574,40.863052,-73.881592,30,"NY",784,"Aesculus","pavia","red buckeye","Plantae",67637,471,"Falling leaves",2016,10,10,284,2457672,15,2016,11,6,311,2457699,5
17574,40.863052,-73.881592,30,"NY",784,"Aesculus","pavia","red buckeye","Plantae",67637,483,"Leaves",2016,3,12,72,2457460,7,2016,5,12,133,2457521,2
17574,40.863052,-73.881592,30,"NY",784,"Aesculus","pavia","red buckeye","Plantae",67637,483,"Leaves",2016,6,1,153,2457541,18,2016,6,11,163,2457551,14
17574,40.863052,-73.881592,30,"NY",784,"Aesculus","pavia","red buckeye","Plantae",67637,498,"Colored leaves",2016,10,10,284,2457672,15,2016,10,10,284,2457672,27
17574,40.863052,-73.881592,30,"NY",784,"Aesculus","pavia","red buckeye","Plantae",67637,500,"Flowers or flower buds",2016,4,16,107,2457495,7,2016,5,14,135,2457523,18
17574,40.863052,-73.881592,30,"NY",784,"Aesculus","pavia","red buckeye","Plantae",67637,501,"Open flowers",2016,5,2,123,2457511,9,2016,5,12,133,2457521,2
17574,40.863052,-73.881592,30,"NY",784,"Aesculus","pavia","red buckeye","Plantae",67637,504,"Recent fruit or seed drop",2016,10,10,284,2457672,6,2016,10,10,284,2457672,4
17574,40.863052,-73.881592,30,"NY",784,"Aesculus","pavia","red buckeye","Plantae",67637,516,"Fruits",2016,5,14,135,2457523,2,2016,6,25,177,2457565,34
19931,38.780689,-90.273911,165,"MO",147,"Aquilegia","canadensis","red columbine","Plantae",84222,482,"Initial growth (forbs)",2016,3,15,75,2457463,NA,2016,3,15,75,2457463,NA
19931,38.780689,-90.273911,165,"MO",147,"Aquilegia","canadensis","red columbine","Plantae",84222,488,"Leaves (forbs)",2016,3,15,75,2457463,NA,2016,3,15,75,2457463,NA
20351,41.910194,-73.853447,123,"NY",147,"Aquilegia","canadensis","red columbine","Plantae",87192,482,"Initial growth (forbs)",2016,3,18,78,2457466,NA,2016,3,23,83,2457471,NA
20351,41.910194,-73.853447,123,"NY",147,"Aquilegia","canadensis","red columbine","Plantae",87192,488,"Leaves (forbs)",2016,3,26,86,2457474,NA,2016,4,1,92,2457480,NA
20351,41.910194,-73.853447,123,"NY",147,"Aquilegia","canadensis","red columbine","Plantae",87192,500,"Flowers or flower buds",2016,4,1,92,2457480,NA,2016,4,1,92,2457480,NA
17061,35.074306,-92.462051,93,"AR",784,"Aesculus","pavia","red buckeye","Plantae",100689,390,"Ripe fruits",2016,4,23,114,2457502,10,2016,4,29,120,2457508,21
17061,35.074306,-92.462051,93,"AR",784,"Aesculus","pavia","red buckeye","Plantae",100689,467,"Increasing leaf size",2016,3,2,62,2457450,7,2016,4,6,97,2457485,7
17061,35.074306,-92.462051,93,"AR",784,"Aesculus","pavia","red buckeye","Plantae",100689,483,"Leaves",2016,3,2,62,2457450,7,2016,5,20,141,2457529,203
17061,35.074306,-92.462051,93,"AR",784,"Aesculus","pavia","red buckeye","Plantae",100689,500,"Flowers or flower buds",2016,3,2,62,2457450,7,2016,4,23,114,2457502,6
17061,35.074306,-92.462051,93,"AR",784,"Aesculus","pavia","red buckeye","Plantae",100689,501,"Open flowers",2016,3,31,91,2457479,21,2016,4,23,114,2457502,6
17061,35.074306,-92.462051,93,"AR",784,"Aesculus","pavia","red buckeye","Plantae",100689,504,"Recent fruit or seed drop",2016,4,23,114,2457502,10,2016,4,29,120,2457508,21
17061,35.074306,-92.462051,93,"AR",784,"Aesculus","pavia","red buckeye","Plantae",100689,516,"Fruits",2016,4,6,97,2457485,6,2016,5,20,141,2457529,203
17061,35.074306,-92.462051,93,"AR",784,"Aesculus","pavia","red buckeye","Plantae",100690,371,"Breaking leaf buds",2016,3,2,62,2457450,7,2016,3,6,66,2457454,4
17061,35.074306,-92.462051,93,"AR",784,"Aesculus","pavia","red buckeye","Plantae",100690,390,"Ripe fruits",2016,4,23,114,2457502,10,2016,4,29,120,2457508,21
17061,35.074306,-92.462051,93,"AR",784,"Aesculus","pavia","red buckeye","Plantae",100690,467,"Increasing leaf size",2016,3,2,62,2457450,7,2016,4,6,97,2457485,7
17061,35.074306,-92.462051,93,"AR",784,"Aesculus","pavia","red buckeye","Plantae",100690,483,"Leaves",2016,3,2,62,2457450,7,2016,5,20,141,2457529,203
17061,35.074306,-92.462051,93,"AR",784,"Aesculus","pavia","red buckeye","Plantae",100690,500,"Flowers or flower buds",2016,3,6,66,2457454,4,2016,4,29,120,2457508,21
17061,35.074306,-92.462051,93,"AR",784,"Aesculus","pavia","red buckeye","Plantae",100690,501,"Open flowers",2016,4,6,97,2457485,6,2016,4,23,114,2457502,6
17061,35.074306,-92.462051,93,"AR",784,"Aesculus","pavia","red buckeye","Plantae",100690,504,"Recent fruit or seed drop",2016,4,23,114,2457502,10,2016,4,29,120,2457508,21
17061,35.074306,-92.462051,93,"AR",784,"Aesculus","pavia","red buckeye","Plantae",100690,516,"Fruits",2016,4,23,114,2457502,10,2016,5,20,141,2457529,203
22547,30.805164,-88.442879,40,"MS",784,"Aesculus","pavia","red buckeye","Plantae",101008,371,"Breaking leaf buds",2016,3,2,62,2457450,7,2016,3,2,62,2457450,14
22547,30.805164,-88.442879,40,"MS",784,"Aesculus","pavia","red buckeye","Plantae",101008,467,"Increasing leaf size",2016,3,16,76,2457464,14,2016,4,29,120,2457508,NA
22547,30.805164,-88.442879,40,"MS",784,"Aesculus","pavia","red buckeye","Plantae",101008,483,"Leaves",2016,3,16,76,2457464,14,2016,4,29,120,2457508,NA
22547,30.805164,-88.442879,40,"MS",784,"Aesculus","pavia","red buckeye","Plantae",101008,500,"Flowers or flower buds",2016,3,16,76,2457464,14,2016,4,7,98,2457486,7
22547,30.805164,-88.442879,40,"MS",784,"Aesculus","pavia","red buckeye","Plantae",101008,501,"Open flowers",2016,3,23,83,2457471,7,2016,4,7,98,2457486,7
22547,30.805164,-88.442879,40,"MS",784,"Aesculus","pavia","red buckeye","Plantae",101008,516,"Fruits",2016,4,7,98,2457486,8,2016,4,29,120,2457508,NA
22681,39.167427,-84.548431,190,"OH",784,"Aesculus","pavia","red buckeye","Plantae",101843,371,"Breaking leaf buds",2016,3,15,75,2457463,5,2016,3,18,78,2457466,6
22681,39.167427,-84.548431,190,"OH",784,"Aesculus","pavia","red buckeye","Plantae",101843,390,"Ripe fruits",2016,9,16,260,2457648,4,2016,9,26,270,2457658,16
22681,39.167427,-84.548431,190,"OH",784,"Aesculus","pavia","red buckeye","Plantae",101843,467,"Increasing leaf size",2016,3,28,88,2457476,4,2016,3,28,88,2457476,14
22681,39.167427,-84.548431,190,"OH",784,"Aesculus","pavia","red buckeye","Plantae",101843,467,"Increasing leaf size",2016,4,26,117,2457505,4,2016,4,29,120,2457508,10
22681,39.167427,-84.548431,190,"OH",784,"Aesculus","pavia","red buckeye","Plantae",101843,471,"Falling leaves",2016,9,2,246,2457634,46,2016,10,12,286,2457674,6
22681,39.167427,-84.548431,190,"OH",784,"Aesculus","pavia","red buckeye","Plantae",101843,483,"Leaves",2016,3,24,84,2457472,6,2016,9,26,270,2457658,16
22681,39.167427,-84.548431,190,"OH",784,"Aesculus","pavia","red buckeye","Plantae",101843,498,"Colored leaves",2016,9,2,246,2457634,46,2016,9,26,270,2457658,16
22681,39.167427,-84.548431,190,"OH",784,"Aesculus","pavia","red buckeye","Plantae",101843,500,"Flowers or flower buds",2016,3,28,88,2457476,4,2016,5,9,130,2457518,10
22681,39.167427,-84.548431,190,"OH",784,"Aesculus","pavia","red buckeye","Plantae",101843,501,"Open flowers",2016,4,14,105,2457493,3,2016,5,9,130,2457518,10
22681,39.167427,-84.548431,190,"OH",784,"Aesculus","pavia","red buckeye","Plantae",101843,504,"Recent fruit or seed drop",2016,9,16,260,2457648,4,2016,9,26,270,2457658,16
22681,39.167427,-84.548431,190,"OH",784,"Aesculus","pavia","red buckeye","Plantae",101843,516,"Fruits",2016,5,9,130,2457518,10,2016,9,22,266,2457654,4
17319,38.946041,-77.084244,94,"DC",784,"Aesculus","pavia","red buckeye","Plantae",103180,371,"Breaking leaf buds",2016,3,17,77,2457465,NA,2016,3,20,80,2457468,7
17319,38.946041,-77.084244,94,"DC",784,"Aesculus","pavia","red buckeye","Plantae",103180,467,"Increasing leaf size",2016,3,19,79,2457467,1,2016,4,3,94,2457482,NA
17319,38.946041,-77.084244,94,"DC",784,"Aesculus","pavia","red buckeye","Plantae",103180,483,"Leaves",2016,3,18,78,2457466,1,2016,4,3,94,2457482,NA
17319,38.946041,-77.084244,94,"DC",784,"Aesculus","pavia","red buckeye","Plantae",103180,500,"Flowers or flower buds",2016,3,27,87,2457475,7,2016,4,3,94,2457482,NA
23083,36.031616,-78.895111,116,"NC",784,"Aesculus","pavia","red buckeye","Plantae",105047,483,"Leaves",2016,6,19,171,2457559,NA,2016,7,25,207,2457595,NA
23083,36.031616,-78.895111,116,"NC",784,"Aesculus","pavia","red buckeye","Plantae",105047,498,"Colored leaves",2016,8,29,242,2457630,35,2016,8,29,242,2457630,NA
23083,36.031616,-78.895111,116,"NC",784,"Aesculus","pavia","red buckeye","Plantae",105048,483,"Leaves",2016,6,19,171,2457559,NA,2016,7,25,207,2457595,NA
23294,45.919209,-89.250771,495,"WI",147,"Aquilegia","canadensis","red columbine","Plantae",107409,482,"Initial growth (forbs)",2016,4,26,117,2457505,7,2016,4,26,117,2457505,NA
23294,45.919209,-89.250771,495,"WI",147,"Aquilegia","canadensis","red columbine","Plantae",107409,488,"Leaves (forbs)",2016,4,26,117,2457505,7,2016,4,26,117,2457505,NA
22893,36.030796,-78.898705,110,"NC",784,"Aesculus","pavia","red buckeye","Plantae",110296,483,"Leaves",2016,8,29,242,2457630,NA,2016,8,29,242,2457630,NA
22893,36.030796,-78.898705,110,"NC",784,"Aesculus","pavia","red buckeye","Plantae",110296,498,"Colored leaves",2016,8,29,242,2457630,NA,2016,8,29,242,2457630,NA
22893,36.030796,-78.898705,110,"NC",784,"Aesculus","pavia","red buckeye","Plantae",110296,516,"Fruits",2016,7,10,192,2457580,NA,2016,8,29,242,2457630,NA
22893,36.030796,-78.898705,110,"NC",784,"Aesculus","pavia","red buckeye","Plantae",110297,483,"Leaves",2016,8,29,242,2457630,NA,2016,8,29,242,2457630,NA
22893,36.030796,-78.898705,110,"NC",784,"Aesculus","pavia","red buckeye","Plantae",110297,498,"Colored leaves",2016,8,29,242,2457630,NA,2016,8,29,242,2457630,NA
22893,36.030796,-78.898705,110,"NC",784,"Aesculus","pavia","red buckeye","Plantae",110297,516,"Fruits",2016,8,29,242,2457630,NA,2016,8,29,242,2457630,NA
24164,40.665085,-73.963432,17,"NY",784,"Aesculus","pavia","red buckeye","Plantae",114555,390,"Ripe fruits",2016,10,6,280,2457668,14,2016,10,6,280,2457668,19
24164,40.665085,-73.963432,17,"NY",784,"Aesculus","pavia","red buckeye","Plantae",114555,471,"Falling leaves",2016,10,25,299,2457687,19,2016,10,25,299,2457687,NA
24164,40.665085,-73.963432,17,"NY",784,"Aesculus","pavia","red buckeye","Plantae",114555,483,"Leaves",2016,9,1,245,2457633,NA,2016,10,25,299,2457687,NA
24164,40.665085,-73.963432,17,"NY",784,"Aesculus","pavia","red buckeye","Plantae",114555,498,"Colored leaves",2016,10,6,280,2457668,14,2016,10,25,299,2457687,NA
24164,40.665085,-73.963432,17,"NY",784,"Aesculus","pavia","red buckeye","Plantae",114555,504,"Recent fruit or seed drop",2016,10,6,280,2457668,14,2016,10,25,299,2457687,NA
24164,40.665085,-73.963432,17,"NY",784,"Aesculus","pavia","red buckeye","Plantae",114555,516,"Fruits",2016,9,1,245,2457633,NA,2016,10,6,280,2457668,19
23676,46.996738,-94.696556,426,"MN",147,"Aquilegia","canadensis","red columbine","Plantae",115715,390,"Ripe fruits",2016,9,21,265,2457653,NA,2016,9,29,273,2457661,NA
23676,46.996738,-94.696556,426,"MN",147,"Aquilegia","canadensis","red columbine","Plantae",115715,488,"Leaves (forbs)",2016,9,21,265,2457653,NA,2016,9,29,273,2457661,NA
23676,46.996738,-94.696556,426,"MN",147,"Aquilegia","canadensis","red columbine","Plantae",115715,504,"Recent fruit or seed drop",2016,9,21,265,2457653,NA,2016,9,29,273,2457661,NA
23676,46.996738,-94.696556,426,"MN",147,"Aquilegia","canadensis","red columbine","Plantae",115715,516,"Fruits",2016,9,21,265,2457653,NA,2016,9,29,273,2457661,NA
36439,39.026203,-76.79895,47,"MD",147,"Aquilegia","canadensis","red columbine","Plantae",224421,390,"Ripe fruits",2016,5,29,150,2457538,NA,2016,6,5,157,2457545,NA
36439,39.026203,-76.79895,47,"MD",147,"Aquilegia","canadensis","red columbine","Plantae",224421,500,"Flowers or flower buds",2016,4,17,108,2457496,NA,2016,4,24,115,2457503,NA
36439,39.026203,-76.79895,47,"MD",147,"Aquilegia","canadensis","red columbine","Plantae",224421,501,"Open flowers",2016,4,17,108,2457496,NA,2016,4,24,115,2457503,NA
36439,39.026203,-76.79895,47,"MD",147,"Aquilegia","canadensis","red columbine","Plantae",224421,516,"Fruits",2016,5,29,150,2457538,NA,2016,6,5,157,2457545,NA
1559,39.289673,-123.373718,542,"CA",147,"Aquilegia","canadensis","red columbine","Plantae",2798,482,"Initial growth (forbs)",2017,3,14,73,2457827,NA,2017,5,7,127,2457881,NA
1559,39.289673,-123.373718,542,"CA",147,"Aquilegia","canadensis","red columbine","Plantae",2798,488,"Leaves (forbs)",2017,5,7,127,2457881,54,2017,5,7,127,2457881,NA
1559,39.289673,-123.373718,542,"CA",147,"Aquilegia","canadensis","red columbine","Plantae",2798,500,"Flowers or flower buds",2017,5,7,127,2457881,54,2017,5,7,127,2457881,NA
1559,39.289673,-123.373718,542,"CA",147,"Aquilegia","canadensis","red columbine","Plantae",2798,501,"Open flowers",2017,5,7,127,2457881,54,2017,5,7,127,2457881,NA
2394,45.425339,-93.186249,278,"MN",147,"Aquilegia","canadensis","red columbine","Plantae",3818,482,"Initial growth (forbs)",2017,5,9,129,2457883,6,2017,6,1,152,2457906,7
2394,45.425339,-93.186249,278,"MN",147,"Aquilegia","canadensis","red columbine","Plantae",3818,488,"Leaves (forbs)",2017,5,9,129,2457883,6,2017,8,31,243,2457997,20
2394,45.425339,-93.186249,278,"MN",147,"Aquilegia","canadensis","red columbine","Plantae",3818,500,"Flowers or flower buds",2017,5,25,145,2457899,9,2017,6,1,152,2457906,7
2394,45.425339,-93.186249,278,"MN",147,"Aquilegia","canadensis","red columbine","Plantae",3818,501,"Open flowers",2017,6,1,152,2457906,7,2017,6,1,152,2457906,7
6242,43.348259,-70.546036,5,"ME",147,"Aquilegia","canadensis","red columbine","Plantae",16523,390,"Ripe fruits",2017,7,10,191,2457945,5,2017,8,21,233,2457987,NA
6242,43.348259,-70.546036,5,"ME",147,"Aquilegia","canadensis","red columbine","Plantae",16523,482,"Initial growth (forbs)",2017,4,27,117,2457871,3,2017,5,16,136,2457890,3
6242,43.348259,-70.546036,5,"ME",147,"Aquilegia","canadensis","red columbine","Plantae",16523,488,"Leaves (forbs)",2017,5,1,121,2457875,4,2017,8,21,233,2457987,NA
6242,43.348259,-70.546036,5,"ME",147,"Aquilegia","canadensis","red columbine","Plantae",16523,500,"Flowers or flower buds",2017,5,24,144,2457898,5,2017,6,22,173,2457927,5
6242,43.348259,-70.546036,5,"ME",147,"Aquilegia","canadensis","red columbine","Plantae",16523,500,"Flowers or flower buds",2017,7,5,186,2457940,8,2017,7,5,186,2457940,5
6242,43.348259,-70.546036,5,"ME",147,"Aquilegia","canadensis","red columbine","Plantae",16523,501,"Open flowers",2017,6,12,163,2457917,4,2017,6,22,173,2457927,5
6242,43.348259,-70.546036,5,"ME",147,"Aquilegia","canadensis","red columbine","Plantae",16523,501,"Open flowers",2017,7,5,186,2457940,8,2017,7,5,186,2457940,5
6242,43.348259,-70.546036,5,"ME",147,"Aquilegia","canadensis","red columbine","Plantae",16523,504,"Recent fruit or seed drop",2017,7,24,205,2457959,7,2017,8,21,233,2457987,NA
6242,43.348259,-70.546036,5,"ME",147,"Aquilegia","canadensis","red columbine","Plantae",16523,516,"Fruits",2017,7,5,186,2457940,8,2017,8,21,233,2457987,NA
6242,43.348259,-70.546036,5,"ME",147,"Aquilegia","canadensis","red columbine","Plantae",28506,390,"Ripe fruits",2017,7,10,191,2457945,5,2017,8,21,233,2457987,NA
6242,43.348259,-70.546036,5,"ME",147,"Aquilegia","canadensis","red columbine","Plantae",28506,482,"Initial growth (forbs)",2017,4,18,108,2457862,NA,2017,5,12,132,2457886,4
6242,43.348259,-70.546036,5,"ME",147,"Aquilegia","canadensis","red columbine","Plantae",28506,488,"Leaves (forbs)",2017,4,18,108,2457862,NA,2017,8,21,233,2457987,NA
6242,43.348259,-70.546036,5,"ME",147,"Aquilegia","canadensis","red columbine","Plantae",28506,500,"Flowers or flower buds",2017,5,19,139,2457893,3,2017,6,22,173,2457927,5
6242,43.348259,-70.546036,5,"ME",147,"Aquilegia","canadensis","red columbine","Plantae",28506,501,"Open flowers",2017,6,12,163,2457917,4,2017,6,22,173,2457927,5
6242,43.348259,-70.546036,5,"ME",147,"Aquilegia","canadensis","red columbine","Plantae",28506,504,"Recent fruit or seed drop",2017,7,24,205,2457959,7,2017,8,21,233,2457987,NA
6242,43.348259,-70.546036,5,"ME",147,"Aquilegia","canadensis","red columbine","Plantae",28506,516,"Fruits",2017,7,5,186,2457940,8,2017,8,21,233,2457987,NA
17061,35.074306,-92.462051,93,"AR",784,"Aesculus","pavia","red buckeye","Plantae",64960,371,"Breaking leaf buds",2017,3,2,61,2457815,7,2017,3,2,61,2457815,7
17061,35.074306,-92.462051,93,"AR",784,"Aesculus","pavia","red buckeye","Plantae",64960,467,"Increasing leaf size",2017,3,2,61,2457815,7,2017,3,16,75,2457829,14
17061,35.074306,-92.462051,93,"AR",784,"Aesculus","pavia","red buckeye","Plantae",64960,483,"Leaves",2017,3,2,61,2457815,7,2017,5,4,124,2457878,11
17061,35.074306,-92.462051,93,"AR",784,"Aesculus","pavia","red buckeye","Plantae",64960,483,"Leaves",2017,5,30,150,2457904,15,2017,5,30,150,2457904,NA
17061,35.074306,-92.462051,93,"AR",784,"Aesculus","pavia","red buckeye","Plantae",64960,498,"Colored leaves",2017,3,16,75,2457829,7,2017,3,16,75,2457829,14
17061,35.074306,-92.462051,93,"AR",784,"Aesculus","pavia","red buckeye","Plantae",64960,500,"Flowers or flower buds",2017,3,2,61,2457815,7,2017,4,20,110,2457864,7
17061,35.074306,-92.462051,93,"AR",784,"Aesculus","pavia","red buckeye","Plantae",64960,501,"Open flowers",2017,3,30,89,2457843,14,2017,4,20,110,2457864,7
17574,40.863052,-73.881592,30,"NY",784,"Aesculus","pavia","red buckeye","Plantae",67637,371,"Breaking leaf buds",2017,3,26,85,2457839,5,2017,4,14,104,2457858,4
17574,40.863052,-73.881592,30,"NY",784,"Aesculus","pavia","red buckeye","Plantae",67637,371,"Breaking leaf buds",2017,4,27,117,2457871,4,2017,4,27,117,2457871,5
17574,40.863052,-73.881592,30,"NY",784,"Aesculus","pavia","red buckeye","Plantae",67637,371,"Breaking leaf buds",2017,5,7,127,2457881,5,2017,5,7,127,2457881,5
17574,40.863052,-73.881592,30,"NY",784,"Aesculus","pavia","red buckeye","Plantae",67637,390,"Ripe fruits",2017,10,15,288,2458042,16,2017,10,15,288,2458042,21
17574,40.863052,-73.881592,30,"NY",784,"Aesculus","pavia","red buckeye","Plantae",67637,467,"Increasing leaf size",2017,4,23,113,2457867,14,2017,4,23,113,2457867,4
17574,40.863052,-73.881592,30,"NY",784,"Aesculus","pavia","red buckeye","Plantae",67637,467,"Increasing leaf size",2017,5,2,122,2457876,5,2017,5,2,122,2457876,5
17574,40.863052,-73.881592,30,"NY",784,"Aesculus","pavia","red buckeye","Plantae",67637,467,"Increasing leaf size",2017,5,12,132,2457886,5,2017,6,29,180,2457934,9
17574,40.863052,-73.881592,30,"NY",784,"Aesculus","pavia","red buckeye","Plantae",67637,467,"Increasing leaf size",2017,7,16,197,2457951,4,2017,7,16,197,2457951,7
17574,40.863052,-73.881592,30,"NY",784,"Aesculus","pavia","red buckeye","Plantae",67637,471,"Falling leaves",2017,9,29,272,2458026,43,2017,11,5,309,2458063,19
17574,40.863052,-73.881592,30,"NY",784,"Aesculus","pavia","red buckeye","Plantae",67637,483,"Leaves",2017,4,9,99,2457853,11,2017,6,3,154,2457908,1
17574,40.863052,-73.881592,30,"NY",784,"Aesculus","pavia","red buckeye","Plantae",67637,483,"Leaves",2017,6,11,162,2457916,7,2017,11,5,309,2458063,19
17574,40.863052,-73.881592,30,"NY",784,"Aesculus","pavia","red buckeye","Plantae",67637,498,"Colored leaves",2017,11,5,309,2458063,80,2017,11,5,309,2458063,19
17574,40.863052,-73.881592,30,"NY",784,"Aesculus","pavia","red buckeye","Plantae",67637,500,"Flowers or flower buds",2017,4,14,104,2457858,5,2017,5,7,127,2457881,5
17574,40.863052,-73.881592,30,"NY",784,"Aesculus","pavia","red buckeye","Plantae",67637,500,"Flowers or flower buds",2017,5,14,134,2457888,2,2017,5,22,142,2457896,12
17574,40.863052,-73.881592,30,"NY",784,"Aesculus","pavia","red buckeye","Plantae",67637,501,"Open flowers",2017,4,23,113,2457867,5,2017,5,7,127,2457881,5
17574,40.863052,-73.881592,30,"NY",784,"Aesculus","pavia","red buckeye","Plantae",67637,501,"Open flowers",2017,5,14,134,2457888,2,2017,5,23,143,2457897,11
17574,40.863052,-73.881592,30,"NY",784,"Aesculus","pavia","red buckeye","Plantae",67637,504,"Recent fruit or seed drop",2017,6,20,171,2457925,9,2017,6,29,180,2457934,9
17574,40.863052,-73.881592,30,"NY",784,"Aesculus","pavia","red buckeye","Plantae",67637,504,"Recent fruit or seed drop",2017,9,29,272,2458026,7,2017,10,25,298,2458052,11
17574,40.863052,-73.881592,30,"NY",784,"Aesculus","pavia","red buckeye","Plantae",67637,516,"Fruits",2017,5,17,137,2457891,3,2017,9,22,265,2458019,23
17574,40.863052,-73.881592,30,"NY",784,"Aesculus","pavia","red buckeye","Plantae",67637,516,"Fruits",2017,10,25,298,2458052,10,2017,10,25,298,2458052,11
17061,35.074306,-92.462051,93,"AR",784,"Aesculus","pavia","red buckeye","Plantae",100689,371,"Breaking leaf buds",2017,2,23,54,2457808,7,2017,2,23,54,2457808,7
17061,35.074306,-92.462051,93,"AR",784,"Aesculus","pavia","red buckeye","Plantae",100689,467,"Increasing leaf size",2017,2,23,54,2457808,7,2017,3,16,75,2457829,14
17061,35.074306,-92.462051,93,"AR",784,"Aesculus","pavia","red buckeye","Plantae",100689,467,"Increasing leaf size",2017,4,6,96,2457850,7,2017,4,6,96,2457850,7
17061,35.074306,-92.462051,93,"AR",784,"Aesculus","pavia","red buckeye","Plantae",100689,483,"Leaves",2017,2,23,54,2457808,7,2017,5,4,124,2457878,11
17061,35.074306,-92.462051,93,"AR",784,"Aesculus","pavia","red buckeye","Plantae",100689,483,"Leaves",2017,5,30,150,2457904,15,2017,5,30,150,2457904,NA
17061,35.074306,-92.462051,93,"AR",784,"Aesculus","pavia","red buckeye","Plantae",100689,498,"Colored leaves",2017,3,2,61,2457815,7,2017,3,16,75,2457829,14
17061,35.074306,-92.462051,93,"AR",784,"Aesculus","pavia","red buckeye","Plantae",100689,500,"Flowers or flower buds",2017,3,2,61,2457815,7,2017,4,27,117,2457871,7
17061,35.074306,-92.462051,93,"AR",784,"Aesculus","pavia","red buckeye","Plantae",100689,501,"Open flowers",2017,3,30,89,2457843,14,2017,4,27,117,2457871,7
17061,35.074306,-92.462051,93,"AR",784,"Aesculus","pavia","red buckeye","Plantae",100689,516,"Fruits",2017,4,27,117,2457871,7,2017,5,4,124,2457878,11
17061,35.074306,-92.462051,93,"AR",784,"Aesculus","pavia","red buckeye","Plantae",100690,371,"Breaking leaf buds",2017,3,2,61,2457815,7,2017,3,9,68,2457822,7
17061,35.074306,-92.462051,93,"AR",784,"Aesculus","pavia","red buckeye","Plantae",100690,467,"Increasing leaf size",2017,3,9,68,2457822,7,2017,3,30,89,2457843,7
17061,35.074306,-92.462051,93,"AR",784,"Aesculus","pavia","red buckeye","Plantae",100690,483,"Leaves",2017,3,9,68,2457822,7,2017,5,4,124,2457878,11
17061,35.074306,-92.462051,93,"AR",784,"Aesculus","pavia","red buckeye","Plantae",100690,483,"Leaves",2017,5,30,150,2457904,15,2017,5,30,150,2457904,NA
17061,35.074306,-92.462051,93,"AR",784,"Aesculus","pavia","red buckeye","Plantae",100690,498,"Colored leaves",2017,3,16,75,2457829,7,2017,3,16,75,2457829,14
17061,35.074306,-92.462051,93,"AR",784,"Aesculus","pavia","red buckeye","Plantae",100690,500,"Flowers or flower buds",2017,3,16,75,2457829,7,2017,5,4,124,2457878,11
17061,35.074306,-92.462051,93,"AR",784,"Aesculus","pavia","red buckeye","Plantae",100690,501,"Open flowers",2017,4,6,96,2457850,7,2017,5,4,124,2457878,11
17061,35.074306,-92.462051,93,"AR",784,"Aesculus","pavia","red buckeye","Plantae",100690,516,"Fruits",2017,5,15,135,2457889,18,2017,5,15,135,2457889,15
22681,39.167427,-84.548431,190,"OH",784,"Aesculus","pavia","red buckeye","Plantae",101843,390,"Ripe fruits",2017,9,5,248,2458002,15,2017,9,17,260,2458014,9
22681,39.167427,-84.548431,190,"OH",784,"Aesculus","pavia","red buckeye","Plantae",101843,467,"Increasing leaf size",2017,4,5,95,2457849,NA,2017,4,21,111,2457865,10
22681,39.167427,-84.548431,190,"OH",784,"Aesculus","pavia","red buckeye","Plantae",101843,471,"Falling leaves",2017,9,5,248,2458002,15,2017,9,26,269,2458023,31
22681,39.167427,-84.548431,190,"OH",784,"Aesculus","pavia","red buckeye","Plantae",101843,483,"Leaves",2017,4,5,95,2457849,NA,2017,4,7,97,2457851,5
22681,39.167427,-84.548431,190,"OH",784,"Aesculus","pavia","red buckeye","Plantae",101843,498,"Colored leaves",2017,9,5,248,2458002,15,2017,9,17,260,2458014,9
22681,39.167427,-84.548431,190,"OH",784,"Aesculus","pavia","red buckeye","Plantae",101843,500,"Flowers or flower buds",2017,4,5,95,2457849,NA,2017,4,21,111,2457865,10
22681,39.167427,-84.548431,190,"OH",784,"Aesculus","pavia","red buckeye","Plantae",101843,501,"Open flowers",2017,4,12,102,2457856,5,2017,5,1,121,2457875,14
22681,39.167427,-84.548431,190,"OH",784,"Aesculus","pavia","red buckeye","Plantae",101843,504,"Recent fruit or seed drop",2017,9,5,248,2458002,15,2017,9,26,269,2458023,31
22681,39.167427,-84.548431,190,"OH",784,"Aesculus","pavia","red buckeye","Plantae",101843,516,"Fruits",2017,5,15,135,2457889,14,2017,9,17,260,2458014,9
23294,45.919209,-89.250771,495,"WI",147,"Aquilegia","canadensis","red columbine","Plantae",107409,482,"Initial growth (forbs)",2017,5,17,137,2457891,NA,2017,5,17,137,2457891,NA
23294,45.919209,-89.250771,495,"WI",147,"Aquilegia","canadensis","red columbine","Plantae",107409,488,"Leaves (forbs)",2017,5,17,137,2457891,NA,2017,5,17,137,2457891,NA
24164,40.665085,-73.963432,17,"NY",784,"Aesculus","pavia","red buckeye","Plantae",114555,371,"Breaking leaf buds",2017,2,23,54,2457808,NA,2017,4,11,101,2457855,163
24164,40.665085,-73.963432,17,"NY",784,"Aesculus","pavia","red buckeye","Plantae",114555,390,"Ripe fruits",2017,9,21,264,2458018,163,2017,10,4,277,2458031,NA
24164,40.665085,-73.963432,17,"NY",784,"Aesculus","pavia","red buckeye","Plantae",114555,483,"Leaves",2017,9,21,264,2458018,163,2017,10,4,277,2458031,NA
24164,40.665085,-73.963432,17,"NY",784,"Aesculus","pavia","red buckeye","Plantae",114555,498,"Colored leaves",2017,10,4,277,2458031,13,2017,10,4,277,2458031,NA
24164,40.665085,-73.963432,17,"NY",784,"Aesculus","pavia","red buckeye","Plantae",114555,504,"Recent fruit or seed drop",2017,9,21,264,2458018,163,2017,10,4,277,2458031,NA
24164,40.665085,-73.963432,17,"NY",784,"Aesculus","pavia","red buckeye","Plantae",114555,516,"Fruits",2017,9,21,264,2458018,163,2017,10,4,277,2458031,NA
23676,46.996738,-94.696556,426,"MN",147,"Aquilegia","canadensis","red columbine","Plantae",115715,390,"Ripe fruits",2017,7,2,183,2457937,NA,2017,8,31,243,2457997,NA
23676,46.996738,-94.696556,426,"MN",147,"Aquilegia","canadensis","red columbine","Plantae",115715,482,"Initial growth (forbs)",2017,4,19,109,2457863,NA,2017,5,23,143,2457897,NA
23676,46.996738,-94.696556,426,"MN",147,"Aquilegia","canadensis","red columbine","Plantae",115715,488,"Leaves (forbs)",2017,4,19,109,2457863,NA,2017,8,17,229,2457983,7
23676,46.996738,-94.696556,426,"MN",147,"Aquilegia","canadensis","red columbine","Plantae",115715,500,"Flowers or flower buds",2017,5,14,134,2457888,3,2017,7,20,201,2457955,9
23676,46.996738,-94.696556,426,"MN",147,"Aquilegia","canadensis","red columbine","Plantae",115715,500,"Flowers or flower buds",2017,8,8,220,2457974,10,2017,8,8,220,2457974,9
23676,46.996738,-94.696556,426,"MN",147,"Aquilegia","canadensis","red columbine","Plantae",115715,501,"Open flowers",2017,5,19,139,2457893,5,2017,7,20,201,2457955,NA
23676,46.996738,-94.696556,426,"MN",147,"Aquilegia","canadensis","red columbine","Plantae",115715,504,"Recent fruit or seed drop",2017,7,9,190,2457944,NA,2017,8,31,243,2457997,NA
23676,46.996738,-94.696556,426,"MN",147,"Aquilegia","canadensis","red columbine","Plantae",115715,516,"Fruits",2017,6,26,177,2457931,9,2017,8,31,243,2457997,NA
25169,30.204744,-93.223564,4,"LA",784,"Aesculus","pavia","red buckeye","Plantae",120456,371,"Breaking leaf buds",2017,1,20,20,2457774,NA,2017,1,20,20,2457774,16
25169,30.204744,-93.223564,4,"LA",784,"Aesculus","pavia","red buckeye","Plantae",120456,467,"Increasing leaf size",2017,2,5,36,2457790,16,2017,2,5,36,2457790,NA
25169,30.204744,-93.223564,4,"LA",784,"Aesculus","pavia","red buckeye","Plantae",120456,483,"Leaves",2017,2,5,36,2457790,16,2017,2,5,36,2457790,NA
25442,38.856335,-77.234962,105,"VA",147,"Aquilegia","canadensis","red columbine","Plantae",122883,390,"Ripe fruits",2017,6,17,168,2457922,40,2017,6,17,168,2457922,NA
25442,38.856335,-77.234962,105,"VA",147,"Aquilegia","canadensis","red columbine","Plantae",122883,482,"Initial growth (forbs)",2017,4,14,104,2457858,NA,2017,5,8,128,2457882,40
25442,38.856335,-77.234962,105,"VA",147,"Aquilegia","canadensis","red columbine","Plantae",122883,488,"Leaves (forbs)",2017,4,14,104,2457858,NA,2017,6,17,168,2457922,NA
25442,38.856335,-77.234962,105,"VA",147,"Aquilegia","canadensis","red columbine","Plantae",122883,500,"Flowers or flower buds",2017,4,20,110,2457864,6,2017,6,17,168,2457922,NA
25442,38.856335,-77.234962,105,"VA",147,"Aquilegia","canadensis","red columbine","Plantae",122883,501,"Open flowers",2017,4,20,110,2457864,6,2017,6,17,168,2457922,NA
25442,38.856335,-77.234962,105,"VA",147,"Aquilegia","canadensis","red columbine","Plantae",122883,504,"Recent fruit or seed drop",2017,6,17,168,2457922,40,2017,6,17,168,2457922,NA
25442,38.856335,-77.234962,105,"VA",147,"Aquilegia","canadensis","red columbine","Plantae",122883,516,"Fruits",2017,6,17,168,2457922,40,2017,6,17,168,2457922,NA
25450,36.380558,-94.222557,384,"AR",147,"Aquilegia","canadensis","red columbine","Plantae",122937,482,"Initial growth (forbs)",2017,2,26,57,2457811,NA,2017,2,26,57,2457811,21
25450,36.380558,-94.222557,384,"AR",147,"Aquilegia","canadensis","red columbine","Plantae",122937,488,"Leaves (forbs)",2017,3,19,78,2457832,21,2017,3,19,78,2457832,NA
19187,35.84726,-83.453552,328,"TN",147,"Aquilegia","canadensis","red columbine","Plantae",123334,390,"Ripe fruits",2017,5,19,139,2457893,27,2017,5,19,139,2457893,NA
19187,35.84726,-83.453552,328,"TN",147,"Aquilegia","canadensis","red columbine","Plantae",123334,482,"Initial growth (forbs)",2017,2,21,52,2457806,NA,2017,2,21,52,2457806,21
19187,35.84726,-83.453552,328,"TN",147,"Aquilegia","canadensis","red columbine","Plantae",123334,488,"Leaves (forbs)",2017,2,21,52,2457806,NA,2017,5,19,139,2457893,NA
19187,35.84726,-83.453552,328,"TN",147,"Aquilegia","canadensis","red columbine","Plantae",123334,500,"Flowers or flower buds",2017,3,14,73,2457827,21,2017,5,19,139,2457893,NA
19187,35.84726,-83.453552,328,"TN",147,"Aquilegia","canadensis","red columbine","Plantae",123334,501,"Open flowers",2017,4,2,92,2457846,9,2017,5,19,139,2457893,NA
19187,35.84726,-83.453552,328,"TN",147,"Aquilegia","canadensis","red columbine","Plantae",123334,504,"Recent fruit or seed drop",2017,5,19,139,2457893,27,2017,5,19,139,2457893,NA
19187,35.84726,-83.453552,328,"TN",147,"Aquilegia","canadensis","red columbine","Plantae",123334,516,"Fruits",2017,4,13,103,2457857,11,2017,5,19,139,2457893,NA
6242,43.348259,-70.546036,5,"ME",147,"Aquilegia","canadensis","red columbine","Plantae",126285,390,"Ripe fruits",2017,7,5,186,2457940,8,2017,8,21,233,2457987,NA
6242,43.348259,-70.546036,5,"ME",147,"Aquilegia","canadensis","red columbine","Plantae",126285,482,"Initial growth (forbs)",2017,4,18,108,2457862,NA,2017,4,18,108,2457862,6
6242,43.348259,-70.546036,5,"ME",147,"Aquilegia","canadensis","red columbine","Plantae",126285,482,"Initial growth (forbs)",2017,5,1,121,2457875,4,2017,5,16,136,2457890,3
6242,43.348259,-70.546036,5,"ME",147,"Aquilegia","canadensis","red columbine","Plantae",126285,488,"Leaves (forbs)",2017,5,1,121,2457875,4,2017,8,21,233,2457987,NA
6242,43.348259,-70.546036,5,"ME",147,"Aquilegia","canadensis","red columbine","Plantae",126285,500,"Flowers or flower buds",2017,5,24,144,2457898,5,2017,6,8,159,2457913,4
6242,43.348259,-70.546036,5,"ME",147,"Aquilegia","canadensis","red columbine","Plantae",126285,500,"Flowers or flower buds",2017,6,22,173,2457927,3,2017,6,27,178,2457932,8
6242,43.348259,-70.546036,5,"ME",147,"Aquilegia","canadensis","red columbine","Plantae",126285,501,"Open flowers",2017,6,27,178,2457932,5,2017,6,27,178,2457932,8
6242,43.348259,-70.546036,5,"ME",147,"Aquilegia","canadensis","red columbine","Plantae",126285,504,"Recent fruit or seed drop",2017,7,5,186,2457940,8,2017,7,5,186,2457940,5
6242,43.348259,-70.546036,5,"ME",147,"Aquilegia","canadensis","red columbine","Plantae",126285,504,"Recent fruit or seed drop",2017,7,24,205,2457959,7,2017,8,21,233,2457987,NA
6242,43.348259,-70.546036,5,"ME",147,"Aquilegia","canadensis","red columbine","Plantae",126285,516,"Fruits",2017,7,5,186,2457940,8,2017,8,21,233,2457987,NA
25869,32.673393,-93.031845,111,"LA",784,"Aesculus","pavia","red buckeye","Plantae",127290,467,"Increasing leaf size",2017,3,15,74,2457828,NA,2017,4,9,99,2457853,NA
25869,32.673393,-93.031845,111,"LA",784,"Aesculus","pavia","red buckeye","Plantae",127290,483,"Leaves",2017,3,4,63,2457817,NA,2017,4,9,99,2457853,NA
25869,32.673393,-93.031845,111,"LA",784,"Aesculus","pavia","red buckeye","Plantae",127290,500,"Flowers or flower buds",2017,3,22,81,2457835,10,2017,3,30,89,2457843,NA
25869,32.673393,-93.031845,111,"LA",784,"Aesculus","pavia","red buckeye","Plantae",127290,501,"Open flowers",2017,4,9,99,2457853,NA,2017,4,9,99,2457853,NA
25452,35.182804,-80.857506,209,"NC",784,"Aesculus","pavia","red buckeye","Plantae",127472,371,"Breaking leaf buds",2017,3,5,64,2457818,NA,2017,3,5,64,2457818,28
25452,35.182804,-80.857506,209,"NC",784,"Aesculus","pavia","red buckeye","Plantae",127472,467,"Increasing leaf size",2017,3,26,85,2457839,21,2017,4,2,92,2457846,NA
25452,35.182804,-80.857506,209,"NC",784,"Aesculus","pavia","red buckeye","Plantae",127472,483,"Leaves",2017,4,2,92,2457846,28,2017,4,2,92,2457846,NA
25452,35.182804,-80.857506,209,"NC",784,"Aesculus","pavia","red buckeye","Plantae",127472,500,"Flowers or flower buds",2017,3,26,85,2457839,21,2017,4,2,92,2457846,NA
25797,30.376991,-97.76033,249,"TX",784,"Aesculus","pavia","red buckeye","Plantae",128146,371,"Breaking leaf buds",2017,3,7,66,2457820,NA,2017,3,7,66,2457820,NA
25797,30.376991,-97.76033,249,"TX",784,"Aesculus","pavia","red buckeye","Plantae",128146,500,"Flowers or flower buds",2017,3,7,66,2457820,NA,2017,3,7,66,2457820,NA
25797,30.376991,-97.76033,249,"TX",784,"Aesculus","pavia","red buckeye","Plantae",128146,501,"Open flowers",2017,3,7,66,2457820,NA,2017,3,7,66,2457820,NA
747,38.949142,-92.350006,210,"MO",784,"Aesculus","pavia","red buckeye","Plantae",128176,371,"Breaking leaf buds",2017,3,17,76,2457830,8,2017,3,17,76,2457830,17
747,38.949142,-92.350006,210,"MO",784,"Aesculus","pavia","red buckeye","Plantae",128176,467,"Increasing leaf size",2017,4,3,93,2457847,17,2017,4,3,93,2457847,NA
747,38.949142,-92.350006,210,"MO",784,"Aesculus","pavia","red buckeye","Plantae",128176,483,"Leaves",2017,4,3,93,2457847,17,2017,4,3,93,2457847,NA
747,38.949142,-92.350006,210,"MO",784,"Aesculus","pavia","red buckeye","Plantae",128176,500,"Flowers or flower buds",2017,4,3,93,2457847,17,2017,4,3,93,2457847,NA
747,38.949142,-92.350006,210,"MO",784,"Aesculus","pavia","red buckeye","Plantae",128177,371,"Breaking leaf buds",2017,4,3,93,2457847,17,2017,4,3,93,2457847,NA
747,38.949142,-92.350006,210,"MO",784,"Aesculus","pavia","red buckeye","Plantae",128177,467,"Increasing leaf size",2017,4,3,93,2457847,17,2017,4,3,93,2457847,NA
747,38.949142,-92.350006,210,"MO",784,"Aesculus","pavia","red buckeye","Plantae",128177,483,"Leaves",2017,4,3,93,2457847,17,2017,4,3,93,2457847,NA
25032,43.745033,-92.307137,369,"MN",147,"Aquilegia","canadensis","red columbine","Plantae",136984,482,"Initial growth (forbs)",2017,5,3,123,2457877,NA,2017,5,3,123,2457877,NA
25032,43.745033,-92.307137,369,"MN",147,"Aquilegia","canadensis","red columbine","Plantae",136984,488,"Leaves (forbs)",2017,5,3,123,2457877,NA,2017,5,3,123,2457877,NA
25032,43.745033,-92.307137,369,"MN",147,"Aquilegia","canadensis","red columbine","Plantae",136984,500,"Flowers or flower buds",2017,5,3,123,2457877,NA,2017,5,3,123,2457877,NA
25032,43.745033,-92.307137,369,"MN",147,"Aquilegia","canadensis","red columbine","Plantae",136984,501,"Open flowers",2017,5,3,123,2457877,NA,2017,5,3,123,2457877,NA
26649,39.647892,-104.88842,1675,"CO",147,"Aquilegia","canadensis","red columbine","Plantae",137024,482,"Initial growth (forbs)",2017,5,5,125,2457879,NA,2017,5,5,125,2457879,NA
26649,39.647892,-104.88842,1675,"CO",147,"Aquilegia","canadensis","red columbine","Plantae",137024,488,"Leaves (forbs)",2017,5,5,125,2457879,NA,2017,5,5,125,2457879,NA
26649,39.647892,-104.88842,1675,"CO",147,"Aquilegia","canadensis","red columbine","Plantae",137024,500,"Flowers or flower buds",2017,5,5,125,2457879,NA,2017,5,5,125,2457879,NA
22851,46.917908,-94.897476,439,"MN",147,"Aquilegia","canadensis","red columbine","Plantae",142078,390,"Ripe fruits",2017,8,7,219,2457973,NA,2017,8,7,219,2457973,NA
22851,46.917908,-94.897476,439,"MN",147,"Aquilegia","canadensis","red columbine","Plantae",142078,488,"Leaves (forbs)",2017,8,7,219,2457973,NA,2017,8,7,219,2457973,NA
22851,46.917908,-94.897476,439,"MN",147,"Aquilegia","canadensis","red columbine","Plantae",142078,501,"Open flowers",2017,8,7,219,2457973,NA,2017,8,7,219,2457973,NA
22851,46.917908,-94.897476,439,"MN",147,"Aquilegia","canadensis","red columbine","Plantae",142078,504,"Recent fruit or seed drop",2017,8,7,219,2457973,NA,2017,8,7,219,2457973,NA
22851,46.917908,-94.897476,439,"MN",147,"Aquilegia","canadensis","red columbine","Plantae",142078,516,"Fruits",2017,8,7,219,2457973,NA,2017,8,7,219,2457973,NA
36439,39.026203,-76.79895,47,"MD",147,"Aquilegia","canadensis","red columbine","Plantae",224421,390,"Ripe fruits",2017,5,14,134,2457888,NA,2017,5,27,147,2457901,NA
36439,39.026203,-76.79895,47,"MD",147,"Aquilegia","canadensis","red columbine","Plantae",224421,500,"Flowers or flower buds",2017,4,14,104,2457858,NA,2017,4,14,104,2457858,NA
36439,39.026203,-76.79895,47,"MD",147,"Aquilegia","canadensis","red columbine","Plantae",224421,501,"Open flowers",2017,4,14,104,2457858,NA,2017,4,14,104,2457858,NA
36439,39.026203,-76.79895,47,"MD",147,"Aquilegia","canadensis","red columbine","Plantae",224421,516,"Fruits",2017,5,14,134,2457888,NA,2017,5,27,147,2457901,NA
2394,45.425339,-93.186249,278,"MN",147,"Aquilegia","canadensis","red columbine","Plantae",3818,390,"Ripe fruits",2018,7,6,187,2458306,15,2018,7,6,187,2458306,11
2394,45.425339,-93.186249,278,"MN",147,"Aquilegia","canadensis","red columbine","Plantae",3818,482,"Initial growth (forbs)",2018,5,16,136,2458255,9,2018,5,16,136,2458255,7
2394,45.425339,-93.186249,278,"MN",147,"Aquilegia","canadensis","red columbine","Plantae",3818,488,"Leaves (forbs)",2018,5,16,136,2458255,9,2018,8,9,221,2458340,7
2394,45.425339,-93.186249,278,"MN",147,"Aquilegia","canadensis","red columbine","Plantae",3818,500,"Flowers or flower buds",2018,5,23,143,2458262,7,2018,6,13,164,2458283,8
2394,45.425339,-93.186249,278,"MN",147,"Aquilegia","canadensis","red columbine","Plantae",3818,501,"Open flowers",2018,5,29,149,2458268,6,2018,6,13,164,2458283,8
2394,45.425339,-93.186249,278,"MN",147,"Aquilegia","canadensis","red columbine","Plantae",3818,504,"Recent fruit or seed drop",2018,7,6,187,2458306,15,2018,7,6,187,2458306,11
2394,45.425339,-93.186249,278,"MN",147,"Aquilegia","canadensis","red columbine","Plantae",3818,516,"Fruits",2018,6,13,164,2458283,8,2018,7,6,187,2458306,11
2099,58.402012,-134.588974,18,"AK",147,"Aquilegia","canadensis","red columbine","Plantae",4262,500,"Flowers or flower buds",2018,6,8,159,2458278,NA,2018,6,8,159,2458278,NA
6242,43.348259,-70.546036,5,"ME",147,"Aquilegia","canadensis","red columbine","Plantae",16523,390,"Ripe fruits",2018,6,26,177,2458296,8,2018,7,20,201,2458320,4
6242,43.348259,-70.546036,5,"ME",147,"Aquilegia","canadensis","red columbine","Plantae",16523,482,"Initial growth (forbs)",2018,4,24,114,2458233,NA,2018,4,24,114,2458233,3
6242,43.348259,-70.546036,5,"ME",147,"Aquilegia","canadensis","red columbine","Plantae",16523,488,"Leaves (forbs)",2018,4,24,114,2458233,NA,2018,7,20,201,2458320,4
6242,43.348259,-70.546036,5,"ME",147,"Aquilegia","canadensis","red columbine","Plantae",16523,488,"Leaves (forbs)",2018,10,16,289,2458408,63,2018,10,16,289,2458408,NA
6242,43.348259,-70.546036,5,"ME",147,"Aquilegia","canadensis","red columbine","Plantae",16523,500,"Flowers or flower buds",2018,5,30,150,2458269,8,2018,6,7,158,2458277,11
6242,43.348259,-70.546036,5,"ME",147,"Aquilegia","canadensis","red columbine","Plantae",16523,501,"Open flowers",2018,6,7,158,2458277,8,2018,6,7,158,2458277,11
6242,43.348259,-70.546036,5,"ME",147,"Aquilegia","canadensis","red columbine","Plantae",16523,504,"Recent fruit or seed drop",2018,6,26,177,2458296,8,2018,6,26,177,2458296,3
6242,43.348259,-70.546036,5,"ME",147,"Aquilegia","canadensis","red columbine","Plantae",16523,504,"Recent fruit or seed drop",2018,7,3,184,2458303,4,2018,7,5,186,2458305,11
6242,43.348259,-70.546036,5,"ME",147,"Aquilegia","canadensis","red columbine","Plantae",16523,504,"Recent fruit or seed drop",2018,7,20,201,2458320,4,2018,7,20,201,2458320,4
6242,43.348259,-70.546036,5,"ME",147,"Aquilegia","canadensis","red columbine","Plantae",16523,516,"Fruits",2018,6,18,169,2458288,11,2018,7,20,201,2458320,4
6242,43.348259,-70.546036,5,"ME",147,"Aquilegia","canadensis","red columbine","Plantae",28506,488,"Leaves (forbs)",2018,4,27,117,2458236,NA,2018,10,16,289,2458408,NA
10585,41.433689,-81.693153,219,"OH",147,"Aquilegia","canadensis","red columbine","Plantae",45124,390,"Ripe fruits",2018,6,21,172,2458291,7,2018,7,5,186,2458305,7
10585,41.433689,-81.693153,219,"OH",147,"Aquilegia","canadensis","red columbine","Plantae",45124,482,"Initial growth (forbs)",2018,3,29,88,2458207,NA,2018,3,29,88,2458207,7
10585,41.433689,-81.693153,219,"OH",147,"Aquilegia","canadensis","red columbine","Plantae",45124,482,"Initial growth (forbs)",2018,4,12,102,2458221,7,2018,5,3,123,2458242,NA
10585,41.433689,-81.693153,219,"OH",147,"Aquilegia","canadensis","red columbine","Plantae",45124,488,"Leaves (forbs)",2018,4,18,108,2458227,6,2018,5,10,130,2458249,NA
10585,41.433689,-81.693153,219,"OH",147,"Aquilegia","canadensis","red columbine","Plantae",45124,500,"Flowers or flower buds",2018,5,10,130,2458249,7,2018,5,17,137,2458256,NA
10585,41.433689,-81.693153,219,"OH",147,"Aquilegia","canadensis","red columbine","Plantae",45124,501,"Open flowers",2018,5,24,144,2458263,7,2018,5,31,151,2458270,7
10585,41.433689,-81.693153,219,"OH",147,"Aquilegia","canadensis","red columbine","Plantae",45124,504,"Recent fruit or seed drop",2018,6,21,172,2458291,NA,2018,7,5,186,2458305,7
10585,41.433689,-81.693153,219,"OH",147,"Aquilegia","canadensis","red columbine","Plantae",45124,516,"Fruits",2018,5,31,151,2458270,7,2018,7,5,186,2458305,7
17574,40.863052,-73.881592,30,"NY",784,"Aesculus","pavia","red buckeye","Plantae",67637,371,"Breaking leaf buds",2018,4,8,98,2458217,14,2018,4,26,116,2458235,164
17574,40.863052,-73.881592,30,"NY",784,"Aesculus","pavia","red buckeye","Plantae",67637,390,"Ripe fruits",2018,10,7,280,2458399,138,2018,10,7,280,2458399,14
17574,40.863052,-73.881592,30,"NY",784,"Aesculus","pavia","red buckeye","Plantae",67637,467,"Increasing leaf size",2018,4,26,116,2458235,6,2018,5,22,142,2458261,138
17574,40.863052,-73.881592,30,"NY",784,"Aesculus","pavia","red buckeye","Plantae",67637,471,"Falling leaves",2018,10,7,280,2458399,138,2018,10,21,294,2458413,14
17574,40.863052,-73.881592,30,"NY",784,"Aesculus","pavia","red buckeye","Plantae",67637,483,"Leaves",2018,4,20,110,2458229,10,2018,10,21,294,2458413,14
17574,40.863052,-73.881592,30,"NY",784,"Aesculus","pavia","red buckeye","Plantae",67637,500,"Flowers or flower buds",2018,3,18,77,2458196,1,2018,3,18,77,2458196,4
17574,40.863052,-73.881592,30,"NY",784,"Aesculus","pavia","red buckeye","Plantae",67637,500,"Flowers or flower buds",2018,4,20,110,2458229,10,2018,5,22,142,2458261,138
17574,40.863052,-73.881592,30,"NY",784,"Aesculus","pavia","red buckeye","Plantae",67637,501,"Open flowers",2018,5,12,132,2458251,16,2018,5,22,142,2458261,138
17574,40.863052,-73.881592,30,"NY",784,"Aesculus","pavia","red buckeye","Plantae",67637,504,"Recent fruit or seed drop",2018,10,14,287,2458406,7,2018,10,21,294,2458413,14
17574,40.863052,-73.881592,30,"NY",784,"Aesculus","pavia","red buckeye","Plantae",67637,516,"Fruits",2018,5,22,142,2458261,10,2018,10,14,287,2458406,7
22681,39.167427,-84.548431,190,"OH",784,"Aesculus","pavia","red buckeye","Plantae",101843,371,"Breaking leaf buds",2018,4,9,99,2458218,NA,2018,4,9,99,2458218,8
22681,39.167427,-84.548431,190,"OH",784,"Aesculus","pavia","red buckeye","Plantae",101843,390,"Ripe fruits",2018,9,7,250,2458369,7,2018,10,5,278,2458397,4
22681,39.167427,-84.548431,190,"OH",784,"Aesculus","pavia","red buckeye","Plantae",101843,467,"Increasing leaf size",2018,4,17,107,2458226,8,2018,4,27,117,2458236,5
22681,39.167427,-84.548431,190,"OH",784,"Aesculus","pavia","red buckeye","Plantae",101843,471,"Falling leaves",2018,7,5,186,2458305,23,2018,10,9,282,2458401,16
22681,39.167427,-84.548431,190,"OH",784,"Aesculus","pavia","red buckeye","Plantae",101843,483,"Leaves",2018,4,17,107,2458226,8,2018,5,15,135,2458254,15
22681,39.167427,-84.548431,190,"OH",784,"Aesculus","pavia","red buckeye","Plantae",101843,483,"Leaves",2018,8,21,233,2458352,47,2018,8,31,243,2458362,7
22681,39.167427,-84.548431,190,"OH",784,"Aesculus","pavia","red buckeye","Plantae",101843,498,"Colored leaves",2018,8,21,233,2458352,47,2018,9,14,257,2458376,6
22681,39.167427,-84.548431,190,"OH",784,"Aesculus","pavia","red buckeye","Plantae",101843,500,"Flowers or flower buds",2018,4,17,107,2458226,8,2018,5,10,130,2458249,5
22681,39.167427,-84.548431,190,"OH",784,"Aesculus","pavia","red buckeye","Plantae",101843,501,"Open flowers",2018,5,2,122,2458241,5,2018,5,10,130,2458249,5
22681,39.167427,-84.548431,190,"OH",784,"Aesculus","pavia","red buckeye","Plantae",101843,504,"Recent fruit or seed drop",2018,9,20,263,2458382,6,2018,10,5,278,2458397,4
22681,39.167427,-84.548431,190,"OH",784,"Aesculus","pavia","red buckeye","Plantae",101843,516,"Fruits",2018,5,15,135,2458254,5,2018,10,5,278,2458397,4
24164,40.665085,-73.963432,17,"NY",784,"Aesculus","pavia","red buckeye","Plantae",114555,390,"Ripe fruits",2018,7,12,193,2458312,47,2018,7,12,193,2458312,6
24164,40.665085,-73.963432,17,"NY",784,"Aesculus","pavia","red buckeye","Plantae",114555,390,"Ripe fruits",2018,9,20,263,2458382,9,2018,10,23,296,2458415,9
24164,40.665085,-73.963432,17,"NY",784,"Aesculus","pavia","red buckeye","Plantae",114555,471,"Falling leaves",2018,9,20,263,2458382,9,2018,10,23,296,2458415,9
24164,40.665085,-73.963432,17,"NY",784,"Aesculus","pavia","red buckeye","Plantae",114555,483,"Leaves",2018,5,26,146,2458265,63,2018,10,23,296,2458415,9
24164,40.665085,-73.963432,17,"NY",784,"Aesculus","pavia","red buckeye","Plantae",114555,498,"Colored leaves",2018,9,20,263,2458382,9,2018,9,20,263,2458382,14
24164,40.665085,-73.963432,17,"NY",784,"Aesculus","pavia","red buckeye","Plantae",114555,498,"Colored leaves",2018,10,23,296,2458415,6,2018,10,23,296,2458415,9
24164,40.665085,-73.963432,17,"NY",784,"Aesculus","pavia","red buckeye","Plantae",114555,500,"Flowers or flower buds",2018,5,26,146,2458265,63,2018,5,26,146,2458265,47
24164,40.665085,-73.963432,17,"NY",784,"Aesculus","pavia","red buckeye","Plantae",114555,504,"Recent fruit or seed drop",2018,10,4,277,2458396,14,2018,10,23,296,2458415,9
24164,40.665085,-73.963432,17,"NY",784,"Aesculus","pavia","red buckeye","Plantae",114555,516,"Fruits",2018,7,12,193,2458312,110,2018,10,17,290,2458409,6
23676,46.996738,-94.696556,426,"MN",147,"Aquilegia","canadensis","red columbine","Plantae",115715,390,"Ripe fruits",2018,7,20,201,2458320,NA,2018,8,4,216,2458335,NA
23676,46.996738,-94.696556,426,"MN",147,"Aquilegia","canadensis","red columbine","Plantae",115715,482,"Initial growth (forbs)",2018,5,13,133,2458252,NA,2018,5,27,147,2458266,NA
23676,46.996738,-94.696556,426,"MN",147,"Aquilegia","canadensis","red columbine","Plantae",115715,488,"Leaves (forbs)",2018,5,13,133,2458252,NA,2018,8,4,216,2458335,21
23676,46.996738,-94.696556,426,"MN",147,"Aquilegia","canadensis","red columbine","Plantae",115715,500,"Flowers or flower buds",2018,5,27,147,2458266,4,2018,7,20,201,2458320,4
23676,46.996738,-94.696556,426,"MN",147,"Aquilegia","canadensis","red columbine","Plantae",115715,501,"Open flowers",2018,5,27,147,2458266,7,2018,7,20,201,2458320,NA
23676,46.996738,-94.696556,426,"MN",147,"Aquilegia","canadensis","red columbine","Plantae",115715,504,"Recent fruit or seed drop",2018,7,20,201,2458320,NA,2018,8,4,216,2458335,NA
23676,46.996738,-94.696556,426,"MN",147,"Aquilegia","canadensis","red columbine","Plantae",115715,516,"Fruits",2018,7,8,189,2458308,17,2018,8,4,216,2458335,NA
25442,38.856335,-77.234962,105,"VA",147,"Aquilegia","canadensis","red columbine","Plantae",122883,390,"Ripe fruits",2018,6,26,177,2458296,NA,2018,6,26,177,2458296,NA
25442,38.856335,-77.234962,105,"VA",147,"Aquilegia","canadensis","red columbine","Plantae",122883,488,"Leaves (forbs)",2018,6,26,177,2458296,NA,2018,6,26,177,2458296,NA
25442,38.856335,-77.234962,105,"VA",147,"Aquilegia","canadensis","red columbine","Plantae",122883,504,"Recent fruit or seed drop",2018,6,26,177,2458296,NA,2018,6,26,177,2458296,NA
19187,35.84726,-83.453552,328,"TN",147,"Aquilegia","canadensis","red columbine","Plantae",123334,482,"Initial growth (forbs)",2018,2,15,46,2458165,NA,2018,2,15,46,2458165,41
19187,35.84726,-83.453552,328,"TN",147,"Aquilegia","canadensis","red columbine","Plantae",123334,488,"Leaves (forbs)",2018,2,15,46,2458165,NA,2018,5,8,128,2458247,NA
19187,35.84726,-83.453552,328,"TN",147,"Aquilegia","canadensis","red columbine","Plantae",123334,500,"Flowers or flower buds",2018,3,28,87,2458206,41,2018,4,12,102,2458221,26
19187,35.84726,-83.453552,328,"TN",147,"Aquilegia","canadensis","red columbine","Plantae",123334,501,"Open flowers",2018,4,12,102,2458221,15,2018,4,12,102,2458221,26
19187,35.84726,-83.453552,328,"TN",147,"Aquilegia","canadensis","red columbine","Plantae",123334,516,"Fruits",2018,5,8,128,2458247,26,2018,5,8,128,2458247,NA
6242,43.348259,-70.546036,5,"ME",147,"Aquilegia","canadensis","red columbine","Plantae",126285,390,"Ripe fruits",2018,7,5,186,2458305,2,2018,7,5,186,2458305,11
6242,43.348259,-70.546036,5,"ME",147,"Aquilegia","canadensis","red columbine","Plantae",126285,488,"Leaves (forbs)",2018,4,27,117,2458236,NA,2018,10,16,289,2458408,NA
6242,43.348259,-70.546036,5,"ME",147,"Aquilegia","canadensis","red columbine","Plantae",126285,500,"Flowers or flower buds",2018,5,22,142,2458261,5,2018,6,7,158,2458277,11
6242,43.348259,-70.546036,5,"ME",147,"Aquilegia","canadensis","red columbine","Plantae",126285,501,"Open flowers",2018,5,30,150,2458269,8,2018,6,7,158,2458277,11
6242,43.348259,-70.546036,5,"ME",147,"Aquilegia","canadensis","red columbine","Plantae",126285,516,"Fruits",2018,6,7,158,2458277,8,2018,7,5,186,2458305,11
26649,39.647892,-104.88842,1675,"CO",147,"Aquilegia","canadensis","red columbine","Plantae",137024,482,"Initial growth (forbs)",2018,5,11,131,2458250,NA,2018,5,11,131,2458250,NA
26649,39.647892,-104.88842,1675,"CO",147,"Aquilegia","canadensis","red columbine","Plantae",137024,488,"Leaves (forbs)",2018,5,11,131,2458250,NA,2018,5,11,131,2458250,NA
28357,30.414719,-88.541824,3,"MS",784,"Aesculus","pavia","red buckeye","Plantae",147491,371,"Breaking leaf buds",2018,2,16,47,2458166,24,2018,2,16,47,2458166,18
28357,30.414719,-88.541824,3,"MS",784,"Aesculus","pavia","red buckeye","Plantae",147491,371,"Breaking leaf buds",2018,3,20,79,2458198,14,2018,3,20,79,2458198,14
28357,30.414719,-88.541824,3,"MS",784,"Aesculus","pavia","red buckeye","Plantae",147491,390,"Ripe fruits",2018,9,20,263,2458382,8,2018,9,20,263,2458382,30
28357,30.414719,-88.541824,3,"MS",784,"Aesculus","pavia","red buckeye","Plantae",147491,467,"Increasing leaf size",2018,3,6,65,2458184,18,2018,3,20,79,2458198,14
28357,30.414719,-88.541824,3,"MS",784,"Aesculus","pavia","red buckeye","Plantae",147491,467,"Increasing leaf size",2018,5,8,128,2458247,14,2018,5,8,128,2458247,65
28357,30.414719,-88.541824,3,"MS",784,"Aesculus","pavia","red buckeye","Plantae",147491,471,"Falling leaves",2018,8,29,241,2458360,48,2018,9,20,263,2458382,30
28357,30.414719,-88.541824,3,"MS",784,"Aesculus","pavia","red buckeye","Plantae",147491,471,"Falling leaves",2018,12,7,341,2458460,16,2018,12,7,341,2458460,14
28357,30.414719,-88.541824,3,"MS",784,"Aesculus","pavia","red buckeye","Plantae",147491,483,"Leaves",2018,3,6,65,2458184,18,2018,9,20,263,2458382,30
28357,30.414719,-88.541824,3,"MS",784,"Aesculus","pavia","red buckeye","Plantae",147491,483,"Leaves",2018,12,7,341,2458460,16,2018,12,7,341,2458460,14
28357,30.414719,-88.541824,3,"MS",784,"Aesculus","pavia","red buckeye","Plantae",147491,498,"Colored leaves",2018,8,29,241,2458360,48,2018,9,20,263,2458382,30
28357,30.414719,-88.541824,3,"MS",784,"Aesculus","pavia","red buckeye","Plantae",147491,498,"Colored leaves",2018,12,7,341,2458460,16,2018,12,7,341,2458460,14
28357,30.414719,-88.541824,3,"MS",784,"Aesculus","pavia","red buckeye","Plantae",147491,500,"Flowers or flower buds",2018,7,12,193,2458312,65,2018,8,29,241,2458360,7
28357,30.414719,-88.541824,3,"MS",784,"Aesculus","pavia","red buckeye","Plantae",147491,516,"Fruits",2018,7,12,193,2458312,65,2018,9,20,263,2458382,30
28357,30.414719,-88.541824,3,"MS",784,"Aesculus","pavia","red buckeye","Plantae",147493,371,"Breaking leaf buds",2018,1,23,23,2458142,NA,2018,2,16,47,2458166,32
28357,30.414719,-88.541824,3,"MS",784,"Aesculus","pavia","red buckeye","Plantae",147493,467,"Increasing leaf size",2018,2,16,47,2458166,24,2018,3,20,79,2458198,14
28357,30.414719,-88.541824,3,"MS",784,"Aesculus","pavia","red buckeye","Plantae",147493,471,"Falling leaves",2018,9,20,263,2458382,8,2018,11,21,325,2458444,16
28357,30.414719,-88.541824,3,"MS",784,"Aesculus","pavia","red buckeye","Plantae",147493,471,"Falling leaves",2018,12,21,355,2458474,14,2018,12,21,355,2458474,NA
28357,30.414719,-88.541824,3,"MS",784,"Aesculus","pavia","red buckeye","Plantae",147493,483,"Leaves",2018,2,16,47,2458166,24,2018,11,21,325,2458444,16
28357,30.414719,-88.541824,3,"MS",784,"Aesculus","pavia","red buckeye","Plantae",147493,498,"Colored leaves",2018,2,16,47,2458166,24,2018,2,16,47,2458166,32
28357,30.414719,-88.541824,3,"MS",784,"Aesculus","pavia","red buckeye","Plantae",147493,498,"Colored leaves",2018,8,29,241,2458360,48,2018,11,21,325,2458444,16
28357,30.414719,-88.541824,3,"MS",784,"Aesculus","pavia","red buckeye","Plantae",147493,500,"Flowers or flower buds",2018,2,16,47,2458166,24,2018,3,20,79,2458198,14
28357,30.414719,-88.541824,3,"MS",784,"Aesculus","pavia","red buckeye","Plantae",147493,500,"Flowers or flower buds",2018,7,12,193,2458312,51,2018,8,29,241,2458360,7
28357,30.414719,-88.541824,3,"MS",784,"Aesculus","pavia","red buckeye","Plantae",147493,501,"Open flowers",2018,3,6,65,2458184,18,2018,3,20,79,2458198,14
28357,30.414719,-88.541824,3,"MS",784,"Aesculus","pavia","red buckeye","Plantae",147493,504,"Recent fruit or seed drop",2018,4,3,93,2458212,14,2018,4,3,93,2458212,21
28357,30.414719,-88.541824,3,"MS",784,"Aesculus","pavia","red buckeye","Plantae",147493,516,"Fruits",2018,3,20,79,2458198,14,2018,4,3,93,2458212,21
28357,30.414719,-88.541824,3,"MS",784,"Aesculus","pavia","red buckeye","Plantae",147494,371,"Breaking leaf buds",2018,1,23,23,2458142,NA,2018,1,23,23,2458142,24
28357,30.414719,-88.541824,3,"MS",784,"Aesculus","pavia","red buckeye","Plantae",147494,371,"Breaking leaf buds",2018,3,20,79,2458198,32,2018,3,20,79,2458198,14
28357,30.414719,-88.541824,3,"MS",784,"Aesculus","pavia","red buckeye","Plantae",147494,467,"Increasing leaf size",2018,2,16,47,2458166,24,2018,3,20,79,2458198,14
28357,30.414719,-88.541824,3,"MS",784,"Aesculus","pavia","red buckeye","Plantae",147494,471,"Falling leaves",2018,9,5,248,2458367,7,2018,9,20,263,2458382,30
28357,30.414719,-88.541824,3,"MS",784,"Aesculus","pavia","red buckeye","Plantae",147494,483,"Leaves",2018,2,16,47,2458166,24,2018,9,20,263,2458382,30
28357,30.414719,-88.541824,3,"MS",784,"Aesculus","pavia","red buckeye","Plantae",147494,498,"Colored leaves",2018,2,16,47,2458166,24,2018,2,16,47,2458166,32
28357,30.414719,-88.541824,3,"MS",784,"Aesculus","pavia","red buckeye","Plantae",147494,498,"Colored leaves",2018,9,5,248,2458367,55,2018,9,20,263,2458382,30
28357,30.414719,-88.541824,3,"MS",784,"Aesculus","pavia","red buckeye","Plantae",147494,500,"Flowers or flower buds",2018,2,16,47,2458166,24,2018,3,6,65,2458184,14
28357,30.414719,-88.541824,3,"MS",784,"Aesculus","pavia","red buckeye","Plantae",147494,500,"Flowers or flower buds",2018,7,12,193,2458312,51,2018,8,29,241,2458360,7
28357,30.414719,-88.541824,3,"MS",784,"Aesculus","pavia","red buckeye","Plantae",147494,501,"Open flowers",2018,3,6,65,2458184,18,2018,3,6,65,2458184,14
28357,30.414719,-88.541824,3,"MS",784,"Aesculus","pavia","red buckeye","Plantae",147494,504,"Recent fruit or seed drop",2018,4,3,93,2458212,14,2018,4,3,93,2458212,21
28357,30.414719,-88.541824,3,"MS",784,"Aesculus","pavia","red buckeye","Plantae",147494,516,"Fruits",2018,3,20,79,2458198,14,2018,7,12,193,2458312,48
28664,38.699406,-90.304901,166,"MO",784,"Aesculus","pavia","red buckeye","Plantae",149923,371,"Breaking leaf buds",2018,4,12,102,2458221,35,2018,4,12,102,2458221,14
28664,38.699406,-90.304901,166,"MO",784,"Aesculus","pavia","red buckeye","Plantae",149923,467,"Increasing leaf size",2018,4,26,116,2458235,14,2018,4,26,116,2458235,5
28664,38.699406,-90.304901,166,"MO",784,"Aesculus","pavia","red buckeye","Plantae",149923,483,"Leaves",2018,4,12,102,2458221,35,2018,5,1,121,2458240,NA
28664,38.699406,-90.304901,166,"MO",784,"Aesculus","pavia","red buckeye","Plantae",149923,500,"Flowers or flower buds",2018,4,26,116,2458235,14,2018,5,1,121,2458240,NA
29404,40.686626,-73.934082,22,"NY",147,"Aquilegia","canadensis","red columbine","Plantae",155319,482,"Initial growth (forbs)",2018,3,1,60,2458179,NA,2018,3,1,60,2458179,NA
29404,40.686626,-73.934082,22,"NY",147,"Aquilegia","canadensis","red columbine","Plantae",155319,488,"Leaves (forbs)",2018,3,1,60,2458179,NA,2018,3,1,60,2458179,NA
29857,41.810211,-71.44944,26,"RI",147,"Aquilegia","canadensis","red columbine","Plantae",160736,482,"Initial growth (forbs)",2018,4,11,101,2458220,15,2018,4,27,117,2458236,NA
29857,41.810211,-71.44944,26,"RI",147,"Aquilegia","canadensis","red columbine","Plantae",160736,488,"Leaves (forbs)",2018,4,27,117,2458236,16,2018,4,27,117,2458236,NA
30092,41.81736,-71.464653,39,"RI",147,"Aquilegia","canadensis","red columbine","Plantae",160750,482,"Initial growth (forbs)",2018,4,11,101,2458220,15,2018,4,27,117,2458236,NA
30092,41.81736,-71.464653,39,"RI",147,"Aquilegia","canadensis","red columbine","Plantae",160750,488,"Leaves (forbs)",2018,4,11,101,2458220,15,2018,4,27,117,2458236,NA
28943,38.789921,-90.313004,170,"MO",147,"Aquilegia","canadensis","red columbine","Plantae",163674,482,"Initial growth (forbs)",2018,4,29,119,2458238,NA,2018,5,1,121,2458240,NA
28943,38.789921,-90.313004,170,"MO",147,"Aquilegia","canadensis","red columbine","Plantae",163674,488,"Leaves (forbs)",2018,4,29,119,2458238,NA,2018,5,1,121,2458240,NA
28943,38.789921,-90.313004,170,"MO",147,"Aquilegia","canadensis","red columbine","Plantae",163674,500,"Flowers or flower buds",2018,4,29,119,2458238,NA,2018,5,1,121,2458240,NA
28943,38.789921,-90.313004,170,"MO",147,"Aquilegia","canadensis","red columbine","Plantae",163674,501,"Open flowers",2018,5,1,121,2458240,2,2018,5,1,121,2458240,NA
30550,40.298672,-83.067963,279,"OH",147,"Aquilegia","canadensis","red columbine","Plantae",165040,390,"Ripe fruits",2018,6,20,171,2458290,23,2018,7,16,197,2458316,8
30550,40.298672,-83.067963,279,"OH",147,"Aquilegia","canadensis","red columbine","Plantae",165040,482,"Initial growth (forbs)",2018,7,24,205,2458324,8,2018,7,24,205,2458324,NA
30550,40.298672,-83.067963,279,"OH",147,"Aquilegia","canadensis","red columbine","Plantae",165040,488,"Leaves (forbs)",2018,5,8,128,2458247,NA,2018,7,16,197,2458316,8
30550,40.298672,-83.067963,279,"OH",147,"Aquilegia","canadensis","red columbine","Plantae",165040,500,"Flowers or flower buds",2018,5,8,128,2458247,NA,2018,5,28,148,2458267,23
30550,40.298672,-83.067963,279,"OH",147,"Aquilegia","canadensis","red columbine","Plantae",165040,501,"Open flowers",2018,5,13,133,2458252,5,2018,5,28,148,2458267,23
30550,40.298672,-83.067963,279,"OH",147,"Aquilegia","canadensis","red columbine","Plantae",165040,504,"Recent fruit or seed drop",2018,6,20,171,2458290,23,2018,7,16,197,2458316,8
30550,40.298672,-83.067963,279,"OH",147,"Aquilegia","canadensis","red columbine","Plantae",165040,516,"Fruits",2018,5,28,148,2458267,15,2018,7,16,197,2458316,8
36439,39.026203,-76.79895,47,"MD",147,"Aquilegia","canadensis","red columbine","Plantae",224421,390,"Ripe fruits",2018,6,11,162,2458281,NA,2018,6,18,169,2458288,NA
36439,39.026203,-76.79895,47,"MD",147,"Aquilegia","canadensis","red columbine","Plantae",224421,500,"Flowers or flower buds",2018,5,5,125,2458244,NA,2018,5,13,133,2458252,NA
36439,39.026203,-76.79895,47,"MD",147,"Aquilegia","canadensis","red columbine","Plantae",224421,501,"Open flowers",2018,5,5,125,2458244,NA,2018,5,13,133,2458252,NA
36439,39.026203,-76.79895,47,"MD",147,"Aquilegia","canadensis","red columbine","Plantae",224421,516,"Fruits",2018,6,11,162,2458281,NA,2018,6,18,169,2458288,NA
1559,39.289673,-123.373718,542,"CA",147,"Aquilegia","canadensis","red columbine","Plantae",2798,482,"Initial growth (forbs)",2019,5,1,121,2458605,NA,2019,5,1,121,2458605,NA
1559,39.289673,-123.373718,542,"CA",147,"Aquilegia","canadensis","red columbine","Plantae",2798,488,"Leaves (forbs)",2019,5,1,121,2458605,NA,2019,5,1,121,2458605,NA
1559,39.289673,-123.373718,542,"CA",147,"Aquilegia","canadensis","red columbine","Plantae",2798,500,"Flowers or flower buds",2019,5,1,121,2458605,NA,2019,5,1,121,2458605,NA
1559,39.289673,-123.373718,542,"CA",147,"Aquilegia","canadensis","red columbine","Plantae",2798,501,"Open flowers",2019,5,1,121,2458605,NA,2019,5,1,121,2458605,NA
2394,45.425339,-93.186249,278,"MN",147,"Aquilegia","canadensis","red columbine","Plantae",3817,390,"Ripe fruits",2019,7,13,194,2458678,21,2019,7,13,194,2458678,NA
2394,45.425339,-93.186249,278,"MN",147,"Aquilegia","canadensis","red columbine","Plantae",3817,488,"Leaves (forbs)",2019,6,7,158,2458642,NA,2019,7,13,194,2458678,NA
2394,45.425339,-93.186249,278,"MN",147,"Aquilegia","canadensis","red columbine","Plantae",3817,500,"Flowers or flower buds",2019,6,7,158,2458642,NA,2019,7,13,194,2458678,NA
2394,45.425339,-93.186249,278,"MN",147,"Aquilegia","canadensis","red columbine","Plantae",3817,501,"Open flowers",2019,6,7,158,2458642,NA,2019,7,13,194,2458678,NA
2394,45.425339,-93.186249,278,"MN",147,"Aquilegia","canadensis","red columbine","Plantae",3817,516,"Fruits",2019,6,22,173,2458657,9,2019,7,13,194,2458678,NA
2394,45.425339,-93.186249,278,"MN",147,"Aquilegia","canadensis","red columbine","Plantae",3818,390,"Ripe fruits",2019,7,13,194,2458678,7,2019,7,13,194,2458678,7
2394,45.425339,-93.186249,278,"MN",147,"Aquilegia","canadensis","red columbine","Plantae",3818,488,"Leaves (forbs)",2019,6,7,158,2458642,NA,2019,10,9,282,2458766,8
2394,45.425339,-93.186249,278,"MN",147,"Aquilegia","canadensis","red columbine","Plantae",3818,500,"Flowers or flower buds",2019,6,7,158,2458642,NA,2019,6,22,173,2458657,14
2394,45.425339,-93.186249,278,"MN",147,"Aquilegia","canadensis","red columbine","Plantae",3818,500,"Flowers or flower buds",2019,7,13,194,2458678,7,2019,7,13,194,2458678,7
2394,45.425339,-93.186249,278,"MN",147,"Aquilegia","canadensis","red columbine","Plantae",3818,501,"Open flowers",2019,6,7,158,2458642,NA,2019,6,22,173,2458657,14
2394,45.425339,-93.186249,278,"MN",147,"Aquilegia","canadensis","red columbine","Plantae",3818,501,"Open flowers",2019,7,13,194,2458678,7,2019,7,13,194,2458678,7
2394,45.425339,-93.186249,278,"MN",147,"Aquilegia","canadensis","red columbine","Plantae",3818,516,"Fruits",2019,6,22,173,2458657,9,2019,6,22,173,2458657,14
2394,45.425339,-93.186249,278,"MN",147,"Aquilegia","canadensis","red columbine","Plantae",3818,516,"Fruits",2019,7,13,194,2458678,7,2019,7,13,194,2458678,7
2394,45.425339,-93.186249,278,"MN",147,"Aquilegia","canadensis","red columbine","Plantae",3900,390,"Ripe fruits",2019,7,13,194,2458678,7,2019,7,13,194,2458678,7
2394,45.425339,-93.186249,278,"MN",147,"Aquilegia","canadensis","red columbine","Plantae",3900,488,"Leaves (forbs)",2019,6,7,158,2458642,NA,2019,10,9,282,2458766,8
2394,45.425339,-93.186249,278,"MN",147,"Aquilegia","canadensis","red columbine","Plantae",3900,500,"Flowers or flower buds",2019,6,7,158,2458642,NA,2019,6,22,173,2458657,14
2394,45.425339,-93.186249,278,"MN",147,"Aquilegia","canadensis","red columbine","Plantae",3900,500,"Flowers or flower buds",2019,7,13,194,2458678,7,2019,7,13,194,2458678,7
2394,45.425339,-93.186249,278,"MN",147,"Aquilegia","canadensis","red columbine","Plantae",3900,501,"Open flowers",2019,6,7,158,2458642,NA,2019,6,22,173,2458657,14
2394,45.425339,-93.186249,278,"MN",147,"Aquilegia","canadensis","red columbine","Plantae",3900,501,"Open flowers",2019,7,13,194,2458678,7,2019,7,13,194,2458678,7
2394,45.425339,-93.186249,278,"MN",147,"Aquilegia","canadensis","red columbine","Plantae",3900,516,"Fruits",2019,6,22,173,2458657,9,2019,6,22,173,2458657,14
2394,45.425339,-93.186249,278,"MN",147,"Aquilegia","canadensis","red columbine","Plantae",3900,516,"Fruits",2019,7,13,194,2458678,7,2019,7,13,194,2458678,7
6242,43.348259,-70.546036,5,"ME",147,"Aquilegia","canadensis","red columbine","Plantae",16523,390,"Ripe fruits",2019,7,17,198,2458682,8,2019,8,10,222,2458706,6
6242,43.348259,-70.546036,5,"ME",147,"Aquilegia","canadensis","red columbine","Plantae",16523,482,"Initial growth (forbs)",2019,4,25,115,2458599,NA,2019,5,28,148,2458632,6
6242,43.348259,-70.546036,5,"ME",147,"Aquilegia","canadensis","red columbine","Plantae",16523,488,"Leaves (forbs)",2019,4,25,115,2458599,NA,2019,8,16,228,2458712,7
6242,43.348259,-70.546036,5,"ME",147,"Aquilegia","canadensis","red columbine","Plantae",16523,488,"Leaves (forbs)",2019,9,4,247,2458731,12,2019,10,18,291,2458775,14
6242,43.348259,-70.546036,5,"ME",147,"Aquilegia","canadensis","red columbine","Plantae",16523,500,"Flowers or flower buds",2019,5,28,148,2458632,8,2019,7,1,182,2458666,8
6242,43.348259,-70.546036,5,"ME",147,"Aquilegia","canadensis","red columbine","Plantae",16523,501,"Open flowers",2019,6,11,162,2458646,8,2019,7,1,182,2458666,8
6242,43.348259,-70.546036,5,"ME",147,"Aquilegia","canadensis","red columbine","Plantae",16523,504,"Recent fruit or seed drop",2019,8,10,222,2458706,11,2019,8,16,228,2458712,7
6242,43.348259,-70.546036,5,"ME",147,"Aquilegia","canadensis","red columbine","Plantae",16523,516,"Fruits",2019,6,18,169,2458653,7,2019,8,10,222,2458706,6
6242,43.348259,-70.546036,5,"ME",147,"Aquilegia","canadensis","red columbine","Plantae",28506,390,"Ripe fruits",2019,7,17,198,2458682,8,2019,8,10,222,2458706,6
6242,43.348259,-70.546036,5,"ME",147,"Aquilegia","canadensis","red columbine","Plantae",28506,482,"Initial growth (forbs)",2019,5,28,148,2458632,8,2019,5,28,148,2458632,6
6242,43.348259,-70.546036,5,"ME",147,"Aquilegia","canadensis","red columbine","Plantae",28506,488,"Leaves (forbs)",2019,5,28,148,2458632,8,2019,5,28,148,2458632,6
6242,43.348259,-70.546036,5,"ME",147,"Aquilegia","canadensis","red columbine","Plantae",28506,488,"Leaves (forbs)",2019,6,11,162,2458646,8,2019,10,18,291,2458775,14
6242,43.348259,-70.546036,5,"ME",147,"Aquilegia","canadensis","red columbine","Plantae",28506,500,"Flowers or flower buds",2019,6,11,162,2458646,8,2019,7,1,182,2458666,8
6242,43.348259,-70.546036,5,"ME",147,"Aquilegia","canadensis","red columbine","Plantae",28506,501,"Open flowers",2019,6,11,162,2458646,8,2019,7,1,182,2458666,8
6242,43.348259,-70.546036,5,"ME",147,"Aquilegia","canadensis","red columbine","Plantae",28506,504,"Recent fruit or seed drop",2019,8,16,228,2458712,6,2019,8,16,228,2458712,7
6242,43.348259,-70.546036,5,"ME",147,"Aquilegia","canadensis","red columbine","Plantae",28506,504,"Recent fruit or seed drop",2019,9,20,263,2458747,16,2019,9,20,263,2458747,7
6242,43.348259,-70.546036,5,"ME",147,"Aquilegia","canadensis","red columbine","Plantae",28506,516,"Fruits",2019,6,18,169,2458653,7,2019,8,10,222,2458706,6
10585,41.433689,-81.693153,219,"OH",147,"Aquilegia","canadensis","red columbine","Plantae",45124,390,"Ripe fruits",2019,7,5,186,2458670,8,2019,7,11,192,2458676,5
10585,41.433689,-81.693153,219,"OH",147,"Aquilegia","canadensis","red columbine","Plantae",45124,482,"Initial growth (forbs)",2019,3,21,80,2458564,NA,2019,3,21,80,2458564,7
10585,41.433689,-81.693153,219,"OH",147,"Aquilegia","canadensis","red columbine","Plantae",45124,482,"Initial growth (forbs)",2019,4,4,94,2458578,7,2019,4,18,108,2458592,NA
10585,41.433689,-81.693153,219,"OH",147,"Aquilegia","canadensis","red columbine","Plantae",45124,488,"Leaves (forbs)",2019,4,11,101,2458585,7,2019,5,2,122,2458606,NA
10585,41.433689,-81.693153,219,"OH",147,"Aquilegia","canadensis","red columbine","Plantae",45124,500,"Flowers or flower buds",2019,5,9,129,2458613,21,2019,7,11,192,2458676,5
10585,41.433689,-81.693153,219,"OH",147,"Aquilegia","canadensis","red columbine","Plantae",45124,501,"Open flowers",2019,5,23,143,2458627,7,2019,5,30,150,2458634,7
10585,41.433689,-81.693153,219,"OH",147,"Aquilegia","canadensis","red columbine","Plantae",45124,501,"Open flowers",2019,6,13,164,2458648,7,2019,6,13,164,2458648,7
10585,41.433689,-81.693153,219,"OH",147,"Aquilegia","canadensis","red columbine","Plantae",45124,504,"Recent fruit or seed drop",2019,7,5,186,2458670,NA,2019,7,11,192,2458676,5
10585,41.433689,-81.693153,219,"OH",147,"Aquilegia","canadensis","red columbine","Plantae",45124,516,"Fruits",2019,5,30,150,2458634,7,2019,7,11,192,2458676,5
17574,40.863052,-73.881592,30,"NY",784,"Aesculus","pavia","red buckeye","Plantae",67637,371,"Breaking leaf buds",2019,4,7,97,2458581,21,2019,4,28,118,2458602,20
17574,40.863052,-73.881592,30,"NY",784,"Aesculus","pavia","red buckeye","Plantae",67637,390,"Ripe fruits",2019,9,1,244,2458728,99,2019,10,11,284,2458768,9
17574,40.863052,-73.881592,30,"NY",784,"Aesculus","pavia","red buckeye","Plantae",67637,467,"Increasing leaf size",2019,4,19,109,2458593,5,2019,5,25,145,2458629,62
17574,40.863052,-73.881592,30,"NY",784,"Aesculus","pavia","red buckeye","Plantae",67637,471,"Falling leaves",2019,9,8,251,2458735,7,2019,10,11,284,2458768,9
17574,40.863052,-73.881592,30,"NY",784,"Aesculus","pavia","red buckeye","Plantae",67637,483,"Leaves",2019,4,14,104,2458588,7,2019,10,11,284,2458768,9
17574,40.863052,-73.881592,30,"NY",784,"Aesculus","pavia","red buckeye","Plantae",67637,498,"Colored leaves",2019,10,11,284,2458768,16,2019,10,11,284,2458768,9
17574,40.863052,-73.881592,30,"NY",784,"Aesculus","pavia","red buckeye","Plantae",67637,500,"Flowers or flower buds",2019,4,14,104,2458588,7,2019,5,18,138,2458622,7
17574,40.863052,-73.881592,30,"NY",784,"Aesculus","pavia","red buckeye","Plantae",67637,501,"Open flowers",2019,4,28,118,2458602,9,2019,5,25,145,2458629,62
17574,40.863052,-73.881592,30,"NY",784,"Aesculus","pavia","red buckeye","Plantae",67637,504,"Recent fruit or seed drop",2019,10,11,284,2458768,16,2019,10,26,299,2458783,7
17574,40.863052,-73.881592,30,"NY",784,"Aesculus","pavia","red buckeye","Plantae",67637,516,"Fruits",2019,5,25,145,2458629,27,2019,10,11,284,2458768,9
22681,39.167427,-84.548431,190,"OH",784,"Aesculus","pavia","red buckeye","Plantae",101843,371,"Breaking leaf buds",2019,3,29,88,2458572,NA,2019,3,29,88,2458572,10
22681,39.167427,-84.548431,190,"OH",784,"Aesculus","pavia","red buckeye","Plantae",101843,390,"Ripe fruits",2019,9,9,252,2458736,21,2019,10,17,290,2458774,NA
22681,39.167427,-84.548431,190,"OH",784,"Aesculus","pavia","red buckeye","Plantae",101843,467,"Increasing leaf size",2019,4,8,98,2458582,10,2019,4,8,98,2458582,7
22681,39.167427,-84.548431,190,"OH",784,"Aesculus","pavia","red buckeye","Plantae",101843,471,"Falling leaves",2019,9,9,252,2458736,21,2019,10,11,284,2458768,6
22681,39.167427,-84.548431,190,"OH",784,"Aesculus","pavia","red buckeye","Plantae",101843,483,"Leaves",2019,4,8,98,2458582,10,2019,10,11,284,2458768,6
22681,39.167427,-84.548431,190,"OH",784,"Aesculus","pavia","red buckeye","Plantae",101843,498,"Colored leaves",2019,9,30,273,2458757,10,2019,10,11,284,2458768,6
22681,39.167427,-84.548431,190,"OH",784,"Aesculus","pavia","red buckeye","Plantae",101843,500,"Flowers or flower buds",2019,4,8,98,2458582,10,2019,5,2,122,2458606,12
22681,39.167427,-84.548431,190,"OH",784,"Aesculus","pavia","red buckeye","Plantae",101843,501,"Open flowers",2019,4,23,113,2458597,5,2019,5,2,122,2458606,12
22681,39.167427,-84.548431,190,"OH",784,"Aesculus","pavia","red buckeye","Plantae",101843,504,"Recent fruit or seed drop",2019,9,20,263,2458747,11,2019,10,17,290,2458774,NA
22681,39.167427,-84.548431,190,"OH",784,"Aesculus","pavia","red buckeye","Plantae",101843,516,"Fruits",2019,5,14,134,2458618,12,2019,10,17,290,2458774,NA
24164,40.665085,-73.963432,17,"NY",784,"Aesculus","pavia","red buckeye","Plantae",114555,371,"Breaking leaf buds",2019,4,10,100,2458584,21,2019,4,10,100,2458584,6
24164,40.665085,-73.963432,17,"NY",784,"Aesculus","pavia","red buckeye","Plantae",114555,467,"Increasing leaf size",2019,4,16,106,2458590,6,2019,4,23,113,2458597,6
24164,40.665085,-73.963432,17,"NY",784,"Aesculus","pavia","red buckeye","Plantae",114555,483,"Leaves",2019,4,16,106,2458590,6,2019,8,15,227,2458711,NA
24164,40.665085,-73.963432,17,"NY",784,"Aesculus","pavia","red buckeye","Plantae",114555,500,"Flowers or flower buds",2019,4,10,100,2458584,21,2019,5,7,127,2458611,9
24164,40.665085,-73.963432,17,"NY",784,"Aesculus","pavia","red buckeye","Plantae",114555,500,"Flowers or flower buds",2019,5,22,142,2458626,6,2019,5,22,142,2458626,7
24164,40.665085,-73.963432,17,"NY",784,"Aesculus","pavia","red buckeye","Plantae",114555,501,"Open flowers",2019,4,29,119,2458603,6,2019,5,16,136,2458620,6
24164,40.665085,-73.963432,17,"NY",784,"Aesculus","pavia","red buckeye","Plantae",114555,516,"Fruits",2019,5,29,149,2458633,7,2019,8,15,227,2458711,NA
23676,46.996738,-94.696556,426,"MN",147,"Aquilegia","canadensis","red columbine","Plantae",115715,390,"Ripe fruits",2019,7,20,201,2458685,28,2019,8,23,235,2458719,NA
23676,46.996738,-94.696556,426,"MN",147,"Aquilegia","canadensis","red columbine","Plantae",115715,482,"Initial growth (forbs)",2019,5,20,140,2458624,NA,2019,5,20,140,2458624,NA
23676,46.996738,-94.696556,426,"MN",147,"Aquilegia","canadensis","red columbine","Plantae",115715,488,"Leaves (forbs)",2019,5,20,140,2458624,NA,2019,8,8,220,2458704,NA
23676,46.996738,-94.696556,426,"MN",147,"Aquilegia","canadensis","red columbine","Plantae",115715,500,"Flowers or flower buds",2019,5,20,140,2458624,NA,2019,7,27,208,2458692,NA
23676,46.996738,-94.696556,426,"MN",147,"Aquilegia","canadensis","red columbine","Plantae",115715,501,"Open flowers",2019,5,31,151,2458635,3,2019,7,27,208,2458692,5
23676,46.996738,-94.696556,426,"MN",147,"Aquilegia","canadensis","red columbine","Plantae",115715,504,"Recent fruit or seed drop",2019,7,27,208,2458692,NA,2019,8,23,235,2458719,NA
23676,46.996738,-94.696556,426,"MN",147,"Aquilegia","canadensis","red columbine","Plantae",115715,516,"Fruits",2019,6,22,173,2458657,4,2019,8,23,235,2458719,NA
25442,38.856335,-77.234962,105,"VA",147,"Aquilegia","canadensis","red columbine","Plantae",122883,390,"Ripe fruits",2019,6,24,175,2458659,NA,2019,6,24,175,2458659,NA
25442,38.856335,-77.234962,105,"VA",147,"Aquilegia","canadensis","red columbine","Plantae",122883,488,"Leaves (forbs)",2019,6,24,175,2458659,NA,2019,6,24,175,2458659,NA
25442,38.856335,-77.234962,105,"VA",147,"Aquilegia","canadensis","red columbine","Plantae",122883,500,"Flowers or flower buds",2019,6,24,175,2458659,NA,2019,6,24,175,2458659,NA
25442,38.856335,-77.234962,105,"VA",147,"Aquilegia","canadensis","red columbine","Plantae",122883,501,"Open flowers",2019,6,24,175,2458659,NA,2019,6,24,175,2458659,NA
25442,38.856335,-77.234962,105,"VA",147,"Aquilegia","canadensis","red columbine","Plantae",122883,504,"Recent fruit or seed drop",2019,6,24,175,2458659,NA,2019,6,24,175,2458659,NA
25442,38.856335,-77.234962,105,"VA",147,"Aquilegia","canadensis","red columbine","Plantae",122883,516,"Fruits",2019,6,24,175,2458659,NA,2019,6,24,175,2458659,NA
19187,35.84726,-83.453552,328,"TN",147,"Aquilegia","canadensis","red columbine","Plantae",123334,482,"Initial growth (forbs)",2019,3,29,88,2458572,NA,2019,4,9,99,2458583,10
19187,35.84726,-83.453552,328,"TN",147,"Aquilegia","canadensis","red columbine","Plantae",123334,488,"Leaves (forbs)",2019,3,29,88,2458572,NA,2019,4,19,109,2458593,NA
19187,35.84726,-83.453552,328,"TN",147,"Aquilegia","canadensis","red columbine","Plantae",123334,500,"Flowers or flower buds",2019,4,9,99,2458583,11,2019,4,19,109,2458593,NA
19187,35.84726,-83.453552,328,"TN",147,"Aquilegia","canadensis","red columbine","Plantae",123334,501,"Open flowers",2019,4,9,99,2458583,11,2019,4,19,109,2458593,NA
19187,35.84726,-83.453552,328,"TN",147,"Aquilegia","canadensis","red columbine","Plantae",123334,516,"Fruits",2019,4,19,109,2458593,10,2019,4,19,109,2458593,NA
6242,43.348259,-70.546036,5,"ME",147,"Aquilegia","canadensis","red columbine","Plantae",126285,390,"Ripe fruits",2019,7,17,198,2458682,8,2019,8,10,222,2458706,6
6242,43.348259,-70.546036,5,"ME",147,"Aquilegia","canadensis","red columbine","Plantae",126285,482,"Initial growth (forbs)",2019,4,25,115,2458599,NA,2019,5,28,148,2458632,6
6242,43.348259,-70.546036,5,"ME",147,"Aquilegia","canadensis","red columbine","Plantae",126285,488,"Leaves (forbs)",2019,4,25,115,2458599,NA,2019,10,11,284,2458768,7
6242,43.348259,-70.546036,5,"ME",147,"Aquilegia","canadensis","red columbine","Plantae",126285,500,"Flowers or flower buds",2019,5,28,148,2458632,8,2019,7,1,182,2458666,8
6242,43.348259,-70.546036,5,"ME",147,"Aquilegia","canadensis","red columbine","Plantae",126285,501,"Open flowers",2019,6,11,162,2458646,8,2019,7,1,182,2458666,8
6242,43.348259,-70.546036,5,"ME",147,"Aquilegia","canadensis","red columbine","Plantae",126285,504,"Recent fruit or seed drop",2019,8,10,222,2458706,11,2019,8,16,228,2458712,7
6242,43.348259,-70.546036,5,"ME",147,"Aquilegia","canadensis","red columbine","Plantae",126285,516,"Fruits",2019,6,18,169,2458653,7,2019,8,10,222,2458706,6
28357,30.414719,-88.541824,3,"MS",784,"Aesculus","pavia","red buckeye","Plantae",147491,371,"Breaking leaf buds",2019,2,16,47,2458531,9,2019,2,28,59,2458543,21
28357,30.414719,-88.541824,3,"MS",784,"Aesculus","pavia","red buckeye","Plantae",147491,467,"Increasing leaf size",2019,2,16,47,2458531,9,2019,6,25,176,2458660,15
28357,30.414719,-88.541824,3,"MS",784,"Aesculus","pavia","red buckeye","Plantae",147491,471,"Falling leaves",2019,9,14,257,2458741,16,2019,10,10,283,2458767,7
28357,30.414719,-88.541824,3,"MS",784,"Aesculus","pavia","red buckeye","Plantae",147491,471,"Falling leaves",2019,10,23,296,2458780,6,2019,10,23,296,2458780,16
28357,30.414719,-88.541824,3,"MS",784,"Aesculus","pavia","red buckeye","Plantae",147491,483,"Leaves",2019,2,16,47,2458531,9,2019,5,16,136,2458620,4
28357,30.414719,-88.541824,3,"MS",784,"Aesculus","pavia","red buckeye","Plantae",147491,483,"Leaves",2019,6,25,176,2458660,36,2019,8,29,241,2458725,16
28357,30.414719,-88.541824,3,"MS",784,"Aesculus","pavia","red buckeye","Plantae",147491,483,"Leaves",2019,10,10,283,2458767,15,2019,10,10,283,2458767,7
28357,30.414719,-88.541824,3,"MS",784,"Aesculus","pavia","red buckeye","Plantae",147491,483,"Leaves",2019,10,23,296,2458780,6,2019,10,23,296,2458780,16
28357,30.414719,-88.541824,3,"MS",784,"Aesculus","pavia","red buckeye","Plantae",147491,498,"Colored leaves",2019,9,25,268,2458752,11,2019,10,10,283,2458767,7
28357,30.414719,-88.541824,3,"MS",784,"Aesculus","pavia","red buckeye","Plantae",147491,498,"Colored leaves",2019,10,23,296,2458780,6,2019,10,23,296,2458780,16
28357,30.414719,-88.541824,3,"MS",784,"Aesculus","pavia","red buckeye","Plantae",147491,500,"Flowers or flower buds",2019,2,7,38,2458522,5,2019,3,21,80,2458564,8
28357,30.414719,-88.541824,3,"MS",784,"Aesculus","pavia","red buckeye","Plantae",147491,501,"Open flowers",2019,3,21,80,2458564,21,2019,3,21,80,2458564,8
28357,30.414719,-88.541824,3,"MS",784,"Aesculus","pavia","red buckeye","Plantae",147491,516,"Fruits",2019,4,18,108,2458592,5,2019,4,27,117,2458601,14
28357,30.414719,-88.541824,3,"MS",784,"Aesculus","pavia","red buckeye","Plantae",147493,371,"Breaking leaf buds",2019,2,7,38,2458522,5,2019,2,7,38,2458522,9
28357,30.414719,-88.541824,3,"MS",784,"Aesculus","pavia","red buckeye","Plantae",147493,467,"Increasing leaf size",2019,2,16,47,2458531,9,2019,4,18,108,2458592,9
28357,30.414719,-88.541824,3,"MS",784,"Aesculus","pavia","red buckeye","Plantae",147493,467,"Increasing leaf size",2019,5,16,136,2458620,5,2019,6,25,176,2458660,15
28357,30.414719,-88.541824,3,"MS",784,"Aesculus","pavia","red buckeye","Plantae",147493,471,"Falling leaves",2019,9,14,257,2458741,16,2019,10,10,283,2458767,7
28357,30.414719,-88.541824,3,"MS",784,"Aesculus","pavia","red buckeye","Plantae",147493,471,"Falling leaves",2019,10,23,296,2458780,6,2019,10,23,296,2458780,16
28357,30.414719,-88.541824,3,"MS",784,"Aesculus","pavia","red buckeye","Plantae",147493,483,"Leaves",2019,2,16,47,2458531,9,2019,5,16,136,2458620,4
28357,30.414719,-88.541824,3,"MS",784,"Aesculus","pavia","red buckeye","Plantae",147493,483,"Leaves",2019,6,25,176,2458660,36,2019,8,29,241,2458725,16
28357,30.414719,-88.541824,3,"MS",784,"Aesculus","pavia","red buckeye","Plantae",147493,483,"Leaves",2019,10,10,283,2458767,15,2019,10,10,283,2458767,7
28357,30.414719,-88.541824,3,"MS",784,"Aesculus","pavia","red buckeye","Plantae",147493,483,"Leaves",2019,10,23,296,2458780,6,2019,10,23,296,2458780,16
28357,30.414719,-88.541824,3,"MS",784,"Aesculus","pavia","red buckeye","Plantae",147493,498,"Colored leaves",2019,8,1,213,2458697,7,2019,8,1,213,2458697,28
28357,30.414719,-88.541824,3,"MS",784,"Aesculus","pavia","red buckeye","Plantae",147493,498,"Colored leaves",2019,9,25,268,2458752,11,2019,10,10,283,2458767,7
28357,30.414719,-88.541824,3,"MS",784,"Aesculus","pavia","red buckeye","Plantae",147493,500,"Flowers or flower buds",2019,2,21,52,2458536,5,2019,3,21,80,2458564,8
28357,30.414719,-88.541824,3,"MS",784,"Aesculus","pavia","red buckeye","Plantae",147493,501,"Open flowers",2019,2,28,59,2458543,7,2019,3,21,80,2458564,8
28357,30.414719,-88.541824,3,"MS",784,"Aesculus","pavia","red buckeye","Plantae",147494,371,"Breaking leaf buds",2019,2,7,38,2458522,5,2019,2,16,47,2458531,5
28357,30.414719,-88.541824,3,"MS",784,"Aesculus","pavia","red buckeye","Plantae",147494,467,"Increasing leaf size",2019,2,16,47,2458531,9,2019,4,18,108,2458592,9
28357,30.414719,-88.541824,3,"MS",784,"Aesculus","pavia","red buckeye","Plantae",147494,467,"Increasing leaf size",2019,5,16,136,2458620,5,2019,6,25,176,2458660,15
28357,30.414719,-88.541824,3,"MS",784,"Aesculus","pavia","red buckeye","Plantae",147494,471,"Falling leaves",2019,9,14,257,2458741,16,2019,9,25,268,2458752,15
28357,30.414719,-88.541824,3,"MS",784,"Aesculus","pavia","red buckeye","Plantae",147494,483,"Leaves",2019,2,16,47,2458531,9,2019,5,16,136,2458620,4
28357,30.414719,-88.541824,3,"MS",784,"Aesculus","pavia","red buckeye","Plantae",147494,483,"Leaves",2019,6,25,176,2458660,36,2019,8,29,241,2458725,16
28357,30.414719,-88.541824,3,"MS",784,"Aesculus","pavia","red buckeye","Plantae",147494,498,"Colored leaves",2019,7,25,206,2458690,15,2019,8,1,213,2458697,44
28357,30.414719,-88.541824,3,"MS",784,"Aesculus","pavia","red buckeye","Plantae",147494,498,"Colored leaves",2019,9,25,268,2458752,11,2019,9,25,268,2458752,15
28357,30.414719,-88.541824,3,"MS",784,"Aesculus","pavia","red buckeye","Plantae",147494,500,"Flowers or flower buds",2019,2,16,47,2458531,9,2019,2,16,47,2458531,5
28943,38.789921,-90.313004,170,"MO",147,"Aquilegia","canadensis","red columbine","Plantae",163674,390,"Ripe fruits",2019,5,30,150,2458634,NA,2019,5,30,150,2458634,34
28943,38.789921,-90.313004,170,"MO",147,"Aquilegia","canadensis","red columbine","Plantae",163674,488,"Leaves (forbs)",2019,7,3,184,2458668,NA,2019,7,3,184,2458668,NA
28943,38.789921,-90.313004,170,"MO",147,"Aquilegia","canadensis","red columbine","Plantae",163674,501,"Open flowers",2019,5,30,150,2458634,NA,2019,5,30,150,2458634,34
28943,38.789921,-90.313004,170,"MO",147,"Aquilegia","canadensis","red columbine","Plantae",163674,504,"Recent fruit or seed drop",2019,7,3,184,2458668,34,2019,7,3,184,2458668,NA
30550,40.298672,-83.067963,279,"OH",147,"Aquilegia","canadensis","red columbine","Plantae",165040,482,"Initial growth (forbs)",2019,4,3,93,2458577,NA,2019,4,22,112,2458596,9
30550,40.298672,-83.067963,279,"OH",147,"Aquilegia","canadensis","red columbine","Plantae",165040,488,"Leaves (forbs)",2019,4,22,112,2458596,19,2019,6,19,170,2458654,NA
30550,40.298672,-83.067963,279,"OH",147,"Aquilegia","canadensis","red columbine","Plantae",165040,500,"Flowers or flower buds",2019,6,19,170,2458654,44,2019,6,19,170,2458654,NA
30550,40.298672,-83.067963,279,"OH",147,"Aquilegia","canadensis","red columbine","Plantae",165040,501,"Open flowers",2019,6,19,170,2458654,44,2019,6,19,170,2458654,NA
30550,40.298672,-83.067963,279,"OH",147,"Aquilegia","canadensis","red columbine","Plantae",165040,516,"Fruits",2019,6,19,170,2458654,44,2019,6,19,170,2458654,NA
31779,47.166275,-122.537384,74,"WA",147,"Aquilegia","canadensis","red columbine","Plantae",174095,482,"Initial growth (forbs)",2019,3,18,77,2458561,NA,2019,3,19,78,2458562,NA
31779,47.166275,-122.537384,74,"WA",147,"Aquilegia","canadensis","red columbine","Plantae",174095,488,"Leaves (forbs)",2019,3,19,78,2458562,1,2019,3,19,78,2458562,NA
30051,44.478752,-84.672668,364,"MI",147,"Aquilegia","canadensis","red columbine","Plantae",180165,482,"Initial growth (forbs)",2019,5,28,148,2458632,NA,2019,5,28,148,2458632,86
30051,44.478752,-84.672668,364,"MI",147,"Aquilegia","canadensis","red columbine","Plantae",180165,488,"Leaves (forbs)",2019,5,28,148,2458632,NA,2019,5,28,148,2458632,86
32655,30.167885,-93.229988,4,"LA",784,"Aesculus","pavia","red buckeye","Plantae",180858,371,"Breaking leaf buds",2019,2,13,44,2458528,7,2019,2,13,44,2458528,3
32655,30.167885,-93.229988,4,"LA",784,"Aesculus","pavia","red buckeye","Plantae",180858,467,"Increasing leaf size",2019,2,6,37,2458521,NA,2019,2,6,37,2458521,7
32655,30.167885,-93.229988,4,"LA",784,"Aesculus","pavia","red buckeye","Plantae",180858,471,"Falling leaves",2019,7,4,185,2458669,25,2019,7,6,187,2458671,7
32655,30.167885,-93.229988,4,"LA",784,"Aesculus","pavia","red buckeye","Plantae",180858,483,"Leaves",2019,2,6,37,2458521,NA,2019,7,6,187,2458671,7
32655,30.167885,-93.229988,4,"LA",784,"Aesculus","pavia","red buckeye","Plantae",180858,498,"Colored leaves",2019,6,9,160,2458644,54,2019,7,6,187,2458671,7
32655,30.167885,-93.229988,4,"LA",784,"Aesculus","pavia","red buckeye","Plantae",180858,500,"Flowers or flower buds",2019,2,6,37,2458521,NA,2019,3,21,80,2458564,80
32655,30.167885,-93.229988,4,"LA",784,"Aesculus","pavia","red buckeye","Plantae",180858,501,"Open flowers",2019,2,20,51,2458535,4,2019,3,21,80,2458564,80
32929,41.411491,-82.072891,209,"OH",147,"Aquilegia","canadensis","red columbine","Plantae",182280,482,"Initial growth (forbs)",2019,5,9,129,2458613,NA,2019,5,13,133,2458617,NA
32929,41.411491,-82.072891,209,"OH",147,"Aquilegia","canadensis","red columbine","Plantae",182280,488,"Leaves (forbs)",2019,5,9,129,2458613,NA,2019,5,13,133,2458617,NA
32929,41.411491,-82.072891,209,"OH",147,"Aquilegia","canadensis","red columbine","Plantae",182280,500,"Flowers or flower buds",2019,5,9,129,2458613,NA,2019,5,9,129,2458613,4
32929,41.411491,-82.072891,209,"OH",147,"Aquilegia","canadensis","red columbine","Plantae",182280,501,"Open flowers",2019,5,9,129,2458613,NA,2019,5,9,129,2458613,4
32833,40.184029,-82.91748,284,"OH",147,"Aquilegia","canadensis","red columbine","Plantae",186261,390,"Ripe fruits",2019,6,7,158,2458642,1,2019,6,7,158,2458642,1
32833,40.184029,-82.91748,284,"OH",147,"Aquilegia","canadensis","red columbine","Plantae",186261,390,"Ripe fruits",2019,6,13,164,2458648,1,2019,6,13,164,2458648,2
32833,40.184029,-82.91748,284,"OH",147,"Aquilegia","canadensis","red columbine","Plantae",186261,390,"Ripe fruits",2019,6,16,167,2458651,1,2019,7,14,195,2458679,1
32833,40.184029,-82.91748,284,"OH",147,"Aquilegia","canadensis","red columbine","Plantae",186261,482,"Initial growth (forbs)",2019,3,15,74,2458558,NA,2019,4,3,93,2458577,1
32833,40.184029,-82.91748,284,"OH",147,"Aquilegia","canadensis","red columbine","Plantae",186261,488,"Leaves (forbs)",2019,4,2,92,2458576,1,2019,11,19,323,2458807,NA
32833,40.184029,-82.91748,284,"OH",147,"Aquilegia","canadensis","red columbine","Plantae",186261,500,"Flowers or flower buds",2019,4,24,114,2458598,2,2019,6,15,166,2458650,1
32833,40.184029,-82.91748,284,"OH",147,"Aquilegia","canadensis","red columbine","Plantae",186261,501,"Open flowers",2019,5,3,123,2458607,1,2019,6,15,166,2458650,1
32833,40.184029,-82.91748,284,"OH",147,"Aquilegia","canadensis","red columbine","Plantae",186261,504,"Recent fruit or seed drop",2019,7,3,184,2458668,1,2019,7,6,187,2458671,1
32833,40.184029,-82.91748,284,"OH",147,"Aquilegia","canadensis","red columbine","Plantae",186261,504,"Recent fruit or seed drop",2019,7,8,189,2458673,1,2019,7,8,189,2458673,1
32833,40.184029,-82.91748,284,"OH",147,"Aquilegia","canadensis","red columbine","Plantae",186261,504,"Recent fruit or seed drop",2019,7,10,191,2458675,1,2019,7,14,195,2458679,1
32833,40.184029,-82.91748,284,"OH",147,"Aquilegia","canadensis","red columbine","Plantae",186261,504,"Recent fruit or seed drop",2019,7,16,197,2458681,1,2019,7,16,197,2458681,1
32833,40.184029,-82.91748,284,"OH",147,"Aquilegia","canadensis","red columbine","Plantae",186261,516,"Fruits",2019,5,26,146,2458630,17,2019,6,11,162,2458646,1
32833,40.184029,-82.91748,284,"OH",147,"Aquilegia","canadensis","red columbine","Plantae",186261,516,"Fruits",2019,6,13,164,2458648,1,2019,6,13,164,2458648,2
32833,40.184029,-82.91748,284,"OH",147,"Aquilegia","canadensis","red columbine","Plantae",186261,516,"Fruits",2019,6,16,167,2458651,1,2019,7,14,195,2458679,1
33468,43.27367,-70.594299,13,"ME",147,"Aquilegia","canadensis","red columbine","Plantae",189799,482,"Initial growth (forbs)",2019,5,2,122,2458606,31,2019,5,2,122,2458606,NA
33468,43.27367,-70.594299,13,"ME",147,"Aquilegia","canadensis","red columbine","Plantae",189799,488,"Leaves (forbs)",2019,5,2,122,2458606,31,2019,5,2,122,2458606,NA
34119,31.437109,-89.431396,75,"MS",784,"Aesculus","pavia","red buckeye","Plantae",198730,471,"Falling leaves",2019,5,19,139,2458623,NA,2019,5,19,139,2458623,NA
34119,31.437109,-89.431396,75,"MS",784,"Aesculus","pavia","red buckeye","Plantae",198730,483,"Leaves",2019,5,19,139,2458623,NA,2019,5,19,139,2458623,NA
34119,31.437109,-89.431396,75,"MS",784,"Aesculus","pavia","red buckeye","Plantae",198730,498,"Colored leaves",2019,5,19,139,2458623,NA,2019,5,19,139,2458623,NA
34119,31.437109,-89.431396,75,"MS",784,"Aesculus","pavia","red buckeye","Plantae",198730,516,"Fruits",2019,5,19,139,2458623,NA,2019,5,19,139,2458623,NA
34119,31.437109,-89.431396,75,"MS",784,"Aesculus","pavia","red buckeye","Plantae",198815,483,"Leaves",2019,5,19,139,2458623,NA,2019,5,19,139,2458623,NA
34119,31.437109,-89.431396,75,"MS",784,"Aesculus","pavia","red buckeye","Plantae",198815,516,"Fruits",2019,5,19,139,2458623,NA,2019,5,19,139,2458623,NA
33923,40.666615,-73.961983,17,"NY",784,"Aesculus","pavia","red buckeye","Plantae",199244,371,"Breaking leaf buds",2019,5,11,131,2458615,7,2019,5,18,138,2458622,NA
33923,40.666615,-73.961983,17,"NY",784,"Aesculus","pavia","red buckeye","Plantae",199244,390,"Ripe fruits",2019,5,18,138,2458622,7,2019,5,18,138,2458622,NA
33923,40.666615,-73.961983,17,"NY",784,"Aesculus","pavia","red buckeye","Plantae",199244,467,"Increasing leaf size",2019,5,11,131,2458615,NA,2019,5,18,138,2458622,NA
33923,40.666615,-73.961983,17,"NY",784,"Aesculus","pavia","red buckeye","Plantae",199244,483,"Leaves",2019,5,11,131,2458615,NA,2019,5,18,138,2458622,NA
33923,40.666615,-73.961983,17,"NY",784,"Aesculus","pavia","red buckeye","Plantae",199244,500,"Flowers or flower buds",2019,5,4,124,2458608,NA,2019,5,18,138,2458622,NA
33923,40.666615,-73.961983,17,"NY",784,"Aesculus","pavia","red buckeye","Plantae",199244,501,"Open flowers",2019,5,4,124,2458608,NA,2019,5,18,138,2458622,NA
33923,40.666615,-73.961983,17,"NY",784,"Aesculus","pavia","red buckeye","Plantae",199244,516,"Fruits",2019,5,11,131,2458615,7,2019,5,18,138,2458622,NA
33012,42.011364,-93.638145,289,"IA",147,"Aquilegia","canadensis","red columbine","Plantae",199988,390,"Ripe fruits",2019,6,24,175,2458659,5,2019,7,29,210,2458694,1
33012,42.011364,-93.638145,289,"IA",147,"Aquilegia","canadensis","red columbine","Plantae",199988,488,"Leaves (forbs)",2019,6,3,154,2458638,NA,2019,9,13,256,2458740,56
33012,42.011364,-93.638145,289,"IA",147,"Aquilegia","canadensis","red columbine","Plantae",199988,500,"Flowers or flower buds",2019,6,3,154,2458638,NA,2019,6,13,164,2458648,4
33012,42.011364,-93.638145,289,"IA",147,"Aquilegia","canadensis","red columbine","Plantae",199988,500,"Flowers or flower buds",2019,7,15,196,2458680,7,2019,7,15,196,2458680,2
33012,42.011364,-93.638145,289,"IA",147,"Aquilegia","canadensis","red columbine","Plantae",199988,500,"Flowers or flower buds",2019,7,29,210,2458694,5,2019,7,30,211,2458695,45
33012,42.011364,-93.638145,289,"IA",147,"Aquilegia","canadensis","red columbine","Plantae",199988,501,"Open flowers",2019,6,3,154,2458638,NA,2019,6,13,164,2458648,4
33012,42.011364,-93.638145,289,"IA",147,"Aquilegia","canadensis","red columbine","Plantae",199988,501,"Open flowers",2019,7,5,186,2458670,4,2019,7,5,186,2458670,3
33012,42.011364,-93.638145,289,"IA",147,"Aquilegia","canadensis","red columbine","Plantae",199988,501,"Open flowers",2019,7,15,196,2458680,7,2019,7,15,196,2458680,2
33012,42.011364,-93.638145,289,"IA",147,"Aquilegia","canadensis","red columbine","Plantae",199988,501,"Open flowers",2019,7,29,210,2458694,5,2019,7,30,211,2458695,45
33012,42.011364,-93.638145,289,"IA",147,"Aquilegia","canadensis","red columbine","Plantae",199988,504,"Recent fruit or seed drop",2019,6,24,175,2458659,5,2019,7,30,211,2458695,45
33012,42.011364,-93.638145,289,"IA",147,"Aquilegia","canadensis","red columbine","Plantae",199988,516,"Fruits",2019,6,3,154,2458638,NA,2019,7,29,210,2458694,1
34356,42.985825,-88.183769,291,"WI",147,"Aquilegia","canadensis","red columbine","Plantae",202249,488,"Leaves (forbs)",2019,6,21,172,2458656,NA,2019,6,21,172,2458656,NA
34356,42.985825,-88.183769,291,"WI",147,"Aquilegia","canadensis","red columbine","Plantae",202249,500,"Flowers or flower buds",2019,6,21,172,2458656,NA,2019,6,21,172,2458656,NA
34356,42.985825,-88.183769,291,"WI",147,"Aquilegia","canadensis","red columbine","Plantae",202249,501,"Open flowers",2019,6,21,172,2458656,NA,2019,6,21,172,2458656,NA
34356,42.985825,-88.183769,291,"WI",147,"Aquilegia","canadensis","red columbine","Plantae",202249,516,"Fruits",2019,6,21,172,2458656,NA,2019,6,21,172,2458656,NA
36439,39.026203,-76.79895,47,"MD",147,"Aquilegia","canadensis","red columbine","Plantae",224421,390,"Ripe fruits",2019,5,20,140,2458624,NA,2019,5,25,145,2458629,NA
36439,39.026203,-76.79895,47,"MD",147,"Aquilegia","canadensis","red columbine","Plantae",224421,500,"Flowers or flower buds",2019,4,27,117,2458601,NA,2019,5,3,123,2458607,NA
36439,39.026203,-76.79895,47,"MD",147,"Aquilegia","canadensis","red columbine","Plantae",224421,501,"Open flowers",2019,4,27,117,2458601,NA,2019,5,3,123,2458607,NA
36439,39.026203,-76.79895,47,"MD",147,"Aquilegia","canadensis","red columbine","Plantae",224421,516,"Fruits",2019,5,20,140,2458624,NA,2019,5,25,145,2458629,NA
2394,45.425339,-93.186249,278,"MN",147,"Aquilegia","canadensis","red columbine","Plantae",3817,488,"Leaves (forbs)",2020,4,21,112,2458961,7,2020,4,21,112,2458961,NA
2394,45.425339,-93.186249,278,"MN",147,"Aquilegia","canadensis","red columbine","Plantae",3818,390,"Ripe fruits",2020,7,13,195,2459044,7,2020,7,13,195,2459044,7
2394,45.425339,-93.186249,278,"MN",147,"Aquilegia","canadensis","red columbine","Plantae",3818,390,"Ripe fruits",2020,9,2,246,2459095,6,2020,9,11,255,2459104,6
2394,45.425339,-93.186249,278,"MN",147,"Aquilegia","canadensis","red columbine","Plantae",3818,488,"Leaves (forbs)",2020,4,21,112,2458961,7,2020,8,27,240,2459089,6
2394,45.425339,-93.186249,278,"MN",147,"Aquilegia","canadensis","red columbine","Plantae",3818,488,"Leaves (forbs)",2020,9,11,255,2459104,9,2020,11,5,310,2459159,NA
2394,45.425339,-93.186249,278,"MN",147,"Aquilegia","canadensis","red columbine","Plantae",3818,500,"Flowers or flower buds",2020,5,29,150,2458999,7,2020,6,8,160,2459009,7
2394,45.425339,-93.186249,278,"MN",147,"Aquilegia","canadensis","red columbine","Plantae",3818,501,"Open flowers",2020,5,29,150,2458999,7,2020,6,8,160,2459009,7
2394,45.425339,-93.186249,278,"MN",147,"Aquilegia","canadensis","red columbine","Plantae",3818,504,"Recent fruit or seed drop",2020,7,13,195,2459044,7,2020,7,13,195,2459044,7
2394,45.425339,-93.186249,278,"MN",147,"Aquilegia","canadensis","red columbine","Plantae",3818,504,"Recent fruit or seed drop",2020,9,11,255,2459104,9,2020,9,17,261,2459110,7
2394,45.425339,-93.186249,278,"MN",147,"Aquilegia","canadensis","red columbine","Plantae",3818,516,"Fruits",2020,6,22,174,2459023,7,2020,6,22,174,2459023,7
2394,45.425339,-93.186249,278,"MN",147,"Aquilegia","canadensis","red columbine","Plantae",3818,516,"Fruits",2020,9,2,246,2459095,6,2020,9,11,255,2459104,6
2394,45.425339,-93.186249,278,"MN",147,"Aquilegia","canadensis","red columbine","Plantae",3900,390,"Ripe fruits",2020,7,13,195,2459044,7,2020,7,13,195,2459044,7
2394,45.425339,-93.186249,278,"MN",147,"Aquilegia","canadensis","red columbine","Plantae",3900,390,"Ripe fruits",2020,9,2,246,2459095,6,2020,9,11,255,2459104,6
2394,45.425339,-93.186249,278,"MN",147,"Aquilegia","canadensis","red columbine","Plantae",3900,488,"Leaves (forbs)",2020,4,21,112,2458961,7,2020,11,5,310,2459159,NA
2394,45.425339,-93.186249,278,"MN",147,"Aquilegia","canadensis","red columbine","Plantae",3900,500,"Flowers or flower buds",2020,6,4,156,2459005,6,2020,6,4,156,2459005,4
2394,45.425339,-93.186249,278,"MN",147,"Aquilegia","canadensis","red columbine","Plantae",3900,501,"Open flowers",2020,6,4,156,2459005,6,2020,6,4,156,2459005,4
2394,45.425339,-93.186249,278,"MN",147,"Aquilegia","canadensis","red columbine","Plantae",3900,504,"Recent fruit or seed drop",2020,7,13,195,2459044,7,2020,7,13,195,2459044,7
2394,45.425339,-93.186249,278,"MN",147,"Aquilegia","canadensis","red columbine","Plantae",3900,504,"Recent fruit or seed drop",2020,9,11,255,2459104,9,2020,9,17,261,2459110,7
2394,45.425339,-93.186249,278,"MN",147,"Aquilegia","canadensis","red columbine","Plantae",3900,516,"Fruits",2020,6,22,174,2459023,7,2020,6,22,174,2459023,7
2394,45.425339,-93.186249,278,"MN",147,"Aquilegia","canadensis","red columbine","Plantae",3900,516,"Fruits",2020,9,2,246,2459095,6,2020,9,11,255,2459104,6
10779,41.662807,-86.211967,213,"IN",147,"Aquilegia","canadensis","red columbine","Plantae",42763,488,"Leaves (forbs)",2020,5,14,135,2458984,NA,2020,5,21,142,2458991,NA
10779,41.662807,-86.211967,213,"IN",147,"Aquilegia","canadensis","red columbine","Plantae",42763,500,"Flowers or flower buds",2020,5,14,135,2458984,NA,2020,5,21,142,2458991,NA
10779,41.662807,-86.211967,213,"IN",147,"Aquilegia","canadensis","red columbine","Plantae",42763,501,"Open flowers",2020,5,21,142,2458991,7,2020,5,21,142,2458991,NA
10585,41.433689,-81.693153,219,"OH",147,"Aquilegia","canadensis","red columbine","Plantae",45124,390,"Ripe fruits",2020,6,18,170,2459019,7,2020,7,9,191,2459040,7
10585,41.433689,-81.693153,219,"OH",147,"Aquilegia","canadensis","red columbine","Plantae",45124,482,"Initial growth (forbs)",2020,3,5,65,2458914,NA,2020,4,20,111,2458960,NA
10585,41.433689,-81.693153,219,"OH",147,"Aquilegia","canadensis","red columbine","Plantae",45124,488,"Leaves (forbs)",2020,3,19,79,2458928,7,2020,5,14,135,2458984,NA
10585,41.433689,-81.693153,219,"OH",147,"Aquilegia","canadensis","red columbine","Plantae",45124,500,"Flowers or flower buds",2020,5,14,135,2458984,7,2020,5,28,149,2458998,28
10585,41.433689,-81.693153,219,"OH",147,"Aquilegia","canadensis","red columbine","Plantae",45124,501,"Open flowers",2020,5,28,149,2458998,7,2020,6,11,163,2459012,7
10585,41.433689,-81.693153,219,"OH",147,"Aquilegia","canadensis","red columbine","Plantae",45124,504,"Recent fruit or seed drop",2020,6,18,170,2459019,NA,2020,7,9,191,2459040,7
10585,41.433689,-81.693153,219,"OH",147,"Aquilegia","canadensis","red columbine","Plantae",45124,516,"Fruits",2020,6,11,163,2459012,7,2020,7,9,191,2459040,7
17574,40.863052,-73.881592,30,"NY",784,"Aesculus","pavia","red buckeye","Plantae",67637,371,"Breaking leaf buds",2020,3,5,65,2458914,53,2020,3,5,65,2458914,NA
20698,39.980965,-75.803207,107,"PA",784,"Aesculus","pavia","red buckeye","Plantae",139358,371,"Breaking leaf buds",2020,4,3,94,2458943,NA,2020,4,3,94,2458943,NA
28357,30.414719,-88.541824,3,"MS",784,"Aesculus","pavia","red buckeye","Plantae",147491,467,"Increasing leaf size",2020,2,27,58,2458907,20,2020,10,2,276,2459125,13
28357,30.414719,-88.541824,3,"MS",784,"Aesculus","pavia","red buckeye","Plantae",147491,471,"Falling leaves",2020,10,2,276,2459125,38,2020,10,15,289,2459138,25
28357,30.414719,-88.541824,3,"MS",784,"Aesculus","pavia","red buckeye","Plantae",147491,483,"Leaves",2020,2,27,58,2458907,20,2020,8,25,238,2459087,38
28357,30.414719,-88.541824,3,"MS",784,"Aesculus","pavia","red buckeye","Plantae",147491,498,"Colored leaves",2020,7,8,190,2459039,26,2020,10,15,289,2459138,25
28357,30.414719,-88.541824,3,"MS",784,"Aesculus","pavia","red buckeye","Plantae",147491,500,"Flowers or flower buds",2020,2,27,58,2458907,20,2020,3,24,84,2458933,22
28357,30.414719,-88.541824,3,"MS",784,"Aesculus","pavia","red buckeye","Plantae",147491,501,"Open flowers",2020,3,4,64,2458913,6,2020,3,24,84,2458933,22
28357,30.414719,-88.541824,3,"MS",784,"Aesculus","pavia","red buckeye","Plantae",147491,516,"Fruits",2020,3,24,84,2458933,20,2020,4,28,119,2458968,45
28357,30.414719,-88.541824,3,"MS",784,"Aesculus","pavia","red buckeye","Plantae",147493,371,"Breaking leaf buds",2020,1,29,29,2458878,14,2020,1,29,29,2458878,9
28357,30.414719,-88.541824,3,"MS",784,"Aesculus","pavia","red buckeye","Plantae",147493,467,"Increasing leaf size",2020,1,29,29,2458878,14,2020,8,25,238,2459087,38
28357,30.414719,-88.541824,3,"MS",784,"Aesculus","pavia","red buckeye","Plantae",147493,471,"Falling leaves",2020,10,2,276,2459125,38,2020,10,2,276,2459125,13
28357,30.414719,-88.541824,3,"MS",784,"Aesculus","pavia","red buckeye","Plantae",147493,483,"Leaves",2020,1,29,29,2458878,14,2020,8,25,238,2459087,51
28357,30.414719,-88.541824,3,"MS",784,"Aesculus","pavia","red buckeye","Plantae",147493,498,"Colored leaves",2020,7,8,190,2459039,26,2020,8,25,238,2459087,38
28357,30.414719,-88.541824,3,"MS",784,"Aesculus","pavia","red buckeye","Plantae",147493,500,"Flowers or flower buds",2020,2,7,38,2458887,9,2020,3,24,84,2458933,22
28357,30.414719,-88.541824,3,"MS",784,"Aesculus","pavia","red buckeye","Plantae",147493,501,"Open flowers",2020,2,27,58,2458907,20,2020,3,24,84,2458933,22
28357,30.414719,-88.541824,3,"MS",784,"Aesculus","pavia","red buckeye","Plantae",147493,516,"Fruits",2020,3,24,84,2458933,20,2020,4,15,106,2458955,13
28357,30.414719,-88.541824,3,"MS",784,"Aesculus","pavia","red buckeye","Plantae",147494,371,"Breaking leaf buds",2020,2,7,38,2458887,9,2020,2,7,38,2458887,20
28357,30.414719,-88.541824,3,"MS",784,"Aesculus","pavia","red buckeye","Plantae",147494,467,"Increasing leaf size",2020,2,27,58,2458907,20,2020,7,8,190,2459039,23
28357,30.414719,-88.541824,3,"MS",784,"Aesculus","pavia","red buckeye","Plantae",147494,467,"Increasing leaf size",2020,8,5,218,2459067,5,2020,8,19,232,2459081,6
28357,30.414719,-88.541824,3,"MS",784,"Aesculus","pavia","red buckeye","Plantae",147494,471,"Falling leaves",2020,8,14,227,2459076,9,2020,8,14,227,2459076,5
28357,30.414719,-88.541824,3,"MS",784,"Aesculus","pavia","red buckeye","Plantae",147494,471,"Falling leaves",2020,10,2,276,2459125,38,2020,10,2,276,2459125,13
28357,30.414719,-88.541824,3,"MS",784,"Aesculus","pavia","red buckeye","Plantae",147494,483,"Leaves",2020,2,27,58,2458907,20,2020,8,25,238,2459087,38
28357,30.414719,-88.541824,3,"MS",784,"Aesculus","pavia","red buckeye","Plantae",147494,498,"Colored leaves",2020,7,8,190,2459039,26,2020,8,25,238,2459087,38
28357,30.414719,-88.541824,3,"MS",784,"Aesculus","pavia","red buckeye","Plantae",147494,500,"Flowers or flower buds",2020,2,27,58,2458907,20,2020,3,4,64,2458913,20
28357,30.414719,-88.541824,3,"MS",784,"Aesculus","pavia","red buckeye","Plantae",147494,501,"Open flowers",2020,2,27,58,2458907,20,2020,3,4,64,2458913,20
28357,30.414719,-88.541824,3,"MS",784,"Aesculus","pavia","red buckeye","Plantae",147494,516,"Fruits",2020,3,24,84,2458933,20,2020,4,28,119,2458968,45
31779,47.166275,-122.537384,74,"WA",147,"Aquilegia","canadensis","red columbine","Plantae",174095,482,"Initial growth (forbs)",2020,2,25,56,2458905,NA,2020,3,17,77,2458926,NA
31779,47.166275,-122.537384,74,"WA",147,"Aquilegia","canadensis","red columbine","Plantae",174095,488,"Leaves (forbs)",2020,2,26,57,2458906,1,2020,3,17,77,2458926,NA
31779,47.166275,-122.537384,74,"WA",147,"Aquilegia","canadensis","red columbine","Plantae",174095,501,"Open flowers",2020,4,23,114,2458963,41,2020,4,23,114,2458963,NA
30051,44.478752,-84.672668,364,"MI",147,"Aquilegia","canadensis","red columbine","Plantae",180165,482,"Initial growth (forbs)",2020,5,16,137,2458986,54,2020,6,1,153,2459002,NA
30051,44.478752,-84.672668,364,"MI",147,"Aquilegia","canadensis","red columbine","Plantae",180165,488,"Leaves (forbs)",2020,5,16,137,2458986,54,2020,6,1,153,2459002,NA
32655,30.167885,-93.229988,4,"LA",784,"Aesculus","pavia","red buckeye","Plantae",180858,371,"Breaking leaf buds",2020,1,4,4,2458853,3,2020,1,25,25,2458874,8
32655,30.167885,-93.229988,4,"LA",784,"Aesculus","pavia","red buckeye","Plantae",180858,467,"Increasing leaf size",2020,1,11,11,2458860,4,2020,2,18,49,2458898,7
32655,30.167885,-93.229988,4,"LA",784,"Aesculus","pavia","red buckeye","Plantae",180858,483,"Leaves",2020,1,11,11,2458860,4,2020,4,2,93,2458942,29
32655,30.167885,-93.229988,4,"LA",784,"Aesculus","pavia","red buckeye","Plantae",180858,483,"Leaves",2020,5,5,126,2458975,4,2020,6,10,162,2459011,NA
32655,30.167885,-93.229988,4,"LA",784,"Aesculus","pavia","red buckeye","Plantae",180858,498,"Colored leaves",2020,5,1,122,2458971,29,2020,6,10,162,2459011,NA
33012,42.011364,-93.638145,289,"IA",147,"Aquilegia","canadensis","red columbine","Plantae",199988,390,"Ripe fruits",2020,6,11,163,2459012,7,2020,6,26,178,2459027,4
33012,42.011364,-93.638145,289,"IA",147,"Aquilegia","canadensis","red columbine","Plantae",199988,390,"Ripe fruits",2020,7,10,192,2459041,3,2020,7,10,192,2459041,13
33012,42.011364,-93.638145,289,"IA",147,"Aquilegia","canadensis","red columbine","Plantae",199988,482,"Initial growth (forbs)",2020,4,8,99,2458948,7,2020,4,15,106,2458955,7
33012,42.011364,-93.638145,289,"IA",147,"Aquilegia","canadensis","red columbine","Plantae",199988,482,"Initial growth (forbs)",2020,4,29,120,2458969,7,2020,4,29,120,2458969,7
33012,42.011364,-93.638145,289,"IA",147,"Aquilegia","canadensis","red columbine","Plantae",199988,488,"Leaves (forbs)",2020,4,8,99,2458948,7,2020,7,10,192,2459041,13
33012,42.011364,-93.638145,289,"IA",147,"Aquilegia","canadensis","red columbine","Plantae",199988,488,"Leaves (forbs)",2020,8,13,226,2459075,21,2020,11,18,323,2459172,15
33012,42.011364,-93.638145,289,"IA",147,"Aquilegia","canadensis","red columbine","Plantae",199988,500,"Flowers or flower buds",2020,4,29,120,2458969,7,2020,6,4,156,2459005,7
33012,42.011364,-93.638145,289,"IA",147,"Aquilegia","canadensis","red columbine","Plantae",199988,500,"Flowers or flower buds",2020,7,7,189,2459038,7,2020,7,7,189,2459038,3
33012,42.011364,-93.638145,289,"IA",147,"Aquilegia","canadensis","red columbine","Plantae",199988,501,"Open flowers",2020,5,13,134,2458983,7,2020,6,4,156,2459005,7
33012,42.011364,-93.638145,289,"IA",147,"Aquilegia","canadensis","red columbine","Plantae",199988,501,"Open flowers",2020,7,7,189,2459038,7,2020,7,7,189,2459038,3
33012,42.011364,-93.638145,289,"IA",147,"Aquilegia","canadensis","red columbine","Plantae",199988,504,"Recent fruit or seed drop",2020,6,11,163,2459012,7,2020,6,30,182,2459031,7
33012,42.011364,-93.638145,289,"IA",147,"Aquilegia","canadensis","red columbine","Plantae",199988,504,"Recent fruit or seed drop",2020,7,10,192,2459041,3,2020,7,23,205,2459054,21
33012,42.011364,-93.638145,289,"IA",147,"Aquilegia","canadensis","red columbine","Plantae",199988,516,"Fruits",2020,6,2,154,2459003,7,2020,6,26,178,2459027,4
33012,42.011364,-93.638145,289,"IA",147,"Aquilegia","canadensis","red columbine","Plantae",199988,516,"Fruits",2020,7,10,192,2459041,3,2020,7,10,192,2459041,13
36380,36.19149,-78.707611,125,"NC",147,"Aquilegia","canadensis","red columbine","Plantae",224953,390,"Ripe fruits",2020,5,25,146,2458995,3,2020,7,24,206,2459055,14
36380,36.19149,-78.707611,125,"NC",147,"Aquilegia","canadensis","red columbine","Plantae",224953,482,"Initial growth (forbs)",2020,2,16,47,2458896,NA,2020,7,24,206,2459055,14
36380,36.19149,-78.707611,125,"NC",147,"Aquilegia","canadensis","red columbine","Plantae",224953,488,"Leaves (forbs)",2020,2,16,47,2458896,NA,2020,7,24,206,2459055,14
36380,36.19149,-78.707611,125,"NC",147,"Aquilegia","canadensis","red columbine","Plantae",224953,488,"Leaves (forbs)",2020,9,17,261,2459110,41,2020,9,22,266,2459115,50
36380,36.19149,-78.707611,125,"NC",147,"Aquilegia","canadensis","red columbine","Plantae",224953,500,"Flowers or flower buds",2020,4,2,93,2458942,7,2020,7,21,203,2459052,3
36380,36.19149,-78.707611,125,"NC",147,"Aquilegia","canadensis","red columbine","Plantae",224953,501,"Open flowers",2020,4,2,93,2458942,7,2020,4,2,93,2458942,6
36380,36.19149,-78.707611,125,"NC",147,"Aquilegia","canadensis","red columbine","Plantae",224953,501,"Open flowers",2020,4,14,105,2458954,6,2020,7,1,183,2459032,7
36380,36.19149,-78.707611,125,"NC",147,"Aquilegia","canadensis","red columbine","Plantae",224953,501,"Open flowers",2020,7,13,195,2459044,5,2020,7,21,203,2459052,3
36380,36.19149,-78.707611,125,"NC",147,"Aquilegia","canadensis","red columbine","Plantae",224953,504,"Recent fruit or seed drop",2020,5,29,150,2458999,2,2020,7,24,206,2459055,14
36380,36.19149,-78.707611,125,"NC",147,"Aquilegia","canadensis","red columbine","Plantae",224953,516,"Fruits",2020,5,5,126,2458975,6,2020,7,24,206,2459055,14
37514,32.520676,-92.129501,26,"LA",784,"Aesculus","pavia","red buckeye","Plantae",231573,371,"Breaking leaf buds",2020,3,13,73,2458922,NA,2020,3,13,73,2458922,NA
37514,32.520676,-92.129501,26,"LA",784,"Aesculus","pavia","red buckeye","Plantae",231573,467,"Increasing leaf size",2020,3,12,72,2458921,NA,2020,3,13,73,2458922,NA
37514,32.520676,-92.129501,26,"LA",784,"Aesculus","pavia","red buckeye","Plantae",231573,483,"Leaves",2020,3,13,73,2458922,NA,2020,3,13,73,2458922,NA
37514,32.520676,-92.129501,26,"LA",784,"Aesculus","pavia","red buckeye","Plantae",231573,500,"Flowers or flower buds",2020,3,12,72,2458921,NA,2020,3,13,73,2458922,NA
37410,32.584236,-91.974403,25,"LA",784,"Aesculus","pavia","red buckeye","Plantae",231645,371,"Breaking leaf buds",2020,11,18,323,2459172,10,2020,11,18,323,2459172,10
37410,32.584236,-91.974403,25,"LA",784,"Aesculus","pavia","red buckeye","Plantae",231645,467,"Increasing leaf size",2020,3,15,75,2458924,NA,2020,5,29,150,2458999,6
37410,32.584236,-91.974403,25,"LA",784,"Aesculus","pavia","red buckeye","Plantae",231645,467,"Increasing leaf size",2020,11,18,323,2459172,10,2020,11,18,323,2459172,10
37410,32.584236,-91.974403,25,"LA",784,"Aesculus","pavia","red buckeye","Plantae",231645,471,"Falling leaves",2020,8,12,225,2459074,15,2020,10,11,285,2459134,7
37410,32.584236,-91.974403,25,"LA",784,"Aesculus","pavia","red buckeye","Plantae",231645,483,"Leaves",2020,3,15,75,2458924,NA,2020,10,11,285,2459134,7
37410,32.584236,-91.974403,25,"LA",784,"Aesculus","pavia","red buckeye","Plantae",231645,483,"Leaves",2020,11,18,323,2459172,10,2020,12,12,347,2459196,NA
37410,32.584236,-91.974403,25,"LA",784,"Aesculus","pavia","red buckeye","Plantae",231645,498,"Colored leaves",2020,5,20,141,2458990,8,2020,10,11,285,2459134,7
37410,32.584236,-91.974403,25,"LA",784,"Aesculus","pavia","red buckeye","Plantae",231645,500,"Flowers or flower buds",2020,3,15,75,2458924,NA,2020,4,15,106,2458955,14
37410,32.584236,-91.974403,25,"LA",784,"Aesculus","pavia","red buckeye","Plantae",231645,501,"Open flowers",2020,3,23,83,2458932,8,2020,4,15,106,2458955,14
37410,32.584236,-91.974403,25,"LA",784,"Aesculus","pavia","red buckeye","Plantae",231645,504,"Recent fruit or seed drop",2020,5,20,141,2458990,8,2020,5,20,141,2458990,15
37410,32.584236,-91.974403,25,"LA",784,"Aesculus","pavia","red buckeye","Plantae",231645,516,"Fruits",2020,4,15,106,2458955,8,2020,4,15,106,2458955,14
37410,32.584236,-91.974403,25,"LA",784,"Aesculus","pavia","red buckeye","Plantae",231645,516,"Fruits",2020,5,12,133,2458982,13,2020,5,29,150,2458999,6
37740,33.515034,-81.747826,146,"SC",784,"Aesculus","pavia","red buckeye","Plantae",233027,483,"Leaves",2020,4,25,116,2458965,NA,2020,6,18,170,2459019,NA
32443,39.90163,-86.175911,242,"IN",784,"Aesculus","pavia","red buckeye","Plantae",233933,371,"Breaking leaf buds",2020,4,1,92,2458941,NA,2020,6,10,162,2459011,14
32443,39.90163,-86.175911,242,"IN",784,"Aesculus","pavia","red buckeye","Plantae",233933,371,"Breaking leaf buds",2020,10,28,302,2459151,56,2020,12,2,337,2459186,NA
32443,39.90163,-86.175911,242,"IN",784,"Aesculus","pavia","red buckeye","Plantae",233933,471,"Falling leaves",2020,10,7,281,2459130,7,2020,10,21,295,2459144,NA
32443,39.90163,-86.175911,242,"IN",784,"Aesculus","pavia","red buckeye","Plantae",233933,498,"Colored leaves",2020,9,30,274,2459123,28,2020,9,30,274,2459123,NA
38034,45.577515,-94.23175,320,"MN",147,"Aquilegia","canadensis","red columbine","Plantae",234464,482,"Initial growth (forbs)",2020,4,15,106,2458955,4,2020,5,11,132,2458981,12
38034,45.577515,-94.23175,320,"MN",147,"Aquilegia","canadensis","red columbine","Plantae",234464,488,"Leaves (forbs)",2020,4,15,106,2458955,NA,2020,5,28,149,2458998,NA
38034,45.577515,-94.23175,320,"MN",147,"Aquilegia","canadensis","red columbine","Plantae",234464,500,"Flowers or flower buds",2020,5,20,141,2458990,2,2020,5,28,149,2458998,NA
38034,45.577515,-94.23175,320,"MN",147,"Aquilegia","canadensis","red columbine","Plantae",234464,501,"Open flowers",2020,5,23,144,2458993,3,2020,5,28,149,2458998,NA
38382,40.870605,-73.883278,20,"NY",147,"Aquilegia","canadensis","red columbine","Plantae",236167,488,"Leaves (forbs)",2020,4,17,108,2458957,NA,2020,4,17,108,2458957,NA
38382,40.870605,-73.883278,20,"NY",147,"Aquilegia","canadensis","red columbine","Plantae",236167,500,"Flowers or flower buds",2020,4,17,108,2458957,NA,2020,4,17,108,2458957,NA
38382,40.870605,-73.883278,20,"NY",147,"Aquilegia","canadensis","red columbine","Plantae",236167,501,"Open flowers",2020,4,17,108,2458957,NA,2020,4,17,108,2458957,NA
38963,40.443729,-86.904205,206,"IN",147,"Aquilegia","canadensis","red columbine","Plantae",242464,390,"Ripe fruits",2020,5,22,143,2458992,7,2020,6,28,180,2459029,NA
38963,40.443729,-86.904205,206,"IN",147,"Aquilegia","canadensis","red columbine","Plantae",242464,488,"Leaves (forbs)",2020,5,15,136,2458985,NA,2020,6,28,180,2459029,NA
38963,40.443729,-86.904205,206,"IN",147,"Aquilegia","canadensis","red columbine","Plantae",242464,500,"Flowers or flower buds",2020,5,15,136,2458985,NA,2020,5,22,143,2458992,7
38963,40.443729,-86.904205,206,"IN",147,"Aquilegia","canadensis","red columbine","Plantae",242464,504,"Recent fruit or seed drop",2020,6,14,166,2459015,9,2020,6,14,166,2459015,7
38963,40.443729,-86.904205,206,"IN",147,"Aquilegia","canadensis","red columbine","Plantae",242464,516,"Fruits",2020,5,22,143,2458992,7,2020,6,28,180,2459029,NA
22029,44.930183,-93.209824,250,"MN",147,"Aquilegia","canadensis","red columbine","Plantae",242504,390,"Ripe fruits",2020,6,19,171,2459020,10,2020,6,19,171,2459020,NA
22029,44.930183,-93.209824,250,"MN",147,"Aquilegia","canadensis","red columbine","Plantae",242504,488,"Leaves (forbs)",2020,5,16,137,2458986,NA,2020,6,19,171,2459020,NA
22029,44.930183,-93.209824,250,"MN",147,"Aquilegia","canadensis","red columbine","Plantae",242504,500,"Flowers or flower buds",2020,5,16,137,2458986,NA,2020,6,9,161,2459010,10
22029,44.930183,-93.209824,250,"MN",147,"Aquilegia","canadensis","red columbine","Plantae",242504,501,"Open flowers",2020,5,17,138,2458987,1,2020,6,9,161,2459010,10
22029,44.930183,-93.209824,250,"MN",147,"Aquilegia","canadensis","red columbine","Plantae",242504,504,"Recent fruit or seed drop",2020,6,19,171,2459020,10,2020,6,19,171,2459020,NA
22029,44.930183,-93.209824,250,"MN",147,"Aquilegia","canadensis","red columbine","Plantae",242504,516,"Fruits",2020,5,28,149,2458998,4,2020,6,19,171,2459020,NA
22029,44.930183,-93.209824,250,"MN",147,"Aquilegia","canadensis","red columbine","Plantae",242505,488,"Leaves (forbs)",2020,5,16,137,2458986,NA,2020,6,19,171,2459020,NA
22029,44.930183,-93.209824,250,"MN",147,"Aquilegia","canadensis","red columbine","Plantae",242505,500,"Flowers or flower buds",2020,5,17,138,2458987,1,2020,6,9,161,2459010,10
22029,44.930183,-93.209824,250,"MN",147,"Aquilegia","canadensis","red columbine","Plantae",242505,501,"Open flowers",2020,5,28,149,2458998,4,2020,6,9,161,2459010,10
22029,44.930183,-93.209824,250,"MN",147,"Aquilegia","canadensis","red columbine","Plantae",242505,516,"Fruits",2020,6,9,161,2459010,9,2020,6,19,171,2459020,NA
2394,45.425339,-93.186249,278,"MN",147,"Aquilegia","canadensis","red columbine","Plantae",3818,482,"Initial growth (forbs)",2021,4,17,107,2459322,NA,2021,5,7,127,2459342,1
2394,45.425339,-93.186249,278,"MN",147,"Aquilegia","canadensis","red columbine","Plantae",3818,488,"Leaves (forbs)",2021,5,3,123,2459338,3,2021,11,15,319,2459534,NA
2394,45.425339,-93.186249,278,"MN",147,"Aquilegia","canadensis","red columbine","Plantae",3818,501,"Open flowers",2021,6,5,156,2459371,7,2021,6,5,156,2459371,7
2394,45.425339,-93.186249,278,"MN",147,"Aquilegia","canadensis","red columbine","Plantae",3900,482,"Initial growth (forbs)",2021,4,17,107,2459322,NA,2021,5,7,127,2459342,1
2394,45.425339,-93.186249,278,"MN",147,"Aquilegia","canadensis","red columbine","Plantae",3900,488,"Leaves (forbs)",2021,4,27,117,2459332,10,2021,6,12,163,2459378,4
2394,45.425339,-93.186249,278,"MN",147,"Aquilegia","canadensis","red columbine","Plantae",3900,488,"Leaves (forbs)",2021,6,19,170,2459385,3,2021,9,27,270,2459485,2
2394,45.425339,-93.186249,278,"MN",147,"Aquilegia","canadensis","red columbine","Plantae",3900,488,"Leaves (forbs)",2021,10,5,278,2459493,6,2021,11,15,319,2459534,NA
2394,45.425339,-93.186249,278,"MN",147,"Aquilegia","canadensis","red columbine","Plantae",3900,500,"Flowers or flower buds",2021,5,29,149,2459364,6,2021,5,29,149,2459364,7
6242,43.348259,-70.546036,5,"ME",147,"Aquilegia","canadensis","red columbine","Plantae",16523,482,"Initial growth (forbs)",2021,3,30,89,2459304,12,2021,4,28,118,2459333,9
6242,43.348259,-70.546036,5,"ME",147,"Aquilegia","canadensis","red columbine","Plantae",16523,488,"Leaves (forbs)",2021,3,30,89,2459304,12,2021,10,12,285,2459500,8
6242,43.348259,-70.546036,5,"ME",147,"Aquilegia","canadensis","red columbine","Plantae",28506,390,"Ripe fruits",2021,7,9,190,2459405,10,2021,7,22,203,2459418,5
6242,43.348259,-70.546036,5,"ME",147,"Aquilegia","canadensis","red columbine","Plantae",28506,482,"Initial growth (forbs)",2021,4,6,96,2459311,7,2021,5,7,127,2459342,12
6242,43.348259,-70.546036,5,"ME",147,"Aquilegia","canadensis","red columbine","Plantae",28506,488,"Leaves (forbs)",2021,4,6,96,2459311,7,2021,10,20,293,2459508,44
6242,43.348259,-70.546036,5,"ME",147,"Aquilegia","canadensis","red columbine","Plantae",28506,500,"Flowers or flower buds",2021,5,19,139,2459354,12,2021,6,8,159,2459374,13
6242,43.348259,-70.546036,5,"ME",147,"Aquilegia","canadensis","red columbine","Plantae",28506,501,"Open flowers",2021,6,2,153,2459368,14,2021,6,8,159,2459374,13
6242,43.348259,-70.546036,5,"ME",147,"Aquilegia","canadensis","red columbine","Plantae",28506,504,"Recent fruit or seed drop",2021,7,22,203,2459418,10,2021,8,5,217,2459432,13
6242,43.348259,-70.546036,5,"ME",147,"Aquilegia","canadensis","red columbine","Plantae",28506,516,"Fruits",2021,6,2,153,2459368,14,2021,7,22,203,2459418,5
10779,41.662807,-86.211967,213,"IN",147,"Aquilegia","canadensis","red columbine","Plantae",42763,482,"Initial growth (forbs)",2021,4,7,97,2459312,NA,2021,4,7,97,2459312,7
10779,41.662807,-86.211967,213,"IN",147,"Aquilegia","canadensis","red columbine","Plantae",42763,488,"Leaves (forbs)",2021,4,7,97,2459312,NA,2021,4,28,118,2459333,NA
10779,41.662807,-86.211967,213,"IN",147,"Aquilegia","canadensis","red columbine","Plantae",42763,500,"Flowers or flower buds",2021,4,28,118,2459333,14,2021,4,28,118,2459333,NA
17574,40.863052,-73.881592,30,"NY",784,"Aesculus","pavia","red buckeye","Plantae",67637,390,"Ripe fruits",2021,9,25,268,2459483,14,2021,10,17,290,2459505,15
17574,40.863052,-73.881592,30,"NY",784,"Aesculus","pavia","red buckeye","Plantae",67637,390,"Ripe fruits",2021,11,2,306,2459521,1,2021,11,2,306,2459521,11
17574,40.863052,-73.881592,30,"NY",784,"Aesculus","pavia","red buckeye","Plantae",67637,467,"Increasing leaf size",2021,7,31,212,2459427,NA,2021,7,31,212,2459427,8
17574,40.863052,-73.881592,30,"NY",784,"Aesculus","pavia","red buckeye","Plantae",67637,471,"Falling leaves",2021,10,17,290,2459505,8,2021,11,13,317,2459532,10
17574,40.863052,-73.881592,30,"NY",784,"Aesculus","pavia","red buckeye","Plantae",67637,483,"Leaves",2021,7,31,212,2459427,NA,2021,11,13,317,2459532,10
17574,40.863052,-73.881592,30,"NY",784,"Aesculus","pavia","red buckeye","Plantae",67637,498,"Colored leaves",2021,10,17,290,2459505,8,2021,11,13,317,2459532,10
17574,40.863052,-73.881592,30,"NY",784,"Aesculus","pavia","red buckeye","Plantae",67637,504,"Recent fruit or seed drop",2021,9,4,247,2459462,20,2021,11,2,306,2459521,11
17574,40.863052,-73.881592,30,"NY",784,"Aesculus","pavia","red buckeye","Plantae",67637,516,"Fruits",2021,7,31,212,2459427,NA,2021,11,2,306,2459521,11
6242,43.348259,-70.546036,5,"ME",147,"Aquilegia","canadensis","red columbine","Plantae",126285,482,"Initial growth (forbs)",2021,4,15,105,2459320,9,2021,5,7,127,2459342,12
6242,43.348259,-70.546036,5,"ME",147,"Aquilegia","canadensis","red columbine","Plantae",126285,488,"Leaves (forbs)",2021,4,15,105,2459320,9,2021,10,12,285,2459500,8
28357,30.414719,-88.541824,3,"MS",784,"Aesculus","pavia","red buckeye","Plantae",147491,371,"Breaking leaf buds",2021,5,14,134,2459349,9,2021,6,4,155,2459370,21
28357,30.414719,-88.541824,3,"MS",784,"Aesculus","pavia","red buckeye","Plantae",147491,467,"Increasing leaf size",2021,3,5,64,2459279,14,2021,6,4,155,2459370,21
28357,30.414719,-88.541824,3,"MS",784,"Aesculus","pavia","red buckeye","Plantae",147491,483,"Leaves",2021,3,5,64,2459279,14,2021,8,7,219,2459434,NA
28357,30.414719,-88.541824,3,"MS",784,"Aesculus","pavia","red buckeye","Plantae",147491,500,"Flowers or flower buds",2021,3,5,64,2459279,14,2021,3,16,75,2459290,50
28357,30.414719,-88.541824,3,"MS",784,"Aesculus","pavia","red buckeye","Plantae",147493,371,"Breaking leaf buds",2021,2,19,50,2459265,43,2021,2,19,50,2459265,14
28357,30.414719,-88.541824,3,"MS",784,"Aesculus","pavia","red buckeye","Plantae",147493,371,"Breaking leaf buds",2021,5,14,134,2459349,9,2021,6,4,155,2459370,21
28357,30.414719,-88.541824,3,"MS",784,"Aesculus","pavia","red buckeye","Plantae",147493,467,"Increasing leaf size",2021,2,19,50,2459265,43,2021,6,25,176,2459391,43
28357,30.414719,-88.541824,3,"MS",784,"Aesculus","pavia","red buckeye","Plantae",147493,483,"Leaves",2021,2,19,50,2459265,43,2021,8,7,219,2459434,NA
28357,30.414719,-88.541824,3,"MS",784,"Aesculus","pavia","red buckeye","Plantae",147493,498,"Colored leaves",2021,8,7,219,2459434,43,2021,8,7,219,2459434,NA
28357,30.414719,-88.541824,3,"MS",784,"Aesculus","pavia","red buckeye","Plantae",147493,500,"Flowers or flower buds",2021,2,19,50,2459265,43,2021,3,16,75,2459290,50
28357,30.414719,-88.541824,3,"MS",784,"Aesculus","pavia","red buckeye","Plantae",147493,501,"Open flowers",2021,3,5,64,2459279,14,2021,3,16,75,2459290,50
28357,30.414719,-88.541824,3,"MS",784,"Aesculus","pavia","red buckeye","Plantae",147494,371,"Breaking leaf buds",2021,2,19,50,2459265,43,2021,3,5,64,2459279,11
28357,30.414719,-88.541824,3,"MS",784,"Aesculus","pavia","red buckeye","Plantae",147494,371,"Breaking leaf buds",2021,5,14,134,2459349,9,2021,6,4,155,2459370,21
28357,30.414719,-88.541824,3,"MS",784,"Aesculus","pavia","red buckeye","Plantae",147494,467,"Increasing leaf size",2021,2,19,50,2459265,43,2021,6,25,176,2459391,43
28357,30.414719,-88.541824,3,"MS",784,"Aesculus","pavia","red buckeye","Plantae",147494,483,"Leaves",2021,2,19,50,2459265,43,2021,8,7,219,2459434,NA
28357,30.414719,-88.541824,3,"MS",784,"Aesculus","pavia","red buckeye","Plantae",147494,498,"Colored leaves",2021,8,7,219,2459434,43,2021,8,7,219,2459434,NA
28357,30.414719,-88.541824,3,"MS",784,"Aesculus","pavia","red buckeye","Plantae",147494,500,"Flowers or flower buds",2021,3,5,64,2459279,57,2021,3,16,75,2459290,50
28357,30.414719,-88.541824,3,"MS",784,"Aesculus","pavia","red buckeye","Plantae",147494,501,"Open flowers",2021,3,16,75,2459290,11,2021,3,16,75,2459290,50
31779,47.166275,-122.537384,74,"WA",147,"Aquilegia","canadensis","red columbine","Plantae",174095,482,"Initial growth (forbs)",2021,2,23,54,2459269,NA,2021,3,11,70,2459285,NA
31779,47.166275,-122.537384,74,"WA",147,"Aquilegia","canadensis","red columbine","Plantae",174095,500,"Flowers or flower buds",2021,4,25,115,2459330,NA,2021,4,25,115,2459330,NA
30051,44.478752,-84.672668,364,"MI",147,"Aquilegia","canadensis","red columbine","Plantae",180165,482,"Initial growth (forbs)",2021,4,29,119,2459334,60,2021,5,8,128,2459343,13
30051,44.478752,-84.672668,364,"MI",147,"Aquilegia","canadensis","red columbine","Plantae",180165,488,"Leaves (forbs)",2021,4,29,119,2459334,60,2021,7,20,201,2459416,NA
30051,44.478752,-84.672668,364,"MI",147,"Aquilegia","canadensis","red columbine","Plantae",180165,500,"Flowers or flower buds",2021,6,19,170,2459385,7,2021,6,19,170,2459385,31
30051,44.478752,-84.672668,364,"MI",147,"Aquilegia","canadensis","red columbine","Plantae",180165,501,"Open flowers",2021,6,12,163,2459378,22,2021,6,19,170,2459385,31
30051,44.478752,-84.672668,364,"MI",147,"Aquilegia","canadensis","red columbine","Plantae",180165,504,"Recent fruit or seed drop",2021,7,20,201,2459416,31,2021,7,20,201,2459416,NA
30051,44.478752,-84.672668,364,"MI",147,"Aquilegia","canadensis","red columbine","Plantae",180165,516,"Fruits",2021,6,19,170,2459385,7,2021,6,19,170,2459385,31
32655,30.167885,-93.229988,4,"LA",784,"Aesculus","pavia","red buckeye","Plantae",180858,483,"Leaves",2021,3,4,63,2459278,46,2021,4,29,119,2459334,193
32655,30.167885,-93.229988,4,"LA",784,"Aesculus","pavia","red buckeye","Plantae",180858,500,"Flowers or flower buds",2021,3,4,63,2459278,46,2021,3,4,63,2459278,56
32655,30.167885,-93.229988,4,"LA",784,"Aesculus","pavia","red buckeye","Plantae",180858,501,"Open flowers",2021,3,4,63,2459278,46,2021,3,4,63,2459278,56
33012,42.011364,-93.638145,289,"IA",147,"Aquilegia","canadensis","red columbine","Plantae",199988,390,"Ripe fruits",2021,6,8,159,2459374,5,2021,7,1,182,2459397,7
33012,42.011364,-93.638145,289,"IA",147,"Aquilegia","canadensis","red columbine","Plantae",199988,482,"Initial growth (forbs)",2021,3,24,83,2459298,7,2021,4,7,97,2459312,7
33012,42.011364,-93.638145,289,"IA",147,"Aquilegia","canadensis","red columbine","Plantae",199988,488,"Leaves (forbs)",2021,3,31,90,2459305,7,2021,12,20,354,2459569,10
33012,42.011364,-93.638145,289,"IA",147,"Aquilegia","canadensis","red columbine","Plantae",199988,500,"Flowers or flower buds",2021,4,14,104,2459319,7,2021,5,21,141,2459356,4
33012,42.011364,-93.638145,289,"IA",147,"Aquilegia","canadensis","red columbine","Plantae",199988,500,"Flowers or flower buds",2021,6,10,161,2459376,2,2021,6,10,161,2459376,5
33012,42.011364,-93.638145,289,"IA",147,"Aquilegia","canadensis","red columbine","Plantae",199988,501,"Open flowers",2021,5,3,123,2459338,11,2021,5,21,141,2459356,4
33012,42.011364,-93.638145,289,"IA",147,"Aquilegia","canadensis","red columbine","Plantae",199988,501,"Open flowers",2021,6,10,161,2459376,2,2021,6,10,161,2459376,5
33012,42.011364,-93.638145,289,"IA",147,"Aquilegia","canadensis","red columbine","Plantae",199988,504,"Recent fruit or seed drop",2021,6,8,159,2459374,5,2021,7,8,189,2459404,5
33012,42.011364,-93.638145,289,"IA",147,"Aquilegia","canadensis","red columbine","Plantae",199988,516,"Fruits",2021,5,21,141,2459356,11,2021,7,1,182,2459397,7
36380,36.19149,-78.707611,125,"NC",147,"Aquilegia","canadensis","red columbine","Plantae",224953,390,"Ripe fruits",2021,6,1,152,2459367,6,2021,6,19,170,2459385,6
36380,36.19149,-78.707611,125,"NC",147,"Aquilegia","canadensis","red columbine","Plantae",224953,482,"Initial growth (forbs)",2021,3,3,62,2459277,NA,2021,6,1,152,2459367,2
36380,36.19149,-78.707611,125,"NC",147,"Aquilegia","canadensis","red columbine","Plantae",224953,488,"Leaves (forbs)",2021,3,3,62,2459277,NA,2021,7,6,187,2459402,1
36380,36.19149,-78.707611,125,"NC",147,"Aquilegia","canadensis","red columbine","Plantae",224953,488,"Leaves (forbs)",2021,7,9,190,2459405,2,2021,7,12,193,2459408,5
36380,36.19149,-78.707611,125,"NC",147,"Aquilegia","canadensis","red columbine","Plantae",224953,488,"Leaves (forbs)",2021,8,1,213,2459428,11,2021,8,1,213,2459428,3
36380,36.19149,-78.707611,125,"NC",147,"Aquilegia","canadensis","red columbine","Plantae",224953,500,"Flowers or flower buds",2021,4,2,92,2459307,10,2021,6,1,152,2459367,2
36380,36.19149,-78.707611,125,"NC",147,"Aquilegia","canadensis","red columbine","Plantae",224953,500,"Flowers or flower buds",2021,6,9,160,2459375,2,2021,6,9,160,2459375,3
36380,36.19149,-78.707611,125,"NC",147,"Aquilegia","canadensis","red columbine","Plantae",224953,501,"Open flowers",2021,4,15,105,2459320,7,2021,6,1,152,2459367,2
36380,36.19149,-78.707611,125,"NC",147,"Aquilegia","canadensis","red columbine","Plantae",224953,504,"Recent fruit or seed drop",2021,6,1,152,2459367,6,2021,7,6,187,2459402,1
36380,36.19149,-78.707611,125,"NC",147,"Aquilegia","canadensis","red columbine","Plantae",224953,516,"Fruits",2021,5,22,142,2459357,4,2021,5,22,142,2459357,4
36380,36.19149,-78.707611,125,"NC",147,"Aquilegia","canadensis","red columbine","Plantae",224953,516,"Fruits",2021,6,1,152,2459367,6,2021,6,14,165,2459380,2
37410,32.584236,-91.974403,25,"LA",784,"Aesculus","pavia","red buckeye","Plantae",231645,371,"Breaking leaf buds",2021,1,30,30,2459245,5,2021,2,17,48,2459263,8
37410,32.584236,-91.974403,25,"LA",784,"Aesculus","pavia","red buckeye","Plantae",231645,371,"Breaking leaf buds",2021,3,5,64,2459279,8,2021,3,19,78,2459293,8
37410,32.584236,-91.974403,25,"LA",784,"Aesculus","pavia","red buckeye","Plantae",231645,371,"Breaking leaf buds",2021,4,4,94,2459309,8,2021,4,4,94,2459309,6
37410,32.584236,-91.974403,25,"LA",784,"Aesculus","pavia","red buckeye","Plantae",231645,390,"Ripe fruits",2021,5,22,142,2459357,17,2021,5,27,147,2459362,8
37410,32.584236,-91.974403,25,"LA",784,"Aesculus","pavia","red buckeye","Plantae",231645,467,"Increasing leaf size",2021,3,5,64,2459279,8,2021,4,26,116,2459331,9
37410,32.584236,-91.974403,25,"LA",784,"Aesculus","pavia","red buckeye","Plantae",231645,471,"Falling leaves",2021,3,12,71,2459286,7,2021,3,19,78,2459293,8
37410,32.584236,-91.974403,25,"LA",784,"Aesculus","pavia","red buckeye","Plantae",231645,471,"Falling leaves",2021,7,24,205,2459420,14,2021,10,3,276,2459491,19
37410,32.584236,-91.974403,25,"LA",784,"Aesculus","pavia","red buckeye","Plantae",231645,483,"Leaves",2021,1,3,3,2459218,NA,2021,10,3,276,2459491,19
37410,32.584236,-91.974403,25,"LA",784,"Aesculus","pavia","red buckeye","Plantae",231645,498,"Colored leaves",2021,1,25,25,2459240,9,2021,1,30,30,2459245,18
37410,32.584236,-91.974403,25,"LA",784,"Aesculus","pavia","red buckeye","Plantae",231645,498,"Colored leaves",2021,2,25,56,2459271,8,2021,3,19,78,2459293,8
37410,32.584236,-91.974403,25,"LA",784,"Aesculus","pavia","red buckeye","Plantae",231645,498,"Colored leaves",2021,5,5,125,2459340,9,2021,10,3,276,2459491,19
37410,32.584236,-91.974403,25,"LA",784,"Aesculus","pavia","red buckeye","Plantae",231645,500,"Flowers or flower buds",2021,2,25,56,2459271,8,2021,5,5,125,2459340,17
37410,32.584236,-91.974403,25,"LA",784,"Aesculus","pavia","red buckeye","Plantae",231645,501,"Open flowers",2021,3,19,78,2459293,7,2021,5,5,125,2459340,17
37410,32.584236,-91.974403,25,"LA",784,"Aesculus","pavia","red buckeye","Plantae",231645,516,"Fruits",2021,4,26,116,2459331,8,2021,6,10,161,2459376,11
32443,39.90163,-86.175911,242,"IN",784,"Aesculus","pavia","red buckeye","Plantae",233933,371,"Breaking leaf buds",2021,2,24,55,2459270,NA,2021,12,14,348,2459563,NA
32443,39.90163,-86.175911,242,"IN",784,"Aesculus","pavia","red buckeye","Plantae",233933,467,"Increasing leaf size",2021,4,23,113,2459328,NA,2021,9,3,246,2459461,NA
32443,39.90163,-86.175911,242,"IN",784,"Aesculus","pavia","red buckeye","Plantae",233933,471,"Falling leaves",2021,10,19,292,2459507,NA,2021,11,17,321,2459536,NA
32443,39.90163,-86.175911,242,"IN",784,"Aesculus","pavia","red buckeye","Plantae",233933,483,"Leaves",2021,4,7,97,2459312,NA,2021,10,13,286,2459501,NA
32443,39.90163,-86.175911,242,"IN",784,"Aesculus","pavia","red buckeye","Plantae",233933,498,"Colored leaves",2021,8,18,230,2459445,NA,2021,11,17,321,2459536,NA
43590,32.679604,-92.205376,35,"LA",784,"Aesculus","pavia","red buckeye","Plantae",265889,467,"Increasing leaf size",2021,3,26,85,2459300,NA,2021,3,26,85,2459300,NA
43590,32.679604,-92.205376,35,"LA",784,"Aesculus","pavia","red buckeye","Plantae",265889,483,"Leaves",2021,3,26,85,2459300,NA,2021,3,26,85,2459300,NA
43590,32.679604,-92.205376,35,"LA",784,"Aesculus","pavia","red buckeye","Plantae",265889,500,"Flowers or flower buds",2021,3,26,85,2459300,NA,2021,3,26,85,2459300,NA
43590,32.679604,-92.205376,35,"LA",784,"Aesculus","pavia","red buckeye","Plantae",265889,501,"Open flowers",2021,3,26,85,2459300,NA,2021,3,26,85,2459300,NA
32443,39.90163,-86.175911,242,"IN",147,"Aquilegia","canadensis","red columbine","Plantae",270024,390,"Ripe fruits",2021,6,16,167,2459382,NA,2021,6,16,167,2459382,NA
32443,39.90163,-86.175911,242,"IN",147,"Aquilegia","canadensis","red columbine","Plantae",270024,488,"Leaves (forbs)",2021,4,28,118,2459333,NA,2021,6,9,160,2459375,NA
32443,39.90163,-86.175911,242,"IN",147,"Aquilegia","canadensis","red columbine","Plantae",270024,500,"Flowers or flower buds",2021,4,28,118,2459333,NA,2021,6,2,153,2459368,NA
32443,39.90163,-86.175911,242,"IN",147,"Aquilegia","canadensis","red columbine","Plantae",270024,501,"Open flowers",2021,4,28,118,2459333,NA,2021,6,2,153,2459368,NA
32443,39.90163,-86.175911,242,"IN",147,"Aquilegia","canadensis","red columbine","Plantae",270024,504,"Recent fruit or seed drop",2021,6,9,160,2459375,NA,2021,6,23,174,2459389,NA
57074,31.8568,-88.160919,42,"AL",784,"Aesculus","pavia","red buckeye","Plantae",356688,471,"Falling leaves",2021,7,1,182,2459397,21,2021,7,1,182,2459397,7
57074,31.8568,-88.160919,42,"AL",784,"Aesculus","pavia","red buckeye","Plantae",356688,471,"Falling leaves",2021,7,29,210,2459425,7,2021,7,29,210,2459425,7
57074,31.8568,-88.160919,42,"AL",784,"Aesculus","pavia","red buckeye","Plantae",356688,483,"Leaves",2021,6,3,154,2459369,NA,2021,9,23,266,2459481,7
57074,31.8568,-88.160919,42,"AL",784,"Aesculus","pavia","red buckeye","Plantae",356688,498,"Colored leaves",2021,6,10,161,2459376,7,2021,7,8,189,2459404,7
57074,31.8568,-88.160919,42,"AL",784,"Aesculus","pavia","red buckeye","Plantae",356688,498,"Colored leaves",2021,7,22,203,2459418,7,2021,7,29,210,2459425,7
57074,31.8568,-88.160919,42,"AL",784,"Aesculus","pavia","red buckeye","Plantae",356688,498,"Colored leaves",2021,9,9,252,2459467,14,2021,9,9,252,2459467,7
57074,31.8568,-88.160919,42,"AL",784,"Aesculus","pavia","red buckeye","Plantae",356688,498,"Colored leaves",2021,9,23,266,2459481,7,2021,9,23,266,2459481,7
57074,31.8568,-88.160919,42,"AL",784,"Aesculus","pavia","red buckeye","Plantae",356689,483,"Leaves",2021,6,3,154,2459369,NA,2021,6,10,161,2459376,21
57074,31.8568,-88.160919,42,"AL",784,"Aesculus","pavia","red buckeye","Plantae",356689,498,"Colored leaves",2021,6,10,161,2459376,7,2021,6,10,161,2459376,21
57074,31.8568,-88.160919,42,"AL",784,"Aesculus","pavia","red buckeye","Plantae",356694,471,"Falling leaves",2021,7,29,210,2459425,7,2021,7,29,210,2459425,7
57074,31.8568,-88.160919,42,"AL",784,"Aesculus","pavia","red buckeye","Plantae",356694,471,"Falling leaves",2021,9,9,252,2459467,14,2021,9,9,252,2459467,7
57074,31.8568,-88.160919,42,"AL",784,"Aesculus","pavia","red buckeye","Plantae",356694,471,"Falling leaves",2021,9,30,273,2459488,7,2021,9,30,273,2459488,7
57074,31.8568,-88.160919,42,"AL",784,"Aesculus","pavia","red buckeye","Plantae",356694,483,"Leaves",2021,6,3,154,2459369,NA,2021,9,30,273,2459488,7
57074,31.8568,-88.160919,42,"AL",784,"Aesculus","pavia","red buckeye","Plantae",356694,498,"Colored leaves",2021,6,10,161,2459376,7,2021,7,8,189,2459404,7
57074,31.8568,-88.160919,42,"AL",784,"Aesculus","pavia","red buckeye","Plantae",356694,498,"Colored leaves",2021,7,22,203,2459418,7,2021,7,29,210,2459425,7
57074,31.8568,-88.160919,42,"AL",784,"Aesculus","pavia","red buckeye","Plantae",356694,498,"Colored leaves",2021,9,9,252,2459467,14,2021,9,9,252,2459467,7
57074,31.8568,-88.160919,42,"AL",784,"Aesculus","pavia","red buckeye","Plantae",356694,498,"Colored leaves",2021,9,23,266,2459481,7,2021,9,30,273,2459488,7
57074,31.8568,-88.160919,42,"AL",784,"Aesculus","pavia","red buckeye","Plantae",356696,471,"Falling leaves",2021,10,21,294,2459509,7,2021,10,21,294,2459509,6
57074,31.8568,-88.160919,42,"AL",784,"Aesculus","pavia","red buckeye","Plantae",356696,483,"Leaves",2021,6,3,154,2459369,NA,2021,8,26,238,2459453,14
57074,31.8568,-88.160919,42,"AL",784,"Aesculus","pavia","red buckeye","Plantae",356696,498,"Colored leaves",2021,7,1,182,2459397,21,2021,7,1,182,2459397,7
57074,31.8568,-88.160919,42,"AL",784,"Aesculus","pavia","red buckeye","Plantae",356696,498,"Colored leaves",2021,7,22,203,2459418,7,2021,7,29,210,2459425,7
57074,31.8568,-88.160919,42,"AL",784,"Aesculus","pavia","red buckeye","Plantae",356701,471,"Falling leaves",2021,7,29,210,2459425,7,2021,7,29,210,2459425,7
57074,31.8568,-88.160919,42,"AL",784,"Aesculus","pavia","red buckeye","Plantae",356701,471,"Falling leaves",2021,9,9,252,2459467,14,2021,9,23,266,2459481,7
57074,31.8568,-88.160919,42,"AL",784,"Aesculus","pavia","red buckeye","Plantae",356701,483,"Leaves",2021,6,3,154,2459369,NA,2021,9,23,266,2459481,7
57074,31.8568,-88.160919,42,"AL",784,"Aesculus","pavia","red buckeye","Plantae",356701,498,"Colored leaves",2021,6,10,161,2459376,7,2021,7,8,189,2459404,7
57074,31.8568,-88.160919,42,"AL",784,"Aesculus","pavia","red buckeye","Plantae",356701,498,"Colored leaves",2021,7,22,203,2459418,7,2021,7,29,210,2459425,7
57074,31.8568,-88.160919,42,"AL",784,"Aesculus","pavia","red buckeye","Plantae",356701,498,"Colored leaves",2021,9,9,252,2459467,14,2021,9,9,252,2459467,7
57074,31.8568,-88.160919,42,"AL",784,"Aesculus","pavia","red buckeye","Plantae",356701,498,"Colored leaves",2021,9,23,266,2459481,7,2021,9,23,266,2459481,7
2394,45.425339,-93.186249,278,"MN",147,"Aquilegia","canadensis","red columbine","Plantae",3818,482,"Initial growth (forbs)",2022,5,18,138,2459718,5,2022,5,18,138,2459718,9
2394,45.425339,-93.186249,278,"MN",147,"Aquilegia","canadensis","red columbine","Plantae",3818,482,"Initial growth (forbs)",2022,6,1,152,2459732,5,2022,6,1,152,2459732,2
2394,45.425339,-93.186249,278,"MN",147,"Aquilegia","canadensis","red columbine","Plantae",3818,482,"Initial growth (forbs)",2022,6,23,174,2459754,7,2022,6,23,174,2459754,10
2394,45.425339,-93.186249,278,"MN",147,"Aquilegia","canadensis","red columbine","Plantae",3818,482,"Initial growth (forbs)",2022,7,12,193,2459773,1,2022,7,12,193,2459773,6
2394,45.425339,-93.186249,278,"MN",147,"Aquilegia","canadensis","red columbine","Plantae",3818,488,"Leaves (forbs)",2022,5,18,138,2459718,5,2022,5,18,138,2459718,9
2394,45.425339,-93.186249,278,"MN",147,"Aquilegia","canadensis","red columbine","Plantae",3818,488,"Leaves (forbs)",2022,6,1,152,2459732,5,2022,11,2,306,2459886,NA
2394,45.425339,-93.186249,278,"MN",147,"Aquilegia","canadensis","red columbine","Plantae",3818,500,"Flowers or flower buds",2022,6,1,152,2459732,5,2022,6,3,154,2459734,13
2394,45.425339,-93.186249,278,"MN",147,"Aquilegia","canadensis","red columbine","Plantae",3900,482,"Initial growth (forbs)",2022,5,13,133,2459713,6,2022,6,1,152,2459732,2
2394,45.425339,-93.186249,278,"MN",147,"Aquilegia","canadensis","red columbine","Plantae",3900,488,"Leaves (forbs)",2022,4,27,117,2459697,1,2022,4,27,117,2459697,5
2394,45.425339,-93.186249,278,"MN",147,"Aquilegia","canadensis","red columbine","Plantae",3900,488,"Leaves (forbs)",2022,5,7,127,2459707,3,2022,11,2,306,2459886,NA
2394,45.425339,-93.186249,278,"MN",147,"Aquilegia","canadensis","red columbine","Plantae",3900,500,"Flowers or flower buds",2022,6,1,152,2459732,5,2022,6,3,154,2459734,13
2394,45.425339,-93.186249,278,"MN",147,"Aquilegia","canadensis","red columbine","Plantae",3900,501,"Open flowers",2022,6,1,152,2459732,5,2022,6,1,152,2459732,2
6242,43.348259,-70.546036,5,"ME",147,"Aquilegia","canadensis","red columbine","Plantae",16523,390,"Ripe fruits",2022,7,20,201,2459781,8,2022,7,20,201,2459781,8
6242,43.348259,-70.546036,5,"ME",147,"Aquilegia","canadensis","red columbine","Plantae",16523,390,"Ripe fruits",2022,9,13,256,2459836,6,2022,9,30,273,2459853,7
6242,43.348259,-70.546036,5,"ME",147,"Aquilegia","canadensis","red columbine","Plantae",16523,482,"Initial growth (forbs)",2022,4,28,118,2459698,83,2022,5,12,132,2459712,21
6242,43.348259,-70.546036,5,"ME",147,"Aquilegia","canadensis","red columbine","Plantae",16523,488,"Leaves (forbs)",2022,4,28,118,2459698,83,2022,10,7,280,2459860,20
6242,43.348259,-70.546036,5,"ME",147,"Aquilegia","canadensis","red columbine","Plantae",16523,500,"Flowers or flower buds",2022,6,2,153,2459733,21,2022,6,28,179,2459759,7
6242,43.348259,-70.546036,5,"ME",147,"Aquilegia","canadensis","red columbine","Plantae",16523,501,"Open flowers",2022,6,22,173,2459753,9,2022,6,22,173,2459753,6
6242,43.348259,-70.546036,5,"ME",147,"Aquilegia","canadensis","red columbine","Plantae",16523,504,"Recent fruit or seed drop",2022,7,28,209,2459789,8,2022,8,24,236,2459816,14
6242,43.348259,-70.546036,5,"ME",147,"Aquilegia","canadensis","red columbine","Plantae",16523,504,"Recent fruit or seed drop",2022,9,13,256,2459836,6,2022,10,7,280,2459860,20
6242,43.348259,-70.546036,5,"ME",147,"Aquilegia","canadensis","red columbine","Plantae",16523,516,"Fruits",2022,7,12,193,2459773,7,2022,7,20,201,2459781,8
6242,43.348259,-70.546036,5,"ME",147,"Aquilegia","canadensis","red columbine","Plantae",28506,482,"Initial growth (forbs)",2022,4,28,118,2459698,83,2022,5,12,132,2459712,21
6242,43.348259,-70.546036,5,"ME",147,"Aquilegia","canadensis","red columbine","Plantae",28506,488,"Leaves (forbs)",2022,4,28,118,2459698,83,2022,5,12,132,2459712,21
6242,43.348259,-70.546036,5,"ME",147,"Aquilegia","canadensis","red columbine","Plantae",28506,488,"Leaves (forbs)",2022,9,13,256,2459836,20,2022,9,13,256,2459836,17
6242,43.348259,-70.546036,5,"ME",147,"Aquilegia","canadensis","red columbine","Plantae",28506,488,"Leaves (forbs)",2022,10,7,280,2459860,7,2022,10,7,280,2459860,20
6242,43.348259,-70.546036,5,"ME",147,"Aquilegia","canadensis","red columbine","Plantae",28506,504,"Recent fruit or seed drop",2022,9,13,256,2459836,20,2022,9,13,256,2459836,17
10585,41.433689,-81.693153,219,"OH",147,"Aquilegia","canadensis","red columbine","Plantae",45124,390,"Ripe fruits",2022,6,9,160,2459740,7,2022,6,16,167,2459747,7
10585,41.433689,-81.693153,219,"OH",147,"Aquilegia","canadensis","red columbine","Plantae",45124,482,"Initial growth (forbs)",2022,3,24,83,2459663,7,2022,4,21,111,2459691,NA
10585,41.433689,-81.693153,219,"OH",147,"Aquilegia","canadensis","red columbine","Plantae",45124,488,"Leaves (forbs)",2022,3,24,83,2459663,NA,2022,5,12,132,2459712,NA
10585,41.433689,-81.693153,219,"OH",147,"Aquilegia","canadensis","red columbine","Plantae",45124,500,"Flowers or flower buds",2022,5,5,125,2459705,7,2022,5,19,139,2459719,NA
10585,41.433689,-81.693153,219,"OH",147,"Aquilegia","canadensis","red columbine","Plantae",45124,501,"Open flowers",2022,5,19,139,2459719,7,2022,5,26,146,2459726,7
10585,41.433689,-81.693153,219,"OH",147,"Aquilegia","canadensis","red columbine","Plantae",45124,504,"Recent fruit or seed drop",2022,6,9,160,2459740,NA,2022,6,16,167,2459747,7
10585,41.433689,-81.693153,219,"OH",147,"Aquilegia","canadensis","red columbine","Plantae",45124,516,"Fruits",2022,6,2,153,2459733,7,2022,6,16,167,2459747,7
17574,40.863052,-73.881592,30,"NY",784,"Aesculus","pavia","red buckeye","Plantae",67637,371,"Breaking leaf buds",2022,3,15,74,2459654,11,2022,4,14,104,2459684,3
17574,40.863052,-73.881592,30,"NY",784,"Aesculus","pavia","red buckeye","Plantae",67637,371,"Breaking leaf buds",2022,5,20,140,2459720,5,2022,5,20,140,2459720,2
17574,40.863052,-73.881592,30,"NY",784,"Aesculus","pavia","red buckeye","Plantae",67637,371,"Breaking leaf buds",2022,5,29,149,2459729,3,2022,6,1,152,2459732,8
17574,40.863052,-73.881592,30,"NY",784,"Aesculus","pavia","red buckeye","Plantae",67637,371,"Breaking leaf buds",2022,6,30,181,2459761,4,2022,6,30,181,2459761,17
17574,40.863052,-73.881592,30,"NY",784,"Aesculus","pavia","red buckeye","Plantae",67637,390,"Ripe fruits",2022,6,9,160,2459740,8,2022,6,9,160,2459740,5
17574,40.863052,-73.881592,30,"NY",784,"Aesculus","pavia","red buckeye","Plantae",67637,390,"Ripe fruits",2022,6,26,177,2459757,2,2022,6,26,177,2459757,4
17574,40.863052,-73.881592,30,"NY",784,"Aesculus","pavia","red buckeye","Plantae",67637,390,"Ripe fruits",2022,7,28,209,2459789,11,2022,10,10,283,2459863,9
17574,40.863052,-73.881592,30,"NY",784,"Aesculus","pavia","red buckeye","Plantae",67637,390,"Ripe fruits",2022,11,26,330,2459910,6,2022,11,26,330,2459910,1
17574,40.863052,-73.881592,30,"NY",784,"Aesculus","pavia","red buckeye","Plantae",67637,467,"Increasing leaf size",2022,3,27,86,2459666,12,2022,3,27,86,2459666,3
17574,40.863052,-73.881592,30,"NY",784,"Aesculus","pavia","red buckeye","Plantae",67637,467,"Increasing leaf size",2022,4,7,97,2459677,8,2022,5,5,125,2459705,10
17574,40.863052,-73.881592,30,"NY",784,"Aesculus","pavia","red buckeye","Plantae",67637,467,"Increasing leaf size",2022,5,20,140,2459720,5,2022,6,14,165,2459745,4
17574,40.863052,-73.881592,30,"NY",784,"Aesculus","pavia","red buckeye","Plantae",67637,467,"Increasing leaf size",2022,6,30,181,2459761,4,2022,6,30,181,2459761,17
17574,40.863052,-73.881592,30,"NY",784,"Aesculus","pavia","red buckeye","Plantae",67637,471,"Falling leaves",2022,10,10,283,2459863,11,2022,11,5,309,2459889,8
17574,40.863052,-73.881592,30,"NY",784,"Aesculus","pavia","red buckeye","Plantae",67637,483,"Leaves",2022,3,27,86,2459666,12,2022,3,27,86,2459666,3
17574,40.863052,-73.881592,30,"NY",784,"Aesculus","pavia","red buckeye","Plantae",67637,483,"Leaves",2022,4,7,97,2459677,8,2022,11,5,309,2459889,8
17574,40.863052,-73.881592,30,"NY",784,"Aesculus","pavia","red buckeye","Plantae",67637,498,"Colored leaves",2022,10,10,283,2459863,11,2022,11,5,309,2459889,8
17574,40.863052,-73.881592,30,"NY",784,"Aesculus","pavia","red buckeye","Plantae",67637,500,"Flowers or flower buds",2022,3,4,63,2459643,NA,2022,3,4,63,2459643,11
17574,40.863052,-73.881592,30,"NY",784,"Aesculus","pavia","red buckeye","Plantae",67637,500,"Flowers or flower buds",2022,4,28,118,2459698,4,2022,5,22,142,2459722,4
17574,40.863052,-73.881592,30,"NY",784,"Aesculus","pavia","red buckeye","Plantae",67637,500,"Flowers or flower buds",2022,6,30,181,2459761,4,2022,6,30,181,2459761,17
17574,40.863052,-73.881592,30,"NY",784,"Aesculus","pavia","red buckeye","Plantae",67637,501,"Open flowers",2022,6,30,181,2459761,4,2022,6,30,181,2459761,17
17574,40.863052,-73.881592,30,"NY",784,"Aesculus","pavia","red buckeye","Plantae",67637,504,"Recent fruit or seed drop",2022,6,9,160,2459740,8,2022,6,9,160,2459740,5
17574,40.863052,-73.881592,30,"NY",784,"Aesculus","pavia","red buckeye","Plantae",67637,504,"Recent fruit or seed drop",2022,9,29,272,2459852,14,2022,10,10,283,2459863,9
17574,40.863052,-73.881592,30,"NY",784,"Aesculus","pavia","red buckeye","Plantae",67637,516,"Fruits",2022,5,15,135,2459715,10,2022,5,15,135,2459715,7
17574,40.863052,-73.881592,30,"NY",784,"Aesculus","pavia","red buckeye","Plantae",67637,516,"Fruits",2022,5,26,146,2459726,4,2022,10,10,283,2459863,9
24164,40.665085,-73.963432,17,"NY",784,"Aesculus","pavia","red buckeye","Plantae",114555,371,"Breaking leaf buds",2022,4,8,98,2459678,14,2022,4,8,98,2459678,6
24164,40.665085,-73.963432,17,"NY",784,"Aesculus","pavia","red buckeye","Plantae",114555,500,"Flowers or flower buds",2022,4,8,98,2459678,14,2022,4,8,98,2459678,6
6242,43.348259,-70.546036,5,"ME",147,"Aquilegia","canadensis","red columbine","Plantae",126285,482,"Initial growth (forbs)",2022,4,28,118,2459698,83,2022,5,12,132,2459712,21
6242,43.348259,-70.546036,5,"ME",147,"Aquilegia","canadensis","red columbine","Plantae",126285,488,"Leaves (forbs)",2022,4,28,118,2459698,83,2022,8,24,236,2459816,14
6242,43.348259,-70.546036,5,"ME",147,"Aquilegia","canadensis","red columbine","Plantae",126285,488,"Leaves (forbs)",2022,9,13,256,2459836,6,2022,10,7,280,2459860,20
6242,43.348259,-70.546036,5,"ME",147,"Aquilegia","canadensis","red columbine","Plantae",126285,500,"Flowers or flower buds",2022,6,2,153,2459733,21,2022,6,7,158,2459738,6
6242,43.348259,-70.546036,5,"ME",147,"Aquilegia","canadensis","red columbine","Plantae",126285,500,"Flowers or flower buds",2022,6,22,173,2459753,9,2022,6,28,179,2459759,7
6242,43.348259,-70.546036,5,"ME",147,"Aquilegia","canadensis","red columbine","Plantae",126285,500,"Flowers or flower buds",2022,8,5,217,2459797,8,2022,8,5,217,2459797,4
6242,43.348259,-70.546036,5,"ME",147,"Aquilegia","canadensis","red columbine","Plantae",126285,501,"Open flowers",2022,6,7,158,2459738,5,2022,6,7,158,2459738,6
6242,43.348259,-70.546036,5,"ME",147,"Aquilegia","canadensis","red columbine","Plantae",126285,501,"Open flowers",2022,8,5,217,2459797,8,2022,8,5,217,2459797,4
6242,43.348259,-70.546036,5,"ME",147,"Aquilegia","canadensis","red columbine","Plantae",126285,504,"Recent fruit or seed drop",2022,7,20,201,2459781,8,2022,8,24,236,2459816,14
6242,43.348259,-70.546036,5,"ME",147,"Aquilegia","canadensis","red columbine","Plantae",126285,504,"Recent fruit or seed drop",2022,9,13,256,2459836,6,2022,9,30,273,2459853,7
6242,43.348259,-70.546036,5,"ME",147,"Aquilegia","canadensis","red columbine","Plantae",126285,516,"Fruits",2022,6,13,164,2459744,6,2022,6,13,164,2459744,9
6242,43.348259,-70.546036,5,"ME",147,"Aquilegia","canadensis","red columbine","Plantae",126285,516,"Fruits",2022,7,12,193,2459773,7,2022,7,20,201,2459781,8
25797,30.376991,-97.76033,249,"TX",784,"Aesculus","pavia","red buckeye","Plantae",128146,371,"Breaking leaf buds",2022,3,28,87,2459667,NA,2022,3,28,87,2459667,NA
25797,30.376991,-97.76033,249,"TX",784,"Aesculus","pavia","red buckeye","Plantae",128146,467,"Increasing leaf size",2022,3,28,87,2459667,NA,2022,3,28,87,2459667,NA
25797,30.376991,-97.76033,249,"TX",784,"Aesculus","pavia","red buckeye","Plantae",128146,483,"Leaves",2022,3,28,87,2459667,NA,2022,3,28,87,2459667,NA
25797,30.376991,-97.76033,249,"TX",784,"Aesculus","pavia","red buckeye","Plantae",128146,500,"Flowers or flower buds",2022,3,28,87,2459667,NA,2022,3,28,87,2459667,NA
25797,30.376991,-97.76033,249,"TX",784,"Aesculus","pavia","red buckeye","Plantae",128146,501,"Open flowers",2022,3,28,87,2459667,NA,2022,3,28,87,2459667,NA
28357,30.414719,-88.541824,3,"MS",784,"Aesculus","pavia","red buckeye","Plantae",147491,467,"Increasing leaf size",2022,6,3,154,2459734,NA,2022,6,3,154,2459734,63
28357,30.414719,-88.541824,3,"MS",784,"Aesculus","pavia","red buckeye","Plantae",147491,483,"Leaves",2022,6,3,154,2459734,NA,2022,8,17,229,2459809,71
28357,30.414719,-88.541824,3,"MS",784,"Aesculus","pavia","red buckeye","Plantae",147493,483,"Leaves",2022,6,3,154,2459734,NA,2022,8,17,229,2459809,71
28357,30.414719,-88.541824,3,"MS",784,"Aesculus","pavia","red buckeye","Plantae",147494,467,"Increasing leaf size",2022,6,3,154,2459734,NA,2022,6,3,154,2459734,63
28357,30.414719,-88.541824,3,"MS",784,"Aesculus","pavia","red buckeye","Plantae",147494,483,"Leaves",2022,6,3,154,2459734,NA,2022,8,17,229,2459809,71
31779,47.166275,-122.537384,74,"WA",147,"Aquilegia","canadensis","red columbine","Plantae",174095,482,"Initial growth (forbs)",2022,2,4,35,2459615,NA,2022,4,28,118,2459698,NA
31779,47.166275,-122.537384,74,"WA",147,"Aquilegia","canadensis","red columbine","Plantae",174095,488,"Leaves (forbs)",2022,2,17,48,2459628,13,2022,4,28,118,2459698,NA
31779,47.166275,-122.537384,74,"WA",147,"Aquilegia","canadensis","red columbine","Plantae",174095,500,"Flowers or flower buds",2022,4,28,118,2459698,55,2022,4,28,118,2459698,NA
31779,47.166275,-122.537384,74,"WA",147,"Aquilegia","canadensis","red columbine","Plantae",174095,501,"Open flowers",2022,5,27,147,2459727,84,2022,5,27,147,2459727,NA
30051,44.478752,-84.672668,364,"MI",147,"Aquilegia","canadensis","red columbine","Plantae",180165,482,"Initial growth (forbs)",2022,5,9,129,2459709,NA,2022,5,9,129,2459709,NA
30051,44.478752,-84.672668,364,"MI",147,"Aquilegia","canadensis","red columbine","Plantae",180165,488,"Leaves (forbs)",2022,5,9,129,2459709,NA,2022,5,9,129,2459709,NA
33012,42.011364,-93.638145,289,"IA",147,"Aquilegia","canadensis","red columbine","Plantae",199988,390,"Ripe fruits",2022,6,14,165,2459745,5,2022,9,28,271,2459851,7
33012,42.011364,-93.638145,289,"IA",147,"Aquilegia","canadensis","red columbine","Plantae",199988,482,"Initial growth (forbs)",2022,4,27,117,2459697,104,2022,5,6,126,2459706,5
33012,42.011364,-93.638145,289,"IA",147,"Aquilegia","canadensis","red columbine","Plantae",199988,488,"Leaves (forbs)",2022,4,27,117,2459697,104,2022,10,26,299,2459879,6
33012,42.011364,-93.638145,289,"IA",147,"Aquilegia","canadensis","red columbine","Plantae",199988,500,"Flowers or flower buds",2022,5,6,126,2459706,9,2022,6,9,160,2459740,5
33012,42.011364,-93.638145,289,"IA",147,"Aquilegia","canadensis","red columbine","Plantae",199988,500,"Flowers or flower buds",2022,6,27,178,2459758,3,2022,7,12,193,2459773,6
33012,42.011364,-93.638145,289,"IA",147,"Aquilegia","canadensis","red columbine","Plantae",199988,501,"Open flowers",2022,5,11,131,2459711,5,2022,6,9,160,2459740,5
33012,42.011364,-93.638145,289,"IA",147,"Aquilegia","canadensis","red columbine","Plantae",199988,501,"Open flowers",2022,6,27,178,2459758,3,2022,7,12,193,2459773,6
33012,42.011364,-93.638145,289,"IA",147,"Aquilegia","canadensis","red columbine","Plantae",199988,504,"Recent fruit or seed drop",2022,6,27,178,2459758,11,2022,10,5,278,2459858,7
33012,42.011364,-93.638145,289,"IA",147,"Aquilegia","canadensis","red columbine","Plantae",199988,516,"Fruits",2022,6,2,153,2459733,2,2022,6,2,153,2459733,5
33012,42.011364,-93.638145,289,"IA",147,"Aquilegia","canadensis","red columbine","Plantae",199988,516,"Fruits",2022,6,14,165,2459745,5,2022,9,28,271,2459851,7
36380,36.19149,-78.707611,125,"NC",147,"Aquilegia","canadensis","red columbine","Plantae",224953,390,"Ripe fruits",2022,5,18,138,2459718,8,2022,6,30,181,2459761,6
36380,36.19149,-78.707611,125,"NC",147,"Aquilegia","canadensis","red columbine","Plantae",224953,482,"Initial growth (forbs)",2022,2,17,48,2459628,8,2022,2,17,48,2459628,6
36380,36.19149,-78.707611,125,"NC",147,"Aquilegia","canadensis","red columbine","Plantae",224953,482,"Initial growth (forbs)",2022,3,2,61,2459641,7,2022,4,27,117,2459697,6
36380,36.19149,-78.707611,125,"NC",147,"Aquilegia","canadensis","red columbine","Plantae",224953,488,"Leaves (forbs)",2022,3,2,61,2459641,7,2022,6,1,152,2459732,8
36380,36.19149,-78.707611,125,"NC",147,"Aquilegia","canadensis","red columbine","Plantae",224953,488,"Leaves (forbs)",2022,6,15,166,2459746,6,2022,6,15,166,2459746,7
36380,36.19149,-78.707611,125,"NC",147,"Aquilegia","canadensis","red columbine","Plantae",224953,488,"Leaves (forbs)",2022,6,30,181,2459761,8,2022,8,31,243,2459823,7
36380,36.19149,-78.707611,125,"NC",147,"Aquilegia","canadensis","red columbine","Plantae",224953,488,"Leaves (forbs)",2022,10,18,291,2459871,6,2022,11,16,320,2459900,NA
36380,36.19149,-78.707611,125,"NC",147,"Aquilegia","canadensis","red columbine","Plantae",224953,500,"Flowers or flower buds",2022,4,14,104,2459684,13,2022,5,25,145,2459725,7
36380,36.19149,-78.707611,125,"NC",147,"Aquilegia","canadensis","red columbine","Plantae",224953,501,"Open flowers",2022,4,14,104,2459684,13,2022,5,25,145,2459725,7
36380,36.19149,-78.707611,125,"NC",147,"Aquilegia","canadensis","red columbine","Plantae",224953,504,"Recent fruit or seed drop",2022,5,18,138,2459718,8,2022,7,6,187,2459767,7
36380,36.19149,-78.707611,125,"NC",147,"Aquilegia","canadensis","red columbine","Plantae",224953,516,"Fruits",2022,4,27,117,2459697,7,2022,6,15,166,2459746,7
36380,36.19149,-78.707611,125,"NC",147,"Aquilegia","canadensis","red columbine","Plantae",224953,516,"Fruits",2022,6,30,181,2459761,8,2022,6,30,181,2459761,6
37410,32.584236,-91.974403,25,"LA",784,"Aesculus","pavia","red buckeye","Plantae",231645,371,"Breaking leaf buds",2022,2,11,42,2459622,NA,2022,2,24,55,2459635,17
37410,32.584236,-91.974403,25,"LA",784,"Aesculus","pavia","red buckeye","Plantae",231645,390,"Ripe fruits",2022,6,19,170,2459750,20,2022,7,9,190,2459770,58
37410,32.584236,-91.974403,25,"LA",784,"Aesculus","pavia","red buckeye","Plantae",231645,467,"Increasing leaf size",2022,2,11,42,2459622,NA,2022,6,27,178,2459758,12
37410,32.584236,-91.974403,25,"LA",784,"Aesculus","pavia","red buckeye","Plantae",231645,471,"Falling leaves",2022,9,5,248,2459828,45,2022,9,5,248,2459828,48
37410,32.584236,-91.974403,25,"LA",784,"Aesculus","pavia","red buckeye","Plantae",231645,483,"Leaves",2022,2,11,42,2459622,NA,2022,9,5,248,2459828,48
37410,32.584236,-91.974403,25,"LA",784,"Aesculus","pavia","red buckeye","Plantae",231645,498,"Colored leaves",2022,6,19,170,2459750,20,2022,9,5,248,2459828,48
37410,32.584236,-91.974403,25,"LA",784,"Aesculus","pavia","red buckeye","Plantae",231645,500,"Flowers or flower buds",2022,2,24,55,2459635,13,2022,5,23,143,2459723,7
37410,32.584236,-91.974403,25,"LA",784,"Aesculus","pavia","red buckeye","Plantae",231645,501,"Open flowers",2022,4,18,108,2459688,31,2022,5,23,143,2459723,7
37410,32.584236,-91.974403,25,"LA",784,"Aesculus","pavia","red buckeye","Plantae",231645,504,"Recent fruit or seed drop",2022,6,19,170,2459750,20,2022,6,19,170,2459750,8
37410,32.584236,-91.974403,25,"LA",784,"Aesculus","pavia","red buckeye","Plantae",231645,504,"Recent fruit or seed drop",2022,9,5,248,2459828,45,2022,9,5,248,2459828,48
37410,32.584236,-91.974403,25,"LA",784,"Aesculus","pavia","red buckeye","Plantae",231645,516,"Fruits",2022,5,9,129,2459709,21,2022,9,5,248,2459828,48
32443,39.90163,-86.175911,242,"IN",784,"Aesculus","pavia","red buckeye","Plantae",233933,371,"Breaking leaf buds",2022,2,21,52,2459632,NA,2022,11,29,333,2459913,NA
32443,39.90163,-86.175911,242,"IN",784,"Aesculus","pavia","red buckeye","Plantae",233933,467,"Increasing leaf size",2022,4,27,117,2459697,NA,2022,8,16,228,2459808,NA
32443,39.90163,-86.175911,242,"IN",784,"Aesculus","pavia","red buckeye","Plantae",233933,471,"Falling leaves",2022,10,18,291,2459871,NA,2022,11,1,305,2459885,NA
32443,39.90163,-86.175911,242,"IN",784,"Aesculus","pavia","red buckeye","Plantae",233933,483,"Leaves",2022,4,12,102,2459682,NA,2022,9,6,249,2459829,NA
32443,39.90163,-86.175911,242,"IN",784,"Aesculus","pavia","red buckeye","Plantae",233933,498,"Colored leaves",2022,8,30,242,2459822,NA,2022,10,18,291,2459871,NA
32443,39.90163,-86.175911,242,"IN",147,"Aquilegia","canadensis","red columbine","Plantae",270024,390,"Ripe fruits",2022,6,1,152,2459732,NA,2022,6,21,172,2459752,NA
32443,39.90163,-86.175911,242,"IN",147,"Aquilegia","canadensis","red columbine","Plantae",270024,482,"Initial growth (forbs)",2022,4,2,92,2459672,NA,2022,4,12,102,2459682,NA
32443,39.90163,-86.175911,242,"IN",147,"Aquilegia","canadensis","red columbine","Plantae",270024,488,"Leaves (forbs)",2022,4,12,102,2459682,NA,2022,9,6,249,2459829,NA
32443,39.90163,-86.175911,242,"IN",147,"Aquilegia","canadensis","red columbine","Plantae",270024,500,"Flowers or flower buds",2022,4,29,119,2459699,NA,2022,5,17,137,2459717,NA
32443,39.90163,-86.175911,242,"IN",147,"Aquilegia","canadensis","red columbine","Plantae",270024,501,"Open flowers",2022,5,17,137,2459717,NA,2022,5,17,137,2459717,NA
32443,39.90163,-86.175911,242,"IN",147,"Aquilegia","canadensis","red columbine","Plantae",270024,516,"Fruits",2022,5,25,145,2459725,NA,2022,5,25,145,2459725,NA
46202,35.16766,-81.05687,199,"NC",784,"Aesculus","pavia","red buckeye","Plantae",283089,371,"Breaking leaf buds",2022,1,19,19,2459599,7,2022,1,19,19,2459599,7
46202,35.16766,-81.05687,199,"NC",784,"Aesculus","pavia","red buckeye","Plantae",283089,371,"Breaking leaf buds",2022,2,2,33,2459613,7,2022,2,2,33,2459613,7
46202,35.16766,-81.05687,199,"NC",784,"Aesculus","pavia","red buckeye","Plantae",283089,371,"Breaking leaf buds",2022,2,16,47,2459627,7,2022,2,16,47,2459627,6
46202,35.16766,-81.05687,199,"NC",784,"Aesculus","pavia","red buckeye","Plantae",283089,371,"Breaking leaf buds",2022,3,14,73,2459653,6,2022,3,15,74,2459654,7
46202,35.16766,-81.05687,199,"NC",784,"Aesculus","pavia","red buckeye","Plantae",283089,390,"Ripe fruits",2022,5,24,144,2459724,7,2022,5,24,144,2459724,7
46202,35.16766,-81.05687,199,"NC",784,"Aesculus","pavia","red buckeye","Plantae",283089,390,"Ripe fruits",2022,9,27,270,2459850,7,2022,10,4,277,2459857,7
46202,35.16766,-81.05687,199,"NC",784,"Aesculus","pavia","red buckeye","Plantae",283089,467,"Increasing leaf size",2022,3,8,67,2459647,7,2022,6,28,179,2459759,7
46202,35.16766,-81.05687,199,"NC",784,"Aesculus","pavia","red buckeye","Plantae",283089,467,"Increasing leaf size",2022,7,12,193,2459773,7,2022,8,9,221,2459801,13
46202,35.16766,-81.05687,199,"NC",784,"Aesculus","pavia","red buckeye","Plantae",283089,467,"Increasing leaf size",2022,8,23,235,2459815,1,2022,8,23,235,2459815,6
46202,35.16766,-81.05687,199,"NC",784,"Aesculus","pavia","red buckeye","Plantae",283089,471,"Falling leaves",2022,6,27,178,2459758,6,2022,6,28,179,2459759,7
46202,35.16766,-81.05687,199,"NC",784,"Aesculus","pavia","red buckeye","Plantae",283089,471,"Falling leaves",2022,8,2,214,2459794,7,2022,8,2,214,2459794,7
46202,35.16766,-81.05687,199,"NC",784,"Aesculus","pavia","red buckeye","Plantae",283089,471,"Falling leaves",2022,8,22,234,2459814,13,2022,8,23,235,2459815,6
46202,35.16766,-81.05687,199,"NC",784,"Aesculus","pavia","red buckeye","Plantae",283089,471,"Falling leaves",2022,9,13,256,2459836,14,2022,9,13,256,2459836,7
46202,35.16766,-81.05687,199,"NC",784,"Aesculus","pavia","red buckeye","Plantae",283089,483,"Leaves",2022,3,8,67,2459647,7,2022,9,13,256,2459836,7
46202,35.16766,-81.05687,199,"NC",784,"Aesculus","pavia","red buckeye","Plantae",283089,498,"Colored leaves",2022,6,21,172,2459752,14,2022,6,28,179,2459759,7
46202,35.16766,-81.05687,199,"NC",784,"Aesculus","pavia","red buckeye","Plantae",283089,498,"Colored leaves",2022,7,12,193,2459773,7,2022,7,12,193,2459773,6
46202,35.16766,-81.05687,199,"NC",784,"Aesculus","pavia","red buckeye","Plantae",283089,498,"Colored leaves",2022,8,2,214,2459794,7,2022,8,2,214,2459794,7
46202,35.16766,-81.05687,199,"NC",784,"Aesculus","pavia","red buckeye","Plantae",283089,498,"Colored leaves",2022,8,22,234,2459814,13,2022,9,13,256,2459836,7
46202,35.16766,-81.05687,199,"NC",784,"Aesculus","pavia","red buckeye","Plantae",283089,500,"Flowers or flower buds",2022,2,2,33,2459613,7,2022,2,2,33,2459613,7
46202,35.16766,-81.05687,199,"NC",784,"Aesculus","pavia","red buckeye","Plantae",283089,500,"Flowers or flower buds",2022,3,1,60,2459640,7,2022,4,19,109,2459689,7
46202,35.16766,-81.05687,199,"NC",784,"Aesculus","pavia","red buckeye","Plantae",283089,500,"Flowers or flower buds",2022,5,24,144,2459724,7,2022,5,24,144,2459724,7
46202,35.16766,-81.05687,199,"NC",784,"Aesculus","pavia","red buckeye","Plantae",283089,501,"Open flowers",2022,3,1,60,2459640,7,2022,3,1,60,2459640,7
46202,35.16766,-81.05687,199,"NC",784,"Aesculus","pavia","red buckeye","Plantae",283089,501,"Open flowers",2022,4,5,95,2459675,7,2022,4,19,109,2459689,7
46202,35.16766,-81.05687,199,"NC",784,"Aesculus","pavia","red buckeye","Plantae",283089,504,"Recent fruit or seed drop",2022,9,27,270,2459850,7,2022,9,27,270,2459850,7
46202,35.16766,-81.05687,199,"NC",784,"Aesculus","pavia","red buckeye","Plantae",283089,516,"Fruits",2022,4,19,109,2459689,7,2022,4,19,109,2459689,7
46202,35.16766,-81.05687,199,"NC",784,"Aesculus","pavia","red buckeye","Plantae",283089,516,"Fruits",2022,5,3,123,2459703,7,2022,5,3,123,2459703,7
46202,35.16766,-81.05687,199,"NC",784,"Aesculus","pavia","red buckeye","Plantae",283089,516,"Fruits",2022,5,24,144,2459724,7,2022,5,24,144,2459724,7
46202,35.16766,-81.05687,199,"NC",784,"Aesculus","pavia","red buckeye","Plantae",283089,516,"Fruits",2022,7,12,193,2459773,7,2022,7,12,193,2459773,6
46202,35.16766,-81.05687,199,"NC",784,"Aesculus","pavia","red buckeye","Plantae",283089,516,"Fruits",2022,8,2,214,2459794,7,2022,8,2,214,2459794,7
46202,35.16766,-81.05687,199,"NC",784,"Aesculus","pavia","red buckeye","Plantae",283089,516,"Fruits",2022,8,22,234,2459814,13,2022,9,20,263,2459843,7
46202,35.16766,-81.05687,199,"NC",784,"Aesculus","pavia","red buckeye","Plantae",283089,516,"Fruits",2022,10,4,277,2459857,7,2022,10,4,277,2459857,7
46202,35.16766,-81.05687,199,"NC",784,"Aesculus","pavia","red buckeye","Plantae",283093,371,"Breaking leaf buds",2022,1,19,19,2459599,7,2022,1,19,19,2459599,7
46202,35.16766,-81.05687,199,"NC",784,"Aesculus","pavia","red buckeye","Plantae",283093,371,"Breaking leaf buds",2022,2,2,33,2459613,7,2022,2,2,33,2459613,7
46202,35.16766,-81.05687,199,"NC",784,"Aesculus","pavia","red buckeye","Plantae",283093,371,"Breaking leaf buds",2022,2,16,47,2459627,7,2022,2,16,47,2459627,6
46202,35.16766,-81.05687,199,"NC",784,"Aesculus","pavia","red buckeye","Plantae",283093,371,"Breaking leaf buds",2022,4,19,109,2459689,7,2022,4,19,109,2459689,7
46202,35.16766,-81.05687,199,"NC",784,"Aesculus","pavia","red buckeye","Plantae",283093,467,"Increasing leaf size",2022,3,8,67,2459647,7,2022,6,7,158,2459738,14
46202,35.16766,-81.05687,199,"NC",784,"Aesculus","pavia","red buckeye","Plantae",283093,467,"Increasing leaf size",2022,6,27,178,2459758,6,2022,6,28,179,2459759,7
46202,35.16766,-81.05687,199,"NC",784,"Aesculus","pavia","red buckeye","Plantae",283093,467,"Increasing leaf size",2022,7,12,193,2459773,7,2022,7,18,199,2459779,8
46202,35.16766,-81.05687,199,"NC",784,"Aesculus","pavia","red buckeye","Plantae",283093,467,"Increasing leaf size",2022,8,9,221,2459801,7,2022,8,9,221,2459801,13
46202,35.16766,-81.05687,199,"NC",784,"Aesculus","pavia","red buckeye","Plantae",283093,471,"Falling leaves",2022,6,27,178,2459758,6,2022,6,28,179,2459759,7
46202,35.16766,-81.05687,199,"NC",784,"Aesculus","pavia","red buckeye","Plantae",283093,471,"Falling leaves",2022,7,26,207,2459787,8,2022,7,26,207,2459787,7
46202,35.16766,-81.05687,199,"NC",784,"Aesculus","pavia","red buckeye","Plantae",283093,471,"Falling leaves",2022,8,22,234,2459814,13,2022,8,23,235,2459815,6
46202,35.16766,-81.05687,199,"NC",784,"Aesculus","pavia","red buckeye","Plantae",283093,483,"Leaves",2022,3,8,67,2459647,7,2022,7,18,199,2459779,8
46202,35.16766,-81.05687,199,"NC",784,"Aesculus","pavia","red buckeye","Plantae",283093,483,"Leaves",2022,8,9,221,2459801,7,2022,8,9,221,2459801,13
46202,35.16766,-81.05687,199,"NC",784,"Aesculus","pavia","red buckeye","Plantae",283093,498,"Colored leaves",2022,6,27,178,2459758,6,2022,6,28,179,2459759,7
46202,35.16766,-81.05687,199,"NC",784,"Aesculus","pavia","red buckeye","Plantae",283093,498,"Colored leaves",2022,7,26,207,2459787,8,2022,7,26,207,2459787,7
46202,35.16766,-81.05687,199,"NC",784,"Aesculus","pavia","red buckeye","Plantae",283093,500,"Flowers or flower buds",2022,3,1,60,2459640,7,2022,3,1,60,2459640,7
46202,35.16766,-81.05687,199,"NC",784,"Aesculus","pavia","red buckeye","Plantae",283093,500,"Flowers or flower buds",2022,3,29,88,2459668,7,2022,3,29,88,2459668,7
46202,35.16766,-81.05687,199,"NC",784,"Aesculus","pavia","red buckeye","Plantae",283093,501,"Open flowers",2022,3,1,60,2459640,7,2022,3,1,60,2459640,7
46202,35.16766,-81.05687,199,"NC",784,"Aesculus","pavia","red buckeye","Plantae",283100,371,"Breaking leaf buds",2022,1,19,19,2459599,7,2022,1,19,19,2459599,7
46202,35.16766,-81.05687,199,"NC",784,"Aesculus","pavia","red buckeye","Plantae",283100,371,"Breaking leaf buds",2022,2,2,33,2459613,7,2022,2,2,33,2459613,7
46202,35.16766,-81.05687,199,"NC",784,"Aesculus","pavia","red buckeye","Plantae",283100,371,"Breaking leaf buds",2022,2,16,47,2459627,7,2022,3,1,60,2459640,7
46202,35.16766,-81.05687,199,"NC",784,"Aesculus","pavia","red buckeye","Plantae",283100,371,"Breaking leaf buds",2022,3,14,73,2459653,6,2022,3,15,74,2459654,7
46202,35.16766,-81.05687,199,"NC",784,"Aesculus","pavia","red buckeye","Plantae",283100,371,"Breaking leaf buds",2022,5,3,123,2459703,7,2022,5,3,123,2459703,7
46202,35.16766,-81.05687,199,"NC",784,"Aesculus","pavia","red buckeye","Plantae",283100,467,"Increasing leaf size",2022,3,8,67,2459647,7,2022,6,7,158,2459738,14
46202,35.16766,-81.05687,199,"NC",784,"Aesculus","pavia","red buckeye","Plantae",283100,467,"Increasing leaf size",2022,6,27,178,2459758,6,2022,6,28,179,2459759,7
46202,35.16766,-81.05687,199,"NC",784,"Aesculus","pavia","red buckeye","Plantae",283100,467,"Increasing leaf size",2022,7,12,193,2459773,7,2022,7,18,199,2459779,8
46202,35.16766,-81.05687,199,"NC",784,"Aesculus","pavia","red buckeye","Plantae",283100,467,"Increasing leaf size",2022,8,2,214,2459794,7,2022,8,9,221,2459801,13
46202,35.16766,-81.05687,199,"NC",784,"Aesculus","pavia","red buckeye","Plantae",283100,467,"Increasing leaf size",2022,8,23,235,2459815,1,2022,8,23,235,2459815,6
46202,35.16766,-81.05687,199,"NC",784,"Aesculus","pavia","red buckeye","Plantae",283100,471,"Falling leaves",2022,6,27,178,2459758,6,2022,6,28,179,2459759,7
46202,35.16766,-81.05687,199,"NC",784,"Aesculus","pavia","red buckeye","Plantae",283100,471,"Falling leaves",2022,7,26,207,2459787,8,2022,8,2,214,2459794,7
46202,35.16766,-81.05687,199,"NC",784,"Aesculus","pavia","red buckeye","Plantae",283100,471,"Falling leaves",2022,8,22,234,2459814,13,2022,8,30,242,2459822,14
46202,35.16766,-81.05687,199,"NC",784,"Aesculus","pavia","red buckeye","Plantae",283100,483,"Leaves",2022,3,1,60,2459640,7,2022,8,30,242,2459822,14
46202,35.16766,-81.05687,199,"NC",784,"Aesculus","pavia","red buckeye","Plantae",283100,498,"Colored leaves",2022,6,21,172,2459752,14,2022,6,28,179,2459759,7
46202,35.16766,-81.05687,199,"NC",784,"Aesculus","pavia","red buckeye","Plantae",283100,498,"Colored leaves",2022,8,2,214,2459794,7,2022,8,2,214,2459794,7
46202,35.16766,-81.05687,199,"NC",784,"Aesculus","pavia","red buckeye","Plantae",283100,500,"Flowers or flower buds",2022,3,1,60,2459640,7,2022,4,19,109,2459689,7
46202,35.16766,-81.05687,199,"NC",784,"Aesculus","pavia","red buckeye","Plantae",283100,501,"Open flowers",2022,4,5,95,2459675,7,2022,4,19,109,2459689,7
27418,42.408268,-84.089417,283,"MI",147,"Aquilegia","canadensis","red columbine","Plantae",285670,482,"Initial growth (forbs)",2022,4,5,95,2459675,NA,2022,5,17,137,2459717,7
27418,42.408268,-84.089417,283,"MI",147,"Aquilegia","canadensis","red columbine","Plantae",285670,488,"Leaves (forbs)",2022,4,8,98,2459678,3,2022,5,30,150,2459730,NA
27418,42.408268,-84.089417,283,"MI",147,"Aquilegia","canadensis","red columbine","Plantae",285670,500,"Flowers or flower buds",2022,5,12,132,2459712,4,2022,5,30,150,2459730,NA
27418,42.408268,-84.089417,283,"MI",147,"Aquilegia","canadensis","red columbine","Plantae",285670,501,"Open flowers",2022,5,24,144,2459724,7,2022,5,30,150,2459730,NA
47319,40.710114,-73.552994,20,"NY",147,"Aquilegia","canadensis","red columbine","Plantae",289633,390,"Ripe fruits",2022,6,19,170,2459750,13,2022,7,5,186,2459766,NA
47319,40.710114,-73.552994,20,"NY",147,"Aquilegia","canadensis","red columbine","Plantae",289633,482,"Initial growth (forbs)",2022,3,17,76,2459656,NA,2022,4,15,105,2459685,8
47319,40.710114,-73.552994,20,"NY",147,"Aquilegia","canadensis","red columbine","Plantae",289633,488,"Leaves (forbs)",2022,3,17,76,2459656,NA,2022,7,5,186,2459766,NA
47319,40.710114,-73.552994,20,"NY",147,"Aquilegia","canadensis","red columbine","Plantae",289633,500,"Flowers or flower buds",2022,5,8,128,2459708,8,2022,6,19,170,2459750,16
47319,40.710114,-73.552994,20,"NY",147,"Aquilegia","canadensis","red columbine","Plantae",289633,501,"Open flowers",2022,5,15,135,2459715,7,2022,6,19,170,2459750,16
47319,40.710114,-73.552994,20,"NY",147,"Aquilegia","canadensis","red columbine","Plantae",289633,504,"Recent fruit or seed drop",2022,7,5,186,2459766,16,2022,7,5,186,2459766,NA
47319,40.710114,-73.552994,20,"NY",147,"Aquilegia","canadensis","red columbine","Plantae",289633,516,"Fruits",2022,5,30,150,2459730,8,2022,7,5,186,2459766,NA
46818,40.718292,-74.015259,3,"NY",147,"Aquilegia","canadensis","red columbine","Plantae",291383,482,"Initial growth (forbs)",2022,4,8,98,2459678,NA,2022,4,8,98,2459678,NA
46818,40.718292,-74.015259,3,"NY",147,"Aquilegia","canadensis","red columbine","Plantae",291383,488,"Leaves (forbs)",2022,4,8,98,2459678,NA,2022,4,8,98,2459678,NA
33069,43.841541,-69.502037,-9,"ME",147,"Aquilegia","canadensis","red columbine","Plantae",292771,390,"Ripe fruits",2022,6,4,155,2459735,15,2022,6,24,175,2459755,NA
33069,43.841541,-69.502037,-9,"ME",147,"Aquilegia","canadensis","red columbine","Plantae",292771,482,"Initial growth (forbs)",2022,4,8,98,2459678,NA,2022,5,20,140,2459720,NA
33069,43.841541,-69.502037,-9,"ME",147,"Aquilegia","canadensis","red columbine","Plantae",292771,488,"Leaves (forbs)",2022,4,20,110,2459690,12,2022,5,20,140,2459720,NA
33069,43.841541,-69.502037,-9,"ME",147,"Aquilegia","canadensis","red columbine","Plantae",292771,500,"Flowers or flower buds",2022,5,7,127,2459707,12,2022,5,20,140,2459720,NA
33069,43.841541,-69.502037,-9,"ME",147,"Aquilegia","canadensis","red columbine","Plantae",292771,501,"Open flowers",2022,5,26,146,2459726,6,2022,5,31,151,2459731,NA
33069,43.841541,-69.502037,-9,"ME",147,"Aquilegia","canadensis","red columbine","Plantae",292771,504,"Recent fruit or seed drop",2022,6,14,165,2459745,10,2022,9,29,272,2459852,NA
33069,43.841541,-69.502037,-9,"ME",147,"Aquilegia","canadensis","red columbine","Plantae",292771,516,"Fruits",2022,5,31,151,2459731,11,2022,5,31,151,2459731,NA
30971,30.391338,-88.775955,2,"MS",784,"Aesculus","pavia","red buckeye","Plantae",301473,471,"Falling leaves",2022,10,21,294,2459874,15,2022,10,21,294,2459874,12
30971,30.391338,-88.775955,2,"MS",784,"Aesculus","pavia","red buckeye","Plantae",301473,483,"Leaves",2022,10,6,279,2459859,NA,2022,10,26,299,2459879,7
30971,30.391338,-88.775955,2,"MS",784,"Aesculus","pavia","red buckeye","Plantae",301473,498,"Colored leaves",2022,10,6,279,2459859,NA,2022,10,26,299,2459879,7
30971,30.391338,-88.775955,2,"MS",784,"Aesculus","pavia","red buckeye","Plantae",301473,500,"Flowers or flower buds",2022,12,9,343,2459923,11,2022,12,15,349,2459929,NA
48908,38.731888,-82.980667,193,"OH",147,"Aquilegia","canadensis","red columbine","Plantae",302741,488,"Leaves (forbs)",2022,10,17,290,2459870,15,2022,10,17,290,2459870,2
48908,38.731888,-82.980667,193,"OH",147,"Aquilegia","canadensis","red columbine","Plantae",302741,500,"Flowers or flower buds",2022,10,17,290,2459870,8,2022,10,17,290,2459870,2
48908,38.731888,-82.980667,193,"OH",147,"Aquilegia","canadensis","red columbine","Plantae",302741,501,"Open flowers",2022,10,17,290,2459870,8,2022,10,17,290,2459870,2
48908,38.731888,-82.980667,193,"OH",147,"Aquilegia","canadensis","red columbine","Plantae",302741,504,"Recent fruit or seed drop",2022,10,19,292,2459872,2,2022,10,19,292,2459872,NA
57074,31.8568,-88.160919,42,"AL",784,"Aesculus","pavia","red buckeye","Plantae",356688,371,"Breaking leaf buds",2022,3,1,60,2459640,14,2022,3,23,82,2459662,7
57074,31.8568,-88.160919,42,"AL",784,"Aesculus","pavia","red buckeye","Plantae",356688,371,"Breaking leaf buds",2022,4,7,97,2459677,8,2022,4,14,104,2459684,6
57074,31.8568,-88.160919,42,"AL",784,"Aesculus","pavia","red buckeye","Plantae",356688,371,"Breaking leaf buds",2022,4,28,118,2459698,8,2022,4,28,118,2459698,7
57074,31.8568,-88.160919,42,"AL",784,"Aesculus","pavia","red buckeye","Plantae",356688,467,"Increasing leaf size",2022,3,10,69,2459649,9,2022,4,28,118,2459698,7
57074,31.8568,-88.160919,42,"AL",784,"Aesculus","pavia","red buckeye","Plantae",356688,471,"Falling leaves",2022,7,21,202,2459782,7,2022,7,21,202,2459782,7
57074,31.8568,-88.160919,42,"AL",784,"Aesculus","pavia","red buckeye","Plantae",356688,471,"Falling leaves",2022,8,25,237,2459817,7,2022,9,28,271,2459851,8
57074,31.8568,-88.160919,42,"AL",784,"Aesculus","pavia","red buckeye","Plantae",356688,483,"Leaves",2022,3,10,69,2459649,9,2022,9,28,271,2459851,8
57074,31.8568,-88.160919,42,"AL",784,"Aesculus","pavia","red buckeye","Plantae",356688,498,"Colored leaves",2022,5,12,132,2459712,7,2022,5,12,132,2459712,7
57074,31.8568,-88.160919,42,"AL",784,"Aesculus","pavia","red buckeye","Plantae",356688,498,"Colored leaves",2022,5,25,145,2459725,6,2022,5,25,145,2459725,8
57074,31.8568,-88.160919,42,"AL",784,"Aesculus","pavia","red buckeye","Plantae",356688,498,"Colored leaves",2022,6,16,167,2459747,8,2022,7,6,187,2459767,8
57074,31.8568,-88.160919,42,"AL",784,"Aesculus","pavia","red buckeye","Plantae",356688,498,"Colored leaves",2022,7,21,202,2459782,7,2022,7,21,202,2459782,7
57074,31.8568,-88.160919,42,"AL",784,"Aesculus","pavia","red buckeye","Plantae",356688,498,"Colored leaves",2022,8,3,215,2459795,6,2022,8,10,222,2459802,8
57074,31.8568,-88.160919,42,"AL",784,"Aesculus","pavia","red buckeye","Plantae",356688,498,"Colored leaves",2022,8,25,237,2459817,7,2022,9,28,271,2459851,8
57074,31.8568,-88.160919,42,"AL",784,"Aesculus","pavia","red buckeye","Plantae",356688,501,"Open flowers",2022,3,30,89,2459669,7,2022,5,5,125,2459705,7
57074,31.8568,-88.160919,42,"AL",784,"Aesculus","pavia","red buckeye","Plantae",356689,371,"Breaking leaf buds",2022,3,10,69,2459649,23,2022,3,10,69,2459649,6
57074,31.8568,-88.160919,42,"AL",784,"Aesculus","pavia","red buckeye","Plantae",356689,467,"Increasing leaf size",2022,3,1,60,2459640,14,2022,3,10,69,2459649,6
57074,31.8568,-88.160919,42,"AL",784,"Aesculus","pavia","red buckeye","Plantae",356689,483,"Leaves",2022,3,1,60,2459640,14,2022,3,10,69,2459649,6
57074,31.8568,-88.160919,42,"AL",784,"Aesculus","pavia","red buckeye","Plantae",356694,371,"Breaking leaf buds",2022,3,1,60,2459640,14,2022,3,16,75,2459655,7
57074,31.8568,-88.160919,42,"AL",784,"Aesculus","pavia","red buckeye","Plantae",356694,467,"Increasing leaf size",2022,3,1,60,2459640,14,2022,4,14,104,2459684,6
57074,31.8568,-88.160919,42,"AL",784,"Aesculus","pavia","red buckeye","Plantae",356694,471,"Falling leaves",2022,5,25,145,2459725,6,2022,5,25,145,2459725,8
57074,31.8568,-88.160919,42,"AL",784,"Aesculus","pavia","red buckeye","Plantae",356694,471,"Falling leaves",2022,7,14,195,2459775,8,2022,7,21,202,2459782,7
57074,31.8568,-88.160919,42,"AL",784,"Aesculus","pavia","red buckeye","Plantae",356694,471,"Falling leaves",2022,8,3,215,2459795,6,2022,8,10,222,2459802,8
57074,31.8568,-88.160919,42,"AL",784,"Aesculus","pavia","red buckeye","Plantae",356694,471,"Falling leaves",2022,8,25,237,2459817,7,2022,10,6,279,2459859,7
57074,31.8568,-88.160919,42,"AL",784,"Aesculus","pavia","red buckeye","Plantae",356694,483,"Leaves",2022,3,1,60,2459640,14,2022,10,6,279,2459859,7
57074,31.8568,-88.160919,42,"AL",784,"Aesculus","pavia","red buckeye","Plantae",356694,498,"Colored leaves",2022,5,25,145,2459725,6,2022,6,16,167,2459747,7
57074,31.8568,-88.160919,42,"AL",784,"Aesculus","pavia","red buckeye","Plantae",356694,498,"Colored leaves",2022,7,6,187,2459767,13,2022,7,21,202,2459782,7
57074,31.8568,-88.160919,42,"AL",784,"Aesculus","pavia","red buckeye","Plantae",356694,498,"Colored leaves",2022,8,3,215,2459795,6,2022,8,10,222,2459802,8
57074,31.8568,-88.160919,42,"AL",784,"Aesculus","pavia","red buckeye","Plantae",356694,498,"Colored leaves",2022,8,25,237,2459817,7,2022,10,6,279,2459859,7
57074,31.8568,-88.160919,42,"AL",784,"Aesculus","pavia","red buckeye","Plantae",356696,371,"Breaking leaf buds",2022,3,1,60,2459640,14,2022,3,10,69,2459649,6
57074,31.8568,-88.160919,42,"AL",784,"Aesculus","pavia","red buckeye","Plantae",356696,371,"Breaking leaf buds",2022,3,23,82,2459662,7,2022,3,30,89,2459669,8
57074,31.8568,-88.160919,42,"AL",784,"Aesculus","pavia","red buckeye","Plantae",356696,371,"Breaking leaf buds",2022,4,14,104,2459684,7,2022,4,14,104,2459684,6
57074,31.8568,-88.160919,42,"AL",784,"Aesculus","pavia","red buckeye","Plantae",356696,371,"Breaking leaf buds",2022,4,28,118,2459698,8,2022,4,28,118,2459698,7
57074,31.8568,-88.160919,42,"AL",784,"Aesculus","pavia","red buckeye","Plantae",356696,467,"Increasing leaf size",2022,3,10,69,2459649,9,2022,4,28,118,2459698,7
57074,31.8568,-88.160919,42,"AL",784,"Aesculus","pavia","red buckeye","Plantae",356696,471,"Falling leaves",2022,9,8,251,2459831,8,2022,9,8,251,2459831,7
57074,31.8568,-88.160919,42,"AL",784,"Aesculus","pavia","red buckeye","Plantae",356696,471,"Falling leaves",2022,9,28,271,2459851,6,2022,10,19,292,2459872,7
57074,31.8568,-88.160919,42,"AL",784,"Aesculus","pavia","red buckeye","Plantae",356696,483,"Leaves",2022,3,10,69,2459649,9,2022,10,19,292,2459872,7
57074,31.8568,-88.160919,42,"AL",784,"Aesculus","pavia","red buckeye","Plantae",356696,498,"Colored leaves",2022,6,8,159,2459739,6,2022,6,16,167,2459747,7
57074,31.8568,-88.160919,42,"AL",784,"Aesculus","pavia","red buckeye","Plantae",356696,498,"Colored leaves",2022,8,25,237,2459817,7,2022,10,19,292,2459872,7
57074,31.8568,-88.160919,42,"AL",784,"Aesculus","pavia","red buckeye","Plantae",356701,371,"Breaking leaf buds",2022,3,1,60,2459640,14,2022,3,23,82,2459662,7
57074,31.8568,-88.160919,42,"AL",784,"Aesculus","pavia","red buckeye","Plantae",356701,467,"Increasing leaf size",2022,3,1,60,2459640,14,2022,4,28,118,2459698,7
57074,31.8568,-88.160919,42,"AL",784,"Aesculus","pavia","red buckeye","Plantae",356701,471,"Falling leaves",2022,5,25,145,2459725,6,2022,5,25,145,2459725,8
57074,31.8568,-88.160919,42,"AL",784,"Aesculus","pavia","red buckeye","Plantae",356701,471,"Falling leaves",2022,7,14,195,2459775,8,2022,7,14,195,2459775,7
57074,31.8568,-88.160919,42,"AL",784,"Aesculus","pavia","red buckeye","Plantae",356701,471,"Falling leaves",2022,8,3,215,2459795,6,2022,8,10,222,2459802,8
57074,31.8568,-88.160919,42,"AL",784,"Aesculus","pavia","red buckeye","Plantae",356701,471,"Falling leaves",2022,8,25,237,2459817,7,2022,9,8,251,2459831,7
57074,31.8568,-88.160919,42,"AL",784,"Aesculus","pavia","red buckeye","Plantae",356701,471,"Falling leaves",2022,9,22,265,2459845,7,2022,9,22,265,2459845,6
57074,31.8568,-88.160919,42,"AL",784,"Aesculus","pavia","red buckeye","Plantae",356701,483,"Leaves",2022,3,1,60,2459640,14,2022,9,22,265,2459845,6
57074,31.8568,-88.160919,42,"AL",784,"Aesculus","pavia","red buckeye","Plantae",356701,498,"Colored leaves",2022,5,12,132,2459712,7,2022,7,21,202,2459782,7
57074,31.8568,-88.160919,42,"AL",784,"Aesculus","pavia","red buckeye","Plantae",356701,498,"Colored leaves",2022,8,3,215,2459795,6,2022,8,10,222,2459802,8
57074,31.8568,-88.160919,42,"AL",784,"Aesculus","pavia","red buckeye","Plantae",356701,498,"Colored leaves",2022,8,25,237,2459817,7,2022,9,8,251,2459831,7
57074,31.8568,-88.160919,42,"AL",784,"Aesculus","pavia","red buckeye","Plantae",356701,498,"Colored leaves",2022,9,22,265,2459845,7,2022,9,22,265,2459845,6
57074,31.8568,-88.160919,42,"AL",784,"Aesculus","pavia","red buckeye","Plantae",356705,471,"Falling leaves",2022,7,21,202,2459782,7,2022,7,21,202,2459782,7
57074,31.8568,-88.160919,42,"AL",784,"Aesculus","pavia","red buckeye","Plantae",356705,483,"Leaves",2022,4,20,110,2459690,NA,2022,8,31,243,2459823,8
57074,31.8568,-88.160919,42,"AL",784,"Aesculus","pavia","red buckeye","Plantae",356705,498,"Colored leaves",2022,5,25,145,2459725,6,2022,7,21,202,2459782,7
57074,31.8568,-88.160919,42,"AL",784,"Aesculus","pavia","red buckeye","Plantae",356705,498,"Colored leaves",2022,8,3,215,2459795,6,2022,8,10,222,2459802,8
57074,31.8568,-88.160919,42,"AL",784,"Aesculus","pavia","red buckeye","Plantae",356705,498,"Colored leaves",2022,8,25,237,2459817,7,2022,8,31,243,2459823,8
2394,45.425339,-93.186249,278,"MN",147,"Aquilegia","canadensis","red columbine","Plantae",3818,482,"Initial growth (forbs)",2023,5,5,125,2460070,22,2023,5,28,148,2460093,38
2394,45.425339,-93.186249,278,"MN",147,"Aquilegia","canadensis","red columbine","Plantae",3818,488,"Leaves (forbs)",2023,5,5,125,2460070,22,2023,11,3,307,2460252,NA
2394,45.425339,-93.186249,278,"MN",147,"Aquilegia","canadensis","red columbine","Plantae",3818,500,"Flowers or flower buds",2023,7,13,194,2460139,8,2023,7,13,194,2460139,8
2394,45.425339,-93.186249,278,"MN",147,"Aquilegia","canadensis","red columbine","Plantae",3818,516,"Fruits",2023,7,5,186,2460131,38,2023,7,13,194,2460139,8
2394,45.425339,-93.186249,278,"MN",147,"Aquilegia","canadensis","red columbine","Plantae",3900,482,"Initial growth (forbs)",2023,5,5,125,2460070,22,2023,5,28,148,2460093,38
2394,45.425339,-93.186249,278,"MN",147,"Aquilegia","canadensis","red columbine","Plantae",3900,488,"Leaves (forbs)",2023,5,5,125,2460070,22,2023,11,3,307,2460252,NA
2394,45.425339,-93.186249,278,"MN",147,"Aquilegia","canadensis","red columbine","Plantae",3900,504,"Recent fruit or seed drop",2023,7,5,186,2460131,38,2023,7,5,186,2460131,8
6242,43.348259,-70.546036,5,"ME",147,"Aquilegia","canadensis","red columbine","Plantae",16523,482,"Initial growth (forbs)",2023,4,13,103,2460048,NA,2023,5,5,125,2460070,125
6242,43.348259,-70.546036,5,"ME",147,"Aquilegia","canadensis","red columbine","Plantae",16523,488,"Leaves (forbs)",2023,4,21,111,2460056,8,2023,5,5,125,2460070,125
6242,43.348259,-70.546036,5,"ME",147,"Aquilegia","canadensis","red columbine","Plantae",28506,482,"Initial growth (forbs)",2023,4,13,103,2460048,NA,2023,5,5,125,2460070,125
6242,43.348259,-70.546036,5,"ME",147,"Aquilegia","canadensis","red columbine","Plantae",28506,488,"Leaves (forbs)",2023,4,13,103,2460048,NA,2023,9,7,250,2460195,7
10585,41.433689,-81.693153,219,"OH",147,"Aquilegia","canadensis","red columbine","Plantae",45124,390,"Ripe fruits",2023,6,29,180,2460125,NA,2023,7,6,187,2460132,14
10585,41.433689,-81.693153,219,"OH",147,"Aquilegia","canadensis","red columbine","Plantae",45124,482,"Initial growth (forbs)",2023,4,6,96,2460041,7,2023,4,6,96,2460041,NA
10585,41.433689,-81.693153,219,"OH",147,"Aquilegia","canadensis","red columbine","Plantae",45124,488,"Leaves (forbs)",2023,4,6,96,2460041,NA,2023,6,1,152,2460097,NA
10585,41.433689,-81.693153,219,"OH",147,"Aquilegia","canadensis","red columbine","Plantae",45124,504,"Recent fruit or seed drop",2023,6,29,180,2460125,NA,2023,7,6,187,2460132,14
10585,41.433689,-81.693153,219,"OH",147,"Aquilegia","canadensis","red columbine","Plantae",45124,516,"Fruits",2023,6,29,180,2460125,NA,2023,7,6,187,2460132,14
17574,40.863052,-73.881592,30,"NY",784,"Aesculus","pavia","red buckeye","Plantae",67637,371,"Breaking leaf buds",2023,3,26,85,2460030,8,2023,4,22,112,2460057,1
17574,40.863052,-73.881592,30,"NY",784,"Aesculus","pavia","red buckeye","Plantae",67637,371,"Breaking leaf buds",2023,4,25,115,2460060,2,2023,4,25,115,2460060,1
17574,40.863052,-73.881592,30,"NY",784,"Aesculus","pavia","red buckeye","Plantae",67637,390,"Ripe fruits",2023,7,7,188,2460133,2,2023,7,15,196,2460141,5
17574,40.863052,-73.881592,30,"NY",784,"Aesculus","pavia","red buckeye","Plantae",67637,390,"Ripe fruits",2023,7,23,204,2460149,3,2023,8,2,214,2460159,1
17574,40.863052,-73.881592,30,"NY",784,"Aesculus","pavia","red buckeye","Plantae",67637,390,"Ripe fruits",2023,8,6,218,2460163,3,2023,8,16,228,2460173,3
17574,40.863052,-73.881592,30,"NY",784,"Aesculus","pavia","red buckeye","Plantae",67637,390,"Ripe fruits",2023,9,12,255,2460200,12,2023,9,12,255,2460200,2
17574,40.863052,-73.881592,30,"NY",784,"Aesculus","pavia","red buckeye","Plantae",67637,390,"Ripe fruits",2023,9,20,263,2460208,6,2023,9,20,263,2460208,2
17574,40.863052,-73.881592,30,"NY",784,"Aesculus","pavia","red buckeye","Plantae",67637,390,"Ripe fruits",2023,9,28,271,2460216,6,2023,10,17,290,2460235,9
17574,40.863052,-73.881592,30,"NY",784,"Aesculus","pavia","red buckeye","Plantae",67637,390,"Ripe fruits",2023,10,31,304,2460249,3,2023,10,31,304,2460249,4
17574,40.863052,-73.881592,30,"NY",784,"Aesculus","pavia","red buckeye","Plantae",67637,390,"Ripe fruits",2023,11,20,324,2460269,5,2023,11,20,324,2460269,10
17574,40.863052,-73.881592,30,"NY",784,"Aesculus","pavia","red buckeye","Plantae",67637,467,"Increasing leaf size",2023,4,2,92,2460037,7,2023,4,2,92,2460037,7
17574,40.863052,-73.881592,30,"NY",784,"Aesculus","pavia","red buckeye","Plantae",67637,467,"Increasing leaf size",2023,4,19,109,2460054,10,2023,5,3,123,2460068,4
17574,40.863052,-73.881592,30,"NY",784,"Aesculus","pavia","red buckeye","Plantae",67637,467,"Increasing leaf size",2023,5,10,130,2460075,3,2023,5,31,151,2460096,7
17574,40.863052,-73.881592,30,"NY",784,"Aesculus","pavia","red buckeye","Plantae",67637,467,"Increasing leaf size",2023,6,25,176,2460121,4,2023,6,25,176,2460121,3
17574,40.863052,-73.881592,30,"NY",784,"Aesculus","pavia","red buckeye","Plantae",67637,467,"Increasing leaf size",2023,7,1,182,2460127,3,2023,7,1,182,2460127,4
17574,40.863052,-73.881592,30,"NY",784,"Aesculus","pavia","red buckeye","Plantae",67637,467,"Increasing leaf size",2023,7,7,188,2460133,2,2023,7,23,204,2460149,3
17574,40.863052,-73.881592,30,"NY",784,"Aesculus","pavia","red buckeye","Plantae",67637,467,"Increasing leaf size",2023,7,30,211,2460156,4,2023,8,2,214,2460159,1
17574,40.863052,-73.881592,30,"NY",784,"Aesculus","pavia","red buckeye","Plantae",67637,467,"Increasing leaf size",2023,8,9,221,2460166,3,2023,8,19,231,2460176,1
17574,40.863052,-73.881592,30,"NY",784,"Aesculus","pavia","red buckeye","Plantae",67637,467,"Increasing leaf size",2023,9,28,271,2460216,6,2023,9,28,271,2460216,5
17574,40.863052,-73.881592,30,"NY",784,"Aesculus","pavia","red buckeye","Plantae",67637,467,"Increasing leaf size",2023,10,11,284,2460229,6,2023,10,11,284,2460229,6
17574,40.863052,-73.881592,30,"NY",784,"Aesculus","pavia","red buckeye","Plantae",67637,471,"Falling leaves",2023,9,28,271,2460216,6,2023,11,12,316,2460261,3
17574,40.863052,-73.881592,30,"NY",784,"Aesculus","pavia","red buckeye","Plantae",67637,483,"Leaves",2023,4,2,92,2460037,7,2023,11,12,316,2460261,3
17574,40.863052,-73.881592,30,"NY",784,"Aesculus","pavia","red buckeye","Plantae",67637,498,"Colored leaves",2023,9,12,255,2460200,12,2023,9,12,255,2460200,2
17574,40.863052,-73.881592,30,"NY",784,"Aesculus","pavia","red buckeye","Plantae",67637,498,"Colored leaves",2023,9,28,271,2460216,6,2023,10,31,304,2460249,4
17574,40.863052,-73.881592,30,"NY",784,"Aesculus","pavia","red buckeye","Plantae",67637,498,"Colored leaves",2023,11,8,312,2460257,4,2023,11,12,316,2460261,3
17574,40.863052,-73.881592,30,"NY",784,"Aesculus","pavia","red buckeye","Plantae",67637,500,"Flowers or flower buds",2023,4,9,99,2460044,7,2023,5,21,141,2460086,6
17574,40.863052,-73.881592,30,"NY",784,"Aesculus","pavia","red buckeye","Plantae",67637,500,"Flowers or flower buds",2023,11,4,308,2460253,4,2023,11,8,312,2460257,4
17574,40.863052,-73.881592,30,"NY",784,"Aesculus","pavia","red buckeye","Plantae",67637,500,"Flowers or flower buds",2023,11,20,324,2460269,5,2023,12,12,346,2460291,NA
17574,40.863052,-73.881592,30,"NY",784,"Aesculus","pavia","red buckeye","Plantae",67637,501,"Open flowers",2023,5,7,127,2460072,11,2023,5,7,127,2460072,3
17574,40.863052,-73.881592,30,"NY",784,"Aesculus","pavia","red buckeye","Plantae",67637,501,"Open flowers",2023,5,13,133,2460078,3,2023,5,13,133,2460078,1
17574,40.863052,-73.881592,30,"NY",784,"Aesculus","pavia","red buckeye","Plantae",67637,501,"Open flowers",2023,5,17,137,2460082,3,2023,5,21,141,2460086,6
17574,40.863052,-73.881592,30,"NY",784,"Aesculus","pavia","red buckeye","Plantae",67637,504,"Recent fruit or seed drop",2023,6,25,176,2460121,4,2023,7,1,182,2460127,4
17574,40.863052,-73.881592,30,"NY",784,"Aesculus","pavia","red buckeye","Plantae",67637,504,"Recent fruit or seed drop",2023,7,7,188,2460133,2,2023,7,7,188,2460133,5
17574,40.863052,-73.881592,30,"NY",784,"Aesculus","pavia","red buckeye","Plantae",67637,504,"Recent fruit or seed drop",2023,8,6,218,2460163,3,2023,8,6,218,2460163,3
17574,40.863052,-73.881592,30,"NY",784,"Aesculus","pavia","red buckeye","Plantae",67637,504,"Recent fruit or seed drop",2023,8,19,231,2460176,3,2023,8,19,231,2460176,1
17574,40.863052,-73.881592,30,"NY",784,"Aesculus","pavia","red buckeye","Plantae",67637,504,"Recent fruit or seed drop",2023,8,31,243,2460188,4,2023,9,12,255,2460200,2
17574,40.863052,-73.881592,30,"NY",784,"Aesculus","pavia","red buckeye","Plantae",67637,504,"Recent fruit or seed drop",2023,9,28,271,2460216,6,2023,10,3,276,2460221,2
17574,40.863052,-73.881592,30,"NY",784,"Aesculus","pavia","red buckeye","Plantae",67637,504,"Recent fruit or seed drop",2023,10,11,284,2460229,6,2023,10,11,284,2460229,15
17574,40.863052,-73.881592,30,"NY",784,"Aesculus","pavia","red buckeye","Plantae",67637,504,"Recent fruit or seed drop",2023,10,31,304,2460249,3,2023,10,31,304,2460249,4
17574,40.863052,-73.881592,30,"NY",784,"Aesculus","pavia","red buckeye","Plantae",67637,504,"Recent fruit or seed drop",2023,11,20,324,2460269,5,2023,11,20,324,2460269,10
17574,40.863052,-73.881592,30,"NY",784,"Aesculus","pavia","red buckeye","Plantae",67637,516,"Fruits",2023,5,13,133,2460078,3,2023,5,13,133,2460078,1
17574,40.863052,-73.881592,30,"NY",784,"Aesculus","pavia","red buckeye","Plantae",67637,516,"Fruits",2023,5,17,137,2460082,3,2023,10,17,290,2460235,9
17574,40.863052,-73.881592,30,"NY",784,"Aesculus","pavia","red buckeye","Plantae",67637,516,"Fruits",2023,10,31,304,2460249,3,2023,10,31,304,2460249,4
17574,40.863052,-73.881592,30,"NY",784,"Aesculus","pavia","red buckeye","Plantae",67637,516,"Fruits",2023,11,20,324,2460269,5,2023,11,20,324,2460269,10
24164,40.665085,-73.963432,17,"NY",784,"Aesculus","pavia","red buckeye","Plantae",114555,371,"Breaking leaf buds",2023,4,28,118,2460063,28,2023,4,28,118,2460063,5
24164,40.665085,-73.963432,17,"NY",784,"Aesculus","pavia","red buckeye","Plantae",114555,390,"Ripe fruits",2023,10,4,277,2460222,146,2023,10,9,282,2460227,10
24164,40.665085,-73.963432,17,"NY",784,"Aesculus","pavia","red buckeye","Plantae",114555,467,"Increasing leaf size",2023,4,28,118,2460063,28,2023,5,11,131,2460076,151
24164,40.665085,-73.963432,17,"NY",784,"Aesculus","pavia","red buckeye","Plantae",114555,471,"Falling leaves",2023,10,4,277,2460222,146,2023,11,2,306,2460251,NA
24164,40.665085,-73.963432,17,"NY",784,"Aesculus","pavia","red buckeye","Plantae",114555,483,"Leaves",2023,4,28,118,2460063,28,2023,10,19,292,2460237,14
24164,40.665085,-73.963432,17,"NY",784,"Aesculus","pavia","red buckeye","Plantae",114555,498,"Colored leaves",2023,10,4,277,2460222,146,2023,10,19,292,2460237,14
24164,40.665085,-73.963432,17,"NY",784,"Aesculus","pavia","red buckeye","Plantae",114555,500,"Flowers or flower buds",2023,3,21,80,2460025,NA,2023,5,11,131,2460076,151
24164,40.665085,-73.963432,17,"NY",784,"Aesculus","pavia","red buckeye","Plantae",114555,500,"Flowers or flower buds",2023,11,2,306,2460251,14,2023,11,2,306,2460251,NA
24164,40.665085,-73.963432,17,"NY",784,"Aesculus","pavia","red buckeye","Plantae",114555,501,"Open flowers",2023,4,28,118,2460063,28,2023,5,11,131,2460076,151
24164,40.665085,-73.963432,17,"NY",784,"Aesculus","pavia","red buckeye","Plantae",114555,504,"Recent fruit or seed drop",2023,10,4,277,2460222,146,2023,11,2,306,2460251,NA
24164,40.665085,-73.963432,17,"NY",784,"Aesculus","pavia","red buckeye","Plantae",114555,516,"Fruits",2023,5,11,131,2460076,6,2023,10,9,282,2460227,10
6242,43.348259,-70.546036,5,"ME",147,"Aquilegia","canadensis","red columbine","Plantae",126285,482,"Initial growth (forbs)",2023,4,13,103,2460048,NA,2023,5,5,125,2460070,125
6242,43.348259,-70.546036,5,"ME",147,"Aquilegia","canadensis","red columbine","Plantae",126285,488,"Leaves (forbs)",2023,4,13,103,2460048,NA,2023,5,5,125,2460070,125
28357,30.414719,-88.541824,3,"MS",784,"Aesculus","pavia","red buckeye","Plantae",147491,371,"Breaking leaf buds",2023,1,11,11,2459956,5,2023,2,28,59,2460004,7
28357,30.414719,-88.541824,3,"MS",784,"Aesculus","pavia","red buckeye","Plantae",147491,371,"Breaking leaf buds",2023,4,18,108,2460053,7,2023,4,18,108,2460053,10
28357,30.414719,-88.541824,3,"MS",784,"Aesculus","pavia","red buckeye","Plantae",147491,371,"Breaking leaf buds",2023,5,9,129,2460074,11,2023,5,9,129,2460074,11
28357,30.414719,-88.541824,3,"MS",784,"Aesculus","pavia","red buckeye","Plantae",147491,371,"Breaking leaf buds",2023,6,21,172,2460117,26,2023,6,21,172,2460117,15
28357,30.414719,-88.541824,3,"MS",784,"Aesculus","pavia","red buckeye","Plantae",147491,390,"Ripe fruits",2023,3,22,81,2460026,7,2023,3,22,81,2460026,7
28357,30.414719,-88.541824,3,"MS",784,"Aesculus","pavia","red buckeye","Plantae",147491,390,"Ripe fruits",2023,4,11,101,2460046,6,2023,4,28,118,2460063,11
28357,30.414719,-88.541824,3,"MS",784,"Aesculus","pavia","red buckeye","Plantae",147491,390,"Ripe fruits",2023,8,29,241,2460186,19,2023,8,31,243,2460188,16
28357,30.414719,-88.541824,3,"MS",784,"Aesculus","pavia","red buckeye","Plantae",147491,467,"Increasing leaf size",2023,2,21,52,2459997,13,2023,5,9,129,2460074,11
28357,30.414719,-88.541824,3,"MS",784,"Aesculus","pavia","red buckeye","Plantae",147491,467,"Increasing leaf size",2023,5,26,146,2460091,6,2023,6,21,172,2460117,15
28357,30.414719,-88.541824,3,"MS",784,"Aesculus","pavia","red buckeye","Plantae",147491,467,"Increasing leaf size",2023,7,19,200,2460145,13,2023,7,19,200,2460145,15
28357,30.414719,-88.541824,3,"MS",784,"Aesculus","pavia","red buckeye","Plantae",147491,467,"Increasing leaf size",2023,8,10,222,2460167,2,2023,8,10,222,2460167,19
28357,30.414719,-88.541824,3,"MS",784,"Aesculus","pavia","red buckeye","Plantae",147491,471,"Falling leaves",2023,8,29,241,2460186,19,2023,8,29,241,2460186,2
28357,30.414719,-88.541824,3,"MS",784,"Aesculus","pavia","red buckeye","Plantae",147491,471,"Falling leaves",2023,9,16,259,2460204,16,2023,10,3,276,2460221,45
28357,30.414719,-88.541824,3,"MS",784,"Aesculus","pavia","red buckeye","Plantae",147491,483,"Leaves",2023,2,8,39,2459984,25,2023,8,31,243,2460188,16
28357,30.414719,-88.541824,3,"MS",784,"Aesculus","pavia","red buckeye","Plantae",147491,483,"Leaves",2023,9,21,264,2460209,5,2023,10,3,276,2460221,45
28357,30.414719,-88.541824,3,"MS",784,"Aesculus","pavia","red buckeye","Plantae",147491,498,"Colored leaves",2023,7,19,200,2460145,13,2023,7,19,200,2460145,15
28357,30.414719,-88.541824,3,"MS",784,"Aesculus","pavia","red buckeye","Plantae",147491,498,"Colored leaves",2023,8,10,222,2460167,2,2023,10,3,276,2460221,45
28357,30.414719,-88.541824,3,"MS",784,"Aesculus","pavia","red buckeye","Plantae",147491,500,"Flowers or flower buds",2023,2,21,52,2459997,13,2023,3,29,88,2460033,7
28357,30.414719,-88.541824,3,"MS",784,"Aesculus","pavia","red buckeye","Plantae",147491,501,"Open flowers",2023,3,7,66,2460011,7,2023,3,29,88,2460033,7
28357,30.414719,-88.541824,3,"MS",784,"Aesculus","pavia","red buckeye","Plantae",147491,504,"Recent fruit or seed drop",2023,4,5,95,2460040,7,2023,4,5,95,2460040,6
28357,30.414719,-88.541824,3,"MS",784,"Aesculus","pavia","red buckeye","Plantae",147491,504,"Recent fruit or seed drop",2023,10,3,276,2460221,12,2023,10,3,276,2460221,45
28357,30.414719,-88.541824,3,"MS",784,"Aesculus","pavia","red buckeye","Plantae",147491,516,"Fruits",2023,3,22,81,2460026,7,2023,4,28,118,2460063,11
28357,30.414719,-88.541824,3,"MS",784,"Aesculus","pavia","red buckeye","Plantae",147491,516,"Fruits",2023,5,26,146,2460091,6,2023,5,26,146,2460091,41
28357,30.414719,-88.541824,3,"MS",784,"Aesculus","pavia","red buckeye","Plantae",147491,516,"Fruits",2023,8,3,215,2460160,15,2023,8,8,220,2460165,2
28357,30.414719,-88.541824,3,"MS",784,"Aesculus","pavia","red buckeye","Plantae",147491,516,"Fruits",2023,8,29,241,2460186,19,2023,9,21,264,2460209,12
28357,30.414719,-88.541824,3,"MS",784,"Aesculus","pavia","red buckeye","Plantae",147493,371,"Breaking leaf buds",2023,1,14,14,2459959,3,2023,1,14,14,2459959,25
28357,30.414719,-88.541824,3,"MS",784,"Aesculus","pavia","red buckeye","Plantae",147493,371,"Breaking leaf buds",2023,2,21,52,2459997,13,2023,2,28,59,2460004,7
28357,30.414719,-88.541824,3,"MS",784,"Aesculus","pavia","red buckeye","Plantae",147493,371,"Breaking leaf buds",2023,4,18,108,2460053,7,2023,4,18,108,2460053,10
28357,30.414719,-88.541824,3,"MS",784,"Aesculus","pavia","red buckeye","Plantae",147493,371,"Breaking leaf buds",2023,5,9,129,2460074,11,2023,5,9,129,2460074,11
28357,30.414719,-88.541824,3,"MS",784,"Aesculus","pavia","red buckeye","Plantae",147493,371,"Breaking leaf buds",2023,5,26,146,2460091,6,2023,6,21,172,2460117,15
28357,30.414719,-88.541824,3,"MS",784,"Aesculus","pavia","red buckeye","Plantae",147493,390,"Ripe fruits",2023,3,15,74,2460019,8,2023,3,22,81,2460026,7
28357,30.414719,-88.541824,3,"MS",784,"Aesculus","pavia","red buckeye","Plantae",147493,390,"Ripe fruits",2023,4,11,101,2460046,6,2023,4,28,118,2460063,11
28357,30.414719,-88.541824,3,"MS",784,"Aesculus","pavia","red buckeye","Plantae",147493,390,"Ripe fruits",2023,7,19,200,2460145,13,2023,7,19,200,2460145,15
28357,30.414719,-88.541824,3,"MS",784,"Aesculus","pavia","red buckeye","Plantae",147493,467,"Increasing leaf size",2023,2,8,39,2459984,25,2023,5,9,129,2460074,11
28357,30.414719,-88.541824,3,"MS",784,"Aesculus","pavia","red buckeye","Plantae",147493,467,"Increasing leaf size",2023,5,26,146,2460091,6,2023,6,21,172,2460117,15
28357,30.414719,-88.541824,3,"MS",784,"Aesculus","pavia","red buckeye","Plantae",147493,467,"Increasing leaf size",2023,7,19,200,2460145,13,2023,7,19,200,2460145,15
28357,30.414719,-88.541824,3,"MS",784,"Aesculus","pavia","red buckeye","Plantae",147493,467,"Increasing leaf size",2023,8,10,222,2460167,2,2023,8,10,222,2460167,19
28357,30.414719,-88.541824,3,"MS",784,"Aesculus","pavia","red buckeye","Plantae",147493,471,"Falling leaves",2023,8,29,241,2460186,19,2023,8,29,241,2460186,2
28357,30.414719,-88.541824,3,"MS",784,"Aesculus","pavia","red buckeye","Plantae",147493,471,"Falling leaves",2023,9,21,264,2460209,5,2023,10,3,276,2460221,45
28357,30.414719,-88.541824,3,"MS",784,"Aesculus","pavia","red buckeye","Plantae",147493,483,"Leaves",2023,2,8,39,2459984,25,2023,10,3,276,2460221,45
28357,30.414719,-88.541824,3,"MS",784,"Aesculus","pavia","red buckeye","Plantae",147493,498,"Colored leaves",2023,7,19,200,2460145,13,2023,7,19,200,2460145,15
28357,30.414719,-88.541824,3,"MS",784,"Aesculus","pavia","red buckeye","Plantae",147493,498,"Colored leaves",2023,8,10,222,2460167,2,2023,10,3,276,2460221,45
28357,30.414719,-88.541824,3,"MS",784,"Aesculus","pavia","red buckeye","Plantae",147493,500,"Flowers or flower buds",2023,2,8,39,2459984,25,2023,3,15,74,2460019,7
28357,30.414719,-88.541824,3,"MS",784,"Aesculus","pavia","red buckeye","Plantae",147493,501,"Open flowers",2023,2,21,52,2459997,13,2023,3,15,74,2460019,7
28357,30.414719,-88.541824,3,"MS",784,"Aesculus","pavia","red buckeye","Plantae",147493,504,"Recent fruit or seed drop",2023,3,15,74,2460019,8,2023,3,15,74,2460019,7
28357,30.414719,-88.541824,3,"MS",784,"Aesculus","pavia","red buckeye","Plantae",147493,504,"Recent fruit or seed drop",2023,10,3,276,2460221,12,2023,10,3,276,2460221,45
28357,30.414719,-88.541824,3,"MS",784,"Aesculus","pavia","red buckeye","Plantae",147493,516,"Fruits",2023,3,7,66,2460011,7,2023,4,28,118,2460063,11
28357,30.414719,-88.541824,3,"MS",784,"Aesculus","pavia","red buckeye","Plantae",147493,516,"Fruits",2023,6,21,172,2460117,26,2023,6,21,172,2460117,15
28357,30.414719,-88.541824,3,"MS",784,"Aesculus","pavia","red buckeye","Plantae",147493,516,"Fruits",2023,7,19,200,2460145,13,2023,7,19,200,2460145,15
28357,30.414719,-88.541824,3,"MS",784,"Aesculus","pavia","red buckeye","Plantae",147493,516,"Fruits",2023,8,29,241,2460186,19,2023,8,29,241,2460186,2
28357,30.414719,-88.541824,3,"MS",784,"Aesculus","pavia","red buckeye","Plantae",147493,516,"Fruits",2023,9,16,259,2460204,16,2023,9,21,264,2460209,12
28357,30.414719,-88.541824,3,"MS",784,"Aesculus","pavia","red buckeye","Plantae",147494,371,"Breaking leaf buds",2023,1,14,14,2459959,3,2023,2,28,59,2460004,7
28357,30.414719,-88.541824,3,"MS",784,"Aesculus","pavia","red buckeye","Plantae",147494,371,"Breaking leaf buds",2023,5,9,129,2460074,11,2023,5,9,129,2460074,11
28357,30.414719,-88.541824,3,"MS",784,"Aesculus","pavia","red buckeye","Plantae",147494,371,"Breaking leaf buds",2023,6,21,172,2460117,26,2023,6,21,172,2460117,15
28357,30.414719,-88.541824,3,"MS",784,"Aesculus","pavia","red buckeye","Plantae",147494,390,"Ripe fruits",2023,3,22,81,2460026,7,2023,3,22,81,2460026,7
28357,30.414719,-88.541824,3,"MS",784,"Aesculus","pavia","red buckeye","Plantae",147494,467,"Increasing leaf size",2023,2,21,52,2459997,13,2023,5,9,129,2460074,11
28357,30.414719,-88.541824,3,"MS",784,"Aesculus","pavia","red buckeye","Plantae",147494,467,"Increasing leaf size",2023,5,26,146,2460091,6,2023,6,21,172,2460117,15
28357,30.414719,-88.541824,3,"MS",784,"Aesculus","pavia","red buckeye","Plantae",147494,467,"Increasing leaf size",2023,7,19,200,2460145,13,2023,7,19,200,2460145,15
28357,30.414719,-88.541824,3,"MS",784,"Aesculus","pavia","red buckeye","Plantae",147494,467,"Increasing leaf size",2023,8,10,222,2460167,2,2023,8,10,222,2460167,19
28357,30.414719,-88.541824,3,"MS",784,"Aesculus","pavia","red buckeye","Plantae",147494,471,"Falling leaves",2023,8,29,241,2460186,19,2023,8,29,241,2460186,2
28357,30.414719,-88.541824,3,"MS",784,"Aesculus","pavia","red buckeye","Plantae",147494,471,"Falling leaves",2023,9,21,264,2460209,5,2023,9,21,264,2460209,12
28357,30.414719,-88.541824,3,"MS",784,"Aesculus","pavia","red buckeye","Plantae",147494,483,"Leaves",2023,2,8,39,2459984,25,2023,10,3,276,2460221,45
28357,30.414719,-88.541824,3,"MS",784,"Aesculus","pavia","red buckeye","Plantae",147494,498,"Colored leaves",2023,7,19,200,2460145,13,2023,7,19,200,2460145,15
28357,30.414719,-88.541824,3,"MS",784,"Aesculus","pavia","red buckeye","Plantae",147494,498,"Colored leaves",2023,8,10,222,2460167,2,2023,10,3,276,2460221,45
28357,30.414719,-88.541824,3,"MS",784,"Aesculus","pavia","red buckeye","Plantae",147494,500,"Flowers or flower buds",2023,2,21,52,2459997,13,2023,3,15,74,2460019,7
28357,30.414719,-88.541824,3,"MS",784,"Aesculus","pavia","red buckeye","Plantae",147494,501,"Open flowers",2023,3,7,66,2460011,7,2023,3,7,66,2460011,8
28357,30.414719,-88.541824,3,"MS",784,"Aesculus","pavia","red buckeye","Plantae",147494,516,"Fruits",2023,3,7,66,2460011,7,2023,3,29,88,2460033,7
31779,47.166275,-122.537384,74,"WA",147,"Aquilegia","canadensis","red columbine","Plantae",174095,482,"Initial growth (forbs)",2023,3,26,85,2460030,NA,2023,4,6,96,2460041,NA
31779,47.166275,-122.537384,74,"WA",147,"Aquilegia","canadensis","red columbine","Plantae",174095,488,"Leaves (forbs)",2023,3,26,85,2460030,NA,2023,4,6,96,2460041,NA
30051,44.478752,-84.672668,364,"MI",147,"Aquilegia","canadensis","red columbine","Plantae",180165,482,"Initial growth (forbs)",2023,4,10,100,2460045,17,2023,4,28,118,2460063,NA
30051,44.478752,-84.672668,364,"MI",147,"Aquilegia","canadensis","red columbine","Plantae",180165,488,"Leaves (forbs)",2023,4,13,103,2460048,3,2023,4,28,118,2460063,NA
33012,42.011364,-93.638145,289,"IA",147,"Aquilegia","canadensis","red columbine","Plantae",199988,390,"Ripe fruits",2023,7,3,184,2460129,14,2023,9,26,269,2460214,6
33012,42.011364,-93.638145,289,"IA",147,"Aquilegia","canadensis","red columbine","Plantae",199988,488,"Leaves (forbs)",2023,4,20,110,2460055,7,2023,11,15,319,2460264,NA
33012,42.011364,-93.638145,289,"IA",147,"Aquilegia","canadensis","red columbine","Plantae",199988,500,"Flowers or flower buds",2023,5,15,135,2460080,11,2023,6,15,166,2460111,4
33012,42.011364,-93.638145,289,"IA",147,"Aquilegia","canadensis","red columbine","Plantae",199988,500,"Flowers or flower buds",2023,7,3,184,2460129,14,2023,7,10,191,2460136,7
33012,42.011364,-93.638145,289,"IA",147,"Aquilegia","canadensis","red columbine","Plantae",199988,501,"Open flowers",2023,5,15,135,2460080,11,2023,6,15,166,2460111,4
33012,42.011364,-93.638145,289,"IA",147,"Aquilegia","canadensis","red columbine","Plantae",199988,501,"Open flowers",2023,7,3,184,2460129,14,2023,7,10,191,2460136,7
33012,42.011364,-93.638145,289,"IA",147,"Aquilegia","canadensis","red columbine","Plantae",199988,504,"Recent fruit or seed drop",2023,7,6,187,2460132,3,2023,7,17,198,2460143,7
33012,42.011364,-93.638145,289,"IA",147,"Aquilegia","canadensis","red columbine","Plantae",199988,504,"Recent fruit or seed drop",2023,8,4,216,2460161,2,2023,8,17,229,2460174,12
33012,42.011364,-93.638145,289,"IA",147,"Aquilegia","canadensis","red columbine","Plantae",199988,504,"Recent fruit or seed drop",2023,9,6,249,2460194,6,2023,9,12,255,2460200,8
33012,42.011364,-93.638145,289,"IA",147,"Aquilegia","canadensis","red columbine","Plantae",199988,504,"Recent fruit or seed drop",2023,10,2,275,2460220,6,2023,10,3,276,2460221,7
33012,42.011364,-93.638145,289,"IA",147,"Aquilegia","canadensis","red columbine","Plantae",199988,516,"Fruits",2023,6,8,159,2460104,3,2023,9,26,269,2460214,6
36380,36.19149,-78.707611,125,"NC",147,"Aquilegia","canadensis","red columbine","Plantae",224953,390,"Ripe fruits",2023,5,14,134,2460079,4,2023,5,31,151,2460096,14
36380,36.19149,-78.707611,125,"NC",147,"Aquilegia","canadensis","red columbine","Plantae",224953,390,"Ripe fruits",2023,8,5,217,2460162,10,2023,8,5,217,2460162,4
36380,36.19149,-78.707611,125,"NC",147,"Aquilegia","canadensis","red columbine","Plantae",224953,482,"Initial growth (forbs)",2023,2,14,45,2459990,6,2023,4,14,104,2460049,5
36380,36.19149,-78.707611,125,"NC",147,"Aquilegia","canadensis","red columbine","Plantae",224953,488,"Leaves (forbs)",2023,2,14,45,2459990,6,2023,8,30,242,2460187,14
36380,36.19149,-78.707611,125,"NC",147,"Aquilegia","canadensis","red columbine","Plantae",224953,488,"Leaves (forbs)",2023,10,5,278,2460223,22,2023,10,5,278,2460223,7
36380,36.19149,-78.707611,125,"NC",147,"Aquilegia","canadensis","red columbine","Plantae",224953,488,"Leaves (forbs)",2023,11,16,320,2460265,35,2023,11,16,320,2460265,NA
36380,36.19149,-78.707611,125,"NC",147,"Aquilegia","canadensis","red columbine","Plantae",224953,500,"Flowers or flower buds",2023,3,15,74,2460019,7,2023,5,10,130,2460075,4
36380,36.19149,-78.707611,125,"NC",147,"Aquilegia","canadensis","red columbine","Plantae",224953,500,"Flowers or flower buds",2023,5,17,137,2460082,3,2023,5,17,137,2460082,4
36380,36.19149,-78.707611,125,"NC",147,"Aquilegia","canadensis","red columbine","Plantae",224953,501,"Open flowers",2023,4,4,94,2460039,6,2023,5,17,137,2460082,4
36380,36.19149,-78.707611,125,"NC",147,"Aquilegia","canadensis","red columbine","Plantae",224953,504,"Recent fruit or seed drop",2023,5,17,137,2460082,3,2023,6,14,165,2460110,7
36380,36.19149,-78.707611,125,"NC",147,"Aquilegia","canadensis","red columbine","Plantae",224953,504,"Recent fruit or seed drop",2023,8,5,217,2460162,10,2023,8,5,217,2460162,4
36380,36.19149,-78.707611,125,"NC",147,"Aquilegia","canadensis","red columbine","Plantae",224953,516,"Fruits",2023,4,22,112,2460057,3,2023,5,31,151,2460096,14
37410,32.584236,-91.974403,25,"LA",784,"Aesculus","pavia","red buckeye","Plantae",231645,371,"Breaking leaf buds",2023,1,26,26,2459971,22,2023,3,17,76,2460021,15
37410,32.584236,-91.974403,25,"LA",784,"Aesculus","pavia","red buckeye","Plantae",231645,371,"Breaking leaf buds",2023,10,1,274,2460219,25,2023,10,1,274,2460219,10
37410,32.584236,-91.974403,25,"LA",784,"Aesculus","pavia","red buckeye","Plantae",231645,467,"Increasing leaf size",2023,2,26,57,2460002,31,2023,5,6,126,2460071,29
37410,32.584236,-91.974403,25,"LA",784,"Aesculus","pavia","red buckeye","Plantae",231645,467,"Increasing leaf size",2023,10,1,274,2460219,25,2023,10,11,284,2460229,58
37410,32.584236,-91.974403,25,"LA",784,"Aesculus","pavia","red buckeye","Plantae",231645,471,"Falling leaves",2023,8,9,221,2460166,16,2023,9,6,249,2460194,25
37410,32.584236,-91.974403,25,"LA",784,"Aesculus","pavia","red buckeye","Plantae",231645,471,"Falling leaves",2023,12,8,342,2460287,58,2023,12,8,342,2460287,NA
37410,32.584236,-91.974403,25,"LA",784,"Aesculus","pavia","red buckeye","Plantae",231645,483,"Leaves",2023,2,26,57,2460002,31,2023,12,8,342,2460287,NA
37410,32.584236,-91.974403,25,"LA",784,"Aesculus","pavia","red buckeye","Plantae",231645,498,"Colored leaves",2023,6,4,155,2460100,29,2023,9,6,249,2460194,25
37410,32.584236,-91.974403,25,"LA",784,"Aesculus","pavia","red buckeye","Plantae",231645,498,"Colored leaves",2023,12,8,342,2460287,58,2023,12,8,342,2460287,NA
37410,32.584236,-91.974403,25,"LA",784,"Aesculus","pavia","red buckeye","Plantae",231645,500,"Flowers or flower buds",2023,2,26,57,2460002,31,2023,4,14,104,2460049,18
32443,39.90163,-86.175911,242,"IN",784,"Aesculus","pavia","red buckeye","Plantae",233933,371,"Breaking leaf buds",2023,2,7,38,2459983,NA,2023,2,7,38,2459983,20
32443,39.90163,-86.175911,242,"IN",784,"Aesculus","pavia","red buckeye","Plantae",233933,371,"Breaking leaf buds",2023,3,11,70,2460015,5,2023,4,3,93,2460038,NA
32443,39.90163,-86.175911,242,"IN",784,"Aesculus","pavia","red buckeye","Plantae",233933,467,"Increasing leaf size",2023,4,10,100,2460045,NA,2023,9,14,257,2460202,5
32443,39.90163,-86.175911,242,"IN",784,"Aesculus","pavia","red buckeye","Plantae",233933,471,"Falling leaves",2023,9,14,257,2460202,NA,2023,10,24,297,2460242,NA
32443,39.90163,-86.175911,242,"IN",784,"Aesculus","pavia","red buckeye","Plantae",233933,483,"Leaves",2023,4,10,100,2460045,7,2023,10,3,276,2460221,8
32443,39.90163,-86.175911,242,"IN",784,"Aesculus","pavia","red buckeye","Plantae",233933,483,"Leaves",2023,10,18,291,2460236,7,2023,10,24,297,2460242,6
32443,39.90163,-86.175911,242,"IN",784,"Aesculus","pavia","red buckeye","Plantae",233933,498,"Colored leaves",2023,8,30,242,2460187,15,2023,10,24,297,2460242,NA
32443,39.90163,-86.175911,242,"IN",147,"Aquilegia","canadensis","red columbine","Plantae",270024,390,"Ripe fruits",2023,6,5,156,2460101,NA,2023,6,5,156,2460101,NA
32443,39.90163,-86.175911,242,"IN",147,"Aquilegia","canadensis","red columbine","Plantae",270024,482,"Initial growth (forbs)",2023,2,28,59,2460004,1,2023,3,21,80,2460025,NA
32443,39.90163,-86.175911,242,"IN",147,"Aquilegia","canadensis","red columbine","Plantae",270024,488,"Leaves (forbs)",2023,2,28,59,2460004,NA,2023,5,24,144,2460089,19
32443,39.90163,-86.175911,242,"IN",147,"Aquilegia","canadensis","red columbine","Plantae",270024,488,"Leaves (forbs)",2023,7,4,185,2460130,8,2023,10,11,284,2460229,7
32443,39.90163,-86.175911,242,"IN",147,"Aquilegia","canadensis","red columbine","Plantae",270024,488,"Leaves (forbs)",2023,10,26,299,2460244,2,2023,11,7,311,2460256,NA
32443,39.90163,-86.175911,242,"IN",147,"Aquilegia","canadensis","red columbine","Plantae",270024,500,"Flowers or flower buds",2023,4,18,108,2460053,8,2023,5,24,144,2460089,19
32443,39.90163,-86.175911,242,"IN",147,"Aquilegia","canadensis","red columbine","Plantae",270024,501,"Open flowers",2023,5,9,129,2460074,6,2023,5,24,144,2460089,NA
46202,35.16766,-81.05687,199,"NC",784,"Aesculus","pavia","red buckeye","Plantae",283089,371,"Breaking leaf buds",2023,2,21,52,2459997,7,2023,2,21,52,2459997,7
46202,35.16766,-81.05687,199,"NC",784,"Aesculus","pavia","red buckeye","Plantae",283089,390,"Ripe fruits",2023,9,12,255,2460200,7,2023,9,12,255,2460200,7
46202,35.16766,-81.05687,199,"NC",784,"Aesculus","pavia","red buckeye","Plantae",283089,467,"Increasing leaf size",2023,2,28,59,2460004,7,2023,5,2,122,2460067,7
46202,35.16766,-81.05687,199,"NC",784,"Aesculus","pavia","red buckeye","Plantae",283089,467,"Increasing leaf size",2023,5,16,136,2460081,7,2023,6,6,157,2460102,7
46202,35.16766,-81.05687,199,"NC",784,"Aesculus","pavia","red buckeye","Plantae",283089,467,"Increasing leaf size",2023,6,27,178,2460123,14,2023,8,22,234,2460179,7
46202,35.16766,-81.05687,199,"NC",784,"Aesculus","pavia","red buckeye","Plantae",283089,471,"Falling leaves",2023,7,4,185,2460130,7,2023,7,4,185,2460130,7
46202,35.16766,-81.05687,199,"NC",784,"Aesculus","pavia","red buckeye","Plantae",283089,471,"Falling leaves",2023,8,8,220,2460165,7,2023,8,29,241,2460186,7
46202,35.16766,-81.05687,199,"NC",784,"Aesculus","pavia","red buckeye","Plantae",283089,471,"Falling leaves",2023,9,19,262,2460207,7,2023,9,26,269,2460214,7
46202,35.16766,-81.05687,199,"NC",784,"Aesculus","pavia","red buckeye","Plantae",283089,483,"Leaves",2023,2,28,59,2460004,7,2023,8,22,234,2460179,7
46202,35.16766,-81.05687,199,"NC",784,"Aesculus","pavia","red buckeye","Plantae",283089,483,"Leaves",2023,9,19,262,2460207,7,2023,9,19,262,2460207,7
46202,35.16766,-81.05687,199,"NC",784,"Aesculus","pavia","red buckeye","Plantae",283089,498,"Colored leaves",2023,6,6,157,2460102,7,2023,6,6,157,2460102,7
46202,35.16766,-81.05687,199,"NC",784,"Aesculus","pavia","red buckeye","Plantae",283089,498,"Colored leaves",2023,6,27,178,2460123,14,2023,7,18,199,2460144,7
46202,35.16766,-81.05687,199,"NC",784,"Aesculus","pavia","red buckeye","Plantae",283089,498,"Colored leaves",2023,8,1,213,2460158,7,2023,8,22,234,2460179,7
46202,35.16766,-81.05687,199,"NC",784,"Aesculus","pavia","red buckeye","Plantae",283089,500,"Flowers or flower buds",2023,2,28,59,2460004,7,2023,4,18,108,2460053,7
46202,35.16766,-81.05687,199,"NC",784,"Aesculus","pavia","red buckeye","Plantae",283089,500,"Flowers or flower buds",2023,11,7,311,2460256,7,2023,11,7,311,2460256,7
46202,35.16766,-81.05687,199,"NC",784,"Aesculus","pavia","red buckeye","Plantae",283089,501,"Open flowers",2023,3,21,80,2460025,7,2023,3,21,80,2460025,7
46202,35.16766,-81.05687,199,"NC",784,"Aesculus","pavia","red buckeye","Plantae",283089,501,"Open flowers",2023,4,4,94,2460039,7,2023,4,18,108,2460053,7
46202,35.16766,-81.05687,199,"NC",784,"Aesculus","pavia","red buckeye","Plantae",283089,504,"Recent fruit or seed drop",2023,10,3,276,2460221,7,2023,10,3,276,2460221,7
46202,35.16766,-81.05687,199,"NC",784,"Aesculus","pavia","red buckeye","Plantae",283089,516,"Fruits",2023,5,2,122,2460067,7,2023,5,2,122,2460067,7
46202,35.16766,-81.05687,199,"NC",784,"Aesculus","pavia","red buckeye","Plantae",283089,516,"Fruits",2023,7,4,185,2460130,7,2023,7,4,185,2460130,7
46202,35.16766,-81.05687,199,"NC",784,"Aesculus","pavia","red buckeye","Plantae",283089,516,"Fruits",2023,8,15,227,2460172,7,2023,9,26,269,2460214,7
46202,35.16766,-81.05687,199,"NC",784,"Aesculus","pavia","red buckeye","Plantae",283093,371,"Breaking leaf buds",2023,2,21,52,2459997,7,2023,2,28,59,2460004,7
46202,35.16766,-81.05687,199,"NC",784,"Aesculus","pavia","red buckeye","Plantae",283093,467,"Increasing leaf size",2023,2,28,59,2460004,7,2023,3,21,80,2460025,7
46202,35.16766,-81.05687,199,"NC",784,"Aesculus","pavia","red buckeye","Plantae",283093,467,"Increasing leaf size",2023,4,4,94,2460039,7,2023,8,22,234,2460179,7
46202,35.16766,-81.05687,199,"NC",784,"Aesculus","pavia","red buckeye","Plantae",283093,467,"Increasing leaf size",2023,9,12,255,2460200,7,2023,9,12,255,2460200,7
46202,35.16766,-81.05687,199,"NC",784,"Aesculus","pavia","red buckeye","Plantae",283093,471,"Falling leaves",2023,8,8,220,2460165,7,2023,8,8,220,2460165,7
46202,35.16766,-81.05687,199,"NC",784,"Aesculus","pavia","red buckeye","Plantae",283093,471,"Falling leaves",2023,8,22,234,2460179,7,2023,8,29,241,2460186,7
46202,35.16766,-81.05687,199,"NC",784,"Aesculus","pavia","red buckeye","Plantae",283093,483,"Leaves",2023,2,28,59,2460004,7,2023,8,22,234,2460179,7
46202,35.16766,-81.05687,199,"NC",784,"Aesculus","pavia","red buckeye","Plantae",283093,483,"Leaves",2023,9,12,255,2460200,7,2023,9,12,255,2460200,7
46202,35.16766,-81.05687,199,"NC",784,"Aesculus","pavia","red buckeye","Plantae",283093,498,"Colored leaves",2023,7,4,185,2460130,21,2023,8,29,241,2460186,7
46202,35.16766,-81.05687,199,"NC",784,"Aesculus","pavia","red buckeye","Plantae",283093,498,"Colored leaves",2023,9,12,255,2460200,7,2023,9,12,255,2460200,7
46202,35.16766,-81.05687,199,"NC",784,"Aesculus","pavia","red buckeye","Plantae",283093,500,"Flowers or flower buds",2023,2,28,59,2460004,7,2023,3,21,80,2460025,7
46202,35.16766,-81.05687,199,"NC",784,"Aesculus","pavia","red buckeye","Plantae",283093,500,"Flowers or flower buds",2023,4,4,94,2460039,7,2023,4,18,108,2460053,7
46202,35.16766,-81.05687,199,"NC",784,"Aesculus","pavia","red buckeye","Plantae",283093,501,"Open flowers",2023,3,28,87,2460032,7,2023,4,18,108,2460053,7
46202,35.16766,-81.05687,199,"NC",784,"Aesculus","pavia","red buckeye","Plantae",283100,371,"Breaking leaf buds",2023,2,21,52,2459997,7,2023,2,28,59,2460004,7
46202,35.16766,-81.05687,199,"NC",784,"Aesculus","pavia","red buckeye","Plantae",283100,467,"Increasing leaf size",2023,2,28,59,2460004,7,2023,3,21,80,2460025,7
46202,35.16766,-81.05687,199,"NC",784,"Aesculus","pavia","red buckeye","Plantae",283100,467,"Increasing leaf size",2023,4,4,94,2460039,7,2023,6,13,164,2460109,14
46202,35.16766,-81.05687,199,"NC",784,"Aesculus","pavia","red buckeye","Plantae",283100,467,"Increasing leaf size",2023,7,4,185,2460130,7,2023,8,22,234,2460179,7
46202,35.16766,-81.05687,199,"NC",784,"Aesculus","pavia","red buckeye","Plantae",283100,467,"Increasing leaf size",2023,9,5,248,2460193,7,2023,10,3,276,2460221,7
46202,35.16766,-81.05687,199,"NC",784,"Aesculus","pavia","red buckeye","Plantae",283100,471,"Falling leaves",2023,7,4,185,2460130,7,2023,7,4,185,2460130,7
46202,35.16766,-81.05687,199,"NC",784,"Aesculus","pavia","red buckeye","Plantae",283100,471,"Falling leaves",2023,7,18,199,2460144,7,2023,7,18,199,2460144,7
46202,35.16766,-81.05687,199,"NC",784,"Aesculus","pavia","red buckeye","Plantae",283100,471,"Falling leaves",2023,8,8,220,2460165,7,2023,8,15,227,2460172,7
46202,35.16766,-81.05687,199,"NC",784,"Aesculus","pavia","red buckeye","Plantae",283100,471,"Falling leaves",2023,8,29,241,2460186,7,2023,8,29,241,2460186,7
46202,35.16766,-81.05687,199,"NC",784,"Aesculus","pavia","red buckeye","Plantae",283100,471,"Falling leaves",2023,9,26,269,2460214,14,2023,9,26,269,2460214,7
46202,35.16766,-81.05687,199,"NC",784,"Aesculus","pavia","red buckeye","Plantae",283100,471,"Falling leaves",2023,10,10,283,2460228,7,2023,10,10,283,2460228,7
46202,35.16766,-81.05687,199,"NC",784,"Aesculus","pavia","red buckeye","Plantae",283100,483,"Leaves",2023,2,28,59,2460004,7,2023,10,10,283,2460228,7
46202,35.16766,-81.05687,199,"NC",784,"Aesculus","pavia","red buckeye","Plantae",283100,498,"Colored leaves",2023,6,6,157,2460102,7,2023,6,6,157,2460102,7
46202,35.16766,-81.05687,199,"NC",784,"Aesculus","pavia","red buckeye","Plantae",283100,498,"Colored leaves",2023,6,27,178,2460123,14,2023,9,5,248,2460193,7
46202,35.16766,-81.05687,199,"NC",784,"Aesculus","pavia","red buckeye","Plantae",283100,498,"Colored leaves",2023,9,26,269,2460214,14,2023,10,10,283,2460228,7
46202,35.16766,-81.05687,199,"NC",784,"Aesculus","pavia","red buckeye","Plantae",283100,500,"Flowers or flower buds",2023,2,28,59,2460004,7,2023,3,21,80,2460025,7
46202,35.16766,-81.05687,199,"NC",784,"Aesculus","pavia","red buckeye","Plantae",283100,500,"Flowers or flower buds",2023,4,4,94,2460039,7,2023,4,18,108,2460053,7
46202,35.16766,-81.05687,199,"NC",784,"Aesculus","pavia","red buckeye","Plantae",283100,501,"Open flowers",2023,3,21,80,2460025,7,2023,4,18,108,2460053,7
46202,35.16766,-81.05687,199,"NC",784,"Aesculus","pavia","red buckeye","Plantae",283100,516,"Fruits",2023,5,2,122,2460067,7,2023,5,2,122,2460067,7
33069,43.841541,-69.502037,-9,"ME",147,"Aquilegia","canadensis","red columbine","Plantae",292771,390,"Ripe fruits",2023,5,29,149,2460094,33,2023,5,29,149,2460094,177
33069,43.841541,-69.502037,-9,"ME",147,"Aquilegia","canadensis","red columbine","Plantae",292771,482,"Initial growth (forbs)",2023,4,6,96,2460041,17,2023,8,21,233,2460178,93
33069,43.841541,-69.502037,-9,"ME",147,"Aquilegia","canadensis","red columbine","Plantae",292771,488,"Leaves (forbs)",2023,4,15,105,2460050,9,2023,8,21,233,2460178,93
33069,43.841541,-69.502037,-9,"ME",147,"Aquilegia","canadensis","red columbine","Plantae",292771,500,"Flowers or flower buds",2023,5,6,126,2460071,10,2023,5,15,135,2460080,191
33069,43.841541,-69.502037,-9,"ME",147,"Aquilegia","canadensis","red columbine","Plantae",292771,501,"Open flowers",2023,5,15,135,2460080,9,2023,5,23,143,2460088,183
33069,43.841541,-69.502037,-9,"ME",147,"Aquilegia","canadensis","red columbine","Plantae",292771,504,"Recent fruit or seed drop",2023,6,15,166,2460111,17,2023,8,21,233,2460178,93
33069,43.841541,-69.502037,-9,"ME",147,"Aquilegia","canadensis","red columbine","Plantae",292771,516,"Fruits",2023,5,23,143,2460088,8,2023,5,23,143,2460088,183
30971,30.391338,-88.775955,2,"MS",784,"Aesculus","pavia","red buckeye","Plantae",301473,371,"Breaking leaf buds",2023,1,20,20,2459965,8,2023,1,27,27,2459972,6
30971,30.391338,-88.775955,2,"MS",784,"Aesculus","pavia","red buckeye","Plantae",301473,467,"Increasing leaf size",2023,1,20,20,2459965,8,2023,5,31,151,2460096,9
30971,30.391338,-88.775955,2,"MS",784,"Aesculus","pavia","red buckeye","Plantae",301473,471,"Falling leaves",2023,9,21,264,2460209,8,2023,10,5,278,2460223,8
30971,30.391338,-88.775955,2,"MS",784,"Aesculus","pavia","red buckeye","Plantae",301473,483,"Leaves",2023,1,20,20,2459965,8,2023,10,5,278,2460223,8
30971,30.391338,-88.775955,2,"MS",784,"Aesculus","pavia","red buckeye","Plantae",301473,498,"Colored leaves",2023,8,31,243,2460188,13,2023,10,5,278,2460223,8
30971,30.391338,-88.775955,2,"MS",784,"Aesculus","pavia","red buckeye","Plantae",301473,500,"Flowers or flower buds",2023,1,5,5,2459950,NA,2023,1,12,12,2459957,8
30971,30.391338,-88.775955,2,"MS",784,"Aesculus","pavia","red buckeye","Plantae",301473,500,"Flowers or flower buds",2023,2,2,33,2459978,13,2023,3,2,61,2460006,7
30971,30.391338,-88.775955,2,"MS",784,"Aesculus","pavia","red buckeye","Plantae",301473,501,"Open flowers",2023,3,2,61,2460006,15,2023,3,2,61,2460006,7
30971,30.391338,-88.775955,2,"MS",784,"Aesculus","pavia","red buckeye","Plantae",301473,516,"Fruits",2023,8,14,226,2460171,10,2023,8,14,226,2460171,4
48555,33.813538,-84.28347,307,"GA",147,"Aquilegia","canadensis","red columbine","Plantae",305071,390,"Ripe fruits",2023,5,22,142,2460087,6,2023,6,7,158,2460103,10
48555,33.813538,-84.28347,307,"GA",147,"Aquilegia","canadensis","red columbine","Plantae",305071,482,"Initial growth (forbs)",2023,2,8,39,2459984,7,2023,2,25,56,2460001,3
48555,33.813538,-84.28347,307,"GA",147,"Aquilegia","canadensis","red columbine","Plantae",305071,482,"Initial growth (forbs)",2023,5,1,121,2460066,6,2023,5,6,126,2460071,10
48555,33.813538,-84.28347,307,"GA",147,"Aquilegia","canadensis","red columbine","Plantae",305071,488,"Leaves (forbs)",2023,1,2,2,2459947,NA,2023,12,15,349,2460294,NA
48555,33.813538,-84.28347,307,"GA",147,"Aquilegia","canadensis","red columbine","Plantae",305071,500,"Flowers or flower buds",2023,3,3,62,2460007,3,2023,3,3,62,2460007,3
48555,33.813538,-84.28347,307,"GA",147,"Aquilegia","canadensis","red columbine","Plantae",305071,500,"Flowers or flower buds",2023,3,30,89,2460034,5,2023,5,6,126,2460071,10
48555,33.813538,-84.28347,307,"GA",147,"Aquilegia","canadensis","red columbine","Plantae",305071,501,"Open flowers",2023,4,9,99,2460044,5,2023,5,6,126,2460071,10
48555,33.813538,-84.28347,307,"GA",147,"Aquilegia","canadensis","red columbine","Plantae",305071,504,"Recent fruit or seed drop",2023,5,22,142,2460087,6,2023,6,7,158,2460103,10
48555,33.813538,-84.28347,307,"GA",147,"Aquilegia","canadensis","red columbine","Plantae",305071,516,"Fruits",2023,5,1,121,2460066,6,2023,6,7,158,2460103,10
50299,29.972042,-90.048286,1,"LA",784,"Aesculus","pavia","red buckeye","Plantae",306236,371,"Breaking leaf buds",2023,2,13,44,2459989,NA,2023,2,13,44,2459989,8
50299,29.972042,-90.048286,1,"LA",784,"Aesculus","pavia","red buckeye","Plantae",306236,467,"Increasing leaf size",2023,2,21,52,2459997,8,2023,3,21,80,2460025,NA
50299,29.972042,-90.048286,1,"LA",784,"Aesculus","pavia","red buckeye","Plantae",306236,483,"Leaves",2023,2,21,52,2459997,8,2023,3,21,80,2460025,NA
50299,29.972042,-90.048286,1,"LA",784,"Aesculus","pavia","red buckeye","Plantae",306236,500,"Flowers or flower buds",2023,2,21,52,2459997,8,2023,3,21,80,2460025,NA
50299,29.972042,-90.048286,1,"LA",784,"Aesculus","pavia","red buckeye","Plantae",306236,501,"Open flowers",2023,3,5,64,2460009,7,2023,3,21,80,2460025,NA
50041,38.938599,-77.177887,82,"VA",147,"Aquilegia","canadensis","red columbine","Plantae",307443,482,"Initial growth (forbs)",2023,4,11,101,2460046,22,2023,4,16,106,2460051,NA
50041,38.938599,-77.177887,82,"VA",147,"Aquilegia","canadensis","red columbine","Plantae",307443,488,"Leaves (forbs)",2023,4,11,101,2460046,22,2023,4,16,106,2460051,NA
51055,42.874382,-88.457558,280,"WI",147,"Aquilegia","canadensis","red columbine","Plantae",310343,482,"Initial growth (forbs)",2023,4,15,105,2460050,8,2023,4,15,105,2460050,NA
51462,39.980137,-82.413101,291,"OH",784,"Aesculus","pavia","red buckeye","Plantae",313468,371,"Breaking leaf buds",2023,4,10,100,2460045,5,2023,4,10,100,2460045,NA
51462,39.980137,-82.413101,291,"OH",784,"Aesculus","pavia","red buckeye","Plantae",313468,467,"Increasing leaf size",2023,4,10,100,2460045,5,2023,4,10,100,2460045,NA
51462,39.980137,-82.413101,291,"OH",784,"Aesculus","pavia","red buckeye","Plantae",313468,483,"Leaves",2023,4,10,100,2460045,5,2023,4,10,100,2460045,NA
51462,39.980137,-82.413101,291,"OH",784,"Aesculus","pavia","red buckeye","Plantae",313468,500,"Flowers or flower buds",2023,4,5,95,2460040,NA,2023,4,10,100,2460045,NA
46830,35.986279,-78.929886,114,"NC",784,"Aesculus","pavia","red buckeye","Plantae",314892,483,"Leaves",2023,4,15,105,2460050,NA,2023,4,15,105,2460050,NA
51212,41.25,-72.835701,8,"CT",147,"Aquilegia","canadensis","red columbine","Plantae",317704,482,"Initial growth (forbs)",2023,5,21,141,2460086,NA,2023,5,21,141,2460086,NA
51212,41.25,-72.835701,8,"CT",147,"Aquilegia","canadensis","red columbine","Plantae",317704,488,"Leaves (forbs)",2023,5,21,141,2460086,NA,2023,5,21,141,2460086,NA
51212,41.25,-72.835701,8,"CT",147,"Aquilegia","canadensis","red columbine","Plantae",317704,500,"Flowers or flower buds",2023,5,21,141,2460086,NA,2023,5,21,141,2460086,NA
51212,41.25,-72.835701,8,"CT",147,"Aquilegia","canadensis","red columbine","Plantae",317704,501,"Open flowers",2023,5,21,141,2460086,NA,2023,5,21,141,2460086,NA
52341,39.223499,-86.0942,256,"IN",147,"Aquilegia","canadensis","red columbine","Plantae",318369,390,"Ripe fruits",2023,6,20,171,2460116,8,2023,6,20,171,2460116,NA
52341,39.223499,-86.0942,256,"IN",147,"Aquilegia","canadensis","red columbine","Plantae",318369,488,"Leaves (forbs)",2023,6,12,163,2460108,NA,2023,6,20,171,2460116,NA
52341,39.223499,-86.0942,256,"IN",147,"Aquilegia","canadensis","red columbine","Plantae",318369,500,"Flowers or flower buds",2023,6,12,163,2460108,NA,2023,6,12,163,2460108,8
52341,39.223499,-86.0942,256,"IN",147,"Aquilegia","canadensis","red columbine","Plantae",318369,501,"Open flowers",2023,6,12,163,2460108,NA,2023,6,12,163,2460108,8
52341,39.223499,-86.0942,256,"IN",147,"Aquilegia","canadensis","red columbine","Plantae",318369,516,"Fruits",2023,6,12,163,2460108,NA,2023,6,20,171,2460116,NA
57074,31.8568,-88.160919,42,"AL",784,"Aesculus","pavia","red buckeye","Plantae",356688,371,"Breaking leaf buds",2023,3,1,60,2460005,6,2023,3,1,60,2460005,9
57074,31.8568,-88.160919,42,"AL",784,"Aesculus","pavia","red buckeye","Plantae",356688,467,"Increasing leaf size",2023,3,1,60,2460005,6,2023,3,23,82,2460027,7
57074,31.8568,-88.160919,42,"AL",784,"Aesculus","pavia","red buckeye","Plantae",356688,471,"Falling leaves",2023,6,15,166,2460111,8,2023,6,15,166,2460111,7
57074,31.8568,-88.160919,42,"AL",784,"Aesculus","pavia","red buckeye","Plantae",356688,471,"Falling leaves",2023,7,6,187,2460132,7,2023,7,6,187,2460132,7
57074,31.8568,-88.160919,42,"AL",784,"Aesculus","pavia","red buckeye","Plantae",356688,471,"Falling leaves",2023,7,20,201,2460146,7,2023,8,24,236,2460181,7
57074,31.8568,-88.160919,42,"AL",784,"Aesculus","pavia","red buckeye","Plantae",356688,471,"Falling leaves",2023,9,14,257,2460202,7,2023,10,18,291,2460236,8
57074,31.8568,-88.160919,42,"AL",784,"Aesculus","pavia","red buckeye","Plantae",356688,483,"Leaves",2023,3,1,60,2460005,6,2023,10,18,291,2460236,8
57074,31.8568,-88.160919,42,"AL",784,"Aesculus","pavia","red buckeye","Plantae",356688,498,"Colored leaves",2023,4,13,103,2460048,8,2023,4,13,103,2460048,8
57074,31.8568,-88.160919,42,"AL",784,"Aesculus","pavia","red buckeye","Plantae",356688,498,"Colored leaves",2023,5,18,138,2460083,8,2023,6,1,152,2460097,6
57074,31.8568,-88.160919,42,"AL",784,"Aesculus","pavia","red buckeye","Plantae",356688,498,"Colored leaves",2023,6,15,166,2460111,8,2023,6,15,166,2460111,7
57074,31.8568,-88.160919,42,"AL",784,"Aesculus","pavia","red buckeye","Plantae",356688,498,"Colored leaves",2023,7,6,187,2460132,7,2023,7,6,187,2460132,7
57074,31.8568,-88.160919,42,"AL",784,"Aesculus","pavia","red buckeye","Plantae",356688,498,"Colored leaves",2023,7,20,201,2460146,7,2023,8,24,236,2460181,7
57074,31.8568,-88.160919,42,"AL",784,"Aesculus","pavia","red buckeye","Plantae",356688,498,"Colored leaves",2023,9,14,257,2460202,7,2023,10,18,291,2460236,8
57074,31.8568,-88.160919,42,"AL",784,"Aesculus","pavia","red buckeye","Plantae",356688,501,"Open flowers",2023,3,23,82,2460027,7,2023,4,21,111,2460056,5
57074,31.8568,-88.160919,42,"AL",784,"Aesculus","pavia","red buckeye","Plantae",356694,371,"Breaking leaf buds",2023,2,16,47,2459992,8,2023,3,1,60,2460005,9
57074,31.8568,-88.160919,42,"AL",784,"Aesculus","pavia","red buckeye","Plantae",356694,371,"Breaking leaf buds",2023,3,23,82,2460027,7,2023,3,23,82,2460027,7
57074,31.8568,-88.160919,42,"AL",784,"Aesculus","pavia","red buckeye","Plantae",356694,467,"Increasing leaf size",2023,2,23,54,2459999,7,2023,3,23,82,2460027,7
57074,31.8568,-88.160919,42,"AL",784,"Aesculus","pavia","red buckeye","Plantae",356694,471,"Falling leaves",2023,5,24,144,2460089,6,2023,6,15,166,2460111,7
57074,31.8568,-88.160919,42,"AL",784,"Aesculus","pavia","red buckeye","Plantae",356694,471,"Falling leaves",2023,7,6,187,2460132,7,2023,7,6,187,2460132,7
57074,31.8568,-88.160919,42,"AL",784,"Aesculus","pavia","red buckeye","Plantae",356694,471,"Falling leaves",2023,7,27,208,2460153,7,2023,8,24,236,2460181,7
57074,31.8568,-88.160919,42,"AL",784,"Aesculus","pavia","red buckeye","Plantae",356694,471,"Falling leaves",2023,9,14,257,2460202,7,2023,10,5,278,2460223,7
57074,31.8568,-88.160919,42,"AL",784,"Aesculus","pavia","red buckeye","Plantae",356694,483,"Leaves",2023,2,23,54,2459999,7,2023,10,5,278,2460223,7
57074,31.8568,-88.160919,42,"AL",784,"Aesculus","pavia","red buckeye","Plantae",356694,498,"Colored leaves",2023,5,3,123,2460068,7,2023,5,3,123,2460068,7
57074,31.8568,-88.160919,42,"AL",784,"Aesculus","pavia","red buckeye","Plantae",356694,498,"Colored leaves",2023,5,18,138,2460083,8,2023,6,1,152,2460097,6
57074,31.8568,-88.160919,42,"AL",784,"Aesculus","pavia","red buckeye","Plantae",356694,498,"Colored leaves",2023,6,15,166,2460111,8,2023,6,22,173,2460118,7
57074,31.8568,-88.160919,42,"AL",784,"Aesculus","pavia","red buckeye","Plantae",356694,498,"Colored leaves",2023,7,6,187,2460132,7,2023,7,6,187,2460132,7
57074,31.8568,-88.160919,42,"AL",784,"Aesculus","pavia","red buckeye","Plantae",356694,498,"Colored leaves",2023,7,20,201,2460146,7,2023,10,5,278,2460223,7
57074,31.8568,-88.160919,42,"AL",784,"Aesculus","pavia","red buckeye","Plantae",356696,371,"Breaking leaf buds",2023,2,16,47,2459992,8,2023,2,23,54,2459999,6
57074,31.8568,-88.160919,42,"AL",784,"Aesculus","pavia","red buckeye","Plantae",356696,467,"Increasing leaf size",2023,2,23,54,2459999,7,2023,3,16,75,2460020,14
57074,31.8568,-88.160919,42,"AL",784,"Aesculus","pavia","red buckeye","Plantae",356696,467,"Increasing leaf size",2023,4,5,95,2460040,6,2023,4,13,103,2460048,8
57074,31.8568,-88.160919,42,"AL",784,"Aesculus","pavia","red buckeye","Plantae",356696,467,"Increasing leaf size",2023,4,26,116,2460061,5,2023,4,26,116,2460061,7
57074,31.8568,-88.160919,42,"AL",784,"Aesculus","pavia","red buckeye","Plantae",356696,471,"Falling leaves",2023,9,21,264,2460209,7,2023,9,21,264,2460209,7
57074,31.8568,-88.160919,42,"AL",784,"Aesculus","pavia","red buckeye","Plantae",356696,483,"Leaves",2023,2,23,54,2459999,7,2023,3,16,75,2460020,14
57074,31.8568,-88.160919,42,"AL",784,"Aesculus","pavia","red buckeye","Plantae",356696,483,"Leaves",2023,4,5,95,2460040,6,2023,10,5,278,2460223,7
57074,31.8568,-88.160919,42,"AL",784,"Aesculus","pavia","red buckeye","Plantae",356696,498,"Colored leaves",2023,9,14,257,2460202,7,2023,9,14,257,2460202,7
57074,31.8568,-88.160919,42,"AL",784,"Aesculus","pavia","red buckeye","Plantae",356701,371,"Breaking leaf buds",2023,2,16,47,2459992,8,2023,3,1,60,2460005,9
57074,31.8568,-88.160919,42,"AL",784,"Aesculus","pavia","red buckeye","Plantae",356701,467,"Increasing leaf size",2023,2,16,47,2459992,8,2023,3,23,82,2460027,7
57074,31.8568,-88.160919,42,"AL",784,"Aesculus","pavia","red buckeye","Plantae",356701,471,"Falling leaves",2023,5,18,138,2460083,8,2023,6,15,166,2460111,7
57074,31.8568,-88.160919,42,"AL",784,"Aesculus","pavia","red buckeye","Plantae",356701,471,"Falling leaves",2023,7,6,187,2460132,7,2023,7,6,187,2460132,7
57074,31.8568,-88.160919,42,"AL",784,"Aesculus","pavia","red buckeye","Plantae",356701,471,"Falling leaves",2023,7,20,201,2460146,7,2023,9,14,257,2460202,7
57074,31.8568,-88.160919,42,"AL",784,"Aesculus","pavia","red buckeye","Plantae",356701,483,"Leaves",2023,2,16,47,2459992,8,2023,9,21,264,2460209,7
57074,31.8568,-88.160919,42,"AL",784,"Aesculus","pavia","red buckeye","Plantae",356701,498,"Colored leaves",2023,5,3,123,2460068,7,2023,6,22,173,2460118,7
57074,31.8568,-88.160919,42,"AL",784,"Aesculus","pavia","red buckeye","Plantae",356701,498,"Colored leaves",2023,7,6,187,2460132,7,2023,9,21,264,2460209,7
57074,31.8568,-88.160919,42,"AL",784,"Aesculus","pavia","red buckeye","Plantae",356705,371,"Breaking leaf buds",2023,2,8,39,2459984,NA,2023,2,23,54,2459999,6
57074,31.8568,-88.160919,42,"AL",784,"Aesculus","pavia","red buckeye","Plantae",356705,467,"Increasing leaf size",2023,2,8,39,2459984,NA,2023,3,23,82,2460027,7
57074,31.8568,-88.160919,42,"AL",784,"Aesculus","pavia","red buckeye","Plantae",356705,471,"Falling leaves",2023,6,15,166,2460111,8,2023,6,15,166,2460111,7
57074,31.8568,-88.160919,42,"AL",784,"Aesculus","pavia","red buckeye","Plantae",356705,471,"Falling leaves",2023,7,27,208,2460153,7,2023,8,24,236,2460181,7
57074,31.8568,-88.160919,42,"AL",784,"Aesculus","pavia","red buckeye","Plantae",356705,483,"Leaves",2023,2,8,39,2459984,NA,2023,8,24,236,2460181,7
57074,31.8568,-88.160919,42,"AL",784,"Aesculus","pavia","red buckeye","Plantae",356705,498,"Colored leaves",2023,6,1,152,2460097,8,2023,6,1,152,2460097,6
57074,31.8568,-88.160919,42,"AL",784,"Aesculus","pavia","red buckeye","Plantae",356705,498,"Colored leaves",2023,6,15,166,2460111,8,2023,6,15,166,2460111,7
57074,31.8568,-88.160919,42,"AL",784,"Aesculus","pavia","red buckeye","Plantae",356705,498,"Colored leaves",2023,7,27,208,2460153,7,2023,8,24,236,2460181,7
2394,45.425339,-93.186249,278,"MN",147,"Aquilegia","canadensis","red columbine","Plantae",3818,482,"Initial growth (forbs)",2024,5,16,137,2460447,6,2024,5,23,144,2460454,7
2394,45.425339,-93.186249,278,"MN",147,"Aquilegia","canadensis","red columbine","Plantae",3818,488,"Leaves (forbs)",2024,5,10,131,2460441,30,2024,10,21,295,2460605,NA
2394,45.425339,-93.186249,278,"MN",147,"Aquilegia","canadensis","red columbine","Plantae",3818,500,"Flowers or flower buds",2024,5,30,151,2460461,7,2024,5,30,151,2460461,19
2394,45.425339,-93.186249,278,"MN",147,"Aquilegia","canadensis","red columbine","Plantae",3818,501,"Open flowers",2024,5,30,151,2460461,7,2024,5,30,151,2460461,19
2394,45.425339,-93.186249,278,"MN",147,"Aquilegia","canadensis","red columbine","Plantae",3900,482,"Initial growth (forbs)",2024,5,10,131,2460441,30,2024,5,23,144,2460454,7
2394,45.425339,-93.186249,278,"MN",147,"Aquilegia","canadensis","red columbine","Plantae",3900,488,"Leaves (forbs)",2024,5,10,131,2460441,30,2024,8,6,219,2460529,6
2394,45.425339,-93.186249,278,"MN",147,"Aquilegia","canadensis","red columbine","Plantae",3900,488,"Leaves (forbs)",2024,8,19,232,2460542,7,2024,10,16,290,2460600,5
10585,41.433689,-81.693153,219,"OH",147,"Aquilegia","canadensis","red columbine","Plantae",45124,390,"Ripe fruits",2024,6,13,165,2460475,NA,2024,6,20,172,2460482,7
10585,41.433689,-81.693153,219,"OH",147,"Aquilegia","canadensis","red columbine","Plantae",45124,504,"Recent fruit or seed drop",2024,6,13,165,2460475,NA,2024,6,20,172,2460482,7
10585,41.433689,-81.693153,219,"OH",147,"Aquilegia","canadensis","red columbine","Plantae",45124,516,"Fruits",2024,6,13,165,2460475,NA,2024,6,20,172,2460482,7
17574,40.863052,-73.881592,30,"NY",784,"Aesculus","pavia","red buckeye","Plantae",67637,371,"Breaking leaf buds",2024,4,28,119,2460429,6,2024,4,28,119,2460429,9
17574,40.863052,-73.881592,30,"NY",784,"Aesculus","pavia","red buckeye","Plantae",67637,390,"Ripe fruits",2024,6,4,156,2460466,9,2024,6,4,156,2460466,4
17574,40.863052,-73.881592,30,"NY",784,"Aesculus","pavia","red buckeye","Plantae",67637,390,"Ripe fruits",2024,6,20,172,2460482,12,2024,9,2,246,2460556,9
17574,40.863052,-73.881592,30,"NY",784,"Aesculus","pavia","red buckeye","Plantae",67637,390,"Ripe fruits",2024,10,8,282,2460592,17,2024,10,14,288,2460598,6
17574,40.863052,-73.881592,30,"NY",784,"Aesculus","pavia","red buckeye","Plantae",67637,390,"Ripe fruits",2024,10,27,301,2460611,7,2024,10,27,301,2460611,20
17574,40.863052,-73.881592,30,"NY",784,"Aesculus","pavia","red buckeye","Plantae",67637,467,"Increasing leaf size",2024,3,31,91,2460401,5,2024,5,19,140,2460450,7
17574,40.863052,-73.881592,30,"NY",784,"Aesculus","pavia","red buckeye","Plantae",67637,467,"Increasing leaf size",2024,6,4,156,2460466,9,2024,7,9,191,2460501,5
17574,40.863052,-73.881592,30,"NY",784,"Aesculus","pavia","red buckeye","Plantae",67637,467,"Increasing leaf size",2024,7,27,209,2460519,4,2024,8,2,215,2460525,9
17574,40.863052,-73.881592,30,"NY",784,"Aesculus","pavia","red buckeye","Plantae",67637,467,"Increasing leaf size",2024,8,15,228,2460538,4,2024,8,22,235,2460545,11
17574,40.863052,-73.881592,30,"NY",784,"Aesculus","pavia","red buckeye","Plantae",67637,467,"Increasing leaf size",2024,9,5,249,2460559,3,2024,9,11,255,2460565,10
17574,40.863052,-73.881592,30,"NY",784,"Aesculus","pavia","red buckeye","Plantae",67637,471,"Falling leaves",2024,9,5,249,2460559,3,2024,11,16,321,2460631,NA
17574,40.863052,-73.881592,30,"NY",784,"Aesculus","pavia","red buckeye","Plantae",67637,483,"Leaves",2024,3,31,91,2460401,5,2024,11,16,321,2460631,NA
17574,40.863052,-73.881592,30,"NY",784,"Aesculus","pavia","red buckeye","Plantae",67637,498,"Colored leaves",2024,9,21,265,2460575,10,2024,10,27,301,2460611,20
17574,40.863052,-73.881592,30,"NY",784,"Aesculus","pavia","red buckeye","Plantae",67637,500,"Flowers or flower buds",2024,3,1,61,2460371,NA,2024,5,19,140,2460450,7
17574,40.863052,-73.881592,30,"NY",784,"Aesculus","pavia","red buckeye","Plantae",67637,501,"Open flowers",2024,5,7,128,2460438,9,2024,5,19,140,2460450,7
17574,40.863052,-73.881592,30,"NY",784,"Aesculus","pavia","red buckeye","Plantae",67637,504,"Recent fruit or seed drop",2024,6,8,160,2460470,4,2024,7,14,196,2460506,13
17574,40.863052,-73.881592,30,"NY",784,"Aesculus","pavia","red buckeye","Plantae",67637,504,"Recent fruit or seed drop",2024,9,11,255,2460565,20,2024,10,14,288,2460598,6
17574,40.863052,-73.881592,30,"NY",784,"Aesculus","pavia","red buckeye","Plantae",67637,516,"Fruits",2024,5,11,132,2460442,4,2024,10,14,288,2460598,6
17574,40.863052,-73.881592,30,"NY",784,"Aesculus","pavia","red buckeye","Plantae",67637,516,"Fruits",2024,10,27,301,2460611,7,2024,10,27,301,2460611,20
31779,47.166275,-122.537384,74,"WA",147,"Aquilegia","canadensis","red columbine","Plantae",174095,482,"Initial growth (forbs)",2024,2,5,36,2460346,NA,2024,4,4,95,2460405,NA
31779,47.166275,-122.537384,74,"WA",147,"Aquilegia","canadensis","red columbine","Plantae",174095,488,"Leaves (forbs)",2024,2,5,36,2460346,NA,2024,4,4,95,2460405,NA
31779,47.166275,-122.537384,74,"WA",147,"Aquilegia","canadensis","red columbine","Plantae",174095,500,"Flowers or flower buds",2024,4,4,95,2460405,59,2024,4,4,95,2460405,NA
30051,44.478752,-84.672668,364,"MI",147,"Aquilegia","canadensis","red columbine","Plantae",180165,488,"Leaves (forbs)",2024,6,25,177,2460487,8,2024,9,7,251,2460561,5
30051,44.478752,-84.672668,364,"MI",147,"Aquilegia","canadensis","red columbine","Plantae",180165,488,"Leaves (forbs)",2024,9,22,266,2460576,10,2024,10,4,278,2460588,18
33012,42.011364,-93.638145,289,"IA",147,"Aquilegia","canadensis","red columbine","Plantae",199988,390,"Ripe fruits",2024,5,31,152,2460462,3,2024,11,6,311,2460621,NA
33012,42.011364,-93.638145,289,"IA",147,"Aquilegia","canadensis","red columbine","Plantae",199988,482,"Initial growth (forbs)",2024,4,10,101,2460411,7,2024,4,23,114,2460424,7
33012,42.011364,-93.638145,289,"IA",147,"Aquilegia","canadensis","red columbine","Plantae",199988,488,"Leaves (forbs)",2024,4,10,101,2460411,7,2024,11,6,311,2460621,NA
33012,42.011364,-93.638145,289,"IA",147,"Aquilegia","canadensis","red columbine","Plantae",199988,500,"Flowers or flower buds",2024,4,23,114,2460424,6,2024,6,7,159,2460469,3
33012,42.011364,-93.638145,289,"IA",147,"Aquilegia","canadensis","red columbine","Plantae",199988,500,"Flowers or flower buds",2024,6,27,179,2460489,6,2024,7,16,198,2460508,7
33012,42.011364,-93.638145,289,"IA",147,"Aquilegia","canadensis","red columbine","Plantae",199988,500,"Flowers or flower buds",2024,7,26,208,2460518,3,2024,7,26,208,2460518,4
33012,42.011364,-93.638145,289,"IA",147,"Aquilegia","canadensis","red columbine","Plantae",199988,501,"Open flowers",2024,4,30,121,2460431,7,2024,6,7,159,2460469,3
33012,42.011364,-93.638145,289,"IA",147,"Aquilegia","canadensis","red columbine","Plantae",199988,501,"Open flowers",2024,6,27,179,2460489,6,2024,7,16,198,2460508,7
33012,42.011364,-93.638145,289,"IA",147,"Aquilegia","canadensis","red columbine","Plantae",199988,504,"Recent fruit or seed drop",2024,6,7,159,2460469,3,2024,6,7,159,2460469,3
33012,42.011364,-93.638145,289,"IA",147,"Aquilegia","canadensis","red columbine","Plantae",199988,504,"Recent fruit or seed drop",2024,6,13,165,2460475,3,2024,6,27,179,2460489,5
33012,42.011364,-93.638145,289,"IA",147,"Aquilegia","canadensis","red columbine","Plantae",199988,504,"Recent fruit or seed drop",2024,7,5,187,2460497,3,2024,9,4,248,2460558,7
33012,42.011364,-93.638145,289,"IA",147,"Aquilegia","canadensis","red columbine","Plantae",199988,504,"Recent fruit or seed drop",2024,10,30,304,2460614,7,2024,10,30,304,2460614,7
33012,42.011364,-93.638145,289,"IA",147,"Aquilegia","canadensis","red columbine","Plantae",199988,516,"Fruits",2024,5,20,141,2460451,4,2024,11,6,311,2460621,NA
37410,32.584236,-91.974403,25,"LA",784,"Aesculus","pavia","red buckeye","Plantae",231645,371,"Breaking leaf buds",2024,2,7,38,2460348,9,2024,2,7,38,2460348,23
37410,32.584236,-91.974403,25,"LA",784,"Aesculus","pavia","red buckeye","Plantae",231645,390,"Ripe fruits",2024,8,2,215,2460525,30,2024,8,31,244,2460554,NA
37410,32.584236,-91.974403,25,"LA",784,"Aesculus","pavia","red buckeye","Plantae",231645,467,"Increasing leaf size",2024,2,7,38,2460348,9,2024,3,16,76,2460386,34
37410,32.584236,-91.974403,25,"LA",784,"Aesculus","pavia","red buckeye","Plantae",231645,467,"Increasing leaf size",2024,5,20,141,2460451,31,2024,5,20,141,2460451,37
37410,32.584236,-91.974403,25,"LA",784,"Aesculus","pavia","red buckeye","Plantae",231645,471,"Falling leaves",2024,7,3,185,2460495,7,2024,8,2,215,2460525,29
37410,32.584236,-91.974403,25,"LA",784,"Aesculus","pavia","red buckeye","Plantae",231645,483,"Leaves",2024,1,8,8,2460318,NA,2024,1,8,8,2460318,21
37410,32.584236,-91.974403,25,"LA",784,"Aesculus","pavia","red buckeye","Plantae",231645,483,"Leaves",2024,2,7,38,2460348,9,2024,8,2,215,2460525,29
37410,32.584236,-91.974403,25,"LA",784,"Aesculus","pavia","red buckeye","Plantae",231645,498,"Colored leaves",2024,1,8,8,2460318,NA,2024,1,8,8,2460318,21
37410,32.584236,-91.974403,25,"LA",784,"Aesculus","pavia","red buckeye","Plantae",231645,498,"Colored leaves",2024,5,20,141,2460451,31,2024,8,2,215,2460525,29
37410,32.584236,-91.974403,25,"LA",784,"Aesculus","pavia","red buckeye","Plantae",231645,500,"Flowers or flower buds",2024,3,1,61,2460371,23,2024,4,19,110,2460420,31
37410,32.584236,-91.974403,25,"LA",784,"Aesculus","pavia","red buckeye","Plantae",231645,501,"Open flowers",2024,3,16,76,2460386,15,2024,4,19,110,2460420,31
37410,32.584236,-91.974403,25,"LA",784,"Aesculus","pavia","red buckeye","Plantae",231645,516,"Fruits",2024,5,20,141,2460451,31,2024,8,31,244,2460554,NA
32443,39.90163,-86.175911,242,"IN",784,"Aesculus","pavia","red buckeye","Plantae",233933,371,"Breaking leaf buds",2024,3,27,87,2460397,7,2024,4,3,94,2460404,NA
32443,39.90163,-86.175911,242,"IN",784,"Aesculus","pavia","red buckeye","Plantae",233933,467,"Increasing leaf size",2024,4,3,94,2460404,NA,2024,8,28,241,2460551,7
32443,39.90163,-86.175911,242,"IN",784,"Aesculus","pavia","red buckeye","Plantae",233933,467,"Increasing leaf size",2024,9,11,255,2460565,7,2024,9,11,255,2460565,7
32443,39.90163,-86.175911,242,"IN",784,"Aesculus","pavia","red buckeye","Plantae",233933,471,"Falling leaves",2024,9,18,262,2460572,NA,2024,11,16,321,2460631,NA
32443,39.90163,-86.175911,242,"IN",784,"Aesculus","pavia","red buckeye","Plantae",233933,483,"Leaves",2024,4,3,94,2460404,7,2024,10,30,304,2460614,7
32443,39.90163,-86.175911,242,"IN",784,"Aesculus","pavia","red buckeye","Plantae",233933,483,"Leaves",2024,11,16,321,2460631,10,2024,11,16,321,2460631,4
32443,39.90163,-86.175911,242,"IN",784,"Aesculus","pavia","red buckeye","Plantae",233933,498,"Colored leaves",2024,8,28,241,2460551,NA,2024,11,16,321,2460631,NA
32443,39.90163,-86.175911,242,"IN",147,"Aquilegia","canadensis","red columbine","Plantae",270024,390,"Ripe fruits",2024,5,22,143,2460453,7,2024,5,22,143,2460453,NA
32443,39.90163,-86.175911,242,"IN",147,"Aquilegia","canadensis","red columbine","Plantae",270024,482,"Initial growth (forbs)",2024,3,13,73,2460383,7,2024,3,13,73,2460383,NA
32443,39.90163,-86.175911,242,"IN",147,"Aquilegia","canadensis","red columbine","Plantae",270024,488,"Leaves (forbs)",2024,3,13,73,2460383,28,2024,5,22,143,2460453,7
32443,39.90163,-86.175911,242,"IN",147,"Aquilegia","canadensis","red columbine","Plantae",270024,488,"Leaves (forbs)",2024,10,30,304,2460614,7,2024,11,16,321,2460631,4
32443,39.90163,-86.175911,242,"IN",147,"Aquilegia","canadensis","red columbine","Plantae",270024,500,"Flowers or flower buds",2024,4,17,108,2460418,6,2024,5,8,129,2460439,7
32443,39.90163,-86.175911,242,"IN",147,"Aquilegia","canadensis","red columbine","Plantae",270024,501,"Open flowers",2024,4,17,108,2460418,NA,2024,5,8,129,2460439,NA
32443,39.90163,-86.175911,242,"IN",147,"Aquilegia","canadensis","red columbine","Plantae",270024,504,"Recent fruit or seed drop",2024,5,22,143,2460453,NA,2024,5,22,143,2460453,NA
32443,39.90163,-86.175911,242,"IN",147,"Aquilegia","canadensis","red columbine","Plantae",270024,516,"Fruits",2024,5,15,136,2460446,7,2024,5,22,143,2460453,14
46202,35.16766,-81.05687,199,"NC",784,"Aesculus","pavia","red buckeye","Plantae",283089,371,"Breaking leaf buds",2024,3,26,86,2460396,7,2024,3,26,86,2460396,7
46202,35.16766,-81.05687,199,"NC",784,"Aesculus","pavia","red buckeye","Plantae",283089,371,"Breaking leaf buds",2024,11,19,324,2460634,7,2024,11,26,331,2460641,7
46202,35.16766,-81.05687,199,"NC",784,"Aesculus","pavia","red buckeye","Plantae",283089,371,"Breaking leaf buds",2024,12,10,345,2460655,7,2024,12,17,352,2460662,NA
46202,35.16766,-81.05687,199,"NC",784,"Aesculus","pavia","red buckeye","Plantae",283089,467,"Increasing leaf size",2024,3,12,72,2460382,14,2024,4,16,107,2460417,7
46202,35.16766,-81.05687,199,"NC",784,"Aesculus","pavia","red buckeye","Plantae",283089,467,"Increasing leaf size",2024,4,30,121,2460431,7,2024,7,2,184,2460494,7
46202,35.16766,-81.05687,199,"NC",784,"Aesculus","pavia","red buckeye","Plantae",283089,471,"Falling leaves",2024,6,18,170,2460480,7,2024,6,18,170,2460480,7
46202,35.16766,-81.05687,199,"NC",784,"Aesculus","pavia","red buckeye","Plantae",283089,471,"Falling leaves",2024,7,9,191,2460501,7,2024,7,9,191,2460501,7
46202,35.16766,-81.05687,199,"NC",784,"Aesculus","pavia","red buckeye","Plantae",283089,471,"Falling leaves",2024,7,23,205,2460515,7,2024,8,27,240,2460550,7
46202,35.16766,-81.05687,199,"NC",784,"Aesculus","pavia","red buckeye","Plantae",283089,483,"Leaves",2024,3,12,72,2460382,14,2024,8,27,240,2460550,7
46202,35.16766,-81.05687,199,"NC",784,"Aesculus","pavia","red buckeye","Plantae",283089,498,"Colored leaves",2024,6,11,163,2460473,21,2024,6,11,163,2460473,7
46202,35.16766,-81.05687,199,"NC",784,"Aesculus","pavia","red buckeye","Plantae",283089,498,"Colored leaves",2024,6,25,177,2460487,7,2024,7,16,198,2460508,7
46202,35.16766,-81.05687,199,"NC",784,"Aesculus","pavia","red buckeye","Plantae",283089,498,"Colored leaves",2024,8,6,219,2460529,7,2024,8,6,219,2460529,14
46202,35.16766,-81.05687,199,"NC",784,"Aesculus","pavia","red buckeye","Plantae",283089,498,"Colored leaves",2024,8,27,240,2460550,7,2024,8,27,240,2460550,7
46202,35.16766,-81.05687,199,"NC",784,"Aesculus","pavia","red buckeye","Plantae",283089,500,"Flowers or flower buds",2024,3,12,72,2460382,14,2024,3,19,79,2460389,7
46202,35.16766,-81.05687,199,"NC",784,"Aesculus","pavia","red buckeye","Plantae",283089,500,"Flowers or flower buds",2024,4,2,93,2460403,7,2024,4,23,114,2460424,7
46202,35.16766,-81.05687,199,"NC",784,"Aesculus","pavia","red buckeye","Plantae",283089,500,"Flowers or flower buds",2024,11,12,317,2460627,7,2024,11,12,317,2460627,7
46202,35.16766,-81.05687,199,"NC",784,"Aesculus","pavia","red buckeye","Plantae",283089,500,"Flowers or flower buds",2024,12,3,338,2460648,7,2024,12,3,338,2460648,7
46202,35.16766,-81.05687,199,"NC",784,"Aesculus","pavia","red buckeye","Plantae",283089,501,"Open flowers",2024,3,26,86,2460396,7,2024,4,16,107,2460417,7
46202,35.16766,-81.05687,199,"NC",784,"Aesculus","pavia","red buckeye","Plantae",283089,504,"Recent fruit or seed drop",2024,4,23,114,2460424,7,2024,4,23,114,2460424,7
46202,35.16766,-81.05687,199,"NC",784,"Aesculus","pavia","red buckeye","Plantae",283089,516,"Fruits",2024,4,16,107,2460417,14,2024,5,6,127,2460437,15
46202,35.16766,-81.05687,199,"NC",784,"Aesculus","pavia","red buckeye","Plantae",283089,516,"Fruits",2024,6,25,177,2460487,7,2024,6,25,177,2460487,7
46202,35.16766,-81.05687,199,"NC",784,"Aesculus","pavia","red buckeye","Plantae",283089,516,"Fruits",2024,7,9,191,2460501,7,2024,7,23,205,2460515,7
46202,35.16766,-81.05687,199,"NC",784,"Aesculus","pavia","red buckeye","Plantae",283093,371,"Breaking leaf buds",2024,3,5,65,2460375,7,2024,3,5,65,2460375,7
46202,35.16766,-81.05687,199,"NC",784,"Aesculus","pavia","red buckeye","Plantae",283093,371,"Breaking leaf buds",2024,11,19,324,2460634,7,2024,11,26,331,2460641,7
46202,35.16766,-81.05687,199,"NC",784,"Aesculus","pavia","red buckeye","Plantae",283093,371,"Breaking leaf buds",2024,12,17,352,2460662,7,2024,12,17,352,2460662,NA
46202,35.16766,-81.05687,199,"NC",784,"Aesculus","pavia","red buckeye","Plantae",283093,467,"Increasing leaf size",2024,3,12,72,2460382,7,2024,3,19,79,2460389,7
46202,35.16766,-81.05687,199,"NC",784,"Aesculus","pavia","red buckeye","Plantae",283093,467,"Increasing leaf size",2024,4,2,93,2460403,7,2024,4,16,107,2460417,7
46202,35.16766,-81.05687,199,"NC",784,"Aesculus","pavia","red buckeye","Plantae",283093,467,"Increasing leaf size",2024,4,30,121,2460431,7,2024,7,2,184,2460494,7
46202,35.16766,-81.05687,199,"NC",784,"Aesculus","pavia","red buckeye","Plantae",283093,471,"Falling leaves",2024,6,25,177,2460487,7,2024,6,25,177,2460487,7
46202,35.16766,-81.05687,199,"NC",784,"Aesculus","pavia","red buckeye","Plantae",283093,471,"Falling leaves",2024,7,23,205,2460515,14,2024,7,30,212,2460522,7
46202,35.16766,-81.05687,199,"NC",784,"Aesculus","pavia","red buckeye","Plantae",283093,483,"Leaves",2024,3,12,72,2460382,7,2024,3,19,79,2460389,7
46202,35.16766,-81.05687,199,"NC",784,"Aesculus","pavia","red buckeye","Plantae",283093,483,"Leaves",2024,4,2,93,2460403,7,2024,8,6,219,2460529,14
46202,35.16766,-81.05687,199,"NC",784,"Aesculus","pavia","red buckeye","Plantae",283093,498,"Colored leaves",2024,6,11,163,2460473,36,2024,6,11,163,2460473,7
46202,35.16766,-81.05687,199,"NC",784,"Aesculus","pavia","red buckeye","Plantae",283093,498,"Colored leaves",2024,6,25,177,2460487,7,2024,7,16,198,2460508,7
46202,35.16766,-81.05687,199,"NC",784,"Aesculus","pavia","red buckeye","Plantae",283093,500,"Flowers or flower buds",2024,3,5,65,2460375,7,2024,3,19,79,2460389,7
46202,35.16766,-81.05687,199,"NC",784,"Aesculus","pavia","red buckeye","Plantae",283093,500,"Flowers or flower buds",2024,4,2,93,2460403,7,2024,4,16,107,2460417,7
46202,35.16766,-81.05687,199,"NC",784,"Aesculus","pavia","red buckeye","Plantae",283093,501,"Open flowers",2024,4,16,107,2460417,14,2024,4,16,107,2460417,7
46202,35.16766,-81.05687,199,"NC",784,"Aesculus","pavia","red buckeye","Plantae",283093,516,"Fruits",2024,4,23,114,2460424,7,2024,4,23,114,2460424,7
46202,35.16766,-81.05687,199,"NC",784,"Aesculus","pavia","red buckeye","Plantae",283093,516,"Fruits",2024,6,25,177,2460487,7,2024,6,25,177,2460487,7
46202,35.16766,-81.05687,199,"NC",784,"Aesculus","pavia","red buckeye","Plantae",283093,516,"Fruits",2024,7,9,191,2460501,7,2024,7,16,198,2460508,7
46202,35.16766,-81.05687,199,"NC",784,"Aesculus","pavia","red buckeye","Plantae",283100,371,"Breaking leaf buds",2024,3,5,65,2460375,7,2024,3,12,72,2460382,7
46202,35.16766,-81.05687,199,"NC",784,"Aesculus","pavia","red buckeye","Plantae",283100,371,"Breaking leaf buds",2024,4,2,93,2460403,7,2024,4,2,93,2460403,14
46202,35.16766,-81.05687,199,"NC",784,"Aesculus","pavia","red buckeye","Plantae",283100,371,"Breaking leaf buds",2024,7,2,184,2460494,7,2024,7,2,184,2460494,7
46202,35.16766,-81.05687,199,"NC",784,"Aesculus","pavia","red buckeye","Plantae",283100,371,"Breaking leaf buds",2024,11,19,324,2460634,7,2024,11,19,324,2460634,14
46202,35.16766,-81.05687,199,"NC",784,"Aesculus","pavia","red buckeye","Plantae",283100,371,"Breaking leaf buds",2024,12,10,345,2460655,7,2024,12,17,352,2460662,NA
46202,35.16766,-81.05687,199,"NC",784,"Aesculus","pavia","red buckeye","Plantae",283100,467,"Increasing leaf size",2024,3,12,72,2460382,14,2024,7,9,191,2460501,7
46202,35.16766,-81.05687,199,"NC",784,"Aesculus","pavia","red buckeye","Plantae",283100,471,"Falling leaves",2024,6,18,170,2460480,7,2024,6,18,170,2460480,7
46202,35.16766,-81.05687,199,"NC",784,"Aesculus","pavia","red buckeye","Plantae",283100,471,"Falling leaves",2024,7,9,191,2460501,7,2024,7,9,191,2460501,7
46202,35.16766,-81.05687,199,"NC",784,"Aesculus","pavia","red buckeye","Plantae",283100,471,"Falling leaves",2024,7,23,205,2460515,7,2024,7,23,205,2460515,7
46202,35.16766,-81.05687,199,"NC",784,"Aesculus","pavia","red buckeye","Plantae",283100,471,"Falling leaves",2024,9,24,268,2460578,14,2024,10,1,275,2460585,4
46202,35.16766,-81.05687,199,"NC",784,"Aesculus","pavia","red buckeye","Plantae",283100,471,"Falling leaves",2024,10,22,296,2460606,7,2024,10,22,296,2460606,7
46202,35.16766,-81.05687,199,"NC",784,"Aesculus","pavia","red buckeye","Plantae",283100,483,"Leaves",2024,3,12,72,2460382,14,2024,8,20,233,2460543,7
46202,35.16766,-81.05687,199,"NC",784,"Aesculus","pavia","red buckeye","Plantae",283100,483,"Leaves",2024,9,10,254,2460564,7,2024,10,22,296,2460606,7
46202,35.16766,-81.05687,199,"NC",784,"Aesculus","pavia","red buckeye","Plantae",283100,498,"Colored leaves",2024,6,25,177,2460487,7,2024,6,25,177,2460487,7
46202,35.16766,-81.05687,199,"NC",784,"Aesculus","pavia","red buckeye","Plantae",283100,498,"Colored leaves",2024,7,9,191,2460501,7,2024,7,16,198,2460508,7
46202,35.16766,-81.05687,199,"NC",784,"Aesculus","pavia","red buckeye","Plantae",283100,498,"Colored leaves",2024,9,10,254,2460564,7,2024,10,22,296,2460606,7
46202,35.16766,-81.05687,199,"NC",784,"Aesculus","pavia","red buckeye","Plantae",283100,500,"Flowers or flower buds",2024,3,19,79,2460389,7,2024,4,16,107,2460417,7
46202,35.16766,-81.05687,199,"NC",784,"Aesculus","pavia","red buckeye","Plantae",283100,500,"Flowers or flower buds",2024,11,5,310,2460620,7,2024,11,12,317,2460627,7
46202,35.16766,-81.05687,199,"NC",784,"Aesculus","pavia","red buckeye","Plantae",283100,500,"Flowers or flower buds",2024,12,3,338,2460648,14,2024,12,3,338,2460648,7
46202,35.16766,-81.05687,199,"NC",784,"Aesculus","pavia","red buckeye","Plantae",283100,501,"Open flowers",2024,4,2,93,2460403,7,2024,4,16,107,2460417,7
46202,35.16766,-81.05687,199,"NC",784,"Aesculus","pavia","red buckeye","Plantae",283100,504,"Recent fruit or seed drop",2024,7,9,191,2460501,7,2024,7,9,191,2460501,7
46202,35.16766,-81.05687,199,"NC",784,"Aesculus","pavia","red buckeye","Plantae",283100,516,"Fruits",2024,4,30,121,2460431,7,2024,5,6,127,2460437,15
46202,35.16766,-81.05687,199,"NC",784,"Aesculus","pavia","red buckeye","Plantae",283100,516,"Fruits",2024,6,25,177,2460487,7,2024,7,2,184,2460494,7
46202,35.16766,-81.05687,199,"NC",784,"Aesculus","pavia","red buckeye","Plantae",283100,516,"Fruits",2024,7,16,198,2460508,7,2024,8,6,219,2460529,14
33069,43.841541,-69.502037,-9,"ME",147,"Aquilegia","canadensis","red columbine","Plantae",292771,390,"Ripe fruits",2024,6,14,166,2460476,52,2024,6,14,166,2460476,NA
33069,43.841541,-69.502037,-9,"ME",147,"Aquilegia","canadensis","red columbine","Plantae",292771,482,"Initial growth (forbs)",2024,4,23,114,2460424,NA,2024,4,23,114,2460424,NA
33069,43.841541,-69.502037,-9,"ME",147,"Aquilegia","canadensis","red columbine","Plantae",292771,488,"Leaves (forbs)",2024,4,23,114,2460424,NA,2024,4,23,114,2460424,NA
33069,43.841541,-69.502037,-9,"ME",147,"Aquilegia","canadensis","red columbine","Plantae",292771,500,"Flowers or flower buds",2024,6,2,154,2460464,40,2024,6,2,154,2460464,NA
33069,43.841541,-69.502037,-9,"ME",147,"Aquilegia","canadensis","red columbine","Plantae",292771,501,"Open flowers",2024,6,2,154,2460464,40,2024,6,2,154,2460464,NA
33069,43.841541,-69.502037,-9,"ME",147,"Aquilegia","canadensis","red columbine","Plantae",292771,504,"Recent fruit or seed drop",2024,6,14,166,2460476,52,2024,6,30,182,2460492,NA
33069,43.841541,-69.502037,-9,"ME",147,"Aquilegia","canadensis","red columbine","Plantae",292771,516,"Fruits",2024,6,14,166,2460476,12,2024,6,14,166,2460476,NA
30971,30.391338,-88.775955,2,"MS",784,"Aesculus","pavia","red buckeye","Plantae",301473,371,"Breaking leaf buds",2024,4,18,109,2460419,1,2024,4,18,109,2460419,7
30971,30.391338,-88.775955,2,"MS",784,"Aesculus","pavia","red buckeye","Plantae",301473,467,"Increasing leaf size",2024,4,18,109,2460419,1,2024,4,18,109,2460419,34
30971,30.391338,-88.775955,2,"MS",784,"Aesculus","pavia","red buckeye","Plantae",301473,483,"Leaves",2024,3,8,68,2460378,NA,2024,5,31,152,2460462,203
30971,30.391338,-88.775955,2,"MS",784,"Aesculus","pavia","red buckeye","Plantae",301473,500,"Flowers or flower buds",2024,3,8,68,2460378,NA,2024,3,13,73,2460383,8
30971,30.391338,-88.775955,2,"MS",784,"Aesculus","pavia","red buckeye","Plantae",301473,501,"Open flowers",2024,3,8,68,2460378,NA,2024,3,13,73,2460383,8
48555,33.813538,-84.28347,307,"GA",147,"Aquilegia","canadensis","red columbine","Plantae",305071,390,"Ripe fruits",2024,5,11,132,2460442,16,2024,6,16,168,2460478,8
48555,33.813538,-84.28347,307,"GA",147,"Aquilegia","canadensis","red columbine","Plantae",305071,482,"Initial growth (forbs)",2024,2,20,51,2460361,21,2024,4,25,116,2460426,16
48555,33.813538,-84.28347,307,"GA",147,"Aquilegia","canadensis","red columbine","Plantae",305071,488,"Leaves (forbs)",2024,1,2,2,2460312,NA,2024,1,2,2,2460312,28
48555,33.813538,-84.28347,307,"GA",147,"Aquilegia","canadensis","red columbine","Plantae",305071,488,"Leaves (forbs)",2024,2,20,51,2460361,21,2024,12,13,348,2460658,NA
48555,33.813538,-84.28347,307,"GA",147,"Aquilegia","canadensis","red columbine","Plantae",305071,500,"Flowers or flower buds",2024,3,20,80,2460390,10,2024,5,11,132,2460442,8
48555,33.813538,-84.28347,307,"GA",147,"Aquilegia","canadensis","red columbine","Plantae",305071,501,"Open flowers",2024,3,28,88,2460398,8,2024,5,11,132,2460442,8
48555,33.813538,-84.28347,307,"GA",147,"Aquilegia","canadensis","red columbine","Plantae",305071,504,"Recent fruit or seed drop",2024,5,11,132,2460442,16,2024,6,24,176,2460486,5
48555,33.813538,-84.28347,307,"GA",147,"Aquilegia","canadensis","red columbine","Plantae",305071,516,"Fruits",2024,4,25,116,2460426,9,2024,6,16,168,2460478,8
50299,29.972042,-90.048286,1,"LA",784,"Aesculus","pavia","red buckeye","Plantae",306236,371,"Breaking leaf buds",2024,2,26,57,2460367,NA,2024,2,26,57,2460367,6
50299,29.972042,-90.048286,1,"LA",784,"Aesculus","pavia","red buckeye","Plantae",306236,371,"Breaking leaf buds",2024,3,11,71,2460381,8,2024,3,11,71,2460381,NA
50299,29.972042,-90.048286,1,"LA",784,"Aesculus","pavia","red buckeye","Plantae",306236,467,"Increasing leaf size",2024,2,26,57,2460367,NA,2024,3,11,71,2460381,NA
50299,29.972042,-90.048286,1,"LA",784,"Aesculus","pavia","red buckeye","Plantae",306236,483,"Leaves",2024,2,26,57,2460367,NA,2024,3,11,71,2460381,NA
50299,29.972042,-90.048286,1,"LA",784,"Aesculus","pavia","red buckeye","Plantae",306236,500,"Flowers or flower buds",2024,2,26,57,2460367,NA,2024,3,11,71,2460381,NA
50299,29.972042,-90.048286,1,"LA",784,"Aesculus","pavia","red buckeye","Plantae",306236,501,"Open flowers",2024,3,11,71,2460381,8,2024,3,11,71,2460381,NA
53776,30.450026,-84.262054,43,"FL",784,"Aesculus","pavia","red buckeye","Plantae",326945,371,"Breaking leaf buds",2024,2,20,51,2460361,6,2024,3,1,61,2460371,6
53776,30.450026,-84.262054,43,"FL",784,"Aesculus","pavia","red buckeye","Plantae",326945,467,"Increasing leaf size",2024,2,20,51,2460361,6,2024,3,23,83,2460393,8
53776,30.450026,-84.262054,43,"FL",784,"Aesculus","pavia","red buckeye","Plantae",326945,483,"Leaves",2024,2,20,51,2460361,6,2024,4,17,108,2460418,NA
53776,30.450026,-84.262054,43,"FL",784,"Aesculus","pavia","red buckeye","Plantae",326945,500,"Flowers or flower buds",2024,2,25,56,2460366,5,2024,3,23,83,2460393,8
53776,30.450026,-84.262054,43,"FL",784,"Aesculus","pavia","red buckeye","Plantae",326945,501,"Open flowers",2024,3,7,67,2460377,6,2024,3,23,83,2460393,8
34665,38.999882,-86.59021,248,"IN",147,"Aquilegia","canadensis","red columbine","Plantae",331098,390,"Ripe fruits",2024,5,22,143,2460453,41,2024,5,22,143,2460453,49
34665,38.999882,-86.59021,248,"IN",147,"Aquilegia","canadensis","red columbine","Plantae",331098,482,"Initial growth (forbs)",2024,3,24,84,2460394,NA,2024,4,11,102,2460412,41
34665,38.999882,-86.59021,248,"IN",147,"Aquilegia","canadensis","red columbine","Plantae",331098,488,"Leaves (forbs)",2024,3,24,84,2460394,NA,2024,5,22,143,2460453,49
34665,38.999882,-86.59021,248,"IN",147,"Aquilegia","canadensis","red columbine","Plantae",331098,488,"Leaves (forbs)",2024,9,16,260,2460570,17,2024,9,16,260,2460570,10
34665,38.999882,-86.59021,248,"IN",147,"Aquilegia","canadensis","red columbine","Plantae",331098,504,"Recent fruit or seed drop",2024,5,22,143,2460453,41,2024,5,22,143,2460453,49
34665,38.999882,-86.59021,248,"IN",147,"Aquilegia","canadensis","red columbine","Plantae",331098,516,"Fruits",2024,5,22,143,2460453,41,2024,5,22,143,2460453,49
34665,38.999882,-86.59021,248,"IN",147,"Aquilegia","canadensis","red columbine","Plantae",331099,488,"Leaves (forbs)",2024,5,22,143,2460453,NA,2024,5,22,143,2460453,49
30971,30.391338,-88.775955,2,"MS",784,"Aesculus","pavia","red buckeye","Plantae",332481,467,"Increasing leaf size",2024,4,18,109,2460419,NA,2024,4,18,109,2460419,34
30971,30.391338,-88.775955,2,"MS",784,"Aesculus","pavia","red buckeye","Plantae",332481,483,"Leaves",2024,4,18,109,2460419,NA,2024,5,31,152,2460462,NA
10585,41.433689,-81.693153,219,"OH",147,"Aquilegia","canadensis","red columbine","Plantae",332804,390,"Ripe fruits",2024,5,30,151,2460461,7,2024,6,13,165,2460475,NA
10585,41.433689,-81.693153,219,"OH",147,"Aquilegia","canadensis","red columbine","Plantae",332804,482,"Initial growth (forbs)",2024,4,18,109,2460419,NA,2024,4,18,109,2460419,NA
10585,41.433689,-81.693153,219,"OH",147,"Aquilegia","canadensis","red columbine","Plantae",332804,488,"Leaves (forbs)",2024,4,18,109,2460419,NA,2024,5,2,123,2460433,NA
10585,41.433689,-81.693153,219,"OH",147,"Aquilegia","canadensis","red columbine","Plantae",332804,500,"Flowers or flower buds",2024,4,25,116,2460426,7,2024,5,2,123,2460433,NA
10585,41.433689,-81.693153,219,"OH",147,"Aquilegia","canadensis","red columbine","Plantae",332804,501,"Open flowers",2024,5,2,123,2460433,7,2024,5,23,144,2460454,7
10585,41.433689,-81.693153,219,"OH",147,"Aquilegia","canadensis","red columbine","Plantae",332804,504,"Recent fruit or seed drop",2024,5,30,151,2460461,NA,2024,6,13,165,2460475,NA
10585,41.433689,-81.693153,219,"OH",147,"Aquilegia","canadensis","red columbine","Plantae",332804,516,"Fruits",2024,5,23,144,2460454,7,2024,6,13,165,2460475,NA
57074,31.8568,-88.160919,42,"AL",784,"Aesculus","pavia","red buckeye","Plantae",356688,371,"Breaking leaf buds",2024,3,6,66,2460376,6,2024,3,14,74,2460384,7
57074,31.8568,-88.160919,42,"AL",784,"Aesculus","pavia","red buckeye","Plantae",356688,371,"Breaking leaf buds",2024,3,27,87,2460397,6,2024,3,27,87,2460397,6
57074,31.8568,-88.160919,42,"AL",784,"Aesculus","pavia","red buckeye","Plantae",356688,467,"Increasing leaf size",2024,3,14,74,2460384,8,2024,4,17,108,2460418,8
57074,31.8568,-88.160919,42,"AL",784,"Aesculus","pavia","red buckeye","Plantae",356688,471,"Falling leaves",2024,6,27,179,2460489,7,2024,7,3,185,2460495,8
57074,31.8568,-88.160919,42,"AL",784,"Aesculus","pavia","red buckeye","Plantae",356688,471,"Falling leaves",2024,8,1,214,2460524,7,2024,9,19,263,2460573,8
57074,31.8568,-88.160919,42,"AL",784,"Aesculus","pavia","red buckeye","Plantae",356688,483,"Leaves",2024,3,14,74,2460384,8,2024,9,27,271,2460581,6
57074,31.8568,-88.160919,42,"AL",784,"Aesculus","pavia","red buckeye","Plantae",356688,498,"Colored leaves",2024,5,22,143,2460453,6,2024,5,22,143,2460453,8
57074,31.8568,-88.160919,42,"AL",784,"Aesculus","pavia","red buckeye","Plantae",356688,498,"Colored leaves",2024,6,20,172,2460482,7,2024,9,27,271,2460581,6
57074,31.8568,-88.160919,42,"AL",784,"Aesculus","pavia","red buckeye","Plantae",356688,501,"Open flowers",2024,4,2,93,2460403,6,2024,5,2,123,2460433,7
57074,31.8568,-88.160919,42,"AL",784,"Aesculus","pavia","red buckeye","Plantae",356694,371,"Breaking leaf buds",2024,2,14,45,2460355,6,2024,2,14,45,2460355,8
57074,31.8568,-88.160919,42,"AL",784,"Aesculus","pavia","red buckeye","Plantae",356694,371,"Breaking leaf buds",2024,2,29,60,2460370,7,2024,3,6,66,2460376,8
57074,31.8568,-88.160919,42,"AL",784,"Aesculus","pavia","red buckeye","Plantae",356694,467,"Increasing leaf size",2024,2,29,60,2460370,7,2024,4,2,93,2460403,6
57074,31.8568,-88.160919,42,"AL",784,"Aesculus","pavia","red buckeye","Plantae",356694,471,"Falling leaves",2024,6,20,172,2460482,7,2024,7,11,193,2460503,7
57074,31.8568,-88.160919,42,"AL",784,"Aesculus","pavia","red buckeye","Plantae",356694,471,"Falling leaves",2024,7,25,207,2460517,7,2024,8,14,227,2460537,6
57074,31.8568,-88.160919,42,"AL",784,"Aesculus","pavia","red buckeye","Plantae",356694,471,"Falling leaves",2024,8,28,241,2460551,8,2024,8,28,241,2460551,8
57074,31.8568,-88.160919,42,"AL",784,"Aesculus","pavia","red buckeye","Plantae",356694,483,"Leaves",2024,2,29,60,2460370,7,2024,8,28,241,2460551,8
57074,31.8568,-88.160919,42,"AL",784,"Aesculus","pavia","red buckeye","Plantae",356694,498,"Colored leaves",2024,5,30,151,2460461,8,2024,5,30,151,2460461,7
57074,31.8568,-88.160919,42,"AL",784,"Aesculus","pavia","red buckeye","Plantae",356694,498,"Colored leaves",2024,6,20,172,2460482,7,2024,8,28,241,2460551,8
57074,31.8568,-88.160919,42,"AL",784,"Aesculus","pavia","red buckeye","Plantae",356694,501,"Open flowers",2024,3,21,81,2460391,7,2024,4,2,93,2460403,6
57074,31.8568,-88.160919,42,"AL",784,"Aesculus","pavia","red buckeye","Plantae",356696,371,"Breaking leaf buds",2024,2,29,60,2460370,7,2024,3,6,66,2460376,8
57074,31.8568,-88.160919,42,"AL",784,"Aesculus","pavia","red buckeye","Plantae",356696,467,"Increasing leaf size",2024,2,29,60,2460370,7,2024,4,2,93,2460403,6
57074,31.8568,-88.160919,42,"AL",784,"Aesculus","pavia","red buckeye","Plantae",356696,471,"Falling leaves",2024,6,27,179,2460489,7,2024,6,27,179,2460489,6
57074,31.8568,-88.160919,42,"AL",784,"Aesculus","pavia","red buckeye","Plantae",356696,471,"Falling leaves",2024,8,14,227,2460537,6,2024,8,28,241,2460551,8
57074,31.8568,-88.160919,42,"AL",784,"Aesculus","pavia","red buckeye","Plantae",356696,483,"Leaves",2024,2,29,60,2460370,7,2024,8,28,241,2460551,8
57074,31.8568,-88.160919,42,"AL",784,"Aesculus","pavia","red buckeye","Plantae",356696,498,"Colored leaves",2024,6,20,172,2460482,7,2024,7,11,193,2460503,7
57074,31.8568,-88.160919,42,"AL",784,"Aesculus","pavia","red buckeye","Plantae",356696,498,"Colored leaves",2024,8,14,227,2460537,6,2024,8,28,241,2460551,8
57074,31.8568,-88.160919,42,"AL",784,"Aesculus","pavia","red buckeye","Plantae",356701,371,"Breaking leaf buds",2024,2,14,45,2460355,6,2024,3,6,66,2460376,8
57074,31.8568,-88.160919,42,"AL",784,"Aesculus","pavia","red buckeye","Plantae",356701,467,"Increasing leaf size",2024,2,22,53,2460363,8,2024,4,8,99,2460409,9
57074,31.8568,-88.160919,42,"AL",784,"Aesculus","pavia","red buckeye","Plantae",356701,471,"Falling leaves",2024,5,30,151,2460461,8,2024,6,6,158,2460468,7
57074,31.8568,-88.160919,42,"AL",784,"Aesculus","pavia","red buckeye","Plantae",356701,471,"Falling leaves",2024,6,20,172,2460482,7,2024,9,5,249,2460559,7
57074,31.8568,-88.160919,42,"AL",784,"Aesculus","pavia","red buckeye","Plantae",356701,483,"Leaves",2024,2,22,53,2460363,8,2024,9,12,256,2460566,7
57074,31.8568,-88.160919,42,"AL",784,"Aesculus","pavia","red buckeye","Plantae",356701,498,"Colored leaves",2024,5,22,143,2460453,6,2024,9,12,256,2460566,7
57074,31.8568,-88.160919,42,"AL",784,"Aesculus","pavia","red buckeye","Plantae",356705,371,"Breaking leaf buds",2024,2,22,53,2460363,14,2024,2,22,53,2460363,7
57074,31.8568,-88.160919,42,"AL",784,"Aesculus","pavia","red buckeye","Plantae",356705,467,"Increasing leaf size",2024,2,14,45,2460355,6,2024,4,2,93,2460403,6
57074,31.8568,-88.160919,42,"AL",784,"Aesculus","pavia","red buckeye","Plantae",356705,471,"Falling leaves",2024,5,30,151,2460461,8,2024,5,30,151,2460461,7
57074,31.8568,-88.160919,42,"AL",784,"Aesculus","pavia","red buckeye","Plantae",356705,471,"Falling leaves",2024,6,20,172,2460482,7,2024,7,11,193,2460503,7
57074,31.8568,-88.160919,42,"AL",784,"Aesculus","pavia","red buckeye","Plantae",356705,471,"Falling leaves",2024,7,25,207,2460517,7,2024,8,1,214,2460524,7
57074,31.8568,-88.160919,42,"AL",784,"Aesculus","pavia","red buckeye","Plantae",356705,471,"Falling leaves",2024,8,14,227,2460537,6,2024,8,14,227,2460537,6
57074,31.8568,-88.160919,42,"AL",784,"Aesculus","pavia","red buckeye","Plantae",356705,483,"Leaves",2024,2,14,45,2460355,6,2024,8,14,227,2460537,6
57074,31.8568,-88.160919,42,"AL",784,"Aesculus","pavia","red buckeye","Plantae",356705,498,"Colored leaves",2024,5,22,143,2460453,6,2024,8,14,227,2460537,6
2394,45.425339,-93.186249,278,"MN",147,"Aquilegia","canadensis","red columbine","Plantae",3817,482,"Initial growth (forbs)",2025,4,23,113,2460789,30,2025,4,23,113,2460789,NA
2394,45.425339,-93.186249,278,"MN",147,"Aquilegia","canadensis","red columbine","Plantae",3817,488,"Leaves (forbs)",2025,4,23,113,2460789,30,2025,4,23,113,2460789,NA
2394,45.425339,-93.186249,278,"MN",147,"Aquilegia","canadensis","red columbine","Plantae",3818,482,"Initial growth (forbs)",2025,4,23,113,2460789,4,2025,4,23,113,2460789,NA
2394,45.425339,-93.186249,278,"MN",147,"Aquilegia","canadensis","red columbine","Plantae",3900,482,"Initial growth (forbs)",2025,4,30,120,2460796,11,2025,5,25,145,2460821,NA
2394,45.425339,-93.186249,278,"MN",147,"Aquilegia","canadensis","red columbine","Plantae",3900,488,"Leaves (forbs)",2025,5,12,132,2460808,12,2025,5,25,145,2460821,NA
10585,41.433689,-81.693153,219,"OH",147,"Aquilegia","canadensis","red columbine","Plantae",45124,390,"Ripe fruits",2025,6,19,170,2460846,7,2025,6,26,177,2460853,7
10585,41.433689,-81.693153,219,"OH",147,"Aquilegia","canadensis","red columbine","Plantae",45124,482,"Initial growth (forbs)",2025,5,15,135,2460811,35,2025,5,15,135,2460811,7
10585,41.433689,-81.693153,219,"OH",147,"Aquilegia","canadensis","red columbine","Plantae",45124,488,"Leaves (forbs)",2025,5,15,135,2460811,35,2025,7,3,184,2460860,NA
10585,41.433689,-81.693153,219,"OH",147,"Aquilegia","canadensis","red columbine","Plantae",45124,500,"Flowers or flower buds",2025,5,15,135,2460811,35,2025,6,12,163,2460839,7
10585,41.433689,-81.693153,219,"OH",147,"Aquilegia","canadensis","red columbine","Plantae",45124,501,"Open flowers",2025,5,22,142,2460818,7,2025,6,12,163,2460839,7
10585,41.433689,-81.693153,219,"OH",147,"Aquilegia","canadensis","red columbine","Plantae",45124,504,"Recent fruit or seed drop",2025,6,19,170,2460846,7,2025,6,26,177,2460853,7
10585,41.433689,-81.693153,219,"OH",147,"Aquilegia","canadensis","red columbine","Plantae",45124,516,"Fruits",2025,6,5,156,2460832,7,2025,6,26,177,2460853,7
17574,40.863052,-73.881592,30,"NY",784,"Aesculus","pavia","red buckeye","Plantae",67637,371,"Breaking leaf buds",2025,3,23,82,2460758,79,2025,3,29,88,2460764,12
17574,40.863052,-73.881592,30,"NY",784,"Aesculus","pavia","red buckeye","Plantae",67637,371,"Breaking leaf buds",2025,5,25,145,2460821,7,2025,5,25,145,2460821,4
17574,40.863052,-73.881592,30,"NY",784,"Aesculus","pavia","red buckeye","Plantae",67637,371,"Breaking leaf buds",2025,6,15,166,2460842,2,2025,6,21,172,2460848,8
17574,40.863052,-73.881592,30,"NY",784,"Aesculus","pavia","red buckeye","Plantae",67637,371,"Breaking leaf buds",2025,7,9,190,2460866,5,2025,7,9,190,2460866,4
17574,40.863052,-73.881592,30,"NY",784,"Aesculus","pavia","red buckeye","Plantae",67637,390,"Ripe fruits",2025,6,19,170,2460846,4,2025,6,19,170,2460846,2
17574,40.863052,-73.881592,30,"NY",784,"Aesculus","pavia","red buckeye","Plantae",67637,390,"Ripe fruits",2025,6,29,180,2460856,8,2025,7,4,185,2460861,5
17574,40.863052,-73.881592,30,"NY",784,"Aesculus","pavia","red buckeye","Plantae",67637,390,"Ripe fruits",2025,7,13,194,2460870,4,2025,7,13,194,2460870,7
17574,40.863052,-73.881592,30,"NY",784,"Aesculus","pavia","red buckeye","Plantae",67637,390,"Ripe fruits",2025,8,16,228,2460904,7,2025,8,16,228,2460904,35
17574,40.863052,-73.881592,30,"NY",784,"Aesculus","pavia","red buckeye","Plantae",67637,467,"Increasing leaf size",2025,4,10,100,2460776,12,2025,8,16,228,2460904,21
17574,40.863052,-73.881592,30,"NY",784,"Aesculus","pavia","red buckeye","Plantae",67637,471,"Falling leaves",2025,8,16,228,2460904,7,2025,11,7,311,2460987,NA
17574,40.863052,-73.881592,30,"NY",784,"Aesculus","pavia","red buckeye","Plantae",67637,483,"Leaves",2025,4,10,100,2460776,12,2025,11,7,311,2460987,NA
17574,40.863052,-73.881592,30,"NY",784,"Aesculus","pavia","red buckeye","Plantae",67637,498,"Colored leaves",2025,9,6,249,2460925,21,2025,11,7,311,2460987,NA
17574,40.863052,-73.881592,30,"NY",784,"Aesculus","pavia","red buckeye","Plantae",67637,500,"Flowers or flower buds",2025,3,23,82,2460758,79,2025,5,18,138,2460814,7
17574,40.863052,-73.881592,30,"NY",784,"Aesculus","pavia","red buckeye","Plantae",67637,501,"Open flowers",2025,5,11,131,2460807,7,2025,5,18,138,2460814,7
17574,40.863052,-73.881592,30,"NY",784,"Aesculus","pavia","red buckeye","Plantae",67637,504,"Recent fruit or seed drop",2025,5,4,124,2460800,3,2025,5,4,124,2460800,7
17574,40.863052,-73.881592,30,"NY",784,"Aesculus","pavia","red buckeye","Plantae",67637,504,"Recent fruit or seed drop",2025,7,20,201,2460877,7,2025,7,20,201,2460877,20
17574,40.863052,-73.881592,30,"NY",784,"Aesculus","pavia","red buckeye","Plantae",67637,504,"Recent fruit or seed drop",2025,9,6,249,2460925,21,2025,9,6,249,2460925,14
17574,40.863052,-73.881592,30,"NY",784,"Aesculus","pavia","red buckeye","Plantae",67637,516,"Fruits",2025,5,15,135,2460811,4,2025,10,12,285,2460961,6
24164,40.665085,-73.963432,17,"NY",784,"Aesculus","pavia","red buckeye","Plantae",114555,390,"Ripe fruits",2025,9,18,261,2460937,90,2025,10,10,283,2460959,NA
24164,40.665085,-73.963432,17,"NY",784,"Aesculus","pavia","red buckeye","Plantae",114555,471,"Falling leaves",2025,10,10,283,2460959,22,2025,10,10,283,2460959,NA
24164,40.665085,-73.963432,17,"NY",784,"Aesculus","pavia","red buckeye","Plantae",114555,483,"Leaves",2025,6,13,164,2460840,NA,2025,10,10,283,2460959,NA
24164,40.665085,-73.963432,17,"NY",784,"Aesculus","pavia","red buckeye","Plantae",114555,498,"Colored leaves",2025,10,10,283,2460959,22,2025,10,10,283,2460959,NA
24164,40.665085,-73.963432,17,"NY",784,"Aesculus","pavia","red buckeye","Plantae",114555,504,"Recent fruit or seed drop",2025,9,18,261,2460937,90,2025,10,10,283,2460959,NA
24164,40.665085,-73.963432,17,"NY",784,"Aesculus","pavia","red buckeye","Plantae",114555,516,"Fruits",2025,6,13,164,2460840,NA,2025,10,10,283,2460959,NA
28357,30.414719,-88.541824,3,"MS",784,"Aesculus","pavia","red buckeye","Plantae",147491,467,"Increasing leaf size",2025,8,5,217,2460893,NA,2025,8,5,217,2460893,70
28357,30.414719,-88.541824,3,"MS",784,"Aesculus","pavia","red buckeye","Plantae",147491,471,"Falling leaves",2025,10,14,287,2460963,70,2025,10,28,301,2460977,7
28357,30.414719,-88.541824,3,"MS",784,"Aesculus","pavia","red buckeye","Plantae",147491,483,"Leaves",2025,8,5,217,2460893,NA,2025,10,14,287,2460963,8
28357,30.414719,-88.541824,3,"MS",784,"Aesculus","pavia","red buckeye","Plantae",147491,498,"Colored leaves",2025,8,5,217,2460893,NA,2025,10,14,287,2460963,8
28357,30.414719,-88.541824,3,"MS",784,"Aesculus","pavia","red buckeye","Plantae",147493,467,"Increasing leaf size",2025,8,5,217,2460893,NA,2025,8,5,217,2460893,70
28357,30.414719,-88.541824,3,"MS",784,"Aesculus","pavia","red buckeye","Plantae",147493,467,"Increasing leaf size",2025,10,22,295,2460971,8,2025,10,28,301,2460977,7
28357,30.414719,-88.541824,3,"MS",784,"Aesculus","pavia","red buckeye","Plantae",147493,471,"Falling leaves",2025,10,14,287,2460963,70,2025,11,4,308,2460984,10
28357,30.414719,-88.541824,3,"MS",784,"Aesculus","pavia","red buckeye","Plantae",147493,483,"Leaves",2025,8,5,217,2460893,NA,2025,11,4,308,2460984,10
28357,30.414719,-88.541824,3,"MS",784,"Aesculus","pavia","red buckeye","Plantae",147493,498,"Colored leaves",2025,8,5,217,2460893,NA,2025,11,4,308,2460984,10
28357,30.414719,-88.541824,3,"MS",784,"Aesculus","pavia","red buckeye","Plantae",147494,390,"Ripe fruits",2025,9,19,262,2460938,45,2025,9,19,262,2460938,25
28357,30.414719,-88.541824,3,"MS",784,"Aesculus","pavia","red buckeye","Plantae",147494,467,"Increasing leaf size",2025,8,5,217,2460893,NA,2025,10,28,301,2460977,7
28357,30.414719,-88.541824,3,"MS",784,"Aesculus","pavia","red buckeye","Plantae",147494,471,"Falling leaves",2025,9,19,262,2460938,45,2025,11,4,308,2460984,10
28357,30.414719,-88.541824,3,"MS",784,"Aesculus","pavia","red buckeye","Plantae",147494,483,"Leaves",2025,8,5,217,2460893,NA,2025,11,4,308,2460984,10
28357,30.414719,-88.541824,3,"MS",784,"Aesculus","pavia","red buckeye","Plantae",147494,498,"Colored leaves",2025,8,5,217,2460893,NA,2025,11,4,308,2460984,10
28357,30.414719,-88.541824,3,"MS",784,"Aesculus","pavia","red buckeye","Plantae",147494,504,"Recent fruit or seed drop",2025,10,22,295,2460971,8,2025,10,28,301,2460977,7
28357,30.414719,-88.541824,3,"MS",784,"Aesculus","pavia","red buckeye","Plantae",147494,516,"Fruits",2025,8,5,217,2460893,NA,2025,9,19,262,2460938,25
31779,47.166275,-122.537384,74,"WA",147,"Aquilegia","canadensis","red columbine","Plantae",174095,482,"Initial growth (forbs)",2025,3,10,69,2460745,NA,2025,4,16,106,2460782,NA
31779,47.166275,-122.537384,74,"WA",147,"Aquilegia","canadensis","red columbine","Plantae",174095,488,"Leaves (forbs)",2025,3,10,69,2460745,NA,2025,4,16,106,2460782,NA
31779,47.166275,-122.537384,74,"WA",147,"Aquilegia","canadensis","red columbine","Plantae",174095,501,"Open flowers",2025,5,8,128,2460804,22,2025,5,8,128,2460804,NA
30051,44.478752,-84.672668,364,"MI",147,"Aquilegia","canadensis","red columbine","Plantae",180165,482,"Initial growth (forbs)",2025,5,9,129,2460805,12,2025,5,9,129,2460805,9
30051,44.478752,-84.672668,364,"MI",147,"Aquilegia","canadensis","red columbine","Plantae",180165,488,"Leaves (forbs)",2025,5,9,129,2460805,12,2025,6,8,159,2460835,NA
30051,44.478752,-84.672668,364,"MI",147,"Aquilegia","canadensis","red columbine","Plantae",180165,500,"Flowers or flower buds",2025,6,8,159,2460835,7,2025,6,8,159,2460835,NA
30051,44.478752,-84.672668,364,"MI",147,"Aquilegia","canadensis","red columbine","Plantae",180165,501,"Open flowers",2025,6,8,159,2460835,7,2025,6,8,159,2460835,NA
33012,42.011364,-93.638145,289,"IA",147,"Aquilegia","canadensis","red columbine","Plantae",199988,390,"Ripe fruits",2025,7,2,183,2460859,7,2025,11,18,322,2460998,NA
33012,42.011364,-93.638145,289,"IA",147,"Aquilegia","canadensis","red columbine","Plantae",199988,482,"Initial growth (forbs)",2025,4,9,99,2460775,NA,2025,4,9,99,2460775,7
33012,42.011364,-93.638145,289,"IA",147,"Aquilegia","canadensis","red columbine","Plantae",199988,482,"Initial growth (forbs)",2025,4,23,113,2460789,7,2025,5,21,141,2460817,7
33012,42.011364,-93.638145,289,"IA",147,"Aquilegia","canadensis","red columbine","Plantae",199988,488,"Leaves (forbs)",2025,4,9,99,2460775,NA,2025,4,9,99,2460775,7
33012,42.011364,-93.638145,289,"IA",147,"Aquilegia","canadensis","red columbine","Plantae",199988,488,"Leaves (forbs)",2025,4,23,113,2460789,7,2025,11,18,322,2460998,NA
33012,42.011364,-93.638145,289,"IA",147,"Aquilegia","canadensis","red columbine","Plantae",199988,500,"Flowers or flower buds",2025,4,23,113,2460789,14,2025,6,11,162,2460838,7
33012,42.011364,-93.638145,289,"IA",147,"Aquilegia","canadensis","red columbine","Plantae",199988,500,"Flowers or flower buds",2025,7,23,204,2460880,7,2025,7,23,204,2460880,7
33012,42.011364,-93.638145,289,"IA",147,"Aquilegia","canadensis","red columbine","Plantae",199988,501,"Open flowers",2025,4,30,120,2460796,7,2025,6,11,162,2460838,7
33012,42.011364,-93.638145,289,"IA",147,"Aquilegia","canadensis","red columbine","Plantae",199988,501,"Open flowers",2025,7,16,197,2460873,7,2025,7,23,204,2460880,7
33012,42.011364,-93.638145,289,"IA",147,"Aquilegia","canadensis","red columbine","Plantae",199988,504,"Recent fruit or seed drop",2025,7,2,183,2460859,7,2025,7,2,183,2460859,7
33012,42.011364,-93.638145,289,"IA",147,"Aquilegia","canadensis","red columbine","Plantae",199988,504,"Recent fruit or seed drop",2025,8,6,218,2460894,7,2025,8,26,238,2460914,7
33012,42.011364,-93.638145,289,"IA",147,"Aquilegia","canadensis","red columbine","Plantae",199988,504,"Recent fruit or seed drop",2025,9,9,252,2460928,7,2025,9,16,259,2460935,7
33012,42.011364,-93.638145,289,"IA",147,"Aquilegia","canadensis","red columbine","Plantae",199988,516,"Fruits",2025,6,18,169,2460845,7,2025,11,18,322,2460998,NA
37410,32.584236,-91.974403,25,"LA",784,"Aesculus","pavia","red buckeye","Plantae",231645,390,"Ripe fruits",2025,10,25,298,2460974,158,2025,10,31,304,2460980,NA
37410,32.584236,-91.974403,25,"LA",784,"Aesculus","pavia","red buckeye","Plantae",231645,467,"Increasing leaf size",2025,3,14,73,2460749,NA,2025,4,6,96,2460772,44
37410,32.584236,-91.974403,25,"LA",784,"Aesculus","pavia","red buckeye","Plantae",231645,483,"Leaves",2025,3,14,73,2460749,NA,2025,10,31,304,2460980,NA
37410,32.584236,-91.974403,25,"LA",784,"Aesculus","pavia","red buckeye","Plantae",231645,500,"Flowers or flower buds",2025,3,14,73,2460749,NA,2025,5,20,140,2460816,158
37410,32.584236,-91.974403,25,"LA",784,"Aesculus","pavia","red buckeye","Plantae",231645,501,"Open flowers",2025,3,22,81,2460757,8,2025,5,20,140,2460816,158
37410,32.584236,-91.974403,25,"LA",784,"Aesculus","pavia","red buckeye","Plantae",231645,504,"Recent fruit or seed drop",2025,10,25,298,2460974,158,2025,10,25,298,2460974,6
37410,32.584236,-91.974403,25,"LA",784,"Aesculus","pavia","red buckeye","Plantae",231645,516,"Fruits",2025,5,20,140,2460816,44,2025,10,31,304,2460980,NA
32443,39.90163,-86.175911,242,"IN",784,"Aesculus","pavia","red buckeye","Plantae",233933,371,"Breaking leaf buds",2025,4,2,92,2460768,7,2025,4,9,99,2460775,NA
32443,39.90163,-86.175911,242,"IN",784,"Aesculus","pavia","red buckeye","Plantae",233933,467,"Increasing leaf size",2025,4,9,99,2460775,NA,2025,9,3,246,2460922,7
32443,39.90163,-86.175911,242,"IN",784,"Aesculus","pavia","red buckeye","Plantae",233933,471,"Falling leaves",2025,9,3,246,2460922,NA,2025,9,16,259,2460935,NA
32443,39.90163,-86.175911,242,"IN",784,"Aesculus","pavia","red buckeye","Plantae",233933,483,"Leaves",2025,4,9,99,2460775,3,2025,9,16,259,2460935,7
32443,39.90163,-86.175911,242,"IN",784,"Aesculus","pavia","red buckeye","Plantae",233933,498,"Colored leaves",2025,9,3,246,2460922,NA,2025,9,16,259,2460935,NA
32443,39.90163,-86.175911,242,"IN",147,"Aquilegia","canadensis","red columbine","Plantae",270024,390,"Ripe fruits",2025,5,7,127,2460803,NA,2025,6,11,162,2460838,NA
32443,39.90163,-86.175911,242,"IN",147,"Aquilegia","canadensis","red columbine","Plantae",270024,482,"Initial growth (forbs)",2025,3,26,85,2460761,14,2025,4,2,92,2460768,NA
32443,39.90163,-86.175911,242,"IN",147,"Aquilegia","canadensis","red columbine","Plantae",270024,488,"Leaves (forbs)",2025,3,18,77,2460753,NA,2025,6,18,169,2460845,7
32443,39.90163,-86.175911,242,"IN",147,"Aquilegia","canadensis","red columbine","Plantae",270024,488,"Leaves (forbs)",2025,10,1,274,2460950,8,2025,10,23,296,2460972,6
32443,39.90163,-86.175911,242,"IN",147,"Aquilegia","canadensis","red columbine","Plantae",270024,500,"Flowers or flower buds",2025,4,27,117,2460793,4,2025,5,14,134,2460810,7
32443,39.90163,-86.175911,242,"IN",147,"Aquilegia","canadensis","red columbine","Plantae",270024,501,"Open flowers",2025,4,27,117,2460793,NA,2025,5,14,134,2460810,NA
32443,39.90163,-86.175911,242,"IN",147,"Aquilegia","canadensis","red columbine","Plantae",270024,504,"Recent fruit or seed drop",2025,5,7,127,2460803,NA,2025,6,11,162,2460838,NA
32443,39.90163,-86.175911,242,"IN",147,"Aquilegia","canadensis","red columbine","Plantae",270024,516,"Fruits",2025,5,7,127,2460803,7,2025,6,11,162,2460838,14
46202,35.16766,-81.05687,199,"NC",784,"Aesculus","pavia","red buckeye","Plantae",283089,371,"Breaking leaf buds",2025,3,11,70,2460746,7,2025,3,25,84,2460760,7
46202,35.16766,-81.05687,199,"NC",784,"Aesculus","pavia","red buckeye","Plantae",283089,467,"Increasing leaf size",2025,3,18,77,2460753,7,2025,5,20,140,2460816,14
46202,35.16766,-81.05687,199,"NC",784,"Aesculus","pavia","red buckeye","Plantae",283089,467,"Increasing leaf size",2025,10,7,280,2460956,14,2025,10,7,280,2460956,7
46202,35.16766,-81.05687,199,"NC",784,"Aesculus","pavia","red buckeye","Plantae",283089,483,"Leaves",2025,3,18,77,2460753,7,2025,8,19,231,2460907,7
46202,35.16766,-81.05687,199,"NC",784,"Aesculus","pavia","red buckeye","Plantae",283089,483,"Leaves",2025,10,7,280,2460956,14,2025,10,7,280,2460956,7
46202,35.16766,-81.05687,199,"NC",784,"Aesculus","pavia","red buckeye","Plantae",283089,498,"Colored leaves",2025,6,3,154,2460830,14,2025,6,24,175,2460851,7
46202,35.16766,-81.05687,199,"NC",784,"Aesculus","pavia","red buckeye","Plantae",283089,498,"Colored leaves",2025,7,8,189,2460865,7,2025,7,15,196,2460872,7
46202,35.16766,-81.05687,199,"NC",784,"Aesculus","pavia","red buckeye","Plantae",283089,498,"Colored leaves",2025,10,7,280,2460956,14,2025,10,7,280,2460956,7
46202,35.16766,-81.05687,199,"NC",784,"Aesculus","pavia","red buckeye","Plantae",283089,500,"Flowers or flower buds",2025,3,18,77,2460753,7,2025,4,22,112,2460788,7
46202,35.16766,-81.05687,199,"NC",784,"Aesculus","pavia","red buckeye","Plantae",283089,501,"Open flowers",2025,4,8,98,2460774,7,2025,4,22,112,2460788,7
46202,35.16766,-81.05687,199,"NC",784,"Aesculus","pavia","red buckeye","Plantae",283093,371,"Breaking leaf buds",2025,2,25,56,2460732,7,2025,3,11,70,2460746,7
46202,35.16766,-81.05687,199,"NC",784,"Aesculus","pavia","red buckeye","Plantae",283093,467,"Increasing leaf size",2025,3,18,77,2460753,7,2025,5,20,140,2460816,14
46202,35.16766,-81.05687,199,"NC",784,"Aesculus","pavia","red buckeye","Plantae",283093,471,"Falling leaves",2025,7,15,196,2460872,14,2025,7,15,196,2460872,7
46202,35.16766,-81.05687,199,"NC",784,"Aesculus","pavia","red buckeye","Plantae",283093,483,"Leaves",2025,3,11,70,2460746,7,2025,8,19,231,2460907,7
46202,35.16766,-81.05687,199,"NC",784,"Aesculus","pavia","red buckeye","Plantae",283093,498,"Colored leaves",2025,5,20,140,2460816,7,2025,6,24,175,2460851,7
46202,35.16766,-81.05687,199,"NC",784,"Aesculus","pavia","red buckeye","Plantae",283093,498,"Colored leaves",2025,7,15,196,2460872,14,2025,7,29,210,2460886,21
46202,35.16766,-81.05687,199,"NC",784,"Aesculus","pavia","red buckeye","Plantae",283093,500,"Flowers or flower buds",2025,3,11,70,2460746,7,2025,4,15,105,2460781,7
46202,35.16766,-81.05687,199,"NC",784,"Aesculus","pavia","red buckeye","Plantae",283093,501,"Open flowers",2025,4,8,98,2460774,7,2025,4,15,105,2460781,7
46202,35.16766,-81.05687,199,"NC",784,"Aesculus","pavia","red buckeye","Plantae",283100,371,"Breaking leaf buds",2025,3,4,63,2460739,7,2025,3,18,77,2460753,7
46202,35.16766,-81.05687,199,"NC",784,"Aesculus","pavia","red buckeye","Plantae",283100,467,"Increasing leaf size",2025,3,18,77,2460753,7,2025,4,15,105,2460781,7
46202,35.16766,-81.05687,199,"NC",784,"Aesculus","pavia","red buckeye","Plantae",283100,467,"Increasing leaf size",2025,4,29,119,2460795,7,2025,5,20,140,2460816,14
46202,35.16766,-81.05687,199,"NC",784,"Aesculus","pavia","red buckeye","Plantae",283100,471,"Falling leaves",2025,7,8,189,2460865,7,2025,8,19,231,2460907,7
46202,35.16766,-81.05687,199,"NC",784,"Aesculus","pavia","red buckeye","Plantae",283100,471,"Falling leaves",2025,9,9,252,2460928,7,2025,9,16,259,2460935,7
46202,35.16766,-81.05687,199,"NC",784,"Aesculus","pavia","red buckeye","Plantae",283100,483,"Leaves",2025,3,11,70,2460746,7,2025,9,16,259,2460935,7
46202,35.16766,-81.05687,199,"NC",784,"Aesculus","pavia","red buckeye","Plantae",283100,498,"Colored leaves",2025,5,20,140,2460816,7,2025,7,1,182,2460858,7
46202,35.16766,-81.05687,199,"NC",784,"Aesculus","pavia","red buckeye","Plantae",283100,498,"Colored leaves",2025,7,15,196,2460872,7,2025,7,29,210,2460886,21
46202,35.16766,-81.05687,199,"NC",784,"Aesculus","pavia","red buckeye","Plantae",283100,498,"Colored leaves",2025,8,26,238,2460914,7,2025,9,2,245,2460921,7
46202,35.16766,-81.05687,199,"NC",784,"Aesculus","pavia","red buckeye","Plantae",283100,498,"Colored leaves",2025,9,16,259,2460935,7,2025,9,16,259,2460935,7
46202,35.16766,-81.05687,199,"NC",784,"Aesculus","pavia","red buckeye","Plantae",283100,500,"Flowers or flower buds",2025,3,18,77,2460753,7,2025,4,22,112,2460788,7
46202,35.16766,-81.05687,199,"NC",784,"Aesculus","pavia","red buckeye","Plantae",283100,501,"Open flowers",2025,4,8,98,2460774,7,2025,4,8,98,2460774,7
46202,35.16766,-81.05687,199,"NC",784,"Aesculus","pavia","red buckeye","Plantae",283100,501,"Open flowers",2025,4,22,112,2460788,7,2025,4,22,112,2460788,7
33069,43.841541,-69.502037,-9,"ME",147,"Aquilegia","canadensis","red columbine","Plantae",292771,501,"Open flowers",2025,6,12,163,2460839,NA,2025,6,12,163,2460839,NA
33069,43.841541,-69.502037,-9,"ME",147,"Aquilegia","canadensis","red columbine","Plantae",292771,504,"Recent fruit or seed drop",2025,7,2,183,2460859,NA,2025,7,22,203,2460879,NA
33069,43.841541,-69.502037,-9,"ME",147,"Aquilegia","canadensis","red columbine","Plantae",292771,516,"Fruits",2025,6,24,175,2460851,12,2025,6,24,175,2460851,NA
48555,33.813538,-84.28347,307,"GA",147,"Aquilegia","canadensis","red columbine","Plantae",305071,390,"Ripe fruits",2025,5,19,139,2460815,8,2025,5,19,139,2460815,15
48555,33.813538,-84.28347,307,"GA",147,"Aquilegia","canadensis","red columbine","Plantae",305071,390,"Ripe fruits",2025,6,17,168,2460844,14,2025,6,28,179,2460855,13
48555,33.813538,-84.28347,307,"GA",147,"Aquilegia","canadensis","red columbine","Plantae",305071,482,"Initial growth (forbs)",2025,1,16,16,2460692,NA,2025,2,5,36,2460712,27
48555,33.813538,-84.28347,307,"GA",147,"Aquilegia","canadensis","red columbine","Plantae",305071,488,"Leaves (forbs)",2025,1,16,16,2460692,NA,2025,11,8,312,2460988,NA
48555,33.813538,-84.28347,307,"GA",147,"Aquilegia","canadensis","red columbine","Plantae",305071,500,"Flowers or flower buds",2025,3,4,63,2460739,14,2025,4,22,112,2460788,19
48555,33.813538,-84.28347,307,"GA",147,"Aquilegia","canadensis","red columbine","Plantae",305071,501,"Open flowers",2025,3,15,74,2460750,11,2025,4,22,112,2460788,19
48555,33.813538,-84.28347,307,"GA",147,"Aquilegia","canadensis","red columbine","Plantae",305071,504,"Recent fruit or seed drop",2025,7,11,192,2460868,24,2025,8,1,213,2460889,13
48555,33.813538,-84.28347,307,"GA",147,"Aquilegia","canadensis","red columbine","Plantae",305071,516,"Fruits",2025,4,22,112,2460788,14,2025,5,19,139,2460815,15
48555,33.813538,-84.28347,307,"GA",147,"Aquilegia","canadensis","red columbine","Plantae",305071,516,"Fruits",2025,6,17,168,2460844,14,2025,6,28,179,2460855,13
10585,41.433689,-81.693153,219,"OH",147,"Aquilegia","canadensis","red columbine","Plantae",332804,390,"Ripe fruits",2025,6,5,156,2460832,7,2025,6,5,156,2460832,NA
10585,41.433689,-81.693153,219,"OH",147,"Aquilegia","canadensis","red columbine","Plantae",332804,482,"Initial growth (forbs)",2025,5,1,121,2460797,14,2025,5,15,135,2460811,7
10585,41.433689,-81.693153,219,"OH",147,"Aquilegia","canadensis","red columbine","Plantae",332804,488,"Leaves (forbs)",2025,5,1,121,2460797,14,2025,6,5,156,2460832,NA
10585,41.433689,-81.693153,219,"OH",147,"Aquilegia","canadensis","red columbine","Plantae",332804,500,"Flowers or flower buds",2025,5,22,142,2460818,7,2025,6,5,156,2460832,NA
10585,41.433689,-81.693153,219,"OH",147,"Aquilegia","canadensis","red columbine","Plantae",332804,501,"Open flowers",2025,5,22,142,2460818,7,2025,6,5,156,2460832,NA
10585,41.433689,-81.693153,219,"OH",147,"Aquilegia","canadensis","red columbine","Plantae",332804,504,"Recent fruit or seed drop",2025,6,5,156,2460832,7,2025,6,5,156,2460832,NA
10585,41.433689,-81.693153,219,"OH",147,"Aquilegia","canadensis","red columbine","Plantae",332804,516,"Fruits",2025,5,22,142,2460818,7,2025,6,5,156,2460832,NA
48555,33.813538,-84.28347,307,"GA",784,"Aesculus","pavia","red buckeye","Plantae",346694,371,"Breaking leaf buds",2025,2,5,36,2460712,20,2025,2,18,49,2460725,14
48555,33.813538,-84.28347,307,"GA",784,"Aesculus","pavia","red buckeye","Plantae",346694,371,"Breaking leaf buds",2025,3,15,74,2460750,11,2025,3,15,74,2460750,14
48555,33.813538,-84.28347,307,"GA",784,"Aesculus","pavia","red buckeye","Plantae",346694,371,"Breaking leaf buds",2025,4,8,98,2460774,10,2025,4,8,98,2460774,14
48555,33.813538,-84.28347,307,"GA",784,"Aesculus","pavia","red buckeye","Plantae",346694,371,"Breaking leaf buds",2025,6,3,154,2460830,15,2025,6,3,154,2460830,14
48555,33.813538,-84.28347,307,"GA",784,"Aesculus","pavia","red buckeye","Plantae",346694,371,"Breaking leaf buds",2025,9,13,256,2460932,15,2025,9,13,256,2460932,19
48555,33.813538,-84.28347,307,"GA",784,"Aesculus","pavia","red buckeye","Plantae",346694,371,"Breaking leaf buds",2025,11,8,312,2460988,21,2025,11,8,312,2460988,NA
48555,33.813538,-84.28347,307,"GA",784,"Aesculus","pavia","red buckeye","Plantae",346694,467,"Increasing leaf size",2025,2,18,49,2460725,13,2025,4,8,98,2460774,14
48555,33.813538,-84.28347,307,"GA",784,"Aesculus","pavia","red buckeye","Plantae",346694,467,"Increasing leaf size",2025,6,3,154,2460830,15,2025,7,11,192,2460868,9
48555,33.813538,-84.28347,307,"GA",784,"Aesculus","pavia","red buckeye","Plantae",346694,471,"Falling leaves",2025,8,29,241,2460917,15,2025,9,13,256,2460932,19
48555,33.813538,-84.28347,307,"GA",784,"Aesculus","pavia","red buckeye","Plantae",346694,483,"Leaves",2025,2,18,49,2460725,13,2025,9,13,256,2460932,19
48555,33.813538,-84.28347,307,"GA",784,"Aesculus","pavia","red buckeye","Plantae",346694,498,"Colored leaves",2025,8,1,213,2460889,12,2025,9,13,256,2460932,19
48555,33.813538,-84.28347,307,"GA",784,"Aesculus","pavia","red buckeye","Plantae",346694,500,"Flowers or flower buds",2025,3,4,63,2460739,14,2025,4,8,98,2460774,14
48555,33.813538,-84.28347,307,"GA",784,"Aesculus","pavia","red buckeye","Plantae",346694,501,"Open flowers",2025,4,8,98,2460774,10,2025,4,8,98,2460774,14
48555,33.813538,-84.28347,307,"GA",784,"Aesculus","pavia","red buckeye","Plantae",346694,516,"Fruits",2025,4,22,112,2460788,14,2025,5,19,139,2460815,15
56668,40.32856,-74.943733,48,NA,147,"Aquilegia","canadensis","red columbine","Plantae",348373,390,"Ripe fruits",2025,5,29,149,2460825,10,2025,6,26,177,2460853,3
56668,40.32856,-74.943733,48,NA,147,"Aquilegia","canadensis","red columbine","Plantae",348373,390,"Ripe fruits",2025,7,5,186,2460862,6,2025,8,8,220,2460896,2
56668,40.32856,-74.943733,48,NA,147,"Aquilegia","canadensis","red columbine","Plantae",348373,482,"Initial growth (forbs)",2025,2,28,59,2460735,NA,2025,3,19,78,2460754,1
56668,40.32856,-74.943733,48,NA,147,"Aquilegia","canadensis","red columbine","Plantae",348373,482,"Initial growth (forbs)",2025,3,25,84,2460760,2,2025,5,1,121,2460797,1
56668,40.32856,-74.943733,48,NA,147,"Aquilegia","canadensis","red columbine","Plantae",348373,482,"Initial growth (forbs)",2025,5,7,127,2460803,5,2025,5,8,128,2460804,4
56668,40.32856,-74.943733,48,NA,147,"Aquilegia","canadensis","red columbine","Plantae",348373,488,"Leaves (forbs)",2025,2,28,59,2460735,NA,2025,3,9,68,2460744,3
56668,40.32856,-74.943733,48,NA,147,"Aquilegia","canadensis","red columbine","Plantae",348373,488,"Leaves (forbs)",2025,3,16,75,2460751,4,2025,3,19,78,2460754,1
56668,40.32856,-74.943733,48,NA,147,"Aquilegia","canadensis","red columbine","Plantae",348373,488,"Leaves (forbs)",2025,3,25,84,2460760,2,2025,5,12,132,2460808,2
56668,40.32856,-74.943733,48,NA,147,"Aquilegia","canadensis","red columbine","Plantae",348373,488,"Leaves (forbs)",2025,5,16,136,2460812,2,2025,9,26,269,2460945,3
56668,40.32856,-74.943733,48,NA,147,"Aquilegia","canadensis","red columbine","Plantae",348373,488,"Leaves (forbs)",2025,10,4,277,2460953,5,2025,10,17,290,2460966,22
56668,40.32856,-74.943733,48,NA,147,"Aquilegia","canadensis","red columbine","Plantae",348373,500,"Flowers or flower buds",2025,3,31,90,2460766,2,2025,5,8,128,2460804,4
56668,40.32856,-74.943733,48,NA,147,"Aquilegia","canadensis","red columbine","Plantae",348373,500,"Flowers or flower buds",2025,5,14,134,2460810,2,2025,5,16,136,2460812,1
56668,40.32856,-74.943733,48,NA,147,"Aquilegia","canadensis","red columbine","Plantae",348373,500,"Flowers or flower buds",2025,5,29,149,2460825,10,2025,5,29,149,2460825,2
56668,40.32856,-74.943733,48,NA,147,"Aquilegia","canadensis","red columbine","Plantae",348373,500,"Flowers or flower buds",2025,8,10,222,2460898,2,2025,8,10,222,2460898,20
56668,40.32856,-74.943733,48,NA,147,"Aquilegia","canadensis","red columbine","Plantae",348373,501,"Open flowers",2025,4,21,111,2460787,5,2025,5,17,137,2460813,2
56668,40.32856,-74.943733,48,NA,147,"Aquilegia","canadensis","red columbine","Plantae",348373,501,"Open flowers",2025,7,5,186,2460862,6,2025,7,5,186,2460862,18
56668,40.32856,-74.943733,48,NA,147,"Aquilegia","canadensis","red columbine","Plantae",348373,504,"Recent fruit or seed drop",2025,5,31,151,2460827,2,2025,8,10,222,2460898,20
56668,40.32856,-74.943733,48,NA,147,"Aquilegia","canadensis","red columbine","Plantae",348373,504,"Recent fruit or seed drop",2025,9,10,253,2460929,11,2025,9,15,258,2460934,3
56668,40.32856,-74.943733,48,NA,147,"Aquilegia","canadensis","red columbine","Plantae",348373,516,"Fruits",2025,5,1,121,2460797,3,2025,6,26,177,2460853,3
56668,40.32856,-74.943733,48,NA,147,"Aquilegia","canadensis","red columbine","Plantae",348373,516,"Fruits",2025,7,5,186,2460862,6,2025,7,5,186,2460862,18
56668,40.32856,-74.943733,48,NA,147,"Aquilegia","canadensis","red columbine","Plantae",348373,516,"Fruits",2025,8,3,215,2460891,4,2025,8,3,215,2460891,5
2540,41.255749,-73.456375,181,"CT",147,"Aquilegia","canadensis","red columbine","Plantae",349624,390,"Ripe fruits",2025,6,11,162,2460838,5,2025,6,11,162,2460838,1
2540,41.255749,-73.456375,181,"CT",147,"Aquilegia","canadensis","red columbine","Plantae",349624,390,"Ripe fruits",2025,6,19,170,2460846,1,2025,6,19,170,2460846,1
2540,41.255749,-73.456375,181,"CT",147,"Aquilegia","canadensis","red columbine","Plantae",349624,390,"Ripe fruits",2025,6,26,177,2460853,6,2025,6,26,177,2460853,1
2540,41.255749,-73.456375,181,"CT",147,"Aquilegia","canadensis","red columbine","Plantae",349624,390,"Ripe fruits",2025,7,2,183,2460859,5,2025,7,2,183,2460859,2
2540,41.255749,-73.456375,181,"CT",147,"Aquilegia","canadensis","red columbine","Plantae",349624,390,"Ripe fruits",2025,7,16,197,2460873,5,2025,7,16,197,2460873,8
2540,41.255749,-73.456375,181,"CT",147,"Aquilegia","canadensis","red columbine","Plantae",349624,390,"Ripe fruits",2025,8,6,218,2460894,4,2025,8,6,218,2460894,4
2540,41.255749,-73.456375,181,"CT",147,"Aquilegia","canadensis","red columbine","Plantae",349624,482,"Initial growth (forbs)",2025,4,1,91,2460767,6,2025,4,1,91,2460767,6
2540,41.255749,-73.456375,181,"CT",147,"Aquilegia","canadensis","red columbine","Plantae",349624,482,"Initial growth (forbs)",2025,5,24,144,2460820,1,2025,5,29,149,2460825,1
2540,41.255749,-73.456375,181,"CT",147,"Aquilegia","canadensis","red columbine","Plantae",349624,488,"Leaves (forbs)",2025,4,1,91,2460767,6,2025,7,16,197,2460873,2
2540,41.255749,-73.456375,181,"CT",147,"Aquilegia","canadensis","red columbine","Plantae",349624,488,"Leaves (forbs)",2025,8,6,218,2460894,4,2025,8,10,222,2460898,7
2540,41.255749,-73.456375,181,"CT",147,"Aquilegia","canadensis","red columbine","Plantae",349624,488,"Leaves (forbs)",2025,8,20,232,2460908,3,2025,8,20,232,2460908,1
2540,41.255749,-73.456375,181,"CT",147,"Aquilegia","canadensis","red columbine","Plantae",349624,500,"Flowers or flower buds",2025,4,7,97,2460773,6,2025,5,7,127,2460803,1
2540,41.255749,-73.456375,181,"CT",147,"Aquilegia","canadensis","red columbine","Plantae",349624,500,"Flowers or flower buds",2025,5,14,134,2460810,6,2025,5,14,134,2460810,4
2540,41.255749,-73.456375,181,"CT",147,"Aquilegia","canadensis","red columbine","Plantae",349624,500,"Flowers or flower buds",2025,6,18,169,2460845,6,2025,6,18,169,2460845,1
2540,41.255749,-73.456375,181,"CT",147,"Aquilegia","canadensis","red columbine","Plantae",349624,501,"Open flowers",2025,4,24,114,2460790,7,2025,5,14,134,2460810,4
2540,41.255749,-73.456375,181,"CT",147,"Aquilegia","canadensis","red columbine","Plantae",349624,504,"Recent fruit or seed drop",2025,6,19,170,2460846,1,2025,6,19,170,2460846,1
2540,41.255749,-73.456375,181,"CT",147,"Aquilegia","canadensis","red columbine","Plantae",349624,504,"Recent fruit or seed drop",2025,6,26,177,2460853,6,2025,6,26,177,2460853,1
2540,41.255749,-73.456375,181,"CT",147,"Aquilegia","canadensis","red columbine","Plantae",349624,504,"Recent fruit or seed drop",2025,7,2,183,2460859,5,2025,7,2,183,2460859,2
2540,41.255749,-73.456375,181,"CT",147,"Aquilegia","canadensis","red columbine","Plantae",349624,504,"Recent fruit or seed drop",2025,7,16,197,2460873,5,2025,7,16,197,2460873,2
2540,41.255749,-73.456375,181,"CT",147,"Aquilegia","canadensis","red columbine","Plantae",349624,516,"Fruits",2025,5,7,127,2460803,7,2025,5,7,127,2460803,1
2540,41.255749,-73.456375,181,"CT",147,"Aquilegia","canadensis","red columbine","Plantae",349624,516,"Fruits",2025,5,14,134,2460810,6,2025,5,14,134,2460810,4
2540,41.255749,-73.456375,181,"CT",147,"Aquilegia","canadensis","red columbine","Plantae",349624,516,"Fruits",2025,5,21,141,2460817,3,2025,5,21,141,2460817,2
2540,41.255749,-73.456375,181,"CT",147,"Aquilegia","canadensis","red columbine","Plantae",349624,516,"Fruits",2025,5,29,149,2460825,5,2025,5,29,149,2460825,1
2540,41.255749,-73.456375,181,"CT",147,"Aquilegia","canadensis","red columbine","Plantae",349624,516,"Fruits",2025,6,11,162,2460838,5,2025,6,11,162,2460838,1
2540,41.255749,-73.456375,181,"CT",147,"Aquilegia","canadensis","red columbine","Plantae",349624,516,"Fruits",2025,6,19,170,2460846,1,2025,6,19,170,2460846,1
2540,41.255749,-73.456375,181,"CT",147,"Aquilegia","canadensis","red columbine","Plantae",349624,516,"Fruits",2025,6,26,177,2460853,6,2025,7,2,183,2460859,2
2540,41.255749,-73.456375,181,"CT",147,"Aquilegia","canadensis","red columbine","Plantae",349624,516,"Fruits",2025,7,16,197,2460873,5,2025,7,16,197,2460873,2
56491,29.929379,-96.824203,110,"TX",784,"Aesculus","pavia","red buckeye","Plantae",350135,467,"Increasing leaf size",2025,3,6,65,2460741,NA,2025,3,6,65,2460741,NA
56491,29.929379,-96.824203,110,"TX",784,"Aesculus","pavia","red buckeye","Plantae",350135,483,"Leaves",2025,3,6,65,2460741,NA,2025,3,6,65,2460741,NA
56200,32.872311,-96.739296,168,"TX",784,"Aesculus","pavia","red buckeye","Plantae",350307,467,"Increasing leaf size",2025,3,9,68,2460744,NA,2025,3,9,68,2460744,NA
56200,32.872311,-96.739296,168,"TX",784,"Aesculus","pavia","red buckeye","Plantae",350307,483,"Leaves",2025,3,9,68,2460744,NA,2025,3,9,68,2460744,NA
56200,32.872311,-96.739296,168,"TX",784,"Aesculus","pavia","red buckeye","Plantae",350307,500,"Flowers or flower buds",2025,3,9,68,2460744,NA,2025,3,9,68,2460744,NA
56807,43.183388,-87.987007,209,NA,147,"Aquilegia","canadensis","red columbine","Plantae",351286,482,"Initial growth (forbs)",2025,3,27,86,2460762,2,2025,3,29,88,2460764,5
56807,43.183388,-87.987007,209,NA,147,"Aquilegia","canadensis","red columbine","Plantae",351286,488,"Leaves (forbs)",2025,3,29,88,2460764,4,2025,5,31,151,2460827,6
56807,43.183388,-87.987007,209,NA,147,"Aquilegia","canadensis","red columbine","Plantae",351286,488,"Leaves (forbs)",2025,6,22,173,2460849,16,2025,8,6,218,2460894,NA
56807,43.183388,-87.987007,209,NA,147,"Aquilegia","canadensis","red columbine","Plantae",351286,500,"Flowers or flower buds",2025,5,13,133,2460809,7,2025,6,22,173,2460849,5
56807,43.183388,-87.987007,209,NA,147,"Aquilegia","canadensis","red columbine","Plantae",351286,501,"Open flowers",2025,5,23,143,2460819,8,2025,6,22,173,2460849,5
56807,43.183388,-87.987007,209,NA,147,"Aquilegia","canadensis","red columbine","Plantae",351286,504,"Recent fruit or seed drop",2025,6,27,178,2460854,21,2025,6,27,178,2460854,13
56921,42.471622,-76.457161,296,NA,147,"Aquilegia","canadensis","red columbine","Plantae",351693,482,"Initial growth (forbs)",2025,4,17,107,2460783,10,2025,4,25,115,2460791,NA
56921,42.471622,-76.457161,296,NA,147,"Aquilegia","canadensis","red columbine","Plantae",351693,488,"Leaves (forbs)",2025,4,17,107,2460783,10,2025,4,25,115,2460791,NA
56979,35.907791,-83.957542,282,NA,147,"Aquilegia","canadensis","red columbine","Plantae",351770,482,"Initial growth (forbs)",2025,3,24,83,2460759,NA,2025,3,24,83,2460759,NA
56979,35.907791,-83.957542,282,NA,147,"Aquilegia","canadensis","red columbine","Plantae",351770,488,"Leaves (forbs)",2025,3,24,83,2460759,NA,2025,3,24,83,2460759,NA
57074,31.8568,-88.160919,42,"AL",784,"Aesculus","pavia","red buckeye","Plantae",356688,471,"Falling leaves",2025,8,5,217,2460893,6,2025,9,11,254,2460930,NA
57074,31.8568,-88.160919,42,"AL",784,"Aesculus","pavia","red buckeye","Plantae",356688,483,"Leaves",2025,4,3,93,2460769,49,2025,9,11,254,2460930,NA
57074,31.8568,-88.160919,42,"AL",784,"Aesculus","pavia","red buckeye","Plantae",356688,498,"Colored leaves",2025,7,3,184,2460860,21,2025,9,11,254,2460930,NA
57074,31.8568,-88.160919,42,"AL",784,"Aesculus","pavia","red buckeye","Plantae",356688,501,"Open flowers",2025,4,3,93,2460769,49,2025,4,3,93,2460769,63
57074,31.8568,-88.160919,42,"AL",784,"Aesculus","pavia","red buckeye","Plantae",356694,471,"Falling leaves",2025,9,4,247,2460923,30,2025,9,11,254,2460930,NA
57074,31.8568,-88.160919,42,"AL",784,"Aesculus","pavia","red buckeye","Plantae",356694,483,"Leaves",2025,4,3,93,2460769,49,2025,9,11,254,2460930,NA
57074,31.8568,-88.160919,42,"AL",784,"Aesculus","pavia","red buckeye","Plantae",356694,498,"Colored leaves",2025,7,3,184,2460860,21,2025,9,11,254,2460930,NA
57074,31.8568,-88.160919,42,"AL",784,"Aesculus","pavia","red buckeye","Plantae",356694,501,"Open flowers",2025,4,3,93,2460769,49,2025,4,3,93,2460769,63
57074,31.8568,-88.160919,42,"AL",784,"Aesculus","pavia","red buckeye","Plantae",356696,467,"Increasing leaf size",2025,6,12,163,2460839,7,2025,6,12,163,2460839,21
57074,31.8568,-88.160919,42,"AL",784,"Aesculus","pavia","red buckeye","Plantae",356696,483,"Leaves",2025,4,3,93,2460769,49,2025,4,3,93,2460769,63
57074,31.8568,-88.160919,42,"AL",784,"Aesculus","pavia","red buckeye","Plantae",356696,483,"Leaves",2025,6,12,163,2460839,7,2025,6,12,163,2460839,21
57074,31.8568,-88.160919,42,"AL",784,"Aesculus","pavia","red buckeye","Plantae",356701,371,"Breaking leaf buds",2025,2,13,44,2460720,9,2025,2,13,44,2460720,49
57074,31.8568,-88.160919,42,"AL",784,"Aesculus","pavia","red buckeye","Plantae",356701,471,"Falling leaves",2025,9,4,247,2460923,30,2025,9,11,254,2460930,NA
57074,31.8568,-88.160919,42,"AL",784,"Aesculus","pavia","red buckeye","Plantae",356701,483,"Leaves",2025,4,3,93,2460769,49,2025,9,11,254,2460930,NA
57074,31.8568,-88.160919,42,"AL",784,"Aesculus","pavia","red buckeye","Plantae",356701,498,"Colored leaves",2025,7,3,184,2460860,21,2025,9,11,254,2460930,NA
57074,31.8568,-88.160919,42,"AL",784,"Aesculus","pavia","red buckeye","Plantae",356705,483,"Leaves",2025,4,3,93,2460769,49,2025,7,30,211,2460887,6
57074,31.8568,-88.160919,42,"AL",784,"Aesculus","pavia","red buckeye","Plantae",356705,498,"Colored leaves",2025,7,3,184,2460860,21,2025,7,30,211,2460887,6
56869,42.081501,-88.414902,278,NA,147,"Aquilegia","canadensis","red columbine","Plantae",362110,482,"Initial growth (forbs)",2025,3,28,87,2460763,NA,2025,4,23,113,2460789,NA
56869,42.081501,-88.414902,278,NA,147,"Aquilegia","canadensis","red columbine","Plantae",362110,488,"Leaves (forbs)",2025,3,28,87,2460763,NA,2025,4,23,113,2460789,NA
57165,39.872498,-86.462639,285,NA,784,"Aesculus","pavia","red buckeye","Plantae",362240,371,"Breaking leaf buds",2025,3,30,89,2460765,NA,2025,3,30,89,2460765,NA
57165,39.872498,-86.462639,285,NA,784,"Aesculus","pavia","red buckeye","Plantae",362240,467,"Increasing leaf size",2025,3,30,89,2460765,NA,2025,3,30,89,2460765,NA
57165,39.872498,-86.462639,285,NA,784,"Aesculus","pavia","red buckeye","Plantae",362240,483,"Leaves",2025,3,30,89,2460765,NA,2025,3,30,89,2460765,NA
57165,39.872498,-86.462639,285,NA,784,"Aesculus","pavia","red buckeye","Plantae",362240,500,"Flowers or flower buds",2025,3,30,89,2460765,NA,2025,3,30,89,2460765,NA
57165,39.872498,-86.462639,285,NA,784,"Aesculus","pavia","red buckeye","Plantae",362241,371,"Breaking leaf buds",2025,3,30,89,2460765,NA,2025,3,30,89,2460765,NA
57165,39.872498,-86.462639,285,NA,784,"Aesculus","pavia","red buckeye","Plantae",362241,467,"Increasing leaf size",2025,3,30,89,2460765,NA,2025,3,30,89,2460765,NA
57165,39.872498,-86.462639,285,NA,784,"Aesculus","pavia","red buckeye","Plantae",362241,483,"Leaves",2025,3,30,89,2460765,NA,2025,3,30,89,2460765,NA
57174,41.150799,-73.976196,74,NA,147,"Aquilegia","canadensis","red columbine","Plantae",362259,482,"Initial growth (forbs)",2025,3,30,89,2460765,NA,2025,3,30,89,2460765,NA
57174,41.150799,-73.976196,74,NA,147,"Aquilegia","canadensis","red columbine","Plantae",362259,488,"Leaves (forbs)",2025,3,30,89,2460765,NA,2025,3,30,89,2460765,NA
57176,34.035896,-80.980515,85,NA,147,"Aquilegia","canadensis","red columbine","Plantae",362265,482,"Initial growth (forbs)",2025,3,31,90,2460766,NA,2025,4,2,92,2460768,NA
57176,34.035896,-80.980515,85,NA,147,"Aquilegia","canadensis","red columbine","Plantae",362265,488,"Leaves (forbs)",2025,3,31,90,2460766,NA,2025,4,2,92,2460768,NA
57205,40.664127,-73.962486,5,"NY",784,"Aesculus","pavia","red buckeye","Plantae",362514,371,"Breaking leaf buds",2025,4,3,93,2460769,9,2025,4,18,108,2460784,11
57205,40.664127,-73.962486,5,"NY",784,"Aesculus","pavia","red buckeye","Plantae",362514,467,"Increasing leaf size",2025,4,18,108,2460784,15,2025,4,29,119,2460795,NA
57205,40.664127,-73.962486,5,"NY",784,"Aesculus","pavia","red buckeye","Plantae",362514,483,"Leaves",2025,4,3,93,2460769,9,2025,4,29,119,2460795,NA
57205,40.664127,-73.962486,5,"NY",784,"Aesculus","pavia","red buckeye","Plantae",362514,500,"Flowers or flower buds",2025,4,3,93,2460769,NA,2025,4,29,119,2460795,NA
57205,40.664127,-73.962486,5,"NY",784,"Aesculus","pavia","red buckeye","Plantae",362514,501,"Open flowers",2025,4,29,119,2460795,11,2025,4,29,119,2460795,NA
56900,43.803825,-91.232445,202,NA,147,"Aquilegia","canadensis","red columbine","Plantae",362629,482,"Initial growth (forbs)",2025,4,5,95,2460771,NA,2025,4,5,95,2460771,NA
56900,43.803825,-91.232445,202,NA,147,"Aquilegia","canadensis","red columbine","Plantae",362629,488,"Leaves (forbs)",2025,4,5,95,2460771,NA,2025,4,5,95,2460771,NA
57247,42.867371,-73.817406,97,NA,147,"Aquilegia","canadensis","red columbine","Plantae",363030,390,"Ripe fruits",2025,6,13,164,2460840,NA,2025,6,13,164,2460840,7
57247,42.867371,-73.817406,97,NA,147,"Aquilegia","canadensis","red columbine","Plantae",363030,482,"Initial growth (forbs)",2025,4,14,104,2460780,NA,2025,4,14,104,2460780,NA
57247,42.867371,-73.817406,97,NA,147,"Aquilegia","canadensis","red columbine","Plantae",363030,488,"Leaves (forbs)",2025,4,14,104,2460780,NA,2025,5,10,130,2460806,NA
57247,42.867371,-73.817406,97,NA,147,"Aquilegia","canadensis","red columbine","Plantae",363030,500,"Flowers or flower buds",2025,5,10,130,2460806,5,2025,5,30,150,2460826,NA
57247,42.867371,-73.817406,97,NA,147,"Aquilegia","canadensis","red columbine","Plantae",363030,501,"Open flowers",2025,5,21,141,2460817,5,2025,6,13,164,2460840,NA
57247,42.867371,-73.817406,97,NA,147,"Aquilegia","canadensis","red columbine","Plantae",363030,504,"Recent fruit or seed drop",2025,6,13,164,2460840,NA,2025,7,4,185,2460861,NA
57247,42.867371,-73.817406,97,NA,147,"Aquilegia","canadensis","red columbine","Plantae",363030,516,"Fruits",2025,6,13,164,2460840,19,2025,6,27,178,2460854,NA
57343,43.650906,-79.436241,106,NA,147,"Aquilegia","canadensis","red columbine","Plantae",363457,482,"Initial growth (forbs)",2025,4,15,105,2460781,NA,2025,5,11,131,2460807,NA
57343,43.650906,-79.436241,106,NA,147,"Aquilegia","canadensis","red columbine","Plantae",363457,488,"Leaves (forbs)",2025,4,19,109,2460785,NA,2025,5,11,131,2460807,NA
57343,43.650906,-79.436241,106,NA,147,"Aquilegia","canadensis","red columbine","Plantae",363457,500,"Flowers or flower buds",2025,5,11,131,2460807,5,2025,5,11,131,2460807,NA
57448,42.544052,-72.604378,63,NA,784,"Aesculus","pavia","red buckeye","Plantae",364605,371,"Breaking leaf buds",2025,4,15,105,2460781,NA,2025,4,15,105,2460781,NA
56109,42.21748,-73.860977,20,NA,147,"Aquilegia","canadensis","red columbine","Plantae",364638,482,"Initial growth (forbs)",2025,4,24,114,2460790,NA,2025,5,1,121,2460797,NA
56109,42.21748,-73.860977,20,NA,147,"Aquilegia","canadensis","red columbine","Plantae",364638,488,"Leaves (forbs)",2025,4,24,114,2460790,NA,2025,5,1,121,2460797,NA
57720,33.612999,-97.13588,226,NA,147,"Aquilegia","canadensis","red columbine","Plantae",365789,488,"Leaves (forbs)",2025,5,19,139,2460815,NA,2025,6,17,168,2460844,NA
57720,33.612999,-97.13588,226,NA,147,"Aquilegia","canadensis","red columbine","Plantae",365789,500,"Flowers or flower buds",2025,5,19,139,2460815,NA,2025,6,1,152,2460828,16
57720,33.612999,-97.13588,226,NA,147,"Aquilegia","canadensis","red columbine","Plantae",365789,501,"Open flowers",2025,5,19,139,2460815,NA,2025,6,1,152,2460828,16
57720,33.612999,-97.13588,226,NA,147,"Aquilegia","canadensis","red columbine","Plantae",365789,516,"Fruits",2025,6,1,152,2460828,13,2025,6,17,168,2460844,NA
57719,33.612999,-97.13588,226,NA,147,"Aquilegia","canadensis","red columbine","Plantae",366190,390,"Ripe fruits",2025,8,5,217,2460893,NA,2025,8,22,234,2460910,12
57719,33.612999,-97.13588,226,NA,147,"Aquilegia","canadensis","red columbine","Plantae",366190,488,"Leaves (forbs)",2025,6,3,154,2460830,NA,2025,8,15,227,2460903,NA
57719,33.612999,-97.13588,226,NA,147,"Aquilegia","canadensis","red columbine","Plantae",366190,500,"Flowers or flower buds",2025,6,3,154,2460830,NA,2025,6,17,168,2460844,29
57719,33.612999,-97.13588,226,NA,147,"Aquilegia","canadensis","red columbine","Plantae",366190,500,"Flowers or flower buds",2025,8,15,227,2460903,5,2025,8,22,234,2460910,12
57719,33.612999,-97.13588,226,NA,147,"Aquilegia","canadensis","red columbine","Plantae",366190,501,"Open flowers",2025,6,3,154,2460830,NA,2025,6,17,168,2460844,29
57719,33.612999,-97.13588,226,NA,147,"Aquilegia","canadensis","red columbine","Plantae",366190,501,"Open flowers",2025,8,15,227,2460903,5,2025,8,15,227,2460903,7
57719,33.612999,-97.13588,226,NA,147,"Aquilegia","canadensis","red columbine","Plantae",366190,504,"Recent fruit or seed drop",2025,8,5,217,2460893,NA,2025,8,15,227,2460903,7
57719,33.612999,-97.13588,226,NA,147,"Aquilegia","canadensis","red columbine","Plantae",366190,516,"Fruits",2025,6,3,154,2460830,NA,2025,8,5,217,2460893,5
57719,33.612999,-97.13588,226,NA,147,"Aquilegia","canadensis","red columbine","Plantae",366190,516,"Fruits",2025,8,15,227,2460903,5,2025,8,22,234,2460910,12
57997,40.081284,-80.687874,211,NA,147,"Aquilegia","canadensis","red columbine","Plantae",367582,488,"Leaves (forbs)",2025,7,10,191,2460867,NA,2025,7,10,191,2460867,NA
58055,38.579262,-90.34552,169,NA,784,"Aesculus","pavia","red buckeye","Plantae",367866,390,"Ripe fruits",2025,8,7,219,2460895,NA,2025,8,7,219,2460895,NA
37523,32.604904,-92.050537,24,"LA",784,"Aesculus","pavia","red buckeye","Plantae",369672,390,"Ripe fruits",2025,10,18,291,2460967,NA,2025,10,18,291,2460967,NA
37523,32.604904,-92.050537,24,"LA",784,"Aesculus","pavia","red buckeye","Plantae",369672,516,"Fruits",2025,10,18,291,2460967,NA,2025,10,18,291,2460967,NA
